/home/cxo147/anaconda3/lib/python3.11/site-packages/pydantic/_internal/_generate_schema.py:2249: UnsupportedFieldAttributeWarning: The 'repr' attribute with value False was provided to the `Field()` function, which has no effect in the context it was used. 'repr' is field-specific metadata, and can only be attached to a model field using `Annotated` metadata or by assignment. This may have happened because an `Annotated` type alias using the `type` statement was used, or if the `Field()` function was attached to a single member of a union type.
  warnings.warn(
/home/cxo147/anaconda3/lib/python3.11/site-packages/pydantic/_internal/_generate_schema.py:2249: UnsupportedFieldAttributeWarning: The 'frozen' attribute with value True was provided to the `Field()` function, which has no effect in the context it was used. 'frozen' is field-specific metadata, and can only be attached to a model field using `Annotated` metadata or by assignment. This may have happened because an `Annotated` type alias using the `type` statement was used, or if the `Field()` function was attached to a single member of a union type.
  warnings.warn(
CONFIG
├── train
│   └── seed: 2222                                                              
│       interval: step                                                          
│       monitor: val/accuracy                                                   
│       mode: max                                                               
│       ema: 0.0                                                                
│       test: false                                                             
│       debug: false                                                            
│       ignore_warnings: false                                                  
│       state:                                                                  
│         mode: null                                                            
│         n_context: 0                                                          
│         n_context_eval: 0                                                     
│       ckpt: null                                                              
│       disable_dataset: false                                                  
│       validate_at_start: false                                                
│       pretrained_model_path: null                                             
│       pretrained_model_strict_load: false                                     
│       pretrained_model_state_hook:                                            
│         _name_: load_backbone                                                 
│         freeze_backbone: false                                                
│       post_init_hook:                                                         
│         _name_: null                                                          
│       layer_decay:                                                            
│         _name_: null                                                          
│         decay: 0.7                                                            
│       gpu_mem: 33                                                             
│       global_batch_size: 128                                                  
│       remove_test_loader_in_eval: true                                        
│                                                                               
├── tolerance
│   └── logdir: ./resume                                                        
│       id: null                                                                
│                                                                               
├── wandb
│   └── None                                                                    
├── trainer
│   └── _target_: pytorch_lightning.Trainer                                     
│       devices: 1                                                              
│       accelerator: gpu                                                        
│       accumulate_grad_batches: 1                                              
│       max_epochs: 5                                                           
│       gradient_clip_val: 1.0                                                  
│       log_every_n_steps: 10                                                   
│       limit_train_batches: 1.0                                                
│       limit_val_batches: 1.0                                                  
│       num_nodes: 1                                                            
│       precision: 16                                                           
│                                                                               
├── loader
│   └── batch_size: 50                                                          
│       num_workers: 4                                                          
│       pin_memory: true                                                        
│       drop_last: true                                                         
│                                                                               
├── dataset
│   └── _name_: genomic_benchmark                                               
│       dataset_name: demo_human_or_worm                                        
│       dest_path: null                                                         
│       max_length: 200                                                         
│       d_output: 2                                                             
│       use_padding: true                                                       
│       padding_side: left                                                      
│       add_eos: false                                                          
│       batch_size: 128                                                         
│       train_len: 100000                                                       
│       shuffle: true                                                           
│       dummy_mouse_enhancers_ensembl:                                          
│         train_len: 1210                                                       
│         classes: 2                                                            
│       demo_coding_vs_intergenomic_seqs:                                       
│         train_len: 100000                                                     
│         classes: 2                                                            
│       demo_human_or_worm:                                                     
│         train_len: 100000                                                     
│         classes: 2                                                            
│       human_enhancers_cohn:                                                   
│         train_len: 27791                                                      
│         classes: 2                                                            
│       human_enhancers_ensembl:                                                
│         train_len: 154842                                                     
│         classes: 2                                                            
│       human_ensembl_regulatory:                                               
│         train_len: 289061                                                     
│         classes: 3                                                            
│       human_nontata_promoters:                                                
│         train_len: 36131                                                      
│         classes: 2                                                            
│       human_ocr_ensembl:                                                      
│         train_len: 174756                                                     
│         classes: 2                                                            
│       tokenizer_name: char                                                    
│       rc_aug: false                                                           
│       return_mask: false                                                      
│                                                                               
├── task
│   └── _name_: masked_multiclass                                               
│       loss: cross_entropy                                                     
│       metrics:                                                                
│       - accuracy                                                              
│       torchmetrics: null                                                      
│                                                                               
├── optimizer
│   └── _name_: adamw                                                           
│       lr: 0.0006                                                              
│       weight_decay: 0.1                                                       
│       betas:                                                                  
│       - 0.9                                                                   
│       - 0.999                                                                 
│                                                                               
├── scheduler
│   └── _name_: cosine_warmup_timm                                              
│       t_in_epochs: false                                                      
│       t_initial: 3910                                                         
│       lr_min: 5.9999999999999995e-05                                          
│       warmup_lr_init: 1.0e-06                                                 
│       warmup_t: 39.1                                                          
│                                                                               
├── callbacks
│   └── learning_rate_monitor:                                                  
│         logging_interval: step                                                
│       timer:                                                                  
│         step: true                                                            
│         inter_step: false                                                     
│         epoch: true                                                           
│         val: true                                                             
│       params:                                                                 
│         total: true                                                           
│         trainable: true                                                       
│         fixed: true                                                           
│       model_checkpoint:                                                       
│         monitor: val/accuracy                                                 
│         mode: max                                                             
│         save_top_k: 1                                                         
│         save_last: true                                                       
│         dirpath: checkpoints/                                                 
│         filename: val/accuracy                                                
│         auto_insert_metric_name: false                                        
│         verbose: true                                                         
│                                                                               
├── encoder
│   └── id                                                                      
├── decoder
│   └── _name_: sequence                                                        
│       mode: pool                                                              
│                                                                               
└── model
    └── _name_: dna_embedding                                                   
        d_model: 128                                                            
        n_layer: 2                                                              
        d_inner: 512                                                            
        vocab_size: 12                                                          
        resid_dropout: 0.0                                                      
        embed_dropout: 0.1                                                      
        fused_mlp: false                                                        
        fused_dropout_add_ln: true                                              
        residual_in_fp32: true                                                  
        pad_vocab_size_multiple: 8                                              
        layer:                                                                  
          _name_: hyena                                                         
          emb_dim: 5                                                            
          filter_order: 64                                                      
          short_filter_order: 3                                                 
          l_max: 202                                                            
          modulate: true                                                        
          w: 10                                                                 
          lr: 0.0006                                                            
          wd: 0.0                                                               
          lr_pos_emb: 0.0                                                       
                                                                                
Global seed set to 2222
[2025-10-20 21:27:10,047][__main__][INFO] - Instantiating callback <src.callbacks.timer.Timer>
[2025-10-20 21:27:10,048][__main__][INFO] - Instantiating callback <src.callbacks.params.ParamsLog>
[2025-10-20 21:27:10,048][__main__][INFO] - Instantiating callback <pytorch_lightning.callbacks.ModelCheckpoint>
[2025-10-20 21:27:10,049][__main__][INFO] - Instantiating trainer <pytorch_lightning.Trainer>
Using 16bit native Automatic Mixed Precision (AMP)
GPU available: True (cuda), used: True
TPU available: False, using: 0 TPU cores
IPU available: False, using: 0 IPUs
HPU available: False, using: 0 HPUs
`Trainer(limit_train_batches=1.0)` was configured so 100% of the batches per epoch will be used..
`Trainer(limit_val_batches=1.0)` was configured so 100% of the batches will be used..
LOCAL_RANK: 0 - CUDA_VISIBLE_DEVICES: [0,1,2,3,4,5,6,7]
**Using Char-level tokenizer**
already downloaded train-demo_human_or_worm
already downloaded val-demo_human_or_worm
Warning: dropout_add_layer_norm not available (flash_attn not installed). Disabling fused_dropout_add_ln.
**Using Char-level tokenizer**
already downloaded train-demo_human_or_worm
already downloaded val-demo_human_or_worm
Hyperparameter groups [{'weight_decay': 0.0, 'lr': 0.0006}]
[2025-10-20 21:27:12,671][__main__][INFO] - Optimizer group 0 | 35 tensors | lr 0.0006 | weight_decay 0.1
[2025-10-20 21:27:12,671][__main__][INFO] - Optimizer group 1 | 16 tensors | lr 0.0006 | weight_decay 0.0

  | Name               | Type              | Params
---------------------------------------------------------
0 | model              | DNAEmbeddingModel | 436 K 
1 | encoder            | Identity          | 0     
2 | decoder            | SequenceDecoder   | 258   
3 | train_torchmetrics | MetricCollection  | 0     
4 | val_torchmetrics   | MetricCollection  | 0     
5 | test_torchmetrics  | MetricCollection  | 0     
---------------------------------------------------------
436 K     Trainable params
0         Non-trainable params
436 K     Total params
0.873     Total estimated model params size (MB)

Sanity Checking: 0it [00:00, ?it/s]
Sanity Checking:   0%|          | 0/2 [00:00<?, ?it/s]
Sanity Checking DataLoader 0:   0%|          | 0/2 [00:00<?, ?it/s]
Sanity Checking DataLoader 0:  50%|█████     | 1/2 [00:00<00:00,  4.65it/s]
Sanity Checking DataLoader 0: 100%|██████████| 2/2 [00:00<00:00,  9.03it/s]
                                                                           

Training: 0it [00:00, ?it/s]
Training:   0%|          | 0/782 [00:00<?, ?it/s]
Epoch 0:   0%|          | 0/782 [00:00<?, ?it/s] 
Epoch 0:   0%|          | 1/782 [00:00<02:52,  4.52it/s]
Epoch 0:   0%|          | 1/782 [00:00<02:53,  4.51it/s, loss=0.696]
Epoch 0:   0%|          | 2/782 [00:00<01:35,  8.21it/s, loss=0.696]
Epoch 0:   0%|          | 2/782 [00:00<01:35,  8.20it/s, loss=0.695]
Epoch 0:   0%|          | 3/782 [00:00<01:08, 11.36it/s, loss=0.695]
Epoch 0:   0%|          | 3/782 [00:00<01:08, 11.35it/s, loss=0.692]
Epoch 0:   1%|          | 4/782 [00:00<00:55, 14.09it/s, loss=0.692]
Epoch 0:   1%|          | 4/782 [00:00<00:55, 14.08it/s, loss=0.689]
Epoch 0:   1%|          | 5/782 [00:00<00:47, 16.46it/s, loss=0.689]
Epoch 0:   1%|          | 5/782 [00:00<00:47, 16.45it/s, loss=0.686]
Epoch 0:   1%|          | 6/782 [00:00<00:41, 18.55it/s, loss=0.686]
Epoch 0:   1%|          | 6/782 [00:00<00:41, 18.53it/s, loss=0.681]
Epoch 0:   1%|          | 7/782 [00:00<00:37, 20.41it/s, loss=0.681]
Epoch 0:   1%|          | 7/782 [00:00<00:38, 20.39it/s, loss=0.678]
Epoch 0:   1%|          | 8/782 [00:00<00:35, 22.05it/s, loss=0.678]
Epoch 0:   1%|          | 8/782 [00:00<00:35, 22.04it/s, loss=0.667]
Epoch 0:   1%|          | 9/782 [00:00<00:32, 23.54it/s, loss=0.667]
Epoch 0:   1%|          | 9/782 [00:00<00:32, 23.52it/s, loss=0.662]
Epoch 0:   1%|▏         | 10/782 [00:00<00:31, 24.88it/s, loss=0.662]
Epoch 0:   1%|▏         | 10/782 [00:00<00:31, 24.87it/s, loss=0.662]
Epoch 0:   1%|▏         | 11/782 [00:00<00:29, 26.14it/s, loss=0.662]
Epoch 0:   1%|▏         | 11/782 [00:00<00:29, 26.13it/s, loss=0.657]
Epoch 0:   2%|▏         | 12/782 [00:00<00:28, 27.30it/s, loss=0.657]
Epoch 0:   2%|▏         | 12/782 [00:00<00:28, 27.29it/s, loss=0.66] 
Epoch 0:   2%|▏         | 13/782 [00:00<00:27, 28.37it/s, loss=0.66]
Epoch 0:   2%|▏         | 13/782 [00:00<00:27, 28.36it/s, loss=0.661]
Epoch 0:   2%|▏         | 14/782 [00:00<00:26, 29.36it/s, loss=0.661]
Epoch 0:   2%|▏         | 14/782 [00:00<00:26, 29.34it/s, loss=0.659]
Epoch 0:   2%|▏         | 15/782 [00:00<00:25, 30.27it/s, loss=0.659]
Epoch 0:   2%|▏         | 15/782 [00:00<00:25, 30.26it/s, loss=0.658]
Epoch 0:   2%|▏         | 16/782 [00:00<00:24, 31.12it/s, loss=0.658]
Epoch 0:   2%|▏         | 16/782 [00:00<00:24, 31.11it/s, loss=0.659]
Epoch 0:   2%|▏         | 17/782 [00:00<00:23, 31.91it/s, loss=0.659]
Epoch 0:   2%|▏         | 17/782 [00:00<00:23, 31.89it/s, loss=0.659]
Epoch 0:   2%|▏         | 18/782 [00:00<00:23, 32.64it/s, loss=0.659]
Epoch 0:   2%|▏         | 18/782 [00:00<00:23, 32.63it/s, loss=0.656]
Epoch 0:   2%|▏         | 19/782 [00:00<00:22, 33.38it/s, loss=0.656]
Epoch 0:   2%|▏         | 19/782 [00:00<00:22, 33.37it/s, loss=0.655]
Epoch 0:   3%|▎         | 20/782 [00:00<00:22, 34.02it/s, loss=0.655]
Epoch 0:   3%|▎         | 20/782 [00:00<00:22, 34.01it/s, loss=0.654]
Epoch 0:   3%|▎         | 21/782 [00:00<00:21, 34.65it/s, loss=0.654]
Epoch 0:   3%|▎         | 21/782 [00:00<00:21, 34.64it/s, loss=0.652]
Epoch 0:   3%|▎         | 22/782 [00:00<00:21, 35.25it/s, loss=0.652]
Epoch 0:   3%|▎         | 22/782 [00:00<00:21, 35.24it/s, loss=0.649]
Epoch 0:   3%|▎         | 23/782 [00:00<00:21, 35.81it/s, loss=0.649]
Epoch 0:   3%|▎         | 23/782 [00:00<00:21, 35.80it/s, loss=0.644]
Epoch 0:   3%|▎         | 24/782 [00:00<00:20, 36.34it/s, loss=0.644]
Epoch 0:   3%|▎         | 24/782 [00:00<00:20, 36.33it/s, loss=0.642]
Epoch 0:   3%|▎         | 25/782 [00:00<00:20, 36.85it/s, loss=0.642]
Epoch 0:   3%|▎         | 25/782 [00:00<00:20, 36.84it/s, loss=0.639]
Epoch 0:   3%|▎         | 26/782 [00:00<00:20, 37.33it/s, loss=0.639]
Epoch 0:   3%|▎         | 26/782 [00:00<00:20, 37.32it/s, loss=0.637]
Epoch 0:   3%|▎         | 27/782 [00:00<00:19, 37.79it/s, loss=0.637]
Epoch 0:   3%|▎         | 27/782 [00:00<00:19, 37.77it/s, loss=0.637]
Epoch 0:   4%|▎         | 28/782 [00:00<00:19, 38.22it/s, loss=0.637]
Epoch 0:   4%|▎         | 28/782 [00:00<00:19, 38.21it/s, loss=0.636]
Epoch 0:   4%|▎         | 29/782 [00:00<00:19, 38.67it/s, loss=0.636]
Epoch 0:   4%|▎         | 29/782 [00:00<00:19, 38.66it/s, loss=0.645]
Epoch 0:   4%|▍         | 30/782 [00:00<00:19, 39.02it/s, loss=0.645]
Epoch 0:   4%|▍         | 30/782 [00:00<00:19, 39.01it/s, loss=0.649]
Epoch 0:   4%|▍         | 31/782 [00:00<00:19, 39.27it/s, loss=0.649]
Epoch 0:   4%|▍         | 31/782 [00:00<00:19, 39.25it/s, loss=0.662]
Epoch 0:   4%|▍         | 32/782 [00:00<00:18, 39.54it/s, loss=0.662]
Epoch 0:   4%|▍         | 32/782 [00:00<00:18, 39.53it/s, loss=0.664]
Epoch 0:   4%|▍         | 33/782 [00:00<00:18, 39.88it/s, loss=0.664]
Epoch 0:   4%|▍         | 33/782 [00:00<00:18, 39.87it/s, loss=0.662]
Epoch 0:   4%|▍         | 34/782 [00:00<00:18, 40.21it/s, loss=0.662]
Epoch 0:   4%|▍         | 34/782 [00:00<00:18, 40.20it/s, loss=0.658]
Epoch 0:   4%|▍         | 35/782 [00:00<00:18, 40.52it/s, loss=0.658]
Epoch 0:   4%|▍         | 35/782 [00:00<00:18, 40.51it/s, loss=0.658]
Epoch 0:   5%|▍         | 36/782 [00:00<00:18, 40.83it/s, loss=0.658]
Epoch 0:   5%|▍         | 36/782 [00:00<00:18, 40.82it/s, loss=0.652]
Epoch 0:   5%|▍         | 37/782 [00:00<00:18, 41.11it/s, loss=0.652]
Epoch 0:   5%|▍         | 37/782 [00:00<00:18, 41.10it/s, loss=0.646]
Epoch 0:   5%|▍         | 38/782 [00:00<00:17, 41.39it/s, loss=0.646]
Epoch 0:   5%|▍         | 38/782 [00:00<00:17, 41.38it/s, loss=0.646]
Epoch 0:   5%|▍         | 39/782 [00:00<00:17, 41.66it/s, loss=0.646]
Epoch 0:   5%|▍         | 39/782 [00:00<00:17, 41.65it/s, loss=0.65] 
Epoch 0:   5%|▌         | 40/782 [00:00<00:17, 41.92it/s, loss=0.65]
Epoch 0:   5%|▌         | 40/782 [00:00<00:17, 41.91it/s, loss=0.65]
Epoch 0:   5%|▌         | 41/782 [00:00<00:17, 42.17it/s, loss=0.65]
Epoch 0:   5%|▌         | 41/782 [00:00<00:17, 42.16it/s, loss=0.643]
Epoch 0:   5%|▌         | 42/782 [00:00<00:17, 42.40it/s, loss=0.643]
Epoch 0:   5%|▌         | 42/782 [00:00<00:17, 42.39it/s, loss=0.642]
Epoch 0:   5%|▌         | 43/782 [00:01<00:17, 42.63it/s, loss=0.642]
Epoch 0:   5%|▌         | 43/782 [00:01<00:17, 42.63it/s, loss=0.646]
Epoch 0:   6%|▌         | 44/782 [00:01<00:17, 42.86it/s, loss=0.646]
Epoch 0:   6%|▌         | 44/782 [00:01<00:17, 42.85it/s, loss=0.645]
Epoch 0:   6%|▌         | 45/782 [00:01<00:17, 43.07it/s, loss=0.645]
Epoch 0:   6%|▌         | 45/782 [00:01<00:17, 43.06it/s, loss=0.644]
Epoch 0:   6%|▌         | 46/782 [00:01<00:17, 43.28it/s, loss=0.644]
Epoch 0:   6%|▌         | 46/782 [00:01<00:17, 43.27it/s, loss=0.641]
Epoch 0:   6%|▌         | 47/782 [00:01<00:16, 43.47it/s, loss=0.641]
Epoch 0:   6%|▌         | 47/782 [00:01<00:16, 43.46it/s, loss=0.638]
Epoch 0:   6%|▌         | 48/782 [00:01<00:16, 43.66it/s, loss=0.638]
Epoch 0:   6%|▌         | 48/782 [00:01<00:16, 43.65it/s, loss=0.636]
Epoch 0:   6%|▋         | 49/782 [00:01<00:16, 43.85it/s, loss=0.636]
Epoch 0:   6%|▋         | 49/782 [00:01<00:16, 43.84it/s, loss=0.62] 
Epoch 0:   6%|▋         | 50/782 [00:01<00:16, 44.02it/s, loss=0.62]
Epoch 0:   6%|▋         | 50/782 [00:01<00:16, 44.02it/s, loss=0.609]
Epoch 0:   7%|▋         | 51/782 [00:01<00:16, 44.20it/s, loss=0.609]
Epoch 0:   7%|▋         | 51/782 [00:01<00:16, 44.19it/s, loss=0.591]
Epoch 0:   7%|▋         | 52/782 [00:01<00:16, 44.37it/s, loss=0.591]
Epoch 0:   7%|▋         | 52/782 [00:01<00:16, 44.36it/s, loss=0.579]
Epoch 0:   7%|▋         | 53/782 [00:01<00:16, 44.53it/s, loss=0.579]
Epoch 0:   7%|▋         | 53/782 [00:01<00:16, 44.52it/s, loss=0.568]
Epoch 0:   7%|▋         | 54/782 [00:01<00:16, 44.68it/s, loss=0.568]
Epoch 0:   7%|▋         | 54/782 [00:01<00:16, 44.68it/s, loss=0.56] 
Epoch 0:   7%|▋         | 55/782 [00:01<00:16, 44.70it/s, loss=0.56]
Epoch 0:   7%|▋         | 55/782 [00:01<00:16, 44.69it/s, loss=0.55]
Epoch 0:   7%|▋         | 56/782 [00:01<00:16, 44.84it/s, loss=0.55]
Epoch 0:   7%|▋         | 56/782 [00:01<00:16, 44.83it/s, loss=0.545]
Epoch 0:   7%|▋         | 57/782 [00:01<00:16, 44.98it/s, loss=0.545]
Epoch 0:   7%|▋         | 57/782 [00:01<00:16, 44.97it/s, loss=0.538]
Epoch 0:   7%|▋         | 58/782 [00:01<00:16, 45.11it/s, loss=0.538]
Epoch 0:   7%|▋         | 58/782 [00:01<00:16, 45.11it/s, loss=0.531]
Epoch 0:   8%|▊         | 59/782 [00:01<00:15, 45.22it/s, loss=0.531]
Epoch 0:   8%|▊         | 59/782 [00:01<00:15, 45.22it/s, loss=0.512]
Epoch 0:   8%|▊         | 60/782 [00:01<00:15, 45.35it/s, loss=0.512]
Epoch 0:   8%|▊         | 60/782 [00:01<00:15, 45.34it/s, loss=0.492]
Epoch 0:   8%|▊         | 61/782 [00:01<00:15, 45.47it/s, loss=0.492]
Epoch 0:   8%|▊         | 61/782 [00:01<00:15, 45.46it/s, loss=0.478]
Epoch 0:   8%|▊         | 62/782 [00:01<00:15, 45.59it/s, loss=0.478]
Epoch 0:   8%|▊         | 62/782 [00:01<00:15, 45.58it/s, loss=0.46] 
Epoch 0:   8%|▊         | 63/782 [00:01<00:15, 45.70it/s, loss=0.46]
Epoch 0:   8%|▊         | 63/782 [00:01<00:15, 45.69it/s, loss=0.44]
Epoch 0:   8%|▊         | 64/782 [00:01<00:15, 45.82it/s, loss=0.44]
Epoch 0:   8%|▊         | 64/782 [00:01<00:15, 45.81it/s, loss=0.418]
Epoch 0:   8%|▊         | 65/782 [00:01<00:15, 45.93it/s, loss=0.418]
Epoch 0:   8%|▊         | 65/782 [00:01<00:15, 45.92it/s, loss=0.404]
Epoch 0:   8%|▊         | 66/782 [00:01<00:15, 46.04it/s, loss=0.404]
Epoch 0:   8%|▊         | 66/782 [00:01<00:15, 46.04it/s, loss=0.388]
Epoch 0:   9%|▊         | 67/782 [00:01<00:15, 46.15it/s, loss=0.388]
Epoch 0:   9%|▊         | 67/782 [00:01<00:15, 46.15it/s, loss=0.372]
Epoch 0:   9%|▊         | 68/782 [00:01<00:15, 46.26it/s, loss=0.372]
Epoch 0:   9%|▊         | 68/782 [00:01<00:15, 46.25it/s, loss=0.353]
Epoch 0:   9%|▉         | 69/782 [00:01<00:15, 46.37it/s, loss=0.353]
Epoch 0:   9%|▉         | 69/782 [00:01<00:15, 46.36it/s, loss=0.34] 
Epoch 0:   9%|▉         | 70/782 [00:01<00:15, 46.47it/s, loss=0.34]
Epoch 0:   9%|▉         | 70/782 [00:01<00:15, 46.46it/s, loss=0.321]
Epoch 0:   9%|▉         | 71/782 [00:01<00:15, 46.57it/s, loss=0.321]
Epoch 0:   9%|▉         | 71/782 [00:01<00:15, 46.57it/s, loss=0.305]
Epoch 0:   9%|▉         | 72/782 [00:01<00:15, 46.67it/s, loss=0.305]
Epoch 0:   9%|▉         | 72/782 [00:01<00:15, 46.66it/s, loss=0.292]
Epoch 0:   9%|▉         | 73/782 [00:01<00:15, 46.77it/s, loss=0.292]
Epoch 0:   9%|▉         | 73/782 [00:01<00:15, 46.76it/s, loss=0.277]
Epoch 0:   9%|▉         | 74/782 [00:01<00:15, 46.84it/s, loss=0.277]
Epoch 0:   9%|▉         | 74/782 [00:01<00:15, 46.83it/s, loss=0.271]
Epoch 0:  10%|▉         | 75/782 [00:01<00:15, 46.92it/s, loss=0.271]
Epoch 0:  10%|▉         | 75/782 [00:01<00:15, 46.91it/s, loss=0.265]
Epoch 0:  10%|▉         | 76/782 [00:01<00:15, 47.01it/s, loss=0.265]
Epoch 0:  10%|▉         | 76/782 [00:01<00:15, 47.01it/s, loss=0.257]
Epoch 0:  10%|▉         | 77/782 [00:01<00:14, 47.10it/s, loss=0.257]
Epoch 0:  10%|▉         | 77/782 [00:01<00:14, 47.10it/s, loss=0.245]
Epoch 0:  10%|▉         | 78/782 [00:01<00:14, 47.19it/s, loss=0.245]
Epoch 0:  10%|▉         | 78/782 [00:01<00:14, 47.19it/s, loss=0.239]
Epoch 0:  10%|█         | 79/782 [00:01<00:14, 47.28it/s, loss=0.239]
Epoch 0:  10%|█         | 79/782 [00:01<00:14, 47.28it/s, loss=0.239]
Epoch 0:  10%|█         | 80/782 [00:01<00:14, 47.36it/s, loss=0.239]
Epoch 0:  10%|█         | 80/782 [00:01<00:14, 47.36it/s, loss=0.24] 
Epoch 0:  10%|█         | 81/782 [00:01<00:14, 47.45it/s, loss=0.24]
Epoch 0:  10%|█         | 81/782 [00:01<00:14, 47.44it/s, loss=0.244]
Epoch 0:  10%|█         | 82/782 [00:01<00:14, 47.52it/s, loss=0.244]
Epoch 0:  10%|█         | 82/782 [00:01<00:14, 47.52it/s, loss=0.243]
Epoch 0:  11%|█         | 83/782 [00:01<00:14, 47.58it/s, loss=0.243]
Epoch 0:  11%|█         | 83/782 [00:01<00:14, 47.58it/s, loss=0.243]
Epoch 0:  11%|█         | 84/782 [00:01<00:14, 47.65it/s, loss=0.243]
Epoch 0:  11%|█         | 84/782 [00:01<00:14, 47.65it/s, loss=0.262]
Epoch 0:  11%|█         | 85/782 [00:01<00:14, 47.73it/s, loss=0.262]
Epoch 0:  11%|█         | 85/782 [00:01<00:14, 47.72it/s, loss=0.261]
Epoch 0:  11%|█         | 86/782 [00:01<00:14, 47.80it/s, loss=0.261]
Epoch 0:  11%|█         | 86/782 [00:01<00:14, 47.80it/s, loss=0.266]
Epoch 0:  11%|█         | 87/782 [00:01<00:14, 47.87it/s, loss=0.266]
Epoch 0:  11%|█         | 87/782 [00:01<00:14, 47.87it/s, loss=0.27] 
Epoch 0:  11%|█▏        | 88/782 [00:01<00:14, 47.94it/s, loss=0.27]
Epoch 0:  11%|█▏        | 88/782 [00:01<00:14, 47.94it/s, loss=0.274]
Epoch 0:  11%|█▏        | 89/782 [00:01<00:14, 48.02it/s, loss=0.274]
Epoch 0:  11%|█▏        | 89/782 [00:01<00:14, 48.01it/s, loss=0.272]
Epoch 0:  12%|█▏        | 90/782 [00:01<00:14, 48.07it/s, loss=0.272]
Epoch 0:  12%|█▏        | 90/782 [00:01<00:14, 48.06it/s, loss=0.275]
Epoch 0:  12%|█▏        | 91/782 [00:01<00:14, 48.13it/s, loss=0.275]
Epoch 0:  12%|█▏        | 91/782 [00:01<00:14, 48.12it/s, loss=0.275]
Epoch 0:  12%|█▏        | 92/782 [00:01<00:14, 48.19it/s, loss=0.275]
Epoch 0:  12%|█▏        | 92/782 [00:01<00:14, 48.18it/s, loss=0.277]
Epoch 0:  12%|█▏        | 93/782 [00:01<00:14, 48.25it/s, loss=0.277]
Epoch 0:  12%|█▏        | 93/782 [00:01<00:14, 48.24it/s, loss=0.28] 
Epoch 0:  12%|█▏        | 94/782 [00:01<00:14, 48.31it/s, loss=0.28]
Epoch 0:  12%|█▏        | 94/782 [00:01<00:14, 48.30it/s, loss=0.277]
Epoch 0:  12%|█▏        | 95/782 [00:01<00:14, 48.37it/s, loss=0.277]
Epoch 0:  12%|█▏        | 95/782 [00:01<00:14, 48.36it/s, loss=0.277]
Epoch 0:  12%|█▏        | 96/782 [00:01<00:14, 48.43it/s, loss=0.277]
Epoch 0:  12%|█▏        | 96/782 [00:01<00:14, 48.42it/s, loss=0.268]
Epoch 0:  12%|█▏        | 97/782 [00:02<00:14, 48.48it/s, loss=0.268]
Epoch 0:  12%|█▏        | 97/782 [00:02<00:14, 48.48it/s, loss=0.268]
Epoch 0:  13%|█▎        | 98/782 [00:02<00:14, 48.54it/s, loss=0.268]
Epoch 0:  13%|█▎        | 98/782 [00:02<00:14, 48.53it/s, loss=0.261]
Epoch 0:  13%|█▎        | 99/782 [00:02<00:14, 48.59it/s, loss=0.261]
Epoch 0:  13%|█▎        | 99/782 [00:02<00:14, 48.59it/s, loss=0.255]
Epoch 0:  13%|█▎        | 100/782 [00:02<00:14, 48.64it/s, loss=0.255]
Epoch 0:  13%|█▎        | 100/782 [00:02<00:14, 48.64it/s, loss=0.248]
Epoch 0:  13%|█▎        | 101/782 [00:02<00:13, 48.70it/s, loss=0.248]
Epoch 0:  13%|█▎        | 101/782 [00:02<00:13, 48.69it/s, loss=0.242]
Epoch 0:  13%|█▎        | 102/782 [00:02<00:13, 48.75it/s, loss=0.242]
Epoch 0:  13%|█▎        | 102/782 [00:02<00:13, 48.74it/s, loss=0.242]
Epoch 0:  13%|█▎        | 103/782 [00:02<00:13, 48.80it/s, loss=0.242]
Epoch 0:  13%|█▎        | 103/782 [00:02<00:13, 48.80it/s, loss=0.238]
Epoch 0:  13%|█▎        | 104/782 [00:02<00:13, 48.85it/s, loss=0.238]
Epoch 0:  13%|█▎        | 104/782 [00:02<00:13, 48.85it/s, loss=0.224]
Epoch 0:  13%|█▎        | 105/782 [00:02<00:13, 48.81it/s, loss=0.224]
Epoch 0:  13%|█▎        | 105/782 [00:02<00:13, 48.81it/s, loss=0.219]
Epoch 0:  14%|█▎        | 106/782 [00:02<00:13, 48.86it/s, loss=0.219]
Epoch 0:  14%|█▎        | 106/782 [00:02<00:13, 48.86it/s, loss=0.212]
Epoch 0:  14%|█▎        | 107/782 [00:02<00:13, 48.91it/s, loss=0.212]
Epoch 0:  14%|█▎        | 107/782 [00:02<00:13, 48.90it/s, loss=0.204]
Epoch 0:  14%|█▍        | 108/782 [00:02<00:13, 48.96it/s, loss=0.204]
Epoch 0:  14%|█▍        | 108/782 [00:02<00:13, 48.95it/s, loss=0.202]
Epoch 0:  14%|█▍        | 109/782 [00:02<00:13, 49.00it/s, loss=0.202]
Epoch 0:  14%|█▍        | 109/782 [00:02<00:13, 49.00it/s, loss=0.201]
Epoch 0:  14%|█▍        | 110/782 [00:02<00:13, 49.05it/s, loss=0.201]
Epoch 0:  14%|█▍        | 110/782 [00:02<00:13, 49.04it/s, loss=0.203]
Epoch 0:  14%|█▍        | 111/782 [00:02<00:13, 49.09it/s, loss=0.203]
Epoch 0:  14%|█▍        | 111/782 [00:02<00:13, 49.09it/s, loss=0.204]
Epoch 0:  14%|█▍        | 112/782 [00:02<00:13, 49.14it/s, loss=0.204]
Epoch 0:  14%|█▍        | 112/782 [00:02<00:13, 49.13it/s, loss=0.201]
Epoch 0:  14%|█▍        | 113/782 [00:02<00:13, 49.18it/s, loss=0.201]
Epoch 0:  14%|█▍        | 113/782 [00:02<00:13, 49.18it/s, loss=0.203]
Epoch 0:  15%|█▍        | 114/782 [00:02<00:13, 49.23it/s, loss=0.203]
Epoch 0:  15%|█▍        | 114/782 [00:02<00:13, 49.22it/s, loss=0.203]
Epoch 0:  15%|█▍        | 115/782 [00:02<00:13, 49.27it/s, loss=0.203]
Epoch 0:  15%|█▍        | 115/782 [00:02<00:13, 49.27it/s, loss=0.198]
Epoch 0:  15%|█▍        | 116/782 [00:02<00:13, 49.31it/s, loss=0.198]
Epoch 0:  15%|█▍        | 116/782 [00:02<00:13, 49.31it/s, loss=0.202]
Epoch 0:  15%|█▍        | 117/782 [00:02<00:13, 49.36it/s, loss=0.202]
Epoch 0:  15%|█▍        | 117/782 [00:02<00:13, 49.35it/s, loss=0.203]
Epoch 0:  15%|█▌        | 118/782 [00:02<00:13, 49.40it/s, loss=0.203]
Epoch 0:  15%|█▌        | 118/782 [00:02<00:13, 49.39it/s, loss=0.204]
Epoch 0:  15%|█▌        | 119/782 [00:02<00:13, 49.44it/s, loss=0.204]
Epoch 0:  15%|█▌        | 119/782 [00:02<00:13, 49.44it/s, loss=0.205]
Epoch 0:  15%|█▌        | 120/782 [00:02<00:13, 49.48it/s, loss=0.205]
Epoch 0:  15%|█▌        | 120/782 [00:02<00:13, 49.48it/s, loss=0.207]
Epoch 0:  15%|█▌        | 121/782 [00:02<00:13, 49.52it/s, loss=0.207]
Epoch 0:  15%|█▌        | 121/782 [00:02<00:13, 49.52it/s, loss=0.204]
Epoch 0:  16%|█▌        | 122/782 [00:02<00:13, 49.56it/s, loss=0.204]
Epoch 0:  16%|█▌        | 122/782 [00:02<00:13, 49.56it/s, loss=0.202]
Epoch 0:  16%|█▌        | 123/782 [00:02<00:13, 49.60it/s, loss=0.202]
Epoch 0:  16%|█▌        | 123/782 [00:02<00:13, 49.60it/s, loss=0.203]
Epoch 0:  16%|█▌        | 124/782 [00:02<00:13, 49.64it/s, loss=0.203]
Epoch 0:  16%|█▌        | 124/782 [00:02<00:13, 49.64it/s, loss=0.198]
Epoch 0:  16%|█▌        | 125/782 [00:02<00:13, 49.68it/s, loss=0.198]
Epoch 0:  16%|█▌        | 125/782 [00:02<00:13, 49.68it/s, loss=0.198]
Epoch 0:  16%|█▌        | 126/782 [00:02<00:13, 49.72it/s, loss=0.198]
Epoch 0:  16%|█▌        | 126/782 [00:02<00:13, 49.72it/s, loss=0.199]
Epoch 0:  16%|█▌        | 127/782 [00:02<00:13, 49.76it/s, loss=0.199]
Epoch 0:  16%|█▌        | 127/782 [00:02<00:13, 49.75it/s, loss=0.201]
Epoch 0:  16%|█▋        | 128/782 [00:02<00:13, 49.79it/s, loss=0.201]
Epoch 0:  16%|█▋        | 128/782 [00:02<00:13, 49.79it/s, loss=0.2]  
Epoch 0:  16%|█▋        | 129/782 [00:02<00:13, 49.82it/s, loss=0.2]
Epoch 0:  16%|█▋        | 129/782 [00:02<00:13, 49.82it/s, loss=0.198]
Epoch 0:  17%|█▋        | 130/782 [00:02<00:13, 49.86it/s, loss=0.198]
Epoch 0:  17%|█▋        | 130/782 [00:02<00:13, 49.85it/s, loss=0.195]
Epoch 0:  17%|█▋        | 131/782 [00:02<00:13, 49.89it/s, loss=0.195]
Epoch 0:  17%|█▋        | 131/782 [00:02<00:13, 49.89it/s, loss=0.194]
Epoch 0:  17%|█▋        | 132/782 [00:02<00:13, 49.92it/s, loss=0.194]
Epoch 0:  17%|█▋        | 132/782 [00:02<00:13, 49.92it/s, loss=0.193]
Epoch 0:  17%|█▋        | 133/782 [00:02<00:12, 49.96it/s, loss=0.193]
Epoch 0:  17%|█▋        | 133/782 [00:02<00:12, 49.95it/s, loss=0.191]
Epoch 0:  17%|█▋        | 134/782 [00:02<00:12, 49.99it/s, loss=0.191]
Epoch 0:  17%|█▋        | 134/782 [00:02<00:12, 49.99it/s, loss=0.193]
Epoch 0:  17%|█▋        | 135/782 [00:02<00:12, 50.02it/s, loss=0.193]
Epoch 0:  17%|█▋        | 135/782 [00:02<00:12, 50.02it/s, loss=0.191]
Epoch 0:  17%|█▋        | 136/782 [00:02<00:12, 50.06it/s, loss=0.191]
Epoch 0:  17%|█▋        | 136/782 [00:02<00:12, 50.05it/s, loss=0.194]
Epoch 0:  18%|█▊        | 137/782 [00:02<00:12, 50.09it/s, loss=0.194]
Epoch 0:  18%|█▊        | 137/782 [00:02<00:12, 50.08it/s, loss=0.193]
Epoch 0:  18%|█▊        | 138/782 [00:02<00:12, 50.12it/s, loss=0.193]
Epoch 0:  18%|█▊        | 138/782 [00:02<00:12, 50.12it/s, loss=0.193]
Epoch 0:  18%|█▊        | 139/782 [00:02<00:12, 50.14it/s, loss=0.193]
Epoch 0:  18%|█▊        | 139/782 [00:02<00:12, 50.14it/s, loss=0.193]
Epoch 0:  18%|█▊        | 140/782 [00:02<00:12, 50.17it/s, loss=0.193]
Epoch 0:  18%|█▊        | 140/782 [00:02<00:12, 50.17it/s, loss=0.194]
Epoch 0:  18%|█▊        | 141/782 [00:02<00:12, 50.20it/s, loss=0.194]
Epoch 0:  18%|█▊        | 141/782 [00:02<00:12, 50.20it/s, loss=0.197]
Epoch 0:  18%|█▊        | 142/782 [00:02<00:12, 50.23it/s, loss=0.197]
Epoch 0:  18%|█▊        | 142/782 [00:02<00:12, 50.23it/s, loss=0.198]
Epoch 0:  18%|█▊        | 143/782 [00:02<00:12, 50.26it/s, loss=0.198]
Epoch 0:  18%|█▊        | 143/782 [00:02<00:12, 50.26it/s, loss=0.196]
Epoch 0:  18%|█▊        | 144/782 [00:02<00:12, 50.29it/s, loss=0.196]
Epoch 0:  18%|█▊        | 144/782 [00:02<00:12, 50.29it/s, loss=0.195]
Epoch 0:  19%|█▊        | 145/782 [00:02<00:12, 50.32it/s, loss=0.195]
Epoch 0:  19%|█▊        | 145/782 [00:02<00:12, 50.31it/s, loss=0.195]
Epoch 0:  19%|█▊        | 146/782 [00:02<00:12, 50.34it/s, loss=0.195]
Epoch 0:  19%|█▊        | 146/782 [00:02<00:12, 50.34it/s, loss=0.195]
Epoch 0:  19%|█▉        | 147/782 [00:02<00:12, 50.37it/s, loss=0.195]
Epoch 0:  19%|█▉        | 147/782 [00:02<00:12, 50.37it/s, loss=0.193]
Epoch 0:  19%|█▉        | 148/782 [00:02<00:12, 50.40it/s, loss=0.193]
Epoch 0:  19%|█▉        | 148/782 [00:02<00:12, 50.39it/s, loss=0.193]
Epoch 0:  19%|█▉        | 149/782 [00:02<00:12, 50.42it/s, loss=0.193]
Epoch 0:  19%|█▉        | 149/782 [00:02<00:12, 50.42it/s, loss=0.195]
Epoch 0:  19%|█▉        | 150/782 [00:02<00:12, 50.45it/s, loss=0.195]
Epoch 0:  19%|█▉        | 150/782 [00:02<00:12, 50.45it/s, loss=0.196]
Epoch 0:  19%|█▉        | 151/782 [00:02<00:12, 50.48it/s, loss=0.196]
Epoch 0:  19%|█▉        | 151/782 [00:02<00:12, 50.47it/s, loss=0.196]
Epoch 0:  19%|█▉        | 152/782 [00:03<00:12, 50.50it/s, loss=0.196]
Epoch 0:  19%|█▉        | 152/782 [00:03<00:12, 50.50it/s, loss=0.195]
Epoch 0:  20%|█▉        | 153/782 [00:03<00:12, 50.53it/s, loss=0.195]
Epoch 0:  20%|█▉        | 153/782 [00:03<00:12, 50.52it/s, loss=0.194]
Epoch 0:  20%|█▉        | 154/782 [00:03<00:12, 50.55it/s, loss=0.194]
Epoch 0:  20%|█▉        | 154/782 [00:03<00:12, 50.55it/s, loss=0.193]
Epoch 0:  20%|█▉        | 155/782 [00:03<00:12, 50.58it/s, loss=0.193]
Epoch 0:  20%|█▉        | 155/782 [00:03<00:12, 50.57it/s, loss=0.196]
Epoch 0:  20%|█▉        | 156/782 [00:03<00:12, 50.60it/s, loss=0.196]
Epoch 0:  20%|█▉        | 156/782 [00:03<00:12, 50.60it/s, loss=0.192]
Epoch 0:  20%|██        | 157/782 [00:03<00:12, 50.63it/s, loss=0.192]
Epoch 0:  20%|██        | 157/782 [00:03<00:12, 50.62it/s, loss=0.192]
Epoch 0:  20%|██        | 158/782 [00:03<00:12, 50.65it/s, loss=0.192]
Epoch 0:  20%|██        | 158/782 [00:03<00:12, 50.65it/s, loss=0.189]
Epoch 0:  20%|██        | 159/782 [00:03<00:12, 50.67it/s, loss=0.189]
Epoch 0:  20%|██        | 159/782 [00:03<00:12, 50.67it/s, loss=0.189]
Epoch 0:  20%|██        | 160/782 [00:03<00:12, 50.70it/s, loss=0.189]
Epoch 0:  20%|██        | 160/782 [00:03<00:12, 50.70it/s, loss=0.19] 
Epoch 0:  21%|██        | 161/782 [00:03<00:12, 50.72it/s, loss=0.19]
Epoch 0:  21%|██        | 161/782 [00:03<00:12, 50.72it/s, loss=0.186]
Epoch 0:  21%|██        | 162/782 [00:03<00:12, 50.75it/s, loss=0.186]
Epoch 0:  21%|██        | 162/782 [00:03<00:12, 50.74it/s, loss=0.187]
Epoch 0:  21%|██        | 163/782 [00:03<00:12, 50.77it/s, loss=0.187]
Epoch 0:  21%|██        | 163/782 [00:03<00:12, 50.77it/s, loss=0.189]
Epoch 0:  21%|██        | 164/782 [00:03<00:12, 50.79it/s, loss=0.189]
Epoch 0:  21%|██        | 164/782 [00:03<00:12, 50.79it/s, loss=0.191]
Epoch 0:  21%|██        | 165/782 [00:03<00:12, 50.81it/s, loss=0.191]
Epoch 0:  21%|██        | 165/782 [00:03<00:12, 50.81it/s, loss=0.192]
Epoch 0:  21%|██        | 166/782 [00:03<00:12, 50.84it/s, loss=0.192]
Epoch 0:  21%|██        | 166/782 [00:03<00:12, 50.83it/s, loss=0.187]
Epoch 0:  21%|██▏       | 167/782 [00:03<00:12, 50.86it/s, loss=0.187]
Epoch 0:  21%|██▏       | 167/782 [00:03<00:12, 50.86it/s, loss=0.187]
Epoch 0:  21%|██▏       | 168/782 [00:03<00:12, 50.88it/s, loss=0.187]
Epoch 0:  21%|██▏       | 168/782 [00:03<00:12, 50.88it/s, loss=0.186]
Epoch 0:  22%|██▏       | 169/782 [00:03<00:12, 50.89it/s, loss=0.186]
Epoch 0:  22%|██▏       | 169/782 [00:03<00:12, 50.89it/s, loss=0.185]
Epoch 0:  22%|██▏       | 170/782 [00:03<00:12, 50.92it/s, loss=0.185]
Epoch 0:  22%|██▏       | 170/782 [00:03<00:12, 50.91it/s, loss=0.186]
Epoch 0:  22%|██▏       | 171/782 [00:03<00:11, 50.94it/s, loss=0.186]
Epoch 0:  22%|██▏       | 171/782 [00:03<00:11, 50.93it/s, loss=0.189]
Epoch 0:  22%|██▏       | 172/782 [00:03<00:11, 50.96it/s, loss=0.189]
Epoch 0:  22%|██▏       | 172/782 [00:03<00:11, 50.96it/s, loss=0.187]
Epoch 0:  22%|██▏       | 173/782 [00:03<00:11, 50.98it/s, loss=0.187]
Epoch 0:  22%|██▏       | 173/782 [00:03<00:11, 50.98it/s, loss=0.193]
Epoch 0:  22%|██▏       | 174/782 [00:03<00:11, 51.00it/s, loss=0.193]
Epoch 0:  22%|██▏       | 174/782 [00:03<00:11, 51.00it/s, loss=0.192]
Epoch 0:  22%|██▏       | 175/782 [00:03<00:11, 51.02it/s, loss=0.192]
Epoch 0:  22%|██▏       | 175/782 [00:03<00:11, 51.02it/s, loss=0.197]
Epoch 0:  23%|██▎       | 176/782 [00:03<00:11, 51.04it/s, loss=0.197]
Epoch 0:  23%|██▎       | 176/782 [00:03<00:11, 51.04it/s, loss=0.196]
Epoch 0:  23%|██▎       | 177/782 [00:03<00:11, 51.06it/s, loss=0.196]
Epoch 0:  23%|██▎       | 177/782 [00:03<00:11, 51.06it/s, loss=0.198]
Epoch 0:  23%|██▎       | 178/782 [00:03<00:11, 51.08it/s, loss=0.198]
Epoch 0:  23%|██▎       | 178/782 [00:03<00:11, 51.08it/s, loss=0.199]
Epoch 0:  23%|██▎       | 179/782 [00:03<00:11, 51.10it/s, loss=0.199]
Epoch 0:  23%|██▎       | 179/782 [00:03<00:11, 51.10it/s, loss=0.194]
Epoch 0:  23%|██▎       | 180/782 [00:03<00:11, 51.12it/s, loss=0.194]
Epoch 0:  23%|██▎       | 180/782 [00:03<00:11, 51.12it/s, loss=0.193]
Epoch 0:  23%|██▎       | 181/782 [00:03<00:11, 51.14it/s, loss=0.193]
Epoch 0:  23%|██▎       | 181/782 [00:03<00:11, 51.14it/s, loss=0.191]
Epoch 0:  23%|██▎       | 182/782 [00:03<00:11, 51.16it/s, loss=0.191]
Epoch 0:  23%|██▎       | 182/782 [00:03<00:11, 51.15it/s, loss=0.188]
Epoch 0:  23%|██▎       | 183/782 [00:03<00:11, 51.17it/s, loss=0.188]
Epoch 0:  23%|██▎       | 183/782 [00:03<00:11, 51.17it/s, loss=0.19] 
Epoch 0:  24%|██▎       | 184/782 [00:03<00:11, 51.19it/s, loss=0.19]
Epoch 0:  24%|██▎       | 184/782 [00:03<00:11, 51.19it/s, loss=0.188]
Epoch 0:  24%|██▎       | 185/782 [00:03<00:11, 51.21it/s, loss=0.188]
Epoch 0:  24%|██▎       | 185/782 [00:03<00:11, 51.21it/s, loss=0.189]
Epoch 0:  24%|██▍       | 186/782 [00:03<00:11, 51.23it/s, loss=0.189]
Epoch 0:  24%|██▍       | 186/782 [00:03<00:11, 51.23it/s, loss=0.193]
Epoch 0:  24%|██▍       | 187/782 [00:03<00:11, 51.25it/s, loss=0.193]
Epoch 0:  24%|██▍       | 187/782 [00:03<00:11, 51.24it/s, loss=0.193]
Epoch 0:  24%|██▍       | 188/782 [00:03<00:11, 51.26it/s, loss=0.193]
Epoch 0:  24%|██▍       | 188/782 [00:03<00:11, 51.26it/s, loss=0.192]
Epoch 0:  24%|██▍       | 189/782 [00:03<00:11, 51.28it/s, loss=0.192]
Epoch 0:  24%|██▍       | 189/782 [00:03<00:11, 51.28it/s, loss=0.199]
Epoch 0:  24%|██▍       | 190/782 [00:03<00:11, 51.30it/s, loss=0.199]
Epoch 0:  24%|██▍       | 190/782 [00:03<00:11, 51.29it/s, loss=0.201]
Epoch 0:  24%|██▍       | 191/782 [00:03<00:11, 51.31it/s, loss=0.201]
Epoch 0:  24%|██▍       | 191/782 [00:03<00:11, 51.31it/s, loss=0.202]
Epoch 0:  25%|██▍       | 192/782 [00:03<00:11, 51.33it/s, loss=0.202]
Epoch 0:  25%|██▍       | 192/782 [00:03<00:11, 51.32it/s, loss=0.206]
Epoch 0:  25%|██▍       | 193/782 [00:03<00:11, 51.34it/s, loss=0.206]
Epoch 0:  25%|██▍       | 193/782 [00:03<00:11, 51.34it/s, loss=0.2]  
Epoch 0:  25%|██▍       | 194/782 [00:03<00:11, 51.36it/s, loss=0.2]
Epoch 0:  25%|██▍       | 194/782 [00:03<00:11, 51.36it/s, loss=0.198]
Epoch 0:  25%|██▍       | 195/782 [00:03<00:11, 51.38it/s, loss=0.198]
Epoch 0:  25%|██▍       | 195/782 [00:03<00:11, 51.37it/s, loss=0.19] 
Epoch 0:  25%|██▌       | 196/782 [00:03<00:11, 51.39it/s, loss=0.19]
Epoch 0:  25%|██▌       | 196/782 [00:03<00:11, 51.39it/s, loss=0.191]
Epoch 0:  25%|██▌       | 197/782 [00:03<00:11, 51.41it/s, loss=0.191]
Epoch 0:  25%|██▌       | 197/782 [00:03<00:11, 51.41it/s, loss=0.195]
Epoch 0:  25%|██▌       | 198/782 [00:03<00:11, 51.38it/s, loss=0.195]
Epoch 0:  25%|██▌       | 198/782 [00:03<00:11, 51.38it/s, loss=0.196]
Epoch 0:  25%|██▌       | 199/782 [00:03<00:11, 51.39it/s, loss=0.196]
Epoch 0:  25%|██▌       | 199/782 [00:03<00:11, 51.39it/s, loss=0.204]
Epoch 0:  26%|██▌       | 200/782 [00:03<00:11, 51.37it/s, loss=0.204]
Epoch 0:  26%|██▌       | 200/782 [00:03<00:11, 51.37it/s, loss=0.205]
Epoch 0:  26%|██▌       | 201/782 [00:03<00:11, 51.38it/s, loss=0.205]
Epoch 0:  26%|██▌       | 201/782 [00:03<00:11, 51.38it/s, loss=0.209]
Epoch 0:  26%|██▌       | 202/782 [00:03<00:11, 51.40it/s, loss=0.209]
Epoch 0:  26%|██▌       | 202/782 [00:03<00:11, 51.39it/s, loss=0.21] 
Epoch 0:  26%|██▌       | 203/782 [00:03<00:11, 51.41it/s, loss=0.21]
Epoch 0:  26%|██▌       | 203/782 [00:03<00:11, 51.41it/s, loss=0.21]
Epoch 0:  26%|██▌       | 204/782 [00:03<00:11, 51.43it/s, loss=0.21]
Epoch 0:  26%|██▌       | 204/782 [00:03<00:11, 51.43it/s, loss=0.21]
Epoch 0:  26%|██▌       | 205/782 [00:03<00:11, 51.44it/s, loss=0.21]
Epoch 0:  26%|██▌       | 205/782 [00:03<00:11, 51.44it/s, loss=0.212]
Epoch 0:  26%|██▋       | 206/782 [00:04<00:11, 51.46it/s, loss=0.212]
Epoch 0:  26%|██▋       | 206/782 [00:04<00:11, 51.45it/s, loss=0.21] 
Epoch 0:  26%|██▋       | 207/782 [00:04<00:11, 51.47it/s, loss=0.21]
Epoch 0:  26%|██▋       | 207/782 [00:04<00:11, 51.47it/s, loss=0.211]
Epoch 0:  27%|██▋       | 208/782 [00:04<00:11, 51.49it/s, loss=0.211]
Epoch 0:  27%|██▋       | 208/782 [00:04<00:11, 51.48it/s, loss=0.211]
Epoch 0:  27%|██▋       | 209/782 [00:04<00:11, 51.50it/s, loss=0.211]
Epoch 0:  27%|██▋       | 209/782 [00:04<00:11, 51.50it/s, loss=0.205]
Epoch 0:  27%|██▋       | 210/782 [00:04<00:11, 51.51it/s, loss=0.205]
Epoch 0:  27%|██▋       | 210/782 [00:04<00:11, 51.51it/s, loss=0.2]  
Epoch 0:  27%|██▋       | 211/782 [00:04<00:11, 51.53it/s, loss=0.2]
Epoch 0:  27%|██▋       | 211/782 [00:04<00:11, 51.52it/s, loss=0.198]
Epoch 0:  27%|██▋       | 212/782 [00:04<00:11, 51.54it/s, loss=0.198]
Epoch 0:  27%|██▋       | 212/782 [00:04<00:11, 51.54it/s, loss=0.197]
Epoch 0:  27%|██▋       | 213/782 [00:04<00:11, 51.56it/s, loss=0.197]
Epoch 0:  27%|██▋       | 213/782 [00:04<00:11, 51.55it/s, loss=0.197]
Epoch 0:  27%|██▋       | 214/782 [00:04<00:11, 51.57it/s, loss=0.197]
Epoch 0:  27%|██▋       | 214/782 [00:04<00:11, 51.57it/s, loss=0.197]
Epoch 0:  27%|██▋       | 215/782 [00:04<00:10, 51.58it/s, loss=0.197]
Epoch 0:  27%|██▋       | 215/782 [00:04<00:10, 51.58it/s, loss=0.198]
Epoch 0:  28%|██▊       | 216/782 [00:04<00:10, 51.60it/s, loss=0.198]
Epoch 0:  28%|██▊       | 216/782 [00:04<00:10, 51.59it/s, loss=0.195]
Epoch 0:  28%|██▊       | 217/782 [00:04<00:10, 51.61it/s, loss=0.195]
Epoch 0:  28%|██▊       | 217/782 [00:04<00:10, 51.61it/s, loss=0.191]
Epoch 0:  28%|██▊       | 218/782 [00:04<00:10, 51.62it/s, loss=0.191]
Epoch 0:  28%|██▊       | 218/782 [00:04<00:10, 51.62it/s, loss=0.19] 
Epoch 0:  28%|██▊       | 219/782 [00:04<00:10, 51.64it/s, loss=0.19]
Epoch 0:  28%|██▊       | 219/782 [00:04<00:10, 51.63it/s, loss=0.186]
Epoch 0:  28%|██▊       | 220/782 [00:04<00:10, 51.65it/s, loss=0.186]
Epoch 0:  28%|██▊       | 220/782 [00:04<00:10, 51.65it/s, loss=0.187]
Epoch 0:  28%|██▊       | 221/782 [00:04<00:10, 51.66it/s, loss=0.187]
Epoch 0:  28%|██▊       | 221/782 [00:04<00:10, 51.66it/s, loss=0.185]
Epoch 0:  28%|██▊       | 222/782 [00:04<00:10, 51.67it/s, loss=0.185]
Epoch 0:  28%|██▊       | 222/782 [00:04<00:10, 51.67it/s, loss=0.184]
Epoch 0:  29%|██▊       | 223/782 [00:04<00:10, 51.69it/s, loss=0.184]
Epoch 0:  29%|██▊       | 223/782 [00:04<00:10, 51.69it/s, loss=0.184]
Epoch 0:  29%|██▊       | 224/782 [00:04<00:10, 51.70it/s, loss=0.184]
Epoch 0:  29%|██▊       | 224/782 [00:04<00:10, 51.70it/s, loss=0.187]
Epoch 0:  29%|██▉       | 225/782 [00:04<00:10, 51.72it/s, loss=0.187]
Epoch 0:  29%|██▉       | 225/782 [00:04<00:10, 51.71it/s, loss=0.179]
Epoch 0:  29%|██▉       | 226/782 [00:04<00:10, 51.73it/s, loss=0.179]
Epoch 0:  29%|██▉       | 226/782 [00:04<00:10, 51.73it/s, loss=0.177]
Epoch 0:  29%|██▉       | 227/782 [00:04<00:10, 51.75it/s, loss=0.177]
Epoch 0:  29%|██▉       | 227/782 [00:04<00:10, 51.74it/s, loss=0.177]
Epoch 0:  29%|██▉       | 228/782 [00:04<00:10, 51.76it/s, loss=0.177]
Epoch 0:  29%|██▉       | 228/782 [00:04<00:10, 51.76it/s, loss=0.179]
Epoch 0:  29%|██▉       | 229/782 [00:04<00:10, 51.77it/s, loss=0.179]
Epoch 0:  29%|██▉       | 229/782 [00:04<00:10, 51.77it/s, loss=0.184]
Epoch 0:  29%|██▉       | 230/782 [00:04<00:10, 51.76it/s, loss=0.184]
Epoch 0:  29%|██▉       | 230/782 [00:04<00:10, 51.76it/s, loss=0.185]
Epoch 0:  30%|██▉       | 231/782 [00:04<00:10, 51.78it/s, loss=0.185]
Epoch 0:  30%|██▉       | 231/782 [00:04<00:10, 51.77it/s, loss=0.183]
Epoch 0:  30%|██▉       | 232/782 [00:04<00:10, 51.79it/s, loss=0.183]
Epoch 0:  30%|██▉       | 232/782 [00:04<00:10, 51.78it/s, loss=0.188]
Epoch 0:  30%|██▉       | 233/782 [00:04<00:10, 51.80it/s, loss=0.188]
Epoch 0:  30%|██▉       | 233/782 [00:04<00:10, 51.80it/s, loss=0.19] 
Epoch 0:  30%|██▉       | 234/782 [00:04<00:10, 51.81it/s, loss=0.19]
Epoch 0:  30%|██▉       | 234/782 [00:04<00:10, 51.81it/s, loss=0.192]
Epoch 0:  30%|███       | 235/782 [00:04<00:10, 51.82it/s, loss=0.192]
Epoch 0:  30%|███       | 235/782 [00:04<00:10, 51.82it/s, loss=0.193]
Epoch 0:  30%|███       | 236/782 [00:04<00:10, 51.84it/s, loss=0.193]
Epoch 0:  30%|███       | 236/782 [00:04<00:10, 51.83it/s, loss=0.192]
Epoch 0:  30%|███       | 237/782 [00:04<00:10, 51.85it/s, loss=0.192]
Epoch 0:  30%|███       | 237/782 [00:04<00:10, 51.85it/s, loss=0.198]
Epoch 0:  30%|███       | 238/782 [00:04<00:10, 51.86it/s, loss=0.198]
Epoch 0:  30%|███       | 238/782 [00:04<00:10, 51.86it/s, loss=0.194]
Epoch 0:  31%|███       | 239/782 [00:04<00:10, 51.87it/s, loss=0.194]
Epoch 0:  31%|███       | 239/782 [00:04<00:10, 51.87it/s, loss=0.193]
Epoch 0:  31%|███       | 240/782 [00:04<00:10, 51.89it/s, loss=0.193]
Epoch 0:  31%|███       | 240/782 [00:04<00:10, 51.88it/s, loss=0.195]
Epoch 0:  31%|███       | 241/782 [00:04<00:10, 51.90it/s, loss=0.195]
Epoch 0:  31%|███       | 241/782 [00:04<00:10, 51.90it/s, loss=0.201]
Epoch 0:  31%|███       | 242/782 [00:04<00:10, 51.91it/s, loss=0.201]
Epoch 0:  31%|███       | 242/782 [00:04<00:10, 51.91it/s, loss=0.203]
Epoch 0:  31%|███       | 243/782 [00:04<00:10, 51.92it/s, loss=0.203]
Epoch 0:  31%|███       | 243/782 [00:04<00:10, 51.92it/s, loss=0.2]  
Epoch 0:  31%|███       | 244/782 [00:04<00:10, 51.93it/s, loss=0.2]
Epoch 0:  31%|███       | 244/782 [00:04<00:10, 51.93it/s, loss=0.201]
Epoch 0:  31%|███▏      | 245/782 [00:04<00:10, 51.94it/s, loss=0.201]
Epoch 0:  31%|███▏      | 245/782 [00:04<00:10, 51.94it/s, loss=0.201]
Epoch 0:  31%|███▏      | 246/782 [00:04<00:10, 51.95it/s, loss=0.201]
Epoch 0:  31%|███▏      | 246/782 [00:04<00:10, 51.95it/s, loss=0.208]
Epoch 0:  32%|███▏      | 247/782 [00:04<00:10, 51.96it/s, loss=0.208]
Epoch 0:  32%|███▏      | 247/782 [00:04<00:10, 51.96it/s, loss=0.209]
Epoch 0:  32%|███▏      | 248/782 [00:04<00:10, 51.97it/s, loss=0.209]
Epoch 0:  32%|███▏      | 248/782 [00:04<00:10, 51.97it/s, loss=0.212]
Epoch 0:  32%|███▏      | 249/782 [00:04<00:10, 51.98it/s, loss=0.212]
Epoch 0:  32%|███▏      | 249/782 [00:04<00:10, 51.98it/s, loss=0.207]
Epoch 0:  32%|███▏      | 250/782 [00:04<00:10, 51.99it/s, loss=0.207]
Epoch 0:  32%|███▏      | 250/782 [00:04<00:10, 51.99it/s, loss=0.208]
Epoch 0:  32%|███▏      | 251/782 [00:04<00:10, 52.00it/s, loss=0.208]
Epoch 0:  32%|███▏      | 251/782 [00:04<00:10, 52.00it/s, loss=0.21] 
Epoch 0:  32%|███▏      | 252/782 [00:04<00:10, 52.02it/s, loss=0.21]
Epoch 0:  32%|███▏      | 252/782 [00:04<00:10, 52.01it/s, loss=0.21]
Epoch 0:  32%|███▏      | 253/782 [00:04<00:10, 52.03it/s, loss=0.21]
Epoch 0:  32%|███▏      | 253/782 [00:04<00:10, 52.02it/s, loss=0.21]
Epoch 0:  32%|███▏      | 254/782 [00:04<00:10, 52.04it/s, loss=0.21]
Epoch 0:  32%|███▏      | 254/782 [00:04<00:10, 52.04it/s, loss=0.208]
Epoch 0:  33%|███▎      | 255/782 [00:04<00:10, 52.05it/s, loss=0.208]
Epoch 0:  33%|███▎      | 255/782 [00:04<00:10, 52.05it/s, loss=0.205]
Epoch 0:  33%|███▎      | 256/782 [00:04<00:10, 52.06it/s, loss=0.205]
Epoch 0:  33%|███▎      | 256/782 [00:04<00:10, 52.06it/s, loss=0.207]
Epoch 0:  33%|███▎      | 257/782 [00:04<00:10, 52.07it/s, loss=0.207]
Epoch 0:  33%|███▎      | 257/782 [00:04<00:10, 52.07it/s, loss=0.199]
Epoch 0:  33%|███▎      | 258/782 [00:04<00:10, 52.08it/s, loss=0.199]
Epoch 0:  33%|███▎      | 258/782 [00:04<00:10, 52.08it/s, loss=0.203]
Epoch 0:  33%|███▎      | 259/782 [00:04<00:10, 52.09it/s, loss=0.203]
Epoch 0:  33%|███▎      | 259/782 [00:04<00:10, 52.09it/s, loss=0.203]
Epoch 0:  33%|███▎      | 260/782 [00:04<00:10, 52.10it/s, loss=0.203]
Epoch 0:  33%|███▎      | 260/782 [00:04<00:10, 52.09it/s, loss=0.199]
Epoch 0:  33%|███▎      | 261/782 [00:05<00:09, 52.11it/s, loss=0.199]
Epoch 0:  33%|███▎      | 261/782 [00:05<00:09, 52.10it/s, loss=0.197]
Epoch 0:  34%|███▎      | 262/782 [00:05<00:09, 52.10it/s, loss=0.197]
Epoch 0:  34%|███▎      | 262/782 [00:05<00:09, 52.09it/s, loss=0.196]
Epoch 0:  34%|███▎      | 263/782 [00:05<00:09, 52.11it/s, loss=0.196]
Epoch 0:  34%|███▎      | 263/782 [00:05<00:09, 52.10it/s, loss=0.196]
Epoch 0:  34%|███▍      | 264/782 [00:05<00:09, 52.11it/s, loss=0.196]
Epoch 0:  34%|███▍      | 264/782 [00:05<00:09, 52.11it/s, loss=0.194]
Epoch 0:  34%|███▍      | 265/782 [00:05<00:09, 52.12it/s, loss=0.194]
Epoch 0:  34%|███▍      | 265/782 [00:05<00:09, 52.12it/s, loss=0.196]
Epoch 0:  34%|███▍      | 266/782 [00:05<00:09, 52.13it/s, loss=0.196]
Epoch 0:  34%|███▍      | 266/782 [00:05<00:09, 52.13it/s, loss=0.189]
Epoch 0:  34%|███▍      | 267/782 [00:05<00:09, 52.14it/s, loss=0.189]
Epoch 0:  34%|███▍      | 267/782 [00:05<00:09, 52.14it/s, loss=0.187]
Epoch 0:  34%|███▍      | 268/782 [00:05<00:09, 52.15it/s, loss=0.187]
Epoch 0:  34%|███▍      | 268/782 [00:05<00:09, 52.15it/s, loss=0.186]
Epoch 0:  34%|███▍      | 269/782 [00:05<00:09, 52.16it/s, loss=0.186]
Epoch 0:  34%|███▍      | 269/782 [00:05<00:09, 52.16it/s, loss=0.189]
Epoch 0:  35%|███▍      | 270/782 [00:05<00:09, 52.17it/s, loss=0.189]
Epoch 0:  35%|███▍      | 270/782 [00:05<00:09, 52.16it/s, loss=0.19] 
Epoch 0:  35%|███▍      | 271/782 [00:05<00:09, 52.17it/s, loss=0.19]
Epoch 0:  35%|███▍      | 271/782 [00:05<00:09, 52.17it/s, loss=0.188]
Epoch 0:  35%|███▍      | 272/782 [00:05<00:09, 52.18it/s, loss=0.188]
Epoch 0:  35%|███▍      | 272/782 [00:05<00:09, 52.18it/s, loss=0.183]
Epoch 0:  35%|███▍      | 273/782 [00:05<00:09, 52.19it/s, loss=0.183]
Epoch 0:  35%|███▍      | 273/782 [00:05<00:09, 52.19it/s, loss=0.179]
Epoch 0:  35%|███▌      | 274/782 [00:05<00:09, 52.20it/s, loss=0.179]
Epoch 0:  35%|███▌      | 274/782 [00:05<00:09, 52.20it/s, loss=0.175]
Epoch 0:  35%|███▌      | 275/782 [00:05<00:09, 52.21it/s, loss=0.175]
Epoch 0:  35%|███▌      | 275/782 [00:05<00:09, 52.21it/s, loss=0.184]
Epoch 0:  35%|███▌      | 276/782 [00:05<00:09, 52.22it/s, loss=0.184]
Epoch 0:  35%|███▌      | 276/782 [00:05<00:09, 52.22it/s, loss=0.188]
Epoch 0:  35%|███▌      | 277/782 [00:05<00:09, 52.23it/s, loss=0.188]
Epoch 0:  35%|███▌      | 277/782 [00:05<00:09, 52.22it/s, loss=0.189]
Epoch 0:  36%|███▌      | 278/782 [00:05<00:09, 52.23it/s, loss=0.189]
Epoch 0:  36%|███▌      | 278/782 [00:05<00:09, 52.23it/s, loss=0.184]
Epoch 0:  36%|███▌      | 279/782 [00:05<00:09, 52.24it/s, loss=0.184]
Epoch 0:  36%|███▌      | 279/782 [00:05<00:09, 52.24it/s, loss=0.181]
Epoch 0:  36%|███▌      | 280/782 [00:05<00:09, 52.25it/s, loss=0.181]
Epoch 0:  36%|███▌      | 280/782 [00:05<00:09, 52.25it/s, loss=0.189]
Epoch 0:  36%|███▌      | 281/782 [00:05<00:09, 52.26it/s, loss=0.189]
Epoch 0:  36%|███▌      | 281/782 [00:05<00:09, 52.26it/s, loss=0.187]
Epoch 0:  36%|███▌      | 282/782 [00:05<00:09, 52.27it/s, loss=0.187]
Epoch 0:  36%|███▌      | 282/782 [00:05<00:09, 52.27it/s, loss=0.192]
Epoch 0:  36%|███▌      | 283/782 [00:05<00:09, 52.28it/s, loss=0.192]
Epoch 0:  36%|███▌      | 283/782 [00:05<00:09, 52.28it/s, loss=0.195]
Epoch 0:  36%|███▋      | 284/782 [00:05<00:09, 52.29it/s, loss=0.195]
Epoch 0:  36%|███▋      | 284/782 [00:05<00:09, 52.29it/s, loss=0.192]
Epoch 0:  36%|███▋      | 285/782 [00:05<00:09, 52.30it/s, loss=0.192]
Epoch 0:  36%|███▋      | 285/782 [00:05<00:09, 52.30it/s, loss=0.19] 
Epoch 0:  37%|███▋      | 286/782 [00:05<00:09, 52.31it/s, loss=0.19]
Epoch 0:  37%|███▋      | 286/782 [00:05<00:09, 52.31it/s, loss=0.193]
Epoch 0:  37%|███▋      | 287/782 [00:05<00:09, 52.32it/s, loss=0.193]
Epoch 0:  37%|███▋      | 287/782 [00:05<00:09, 52.32it/s, loss=0.195]
Epoch 0:  37%|███▋      | 288/782 [00:05<00:09, 52.33it/s, loss=0.195]
Epoch 0:  37%|███▋      | 288/782 [00:05<00:09, 52.33it/s, loss=0.195]
Epoch 0:  37%|███▋      | 289/782 [00:05<00:09, 52.34it/s, loss=0.195]
Epoch 0:  37%|███▋      | 289/782 [00:05<00:09, 52.34it/s, loss=0.19] 
Epoch 0:  37%|███▋      | 290/782 [00:05<00:09, 52.35it/s, loss=0.19]
Epoch 0:  37%|███▋      | 290/782 [00:05<00:09, 52.34it/s, loss=0.187]
Epoch 0:  37%|███▋      | 291/782 [00:05<00:09, 52.36it/s, loss=0.187]
Epoch 0:  37%|███▋      | 291/782 [00:05<00:09, 52.35it/s, loss=0.184]
Epoch 0:  37%|███▋      | 292/782 [00:05<00:09, 52.36it/s, loss=0.184]
Epoch 0:  37%|███▋      | 292/782 [00:05<00:09, 52.36it/s, loss=0.188]
Epoch 0:  37%|███▋      | 293/782 [00:05<00:09, 52.37it/s, loss=0.188]
Epoch 0:  37%|███▋      | 293/782 [00:05<00:09, 52.37it/s, loss=0.196]
Epoch 0:  38%|███▊      | 294/782 [00:05<00:09, 52.38it/s, loss=0.196]
Epoch 0:  38%|███▊      | 294/782 [00:05<00:09, 52.38it/s, loss=0.199]
Epoch 0:  38%|███▊      | 295/782 [00:05<00:09, 52.39it/s, loss=0.199]
Epoch 0:  38%|███▊      | 295/782 [00:05<00:09, 52.39it/s, loss=0.192]
Epoch 0:  38%|███▊      | 296/782 [00:05<00:09, 52.40it/s, loss=0.192]
Epoch 0:  38%|███▊      | 296/782 [00:05<00:09, 52.40it/s, loss=0.187]
Epoch 0:  38%|███▊      | 297/782 [00:05<00:09, 52.41it/s, loss=0.187]
Epoch 0:  38%|███▊      | 297/782 [00:05<00:09, 52.40it/s, loss=0.188]
Epoch 0:  38%|███▊      | 298/782 [00:05<00:09, 52.42it/s, loss=0.188]
Epoch 0:  38%|███▊      | 298/782 [00:05<00:09, 52.41it/s, loss=0.197]
Epoch 0:  38%|███▊      | 299/782 [00:05<00:09, 52.42it/s, loss=0.197]
Epoch 0:  38%|███▊      | 299/782 [00:05<00:09, 52.42it/s, loss=0.2]  
Epoch 0:  38%|███▊      | 300/782 [00:05<00:09, 52.43it/s, loss=0.2]
Epoch 0:  38%|███▊      | 300/782 [00:05<00:09, 52.43it/s, loss=0.201]
Epoch 0:  38%|███▊      | 301/782 [00:05<00:09, 52.44it/s, loss=0.201]
Epoch 0:  38%|███▊      | 301/782 [00:05<00:09, 52.44it/s, loss=0.2]  
Epoch 0:  39%|███▊      | 302/782 [00:05<00:09, 52.45it/s, loss=0.2]
Epoch 0:  39%|███▊      | 302/782 [00:05<00:09, 52.45it/s, loss=0.198]
Epoch 0:  39%|███▊      | 303/782 [00:05<00:09, 52.46it/s, loss=0.198]
Epoch 0:  39%|███▊      | 303/782 [00:05<00:09, 52.45it/s, loss=0.199]
Epoch 0:  39%|███▉      | 304/782 [00:05<00:09, 52.46it/s, loss=0.199]
Epoch 0:  39%|███▉      | 304/782 [00:05<00:09, 52.46it/s, loss=0.199]
Epoch 0:  39%|███▉      | 305/782 [00:05<00:09, 52.47it/s, loss=0.199]
Epoch 0:  39%|███▉      | 305/782 [00:05<00:09, 52.47it/s, loss=0.2]  
Epoch 0:  39%|███▉      | 306/782 [00:05<00:09, 52.48it/s, loss=0.2]
Epoch 0:  39%|███▉      | 306/782 [00:05<00:09, 52.48it/s, loss=0.204]
Epoch 0:  39%|███▉      | 307/782 [00:05<00:09, 52.49it/s, loss=0.204]
Epoch 0:  39%|███▉      | 307/782 [00:05<00:09, 52.49it/s, loss=0.204]
Epoch 0:  39%|███▉      | 308/782 [00:05<00:09, 52.50it/s, loss=0.204]
Epoch 0:  39%|███▉      | 308/782 [00:05<00:09, 52.49it/s, loss=0.204]
Epoch 0:  40%|███▉      | 309/782 [00:05<00:09, 52.50it/s, loss=0.204]
Epoch 0:  40%|███▉      | 309/782 [00:05<00:09, 52.50it/s, loss=0.204]
Epoch 0:  40%|███▉      | 310/782 [00:05<00:08, 52.51it/s, loss=0.204]
Epoch 0:  40%|███▉      | 310/782 [00:05<00:08, 52.51it/s, loss=0.205]
Epoch 0:  40%|███▉      | 311/782 [00:05<00:08, 52.52it/s, loss=0.205]
Epoch 0:  40%|███▉      | 311/782 [00:05<00:08, 52.51it/s, loss=0.208]
Epoch 0:  40%|███▉      | 312/782 [00:05<00:08, 52.52it/s, loss=0.208]
Epoch 0:  40%|███▉      | 312/782 [00:05<00:08, 52.52it/s, loss=0.208]
Epoch 0:  40%|████      | 313/782 [00:05<00:08, 52.53it/s, loss=0.208]
Epoch 0:  40%|████      | 313/782 [00:05<00:08, 52.53it/s, loss=0.202]
Epoch 0:  40%|████      | 314/782 [00:05<00:08, 52.54it/s, loss=0.202]
Epoch 0:  40%|████      | 314/782 [00:05<00:08, 52.53it/s, loss=0.2]  
Epoch 0:  40%|████      | 315/782 [00:05<00:08, 52.54it/s, loss=0.2]
Epoch 0:  40%|████      | 315/782 [00:05<00:08, 52.54it/s, loss=0.2]
Epoch 0:  40%|████      | 316/782 [00:06<00:08, 52.55it/s, loss=0.2]
Epoch 0:  40%|████      | 316/782 [00:06<00:08, 52.55it/s, loss=0.2]
Epoch 0:  41%|████      | 317/782 [00:06<00:08, 52.56it/s, loss=0.2]
Epoch 0:  41%|████      | 317/782 [00:06<00:08, 52.56it/s, loss=0.201]
Epoch 0:  41%|████      | 318/782 [00:06<00:08, 52.57it/s, loss=0.201]
Epoch 0:  41%|████      | 318/782 [00:06<00:08, 52.56it/s, loss=0.195]
Epoch 0:  41%|████      | 319/782 [00:06<00:08, 52.57it/s, loss=0.195]
Epoch 0:  41%|████      | 319/782 [00:06<00:08, 52.57it/s, loss=0.193]
Epoch 0:  41%|████      | 320/782 [00:06<00:08, 52.54it/s, loss=0.193]
Epoch 0:  41%|████      | 320/782 [00:06<00:08, 52.54it/s, loss=0.186]
Epoch 0:  41%|████      | 321/782 [00:06<00:08, 52.54it/s, loss=0.186]
Epoch 0:  41%|████      | 321/782 [00:06<00:08, 52.54it/s, loss=0.186]
Epoch 0:  41%|████      | 322/782 [00:06<00:08, 52.55it/s, loss=0.186]
Epoch 0:  41%|████      | 322/782 [00:06<00:08, 52.55it/s, loss=0.182]
Epoch 0:  41%|████▏     | 323/782 [00:06<00:08, 52.56it/s, loss=0.182]
Epoch 0:  41%|████▏     | 323/782 [00:06<00:08, 52.56it/s, loss=0.179]
Epoch 0:  41%|████▏     | 324/782 [00:06<00:08, 52.57it/s, loss=0.179]
Epoch 0:  41%|████▏     | 324/782 [00:06<00:08, 52.56it/s, loss=0.181]
Epoch 0:  42%|████▏     | 325/782 [00:06<00:08, 52.57it/s, loss=0.181]
Epoch 0:  42%|████▏     | 325/782 [00:06<00:08, 52.57it/s, loss=0.184]
Epoch 0:  42%|████▏     | 326/782 [00:06<00:08, 52.58it/s, loss=0.184]
Epoch 0:  42%|████▏     | 326/782 [00:06<00:08, 52.58it/s, loss=0.181]
Epoch 0:  42%|████▏     | 327/782 [00:06<00:08, 52.59it/s, loss=0.181]
Epoch 0:  42%|████▏     | 327/782 [00:06<00:08, 52.58it/s, loss=0.18] 
Epoch 0:  42%|████▏     | 328/782 [00:06<00:08, 52.59it/s, loss=0.18]
Epoch 0:  42%|████▏     | 328/782 [00:06<00:08, 52.59it/s, loss=0.174]
Epoch 0:  42%|████▏     | 329/782 [00:06<00:08, 52.60it/s, loss=0.174]
Epoch 0:  42%|████▏     | 329/782 [00:06<00:08, 52.60it/s, loss=0.178]
Epoch 0:  42%|████▏     | 330/782 [00:06<00:08, 52.60it/s, loss=0.178]
Epoch 0:  42%|████▏     | 330/782 [00:06<00:08, 52.60it/s, loss=0.18] 
Epoch 0:  42%|████▏     | 331/782 [00:06<00:08, 52.61it/s, loss=0.18]
Epoch 0:  42%|████▏     | 331/782 [00:06<00:08, 52.61it/s, loss=0.179]
Epoch 0:  42%|████▏     | 332/782 [00:06<00:08, 52.62it/s, loss=0.179]
Epoch 0:  42%|████▏     | 332/782 [00:06<00:08, 52.61it/s, loss=0.174]
Epoch 0:  43%|████▎     | 333/782 [00:06<00:08, 52.62it/s, loss=0.174]
Epoch 0:  43%|████▎     | 333/782 [00:06<00:08, 52.62it/s, loss=0.179]
Epoch 0:  43%|████▎     | 334/782 [00:06<00:08, 52.63it/s, loss=0.179]
Epoch 0:  43%|████▎     | 334/782 [00:06<00:08, 52.63it/s, loss=0.18] 
Epoch 0:  43%|████▎     | 335/782 [00:06<00:08, 52.63it/s, loss=0.18]
Epoch 0:  43%|████▎     | 335/782 [00:06<00:08, 52.63it/s, loss=0.177]
Epoch 0:  43%|████▎     | 336/782 [00:06<00:08, 52.64it/s, loss=0.177]
Epoch 0:  43%|████▎     | 336/782 [00:06<00:08, 52.64it/s, loss=0.179]
Epoch 0:  43%|████▎     | 337/782 [00:06<00:08, 52.65it/s, loss=0.179]
Epoch 0:  43%|████▎     | 337/782 [00:06<00:08, 52.64it/s, loss=0.177]
Epoch 0:  43%|████▎     | 338/782 [00:06<00:08, 52.65it/s, loss=0.177]
Epoch 0:  43%|████▎     | 338/782 [00:06<00:08, 52.65it/s, loss=0.178]
Epoch 0:  43%|████▎     | 339/782 [00:06<00:08, 52.66it/s, loss=0.178]
Epoch 0:  43%|████▎     | 339/782 [00:06<00:08, 52.66it/s, loss=0.18] 
Epoch 0:  43%|████▎     | 340/782 [00:06<00:08, 52.67it/s, loss=0.18]
Epoch 0:  43%|████▎     | 340/782 [00:06<00:08, 52.66it/s, loss=0.177]
Epoch 0:  44%|████▎     | 341/782 [00:06<00:08, 52.67it/s, loss=0.177]
Epoch 0:  44%|████▎     | 341/782 [00:06<00:08, 52.67it/s, loss=0.178]
Epoch 0:  44%|████▎     | 342/782 [00:06<00:08, 52.68it/s, loss=0.178]
Epoch 0:  44%|████▎     | 342/782 [00:06<00:08, 52.68it/s, loss=0.176]
Epoch 0:  44%|████▍     | 343/782 [00:06<00:08, 52.68it/s, loss=0.176]
Epoch 0:  44%|████▍     | 343/782 [00:06<00:08, 52.68it/s, loss=0.175]
Epoch 0:  44%|████▍     | 344/782 [00:06<00:08, 52.69it/s, loss=0.175]
Epoch 0:  44%|████▍     | 344/782 [00:06<00:08, 52.69it/s, loss=0.174]
Epoch 0:  44%|████▍     | 345/782 [00:06<00:08, 52.70it/s, loss=0.174]
Epoch 0:  44%|████▍     | 345/782 [00:06<00:08, 52.70it/s, loss=0.176]
Epoch 0:  44%|████▍     | 346/782 [00:06<00:08, 52.70it/s, loss=0.176]
Epoch 0:  44%|████▍     | 346/782 [00:06<00:08, 52.70it/s, loss=0.176]
Epoch 0:  44%|████▍     | 347/782 [00:06<00:08, 52.71it/s, loss=0.176]
Epoch 0:  44%|████▍     | 347/782 [00:06<00:08, 52.71it/s, loss=0.174]
Epoch 0:  45%|████▍     | 348/782 [00:06<00:08, 52.72it/s, loss=0.174]
Epoch 0:  45%|████▍     | 348/782 [00:06<00:08, 52.72it/s, loss=0.181]
Epoch 0:  45%|████▍     | 349/782 [00:06<00:08, 52.72it/s, loss=0.181]
Epoch 0:  45%|████▍     | 349/782 [00:06<00:08, 52.72it/s, loss=0.182]
Epoch 0:  45%|████▍     | 350/782 [00:06<00:08, 52.73it/s, loss=0.182]
Epoch 0:  45%|████▍     | 350/782 [00:06<00:08, 52.73it/s, loss=0.177]
Epoch 0:  45%|████▍     | 351/782 [00:06<00:08, 52.74it/s, loss=0.177]
Epoch 0:  45%|████▍     | 351/782 [00:06<00:08, 52.74it/s, loss=0.181]
Epoch 0:  45%|████▌     | 352/782 [00:06<00:08, 52.74it/s, loss=0.181]
Epoch 0:  45%|████▌     | 352/782 [00:06<00:08, 52.74it/s, loss=0.181]
Epoch 0:  45%|████▌     | 353/782 [00:06<00:08, 52.75it/s, loss=0.181]
Epoch 0:  45%|████▌     | 353/782 [00:06<00:08, 52.75it/s, loss=0.175]
Epoch 0:  45%|████▌     | 354/782 [00:06<00:08, 52.76it/s, loss=0.175]
Epoch 0:  45%|████▌     | 354/782 [00:06<00:08, 52.75it/s, loss=0.176]
Epoch 0:  45%|████▌     | 355/782 [00:06<00:08, 52.76it/s, loss=0.176]
Epoch 0:  45%|████▌     | 355/782 [00:06<00:08, 52.76it/s, loss=0.178]
Epoch 0:  46%|████▌     | 356/782 [00:06<00:08, 52.76it/s, loss=0.178]
Epoch 0:  46%|████▌     | 356/782 [00:06<00:08, 52.76it/s, loss=0.18] 
Epoch 0:  46%|████▌     | 357/782 [00:06<00:08, 52.76it/s, loss=0.18]
Epoch 0:  46%|████▌     | 357/782 [00:06<00:08, 52.76it/s, loss=0.176]
Epoch 0:  46%|████▌     | 358/782 [00:06<00:08, 52.77it/s, loss=0.176]
Epoch 0:  46%|████▌     | 358/782 [00:06<00:08, 52.77it/s, loss=0.174]
Epoch 0:  46%|████▌     | 359/782 [00:06<00:08, 52.77it/s, loss=0.174]
Epoch 0:  46%|████▌     | 359/782 [00:06<00:08, 52.77it/s, loss=0.175]
Epoch 0:  46%|████▌     | 360/782 [00:06<00:07, 52.78it/s, loss=0.175]
Epoch 0:  46%|████▌     | 360/782 [00:06<00:07, 52.78it/s, loss=0.178]
Epoch 0:  46%|████▌     | 361/782 [00:06<00:07, 52.79it/s, loss=0.178]
Epoch 0:  46%|████▌     | 361/782 [00:06<00:07, 52.78it/s, loss=0.174]
Epoch 0:  46%|████▋     | 362/782 [00:06<00:07, 52.79it/s, loss=0.174]
Epoch 0:  46%|████▋     | 362/782 [00:06<00:07, 52.79it/s, loss=0.181]
Epoch 0:  46%|████▋     | 363/782 [00:06<00:07, 52.80it/s, loss=0.181]
Epoch 0:  46%|████▋     | 363/782 [00:06<00:07, 52.79it/s, loss=0.179]
Epoch 0:  47%|████▋     | 364/782 [00:06<00:07, 52.80it/s, loss=0.179]
Epoch 0:  47%|████▋     | 364/782 [00:06<00:07, 52.80it/s, loss=0.179]
Epoch 0:  47%|████▋     | 365/782 [00:06<00:07, 52.81it/s, loss=0.179]
Epoch 0:  47%|████▋     | 365/782 [00:06<00:07, 52.81it/s, loss=0.176]
Epoch 0:  47%|████▋     | 366/782 [00:06<00:07, 52.81it/s, loss=0.176]
Epoch 0:  47%|████▋     | 366/782 [00:06<00:07, 52.81it/s, loss=0.175]
Epoch 0:  47%|████▋     | 367/782 [00:06<00:07, 52.82it/s, loss=0.175]
Epoch 0:  47%|████▋     | 367/782 [00:06<00:07, 52.82it/s, loss=0.174]
Epoch 0:  47%|████▋     | 368/782 [00:06<00:07, 52.82it/s, loss=0.174]
Epoch 0:  47%|████▋     | 368/782 [00:06<00:07, 52.82it/s, loss=0.169]
Epoch 0:  47%|████▋     | 369/782 [00:06<00:07, 52.83it/s, loss=0.169]
Epoch 0:  47%|████▋     | 369/782 [00:06<00:07, 52.83it/s, loss=0.168]
Epoch 0:  47%|████▋     | 370/782 [00:07<00:07, 52.83it/s, loss=0.168]
Epoch 0:  47%|████▋     | 370/782 [00:07<00:07, 52.83it/s, loss=0.173]
Epoch 0:  47%|████▋     | 371/782 [00:07<00:07, 52.84it/s, loss=0.173]
Epoch 0:  47%|████▋     | 371/782 [00:07<00:07, 52.84it/s, loss=0.169]
Epoch 0:  48%|████▊     | 372/782 [00:07<00:07, 52.84it/s, loss=0.169]
Epoch 0:  48%|████▊     | 372/782 [00:07<00:07, 52.84it/s, loss=0.169]
Epoch 0:  48%|████▊     | 373/782 [00:07<00:07, 52.85it/s, loss=0.169]
Epoch 0:  48%|████▊     | 373/782 [00:07<00:07, 52.85it/s, loss=0.168]
Epoch 0:  48%|████▊     | 374/782 [00:07<00:07, 52.85it/s, loss=0.168]
Epoch 0:  48%|████▊     | 374/782 [00:07<00:07, 52.85it/s, loss=0.169]
Epoch 0:  48%|████▊     | 375/782 [00:07<00:07, 52.86it/s, loss=0.169]
Epoch 0:  48%|████▊     | 375/782 [00:07<00:07, 52.86it/s, loss=0.17] 
Epoch 0:  48%|████▊     | 376/782 [00:07<00:07, 52.86it/s, loss=0.17]
Epoch 0:  48%|████▊     | 376/782 [00:07<00:07, 52.86it/s, loss=0.167]
Epoch 0:  48%|████▊     | 377/782 [00:07<00:07, 52.87it/s, loss=0.167]
Epoch 0:  48%|████▊     | 377/782 [00:07<00:07, 52.87it/s, loss=0.168]
Epoch 0:  48%|████▊     | 378/782 [00:07<00:07, 52.87it/s, loss=0.168]
Epoch 0:  48%|████▊     | 378/782 [00:07<00:07, 52.87it/s, loss=0.168]
Epoch 0:  48%|████▊     | 379/782 [00:07<00:07, 52.88it/s, loss=0.168]
Epoch 0:  48%|████▊     | 379/782 [00:07<00:07, 52.88it/s, loss=0.165]
Epoch 0:  49%|████▊     | 380/782 [00:07<00:07, 52.86it/s, loss=0.165]
Epoch 0:  49%|████▊     | 380/782 [00:07<00:07, 52.86it/s, loss=0.166]
Epoch 0:  49%|████▊     | 381/782 [00:07<00:07, 52.87it/s, loss=0.166]
Epoch 0:  49%|████▊     | 381/782 [00:07<00:07, 52.87it/s, loss=0.168]
Epoch 0:  49%|████▉     | 382/782 [00:07<00:07, 52.87it/s, loss=0.168]
Epoch 0:  49%|████▉     | 382/782 [00:07<00:07, 52.87it/s, loss=0.163]
Epoch 0:  49%|████▉     | 383/782 [00:07<00:07, 52.88it/s, loss=0.163]
Epoch 0:  49%|████▉     | 383/782 [00:07<00:07, 52.88it/s, loss=0.162]
Epoch 0:  49%|████▉     | 384/782 [00:07<00:07, 52.88it/s, loss=0.162]
Epoch 0:  49%|████▉     | 384/782 [00:07<00:07, 52.88it/s, loss=0.165]
Epoch 0:  49%|████▉     | 385/782 [00:07<00:07, 52.89it/s, loss=0.165]
Epoch 0:  49%|████▉     | 385/782 [00:07<00:07, 52.89it/s, loss=0.165]
Epoch 0:  49%|████▉     | 386/782 [00:07<00:07, 52.89it/s, loss=0.165]
Epoch 0:  49%|████▉     | 386/782 [00:07<00:07, 52.89it/s, loss=0.164]
Epoch 0:  49%|████▉     | 387/782 [00:07<00:07, 52.90it/s, loss=0.164]
Epoch 0:  49%|████▉     | 387/782 [00:07<00:07, 52.90it/s, loss=0.164]
Epoch 0:  50%|████▉     | 388/782 [00:07<00:07, 52.90it/s, loss=0.164]
Epoch 0:  50%|████▉     | 388/782 [00:07<00:07, 52.90it/s, loss=0.163]
Epoch 0:  50%|████▉     | 389/782 [00:07<00:07, 52.91it/s, loss=0.163]
Epoch 0:  50%|████▉     | 389/782 [00:07<00:07, 52.91it/s, loss=0.162]
Epoch 0:  50%|████▉     | 390/782 [00:07<00:07, 52.91it/s, loss=0.162]
Epoch 0:  50%|████▉     | 390/782 [00:07<00:07, 52.91it/s, loss=0.158]
Epoch 0:  50%|█████     | 391/782 [00:07<00:07, 52.92it/s, loss=0.158]
Epoch 0:  50%|█████     | 391/782 [00:07<00:07, 52.92it/s, loss=0.156]
Epoch 0:  50%|█████     | 392/782 [00:07<00:07, 52.92it/s, loss=0.156]
Epoch 0:  50%|█████     | 392/782 [00:07<00:07, 52.92it/s, loss=0.16] 
Epoch 0:  50%|█████     | 393/782 [00:07<00:07, 52.93it/s, loss=0.16]
Epoch 0:  50%|█████     | 393/782 [00:07<00:07, 52.93it/s, loss=0.166]
Epoch 0:  50%|█████     | 394/782 [00:07<00:07, 52.93it/s, loss=0.166]
Epoch 0:  50%|█████     | 394/782 [00:07<00:07, 52.93it/s, loss=0.165]
Epoch 0:  51%|█████     | 395/782 [00:07<00:07, 52.94it/s, loss=0.165]
Epoch 0:  51%|█████     | 395/782 [00:07<00:07, 52.94it/s, loss=0.163]
Epoch 0:  51%|█████     | 396/782 [00:07<00:07, 52.94it/s, loss=0.163]
Epoch 0:  51%|█████     | 396/782 [00:07<00:07, 52.94it/s, loss=0.166]
Epoch 0:  51%|█████     | 397/782 [00:07<00:07, 52.95it/s, loss=0.166]
Epoch 0:  51%|█████     | 397/782 [00:07<00:07, 52.95it/s, loss=0.171]
Epoch 0:  51%|█████     | 398/782 [00:07<00:07, 52.95it/s, loss=0.171]
Epoch 0:  51%|█████     | 398/782 [00:07<00:07, 52.95it/s, loss=0.176]
Epoch 0:  51%|█████     | 399/782 [00:07<00:07, 52.96it/s, loss=0.176]
Epoch 0:  51%|█████     | 399/782 [00:07<00:07, 52.96it/s, loss=0.179]
Epoch 0:  51%|█████     | 400/782 [00:07<00:07, 52.96it/s, loss=0.179]
Epoch 0:  51%|█████     | 400/782 [00:07<00:07, 52.96it/s, loss=0.175]
Epoch 0:  51%|█████▏    | 401/782 [00:07<00:07, 52.96it/s, loss=0.175]
Epoch 0:  51%|█████▏    | 401/782 [00:07<00:07, 52.96it/s, loss=0.175]
Epoch 0:  51%|█████▏    | 402/782 [00:07<00:07, 52.97it/s, loss=0.175]
Epoch 0:  51%|█████▏    | 402/782 [00:07<00:07, 52.97it/s, loss=0.177]
Epoch 0:  52%|█████▏    | 403/782 [00:07<00:07, 52.97it/s, loss=0.177]
Epoch 0:  52%|█████▏    | 403/782 [00:07<00:07, 52.97it/s, loss=0.18] 
Epoch 0:  52%|█████▏    | 404/782 [00:07<00:07, 52.98it/s, loss=0.18]
Epoch 0:  52%|█████▏    | 404/782 [00:07<00:07, 52.98it/s, loss=0.178]
Epoch 0:  52%|█████▏    | 405/782 [00:07<00:07, 52.98it/s, loss=0.178]
Epoch 0:  52%|█████▏    | 405/782 [00:07<00:07, 52.98it/s, loss=0.18] 
Epoch 0:  52%|█████▏    | 406/782 [00:07<00:07, 52.98it/s, loss=0.18]
Epoch 0:  52%|█████▏    | 406/782 [00:07<00:07, 52.98it/s, loss=0.182]
Epoch 0:  52%|█████▏    | 407/782 [00:07<00:07, 52.98it/s, loss=0.182]
Epoch 0:  52%|█████▏    | 407/782 [00:07<00:07, 52.98it/s, loss=0.182]
Epoch 0:  52%|█████▏    | 408/782 [00:07<00:07, 52.99it/s, loss=0.182]
Epoch 0:  52%|█████▏    | 408/782 [00:07<00:07, 52.98it/s, loss=0.189]
Epoch 0:  52%|█████▏    | 409/782 [00:07<00:07, 52.99it/s, loss=0.189]
Epoch 0:  52%|█████▏    | 409/782 [00:07<00:07, 52.99it/s, loss=0.187]
Epoch 0:  52%|█████▏    | 410/782 [00:07<00:07, 52.99it/s, loss=0.187]
Epoch 0:  52%|█████▏    | 410/782 [00:07<00:07, 52.99it/s, loss=0.185]
Epoch 0:  53%|█████▎    | 411/782 [00:07<00:07, 53.00it/s, loss=0.185]
Epoch 0:  53%|█████▎    | 411/782 [00:07<00:07, 53.00it/s, loss=0.187]
Epoch 0:  53%|█████▎    | 412/782 [00:07<00:06, 53.00it/s, loss=0.187]
Epoch 0:  53%|█████▎    | 412/782 [00:07<00:06, 53.00it/s, loss=0.184]
Epoch 0:  53%|█████▎    | 413/782 [00:07<00:06, 53.01it/s, loss=0.184]
Epoch 0:  53%|█████▎    | 413/782 [00:07<00:06, 53.00it/s, loss=0.179]
Epoch 0:  53%|█████▎    | 414/782 [00:07<00:06, 53.01it/s, loss=0.179]
Epoch 0:  53%|█████▎    | 414/782 [00:07<00:06, 53.01it/s, loss=0.18] 
Epoch 0:  53%|█████▎    | 415/782 [00:07<00:06, 53.01it/s, loss=0.18]
Epoch 0:  53%|█████▎    | 415/782 [00:07<00:06, 53.01it/s, loss=0.186]
Epoch 0:  53%|█████▎    | 416/782 [00:07<00:06, 53.02it/s, loss=0.186]
Epoch 0:  53%|█████▎    | 416/782 [00:07<00:06, 53.02it/s, loss=0.181]
Epoch 0:  53%|█████▎    | 417/782 [00:07<00:06, 53.02it/s, loss=0.181]
Epoch 0:  53%|█████▎    | 417/782 [00:07<00:06, 53.02it/s, loss=0.178]
Epoch 0:  53%|█████▎    | 418/782 [00:07<00:06, 53.03it/s, loss=0.178]
Epoch 0:  53%|█████▎    | 418/782 [00:07<00:06, 53.02it/s, loss=0.177]
Epoch 0:  54%|█████▎    | 419/782 [00:07<00:06, 53.03it/s, loss=0.177]
Epoch 0:  54%|█████▎    | 419/782 [00:07<00:06, 53.03it/s, loss=0.171]
Epoch 0:  54%|█████▎    | 420/782 [00:07<00:06, 53.03it/s, loss=0.171]
Epoch 0:  54%|█████▎    | 420/782 [00:07<00:06, 53.03it/s, loss=0.173]
Epoch 0:  54%|█████▍    | 421/782 [00:07<00:06, 53.04it/s, loss=0.173]
Epoch 0:  54%|█████▍    | 421/782 [00:07<00:06, 53.04it/s, loss=0.175]
Epoch 0:  54%|█████▍    | 422/782 [00:07<00:06, 53.04it/s, loss=0.175]
Epoch 0:  54%|█████▍    | 422/782 [00:07<00:06, 53.04it/s, loss=0.174]
Epoch 0:  54%|█████▍    | 423/782 [00:07<00:06, 53.05it/s, loss=0.174]
Epoch 0:  54%|█████▍    | 423/782 [00:07<00:06, 53.04it/s, loss=0.175]
Epoch 0:  54%|█████▍    | 424/782 [00:07<00:06, 53.05it/s, loss=0.175]
Epoch 0:  54%|█████▍    | 424/782 [00:07<00:06, 53.05it/s, loss=0.175]
Epoch 0:  54%|█████▍    | 425/782 [00:08<00:06, 53.05it/s, loss=0.175]
Epoch 0:  54%|█████▍    | 425/782 [00:08<00:06, 53.05it/s, loss=0.174]
Epoch 0:  54%|█████▍    | 426/782 [00:08<00:06, 53.06it/s, loss=0.174]
Epoch 0:  54%|█████▍    | 426/782 [00:08<00:06, 53.06it/s, loss=0.172]
Epoch 0:  55%|█████▍    | 427/782 [00:08<00:06, 53.06it/s, loss=0.172]
Epoch 0:  55%|█████▍    | 427/782 [00:08<00:06, 53.06it/s, loss=0.173]
Epoch 0:  55%|█████▍    | 428/782 [00:08<00:06, 53.07it/s, loss=0.173]
Epoch 0:  55%|█████▍    | 428/782 [00:08<00:06, 53.07it/s, loss=0.17] 
Epoch 0:  55%|█████▍    | 429/782 [00:08<00:06, 53.07it/s, loss=0.17]
Epoch 0:  55%|█████▍    | 429/782 [00:08<00:06, 53.07it/s, loss=0.173]
Epoch 0:  55%|█████▍    | 430/782 [00:08<00:06, 53.08it/s, loss=0.173]
Epoch 0:  55%|█████▍    | 430/782 [00:08<00:06, 53.08it/s, loss=0.178]
Epoch 0:  55%|█████▌    | 431/782 [00:08<00:06, 53.08it/s, loss=0.178]
Epoch 0:  55%|█████▌    | 431/782 [00:08<00:06, 53.08it/s, loss=0.178]
Epoch 0:  55%|█████▌    | 432/782 [00:08<00:06, 53.09it/s, loss=0.178]
Epoch 0:  55%|█████▌    | 432/782 [00:08<00:06, 53.09it/s, loss=0.184]
Epoch 0:  55%|█████▌    | 433/782 [00:08<00:06, 53.09it/s, loss=0.184]
Epoch 0:  55%|█████▌    | 433/782 [00:08<00:06, 53.09it/s, loss=0.189]
Epoch 0:  55%|█████▌    | 434/782 [00:08<00:06, 53.10it/s, loss=0.189]
Epoch 0:  55%|█████▌    | 434/782 [00:08<00:06, 53.09it/s, loss=0.189]
Epoch 0:  56%|█████▌    | 435/782 [00:08<00:06, 53.10it/s, loss=0.189]
Epoch 0:  56%|█████▌    | 435/782 [00:08<00:06, 53.10it/s, loss=0.187]
Epoch 0:  56%|█████▌    | 436/782 [00:08<00:06, 53.10it/s, loss=0.187]
Epoch 0:  56%|█████▌    | 436/782 [00:08<00:06, 53.10it/s, loss=0.189]
Epoch 0:  56%|█████▌    | 437/782 [00:08<00:06, 53.11it/s, loss=0.189]
Epoch 0:  56%|█████▌    | 437/782 [00:08<00:06, 53.11it/s, loss=0.191]
Epoch 0:  56%|█████▌    | 438/782 [00:08<00:06, 53.11it/s, loss=0.191]
Epoch 0:  56%|█████▌    | 438/782 [00:08<00:06, 53.11it/s, loss=0.188]
Epoch 0:  56%|█████▌    | 439/782 [00:08<00:06, 53.12it/s, loss=0.188]
Epoch 0:  56%|█████▌    | 439/782 [00:08<00:06, 53.11it/s, loss=0.188]
Epoch 0:  56%|█████▋    | 440/782 [00:08<00:06, 53.12it/s, loss=0.188]
Epoch 0:  56%|█████▋    | 440/782 [00:08<00:06, 53.12it/s, loss=0.19] 
Epoch 0:  56%|█████▋    | 441/782 [00:08<00:06, 53.12it/s, loss=0.19]
Epoch 0:  56%|█████▋    | 441/782 [00:08<00:06, 53.12it/s, loss=0.195]
Epoch 0:  57%|█████▋    | 442/782 [00:08<00:06, 53.13it/s, loss=0.195]
Epoch 0:  57%|█████▋    | 442/782 [00:08<00:06, 53.12it/s, loss=0.195]
Epoch 0:  57%|█████▋    | 443/782 [00:08<00:06, 53.13it/s, loss=0.195]
Epoch 0:  57%|█████▋    | 443/782 [00:08<00:06, 53.13it/s, loss=0.197]
Epoch 0:  57%|█████▋    | 444/782 [00:08<00:06, 53.13it/s, loss=0.197]
Epoch 0:  57%|█████▋    | 444/782 [00:08<00:06, 53.13it/s, loss=0.194]
Epoch 0:  57%|█████▋    | 445/782 [00:08<00:06, 53.14it/s, loss=0.194]
Epoch 0:  57%|█████▋    | 445/782 [00:08<00:06, 53.14it/s, loss=0.191]
Epoch 0:  57%|█████▋    | 446/782 [00:08<00:06, 53.14it/s, loss=0.191]
Epoch 0:  57%|█████▋    | 446/782 [00:08<00:06, 53.14it/s, loss=0.19] 
Epoch 0:  57%|█████▋    | 447/782 [00:08<00:06, 53.15it/s, loss=0.19]
Epoch 0:  57%|█████▋    | 447/782 [00:08<00:06, 53.14it/s, loss=0.192]
Epoch 0:  57%|█████▋    | 448/782 [00:08<00:06, 53.15it/s, loss=0.192]
Epoch 0:  57%|█████▋    | 448/782 [00:08<00:06, 53.15it/s, loss=0.189]
Epoch 0:  57%|█████▋    | 449/782 [00:08<00:06, 53.15it/s, loss=0.189]
Epoch 0:  57%|█████▋    | 449/782 [00:08<00:06, 53.15it/s, loss=0.186]
Epoch 0:  58%|█████▊    | 450/782 [00:08<00:06, 53.16it/s, loss=0.186]
Epoch 0:  58%|█████▊    | 450/782 [00:08<00:06, 53.16it/s, loss=0.183]
Epoch 0:  58%|█████▊    | 451/782 [00:08<00:06, 53.16it/s, loss=0.183]
Epoch 0:  58%|█████▊    | 451/782 [00:08<00:06, 53.16it/s, loss=0.183]
Epoch 0:  58%|█████▊    | 452/782 [00:08<00:06, 53.17it/s, loss=0.183]
Epoch 0:  58%|█████▊    | 452/782 [00:08<00:06, 53.16it/s, loss=0.182]
Epoch 0:  58%|█████▊    | 453/782 [00:08<00:06, 53.17it/s, loss=0.182]
Epoch 0:  58%|█████▊    | 453/782 [00:08<00:06, 53.17it/s, loss=0.176]
Epoch 0:  58%|█████▊    | 454/782 [00:08<00:06, 53.17it/s, loss=0.176]
Epoch 0:  58%|█████▊    | 454/782 [00:08<00:06, 53.17it/s, loss=0.171]
Epoch 0:  58%|█████▊    | 455/782 [00:08<00:06, 53.18it/s, loss=0.171]
Epoch 0:  58%|█████▊    | 455/782 [00:08<00:06, 53.18it/s, loss=0.171]
Epoch 0:  58%|█████▊    | 456/782 [00:08<00:06, 53.18it/s, loss=0.171]
Epoch 0:  58%|█████▊    | 456/782 [00:08<00:06, 53.18it/s, loss=0.171]
Epoch 0:  58%|█████▊    | 457/782 [00:08<00:06, 53.18it/s, loss=0.171]
Epoch 0:  58%|█████▊    | 457/782 [00:08<00:06, 53.18it/s, loss=0.173]
Epoch 0:  59%|█████▊    | 458/782 [00:08<00:06, 53.19it/s, loss=0.173]
Epoch 0:  59%|█████▊    | 458/782 [00:08<00:06, 53.19it/s, loss=0.175]
Epoch 0:  59%|█████▊    | 459/782 [00:08<00:06, 53.19it/s, loss=0.175]
Epoch 0:  59%|█████▊    | 459/782 [00:08<00:06, 53.19it/s, loss=0.176]
Epoch 0:  59%|█████▉    | 460/782 [00:08<00:06, 53.20it/s, loss=0.176]
Epoch 0:  59%|█████▉    | 460/782 [00:08<00:06, 53.20it/s, loss=0.175]
Epoch 0:  59%|█████▉    | 461/782 [00:08<00:06, 53.20it/s, loss=0.175]
Epoch 0:  59%|█████▉    | 461/782 [00:08<00:06, 53.20it/s, loss=0.17] 
Epoch 0:  59%|█████▉    | 462/782 [00:08<00:06, 53.20it/s, loss=0.17]
Epoch 0:  59%|█████▉    | 462/782 [00:08<00:06, 53.20it/s, loss=0.172]
Epoch 0:  59%|█████▉    | 463/782 [00:08<00:05, 53.20it/s, loss=0.172]
Epoch 0:  59%|█████▉    | 463/782 [00:08<00:05, 53.20it/s, loss=0.168]
Epoch 0:  59%|█████▉    | 464/782 [00:08<00:05, 53.21it/s, loss=0.168]
Epoch 0:  59%|█████▉    | 464/782 [00:08<00:05, 53.21it/s, loss=0.17] 
Epoch 0:  59%|█████▉    | 465/782 [00:08<00:05, 53.21it/s, loss=0.17]
Epoch 0:  59%|█████▉    | 465/782 [00:08<00:05, 53.21it/s, loss=0.171]
Epoch 0:  60%|█████▉    | 466/782 [00:08<00:05, 53.21it/s, loss=0.171]
Epoch 0:  60%|█████▉    | 466/782 [00:08<00:05, 53.21it/s, loss=0.171]
Epoch 0:  60%|█████▉    | 467/782 [00:08<00:05, 53.21it/s, loss=0.171]
Epoch 0:  60%|█████▉    | 467/782 [00:08<00:05, 53.21it/s, loss=0.174]
Epoch 0:  60%|█████▉    | 468/782 [00:08<00:05, 53.22it/s, loss=0.174]
Epoch 0:  60%|█████▉    | 468/782 [00:08<00:05, 53.22it/s, loss=0.172]
Epoch 0:  60%|█████▉    | 469/782 [00:08<00:05, 53.22it/s, loss=0.172]
Epoch 0:  60%|█████▉    | 469/782 [00:08<00:05, 53.22it/s, loss=0.172]
Epoch 0:  60%|██████    | 470/782 [00:08<00:05, 53.22it/s, loss=0.172]
Epoch 0:  60%|██████    | 470/782 [00:08<00:05, 53.22it/s, loss=0.169]
Epoch 0:  60%|██████    | 471/782 [00:08<00:05, 53.23it/s, loss=0.169]
Epoch 0:  60%|██████    | 471/782 [00:08<00:05, 53.23it/s, loss=0.167]
Epoch 0:  60%|██████    | 472/782 [00:08<00:05, 53.23it/s, loss=0.167]
Epoch 0:  60%|██████    | 472/782 [00:08<00:05, 53.23it/s, loss=0.172]
Epoch 0:  60%|██████    | 473/782 [00:08<00:05, 53.23it/s, loss=0.172]
Epoch 0:  60%|██████    | 473/782 [00:08<00:05, 53.23it/s, loss=0.175]
Epoch 0:  61%|██████    | 474/782 [00:08<00:05, 53.24it/s, loss=0.175]
Epoch 0:  61%|██████    | 474/782 [00:08<00:05, 53.23it/s, loss=0.18] 
Epoch 0:  61%|██████    | 475/782 [00:08<00:05, 53.24it/s, loss=0.18]
Epoch 0:  61%|██████    | 475/782 [00:08<00:05, 53.24it/s, loss=0.182]
Epoch 0:  61%|██████    | 476/782 [00:08<00:05, 53.24it/s, loss=0.182]
Epoch 0:  61%|██████    | 476/782 [00:08<00:05, 53.24it/s, loss=0.186]
Epoch 0:  61%|██████    | 477/782 [00:08<00:05, 53.24it/s, loss=0.186]
Epoch 0:  61%|██████    | 477/782 [00:08<00:05, 53.24it/s, loss=0.185]
Epoch 0:  61%|██████    | 478/782 [00:08<00:05, 53.25it/s, loss=0.185]
Epoch 0:  61%|██████    | 478/782 [00:08<00:05, 53.25it/s, loss=0.186]
Epoch 0:  61%|██████▏   | 479/782 [00:08<00:05, 53.25it/s, loss=0.186]
Epoch 0:  61%|██████▏   | 479/782 [00:08<00:05, 53.25it/s, loss=0.188]
Epoch 0:  61%|██████▏   | 480/782 [00:09<00:05, 53.25it/s, loss=0.188]
Epoch 0:  61%|██████▏   | 480/782 [00:09<00:05, 53.25it/s, loss=0.188]
Epoch 0:  62%|██████▏   | 481/782 [00:09<00:05, 53.25it/s, loss=0.188]
Epoch 0:  62%|██████▏   | 481/782 [00:09<00:05, 53.25it/s, loss=0.192]
Epoch 0:  62%|██████▏   | 482/782 [00:09<00:05, 53.26it/s, loss=0.192]
Epoch 0:  62%|██████▏   | 482/782 [00:09<00:05, 53.26it/s, loss=0.193]
Epoch 0:  62%|██████▏   | 483/782 [00:09<00:05, 53.26it/s, loss=0.193]
Epoch 0:  62%|██████▏   | 483/782 [00:09<00:05, 53.26it/s, loss=0.19] 
Epoch 0:  62%|██████▏   | 484/782 [00:09<00:05, 53.26it/s, loss=0.19]
Epoch 0:  62%|██████▏   | 484/782 [00:09<00:05, 53.26it/s, loss=0.189]
Epoch 0:  62%|██████▏   | 485/782 [00:09<00:05, 53.26it/s, loss=0.189]
Epoch 0:  62%|██████▏   | 485/782 [00:09<00:05, 53.26it/s, loss=0.188]
Epoch 0:  62%|██████▏   | 486/782 [00:09<00:05, 53.27it/s, loss=0.188]
Epoch 0:  62%|██████▏   | 486/782 [00:09<00:05, 53.26it/s, loss=0.189]
Epoch 0:  62%|██████▏   | 487/782 [00:09<00:05, 53.27it/s, loss=0.189]
Epoch 0:  62%|██████▏   | 487/782 [00:09<00:05, 53.27it/s, loss=0.185]
Epoch 0:  62%|██████▏   | 488/782 [00:09<00:05, 53.27it/s, loss=0.185]
Epoch 0:  62%|██████▏   | 488/782 [00:09<00:05, 53.27it/s, loss=0.188]
Epoch 0:  63%|██████▎   | 489/782 [00:09<00:05, 53.27it/s, loss=0.188]
Epoch 0:  63%|██████▎   | 489/782 [00:09<00:05, 53.27it/s, loss=0.189]
Epoch 0:  63%|██████▎   | 490/782 [00:09<00:05, 53.28it/s, loss=0.189]
Epoch 0:  63%|██████▎   | 490/782 [00:09<00:05, 53.27it/s, loss=0.188]
Epoch 0:  63%|██████▎   | 491/782 [00:09<00:05, 53.28it/s, loss=0.188]
Epoch 0:  63%|██████▎   | 491/782 [00:09<00:05, 53.28it/s, loss=0.189]
Epoch 0:  63%|██████▎   | 492/782 [00:09<00:05, 53.28it/s, loss=0.189]
Epoch 0:  63%|██████▎   | 492/782 [00:09<00:05, 53.28it/s, loss=0.18] 
Epoch 0:  63%|██████▎   | 493/782 [00:09<00:05, 53.28it/s, loss=0.18]
Epoch 0:  63%|██████▎   | 493/782 [00:09<00:05, 53.28it/s, loss=0.179]
Epoch 0:  63%|██████▎   | 494/782 [00:09<00:05, 53.29it/s, loss=0.179]
Epoch 0:  63%|██████▎   | 494/782 [00:09<00:05, 53.28it/s, loss=0.176]
Epoch 0:  63%|██████▎   | 495/782 [00:09<00:05, 53.29it/s, loss=0.176]
Epoch 0:  63%|██████▎   | 495/782 [00:09<00:05, 53.29it/s, loss=0.177]
Epoch 0:  63%|██████▎   | 496/782 [00:09<00:05, 53.29it/s, loss=0.177]
Epoch 0:  63%|██████▎   | 496/782 [00:09<00:05, 53.29it/s, loss=0.174]
Epoch 0:  64%|██████▎   | 497/782 [00:09<00:05, 53.29it/s, loss=0.174]
Epoch 0:  64%|██████▎   | 497/782 [00:09<00:05, 53.29it/s, loss=0.175]
Epoch 0:  64%|██████▎   | 498/782 [00:09<00:05, 53.30it/s, loss=0.175]
Epoch 0:  64%|██████▎   | 498/782 [00:09<00:05, 53.29it/s, loss=0.172]
Epoch 0:  64%|██████▍   | 499/782 [00:09<00:05, 53.30it/s, loss=0.172]
Epoch 0:  64%|██████▍   | 499/782 [00:09<00:05, 53.30it/s, loss=0.169]
Epoch 0:  64%|██████▍   | 500/782 [00:09<00:05, 53.30it/s, loss=0.169]
Epoch 0:  64%|██████▍   | 500/782 [00:09<00:05, 53.30it/s, loss=0.167]
Epoch 0:  64%|██████▍   | 501/782 [00:09<00:05, 53.30it/s, loss=0.167]
Epoch 0:  64%|██████▍   | 501/782 [00:09<00:05, 53.30it/s, loss=0.158]
Epoch 0:  64%|██████▍   | 502/782 [00:09<00:05, 53.30it/s, loss=0.158]
Epoch 0:  64%|██████▍   | 502/782 [00:09<00:05, 53.30it/s, loss=0.159]
Epoch 0:  64%|██████▍   | 503/782 [00:09<00:05, 53.31it/s, loss=0.159]
Epoch 0:  64%|██████▍   | 503/782 [00:09<00:05, 53.30it/s, loss=0.164]
Epoch 0:  64%|██████▍   | 504/782 [00:09<00:05, 53.31it/s, loss=0.164]
Epoch 0:  64%|██████▍   | 504/782 [00:09<00:05, 53.31it/s, loss=0.161]
Epoch 0:  65%|██████▍   | 505/782 [00:09<00:05, 53.31it/s, loss=0.161]
Epoch 0:  65%|██████▍   | 505/782 [00:09<00:05, 53.31it/s, loss=0.16] 
Epoch 0:  65%|██████▍   | 506/782 [00:09<00:05, 53.31it/s, loss=0.16]
Epoch 0:  65%|██████▍   | 506/782 [00:09<00:05, 53.31it/s, loss=0.162]
Epoch 0:  65%|██████▍   | 507/782 [00:09<00:05, 53.32it/s, loss=0.162]
Epoch 0:  65%|██████▍   | 507/782 [00:09<00:05, 53.32it/s, loss=0.162]
Epoch 0:  65%|██████▍   | 508/782 [00:09<00:05, 53.32it/s, loss=0.162]
Epoch 0:  65%|██████▍   | 508/782 [00:09<00:05, 53.32it/s, loss=0.162]
Epoch 0:  65%|██████▌   | 509/782 [00:09<00:05, 53.32it/s, loss=0.162]
Epoch 0:  65%|██████▌   | 509/782 [00:09<00:05, 53.32it/s, loss=0.158]
Epoch 0:  65%|██████▌   | 510/782 [00:09<00:05, 53.32it/s, loss=0.158]
Epoch 0:  65%|██████▌   | 510/782 [00:09<00:05, 53.32it/s, loss=0.159]
Epoch 0:  65%|██████▌   | 511/782 [00:09<00:05, 53.33it/s, loss=0.159]
Epoch 0:  65%|██████▌   | 511/782 [00:09<00:05, 53.32it/s, loss=0.159]
Epoch 0:  65%|██████▌   | 512/782 [00:09<00:05, 53.33it/s, loss=0.159]
Epoch 0:  65%|██████▌   | 512/782 [00:09<00:05, 53.33it/s, loss=0.157]
Epoch 0:  66%|██████▌   | 513/782 [00:09<00:05, 53.33it/s, loss=0.157]
Epoch 0:  66%|██████▌   | 513/782 [00:09<00:05, 53.33it/s, loss=0.159]
Epoch 0:  66%|██████▌   | 514/782 [00:09<00:05, 53.33it/s, loss=0.159]
Epoch 0:  66%|██████▌   | 514/782 [00:09<00:05, 53.33it/s, loss=0.156]
Epoch 0:  66%|██████▌   | 515/782 [00:09<00:05, 53.34it/s, loss=0.156]
Epoch 0:  66%|██████▌   | 515/782 [00:09<00:05, 53.33it/s, loss=0.152]
Epoch 0:  66%|██████▌   | 516/782 [00:09<00:04, 53.34it/s, loss=0.152]
Epoch 0:  66%|██████▌   | 516/782 [00:09<00:04, 53.34it/s, loss=0.15] 
Epoch 0:  66%|██████▌   | 517/782 [00:09<00:04, 53.34it/s, loss=0.15]
Epoch 0:  66%|██████▌   | 517/782 [00:09<00:04, 53.34it/s, loss=0.149]
Epoch 0:  66%|██████▌   | 518/782 [00:09<00:04, 53.34it/s, loss=0.149]
Epoch 0:  66%|██████▌   | 518/782 [00:09<00:04, 53.34it/s, loss=0.152]
Epoch 0:  66%|██████▋   | 519/782 [00:09<00:04, 53.35it/s, loss=0.152]
Epoch 0:  66%|██████▋   | 519/782 [00:09<00:04, 53.34it/s, loss=0.152]
Epoch 0:  66%|██████▋   | 520/782 [00:09<00:04, 53.35it/s, loss=0.152]
Epoch 0:  66%|██████▋   | 520/782 [00:09<00:04, 53.35it/s, loss=0.153]
Epoch 0:  67%|██████▋   | 521/782 [00:09<00:04, 53.35it/s, loss=0.153]
Epoch 0:  67%|██████▋   | 521/782 [00:09<00:04, 53.35it/s, loss=0.158]
Epoch 0:  67%|██████▋   | 522/782 [00:09<00:04, 53.35it/s, loss=0.158]
Epoch 0:  67%|██████▋   | 522/782 [00:09<00:04, 53.35it/s, loss=0.151]
Epoch 0:  67%|██████▋   | 523/782 [00:09<00:04, 53.36it/s, loss=0.151]
Epoch 0:  67%|██████▋   | 523/782 [00:09<00:04, 53.36it/s, loss=0.148]
Epoch 0:  67%|██████▋   | 524/782 [00:09<00:04, 53.36it/s, loss=0.148]
Epoch 0:  67%|██████▋   | 524/782 [00:09<00:04, 53.36it/s, loss=0.157]
Epoch 0:  67%|██████▋   | 525/782 [00:09<00:04, 53.36it/s, loss=0.157]
Epoch 0:  67%|██████▋   | 525/782 [00:09<00:04, 53.36it/s, loss=0.159]
Epoch 0:  67%|██████▋   | 526/782 [00:09<00:04, 53.36it/s, loss=0.159]
Epoch 0:  67%|██████▋   | 526/782 [00:09<00:04, 53.36it/s, loss=0.161]
Epoch 0:  67%|██████▋   | 527/782 [00:09<00:04, 53.36it/s, loss=0.161]
Epoch 0:  67%|██████▋   | 527/782 [00:09<00:04, 53.36it/s, loss=0.159]
Epoch 0:  68%|██████▊   | 528/782 [00:09<00:04, 53.36it/s, loss=0.159]
Epoch 0:  68%|██████▊   | 528/782 [00:09<00:04, 53.36it/s, loss=0.16] 
Epoch 0:  68%|██████▊   | 529/782 [00:09<00:04, 53.36it/s, loss=0.16]
Epoch 0:  68%|██████▊   | 529/782 [00:09<00:04, 53.36it/s, loss=0.165]
Epoch 0:  68%|██████▊   | 530/782 [00:09<00:04, 53.37it/s, loss=0.165]
Epoch 0:  68%|██████▊   | 530/782 [00:09<00:04, 53.37it/s, loss=0.17] 
Epoch 0:  68%|██████▊   | 531/782 [00:09<00:04, 53.37it/s, loss=0.17]
Epoch 0:  68%|██████▊   | 531/782 [00:09<00:04, 53.37it/s, loss=0.171]
Epoch 0:  68%|██████▊   | 532/782 [00:09<00:04, 53.37it/s, loss=0.171]
Epoch 0:  68%|██████▊   | 532/782 [00:09<00:04, 53.37it/s, loss=0.173]
Epoch 0:  68%|██████▊   | 533/782 [00:09<00:04, 53.37it/s, loss=0.173]
Epoch 0:  68%|██████▊   | 533/782 [00:09<00:04, 53.37it/s, loss=0.167]
Epoch 0:  68%|██████▊   | 534/782 [00:10<00:04, 53.38it/s, loss=0.167]
Epoch 0:  68%|██████▊   | 534/782 [00:10<00:04, 53.37it/s, loss=0.172]
Epoch 0:  68%|██████▊   | 535/782 [00:10<00:04, 53.38it/s, loss=0.172]
Epoch 0:  68%|██████▊   | 535/782 [00:10<00:04, 53.38it/s, loss=0.173]
Epoch 0:  69%|██████▊   | 536/782 [00:10<00:04, 53.38it/s, loss=0.173]
Epoch 0:  69%|██████▊   | 536/782 [00:10<00:04, 53.38it/s, loss=0.173]
Epoch 0:  69%|██████▊   | 537/782 [00:10<00:04, 53.38it/s, loss=0.173]
Epoch 0:  69%|██████▊   | 537/782 [00:10<00:04, 53.38it/s, loss=0.171]
Epoch 0:  69%|██████▉   | 538/782 [00:10<00:04, 53.38it/s, loss=0.171]
Epoch 0:  69%|██████▉   | 538/782 [00:10<00:04, 53.38it/s, loss=0.17] 
Epoch 0:  69%|██████▉   | 539/782 [00:10<00:04, 53.39it/s, loss=0.17]
Epoch 0:  69%|██████▉   | 539/782 [00:10<00:04, 53.39it/s, loss=0.172]
Epoch 0:  69%|██████▉   | 540/782 [00:10<00:04, 53.39it/s, loss=0.172]
Epoch 0:  69%|██████▉   | 540/782 [00:10<00:04, 53.39it/s, loss=0.17] 
Epoch 0:  69%|██████▉   | 541/782 [00:10<00:04, 53.39it/s, loss=0.17]
Epoch 0:  69%|██████▉   | 541/782 [00:10<00:04, 53.39it/s, loss=0.167]
Epoch 0:  69%|██████▉   | 542/782 [00:10<00:04, 53.40it/s, loss=0.167]
Epoch 0:  69%|██████▉   | 542/782 [00:10<00:04, 53.39it/s, loss=0.166]
Epoch 0:  69%|██████▉   | 543/782 [00:10<00:04, 53.40it/s, loss=0.166]
Epoch 0:  69%|██████▉   | 543/782 [00:10<00:04, 53.40it/s, loss=0.168]
Epoch 0:  70%|██████▉   | 544/782 [00:10<00:04, 53.40it/s, loss=0.168]
Epoch 0:  70%|██████▉   | 544/782 [00:10<00:04, 53.40it/s, loss=0.162]
Epoch 0:  70%|██████▉   | 545/782 [00:10<00:04, 53.40it/s, loss=0.162]
Epoch 0:  70%|██████▉   | 545/782 [00:10<00:04, 53.40it/s, loss=0.163]
Epoch 0:  70%|██████▉   | 546/782 [00:10<00:04, 53.41it/s, loss=0.163]
Epoch 0:  70%|██████▉   | 546/782 [00:10<00:04, 53.41it/s, loss=0.159]
Epoch 0:  70%|██████▉   | 547/782 [00:10<00:04, 53.41it/s, loss=0.159]
Epoch 0:  70%|██████▉   | 547/782 [00:10<00:04, 53.41it/s, loss=0.158]
Epoch 0:  70%|███████   | 548/782 [00:10<00:04, 53.41it/s, loss=0.158]
Epoch 0:  70%|███████   | 548/782 [00:10<00:04, 53.41it/s, loss=0.158]
Epoch 0:  70%|███████   | 549/782 [00:10<00:04, 53.42it/s, loss=0.158]
Epoch 0:  70%|███████   | 549/782 [00:10<00:04, 53.42it/s, loss=0.162]
Epoch 0:  70%|███████   | 550/782 [00:10<00:04, 53.42it/s, loss=0.162]
Epoch 0:  70%|███████   | 550/782 [00:10<00:04, 53.42it/s, loss=0.158]
Epoch 0:  70%|███████   | 551/782 [00:10<00:04, 53.42it/s, loss=0.158]
Epoch 0:  70%|███████   | 551/782 [00:10<00:04, 53.42it/s, loss=0.159]
Epoch 0:  71%|███████   | 552/782 [00:10<00:04, 53.42it/s, loss=0.159]
Epoch 0:  71%|███████   | 552/782 [00:10<00:04, 53.42it/s, loss=0.161]
Epoch 0:  71%|███████   | 553/782 [00:10<00:04, 53.43it/s, loss=0.161]
Epoch 0:  71%|███████   | 553/782 [00:10<00:04, 53.43it/s, loss=0.163]
Epoch 0:  71%|███████   | 554/782 [00:10<00:04, 53.43it/s, loss=0.163]
Epoch 0:  71%|███████   | 554/782 [00:10<00:04, 53.43it/s, loss=0.161]
Epoch 0:  71%|███████   | 555/782 [00:10<00:04, 53.43it/s, loss=0.161]
Epoch 0:  71%|███████   | 555/782 [00:10<00:04, 53.43it/s, loss=0.159]
Epoch 0:  71%|███████   | 556/782 [00:10<00:04, 53.44it/s, loss=0.159]
Epoch 0:  71%|███████   | 556/782 [00:10<00:04, 53.43it/s, loss=0.159]
Epoch 0:  71%|███████   | 557/782 [00:10<00:04, 53.44it/s, loss=0.159]
Epoch 0:  71%|███████   | 557/782 [00:10<00:04, 53.44it/s, loss=0.163]
Epoch 0:  71%|███████▏  | 558/782 [00:10<00:04, 53.44it/s, loss=0.163]
Epoch 0:  71%|███████▏  | 558/782 [00:10<00:04, 53.44it/s, loss=0.161]
Epoch 0:  71%|███████▏  | 559/782 [00:10<00:04, 53.44it/s, loss=0.161]
Epoch 0:  71%|███████▏  | 559/782 [00:10<00:04, 53.44it/s, loss=0.161]
Epoch 0:  72%|███████▏  | 560/782 [00:10<00:04, 53.45it/s, loss=0.161]
Epoch 0:  72%|███████▏  | 560/782 [00:10<00:04, 53.45it/s, loss=0.164]
Epoch 0:  72%|███████▏  | 561/782 [00:10<00:04, 53.45it/s, loss=0.164]
Epoch 0:  72%|███████▏  | 561/782 [00:10<00:04, 53.45it/s, loss=0.162]
Epoch 0:  72%|███████▏  | 562/782 [00:10<00:04, 53.45it/s, loss=0.162]
Epoch 0:  72%|███████▏  | 562/782 [00:10<00:04, 53.45it/s, loss=0.164]
Epoch 0:  72%|███████▏  | 563/782 [00:10<00:04, 53.45it/s, loss=0.164]
Epoch 0:  72%|███████▏  | 563/782 [00:10<00:04, 53.45it/s, loss=0.16] 
Epoch 0:  72%|███████▏  | 564/782 [00:10<00:04, 53.46it/s, loss=0.16]
Epoch 0:  72%|███████▏  | 564/782 [00:10<00:04, 53.45it/s, loss=0.16]
Epoch 0:  72%|███████▏  | 565/782 [00:10<00:04, 53.46it/s, loss=0.16]
Epoch 0:  72%|███████▏  | 565/782 [00:10<00:04, 53.46it/s, loss=0.165]
Epoch 0:  72%|███████▏  | 566/782 [00:10<00:04, 53.46it/s, loss=0.165]
Epoch 0:  72%|███████▏  | 566/782 [00:10<00:04, 53.46it/s, loss=0.162]
Epoch 0:  73%|███████▎  | 567/782 [00:10<00:04, 53.46it/s, loss=0.162]
Epoch 0:  73%|███████▎  | 567/782 [00:10<00:04, 53.46it/s, loss=0.165]
Epoch 0:  73%|███████▎  | 568/782 [00:10<00:04, 53.46it/s, loss=0.165]
Epoch 0:  73%|███████▎  | 568/782 [00:10<00:04, 53.46it/s, loss=0.164]
Epoch 0:  73%|███████▎  | 569/782 [00:10<00:03, 53.47it/s, loss=0.164]
Epoch 0:  73%|███████▎  | 569/782 [00:10<00:03, 53.47it/s, loss=0.161]
Epoch 0:  73%|███████▎  | 570/782 [00:10<00:03, 53.47it/s, loss=0.161]
Epoch 0:  73%|███████▎  | 570/782 [00:10<00:03, 53.47it/s, loss=0.162]
Epoch 0:  73%|███████▎  | 571/782 [00:10<00:03, 53.47it/s, loss=0.162]
Epoch 0:  73%|███████▎  | 571/782 [00:10<00:03, 53.47it/s, loss=0.165]
Epoch 0:  73%|███████▎  | 572/782 [00:10<00:03, 53.47it/s, loss=0.165]
Epoch 0:  73%|███████▎  | 572/782 [00:10<00:03, 53.47it/s, loss=0.166]
Epoch 0:  73%|███████▎  | 573/782 [00:10<00:03, 53.48it/s, loss=0.166]
Epoch 0:  73%|███████▎  | 573/782 [00:10<00:03, 53.47it/s, loss=0.166]
Epoch 0:  73%|███████▎  | 574/782 [00:10<00:03, 53.48it/s, loss=0.166]
Epoch 0:  73%|███████▎  | 574/782 [00:10<00:03, 53.48it/s, loss=0.169]
Epoch 0:  74%|███████▎  | 575/782 [00:10<00:03, 53.48it/s, loss=0.169]
Epoch 0:  74%|███████▎  | 575/782 [00:10<00:03, 53.48it/s, loss=0.171]
Epoch 0:  74%|███████▎  | 576/782 [00:10<00:03, 53.48it/s, loss=0.171]
Epoch 0:  74%|███████▎  | 576/782 [00:10<00:03, 53.48it/s, loss=0.173]
Epoch 0:  74%|███████▍  | 577/782 [00:10<00:03, 53.48it/s, loss=0.173]
Epoch 0:  74%|███████▍  | 577/782 [00:10<00:03, 53.48it/s, loss=0.169]
Epoch 0:  74%|███████▍  | 578/782 [00:10<00:03, 53.49it/s, loss=0.169]
Epoch 0:  74%|███████▍  | 578/782 [00:10<00:03, 53.49it/s, loss=0.172]
Epoch 0:  74%|███████▍  | 579/782 [00:10<00:03, 53.49it/s, loss=0.172]
Epoch 0:  74%|███████▍  | 579/782 [00:10<00:03, 53.49it/s, loss=0.172]
Epoch 0:  74%|███████▍  | 580/782 [00:10<00:03, 53.49it/s, loss=0.172]
Epoch 0:  74%|███████▍  | 580/782 [00:10<00:03, 53.49it/s, loss=0.173]
Epoch 0:  74%|███████▍  | 581/782 [00:10<00:03, 53.49it/s, loss=0.173]
Epoch 0:  74%|███████▍  | 581/782 [00:10<00:03, 53.49it/s, loss=0.172]
Epoch 0:  74%|███████▍  | 582/782 [00:10<00:03, 53.50it/s, loss=0.172]
Epoch 0:  74%|███████▍  | 582/782 [00:10<00:03, 53.49it/s, loss=0.171]
Epoch 0:  75%|███████▍  | 583/782 [00:10<00:03, 53.50it/s, loss=0.171]
Epoch 0:  75%|███████▍  | 583/782 [00:10<00:03, 53.50it/s, loss=0.172]
Epoch 0:  75%|███████▍  | 584/782 [00:10<00:03, 53.45it/s, loss=0.172]
Epoch 0:  75%|███████▍  | 584/782 [00:10<00:03, 53.45it/s, loss=0.173]
Epoch 0:  75%|███████▍  | 585/782 [00:10<00:03, 53.44it/s, loss=0.173]
Epoch 0:  75%|███████▍  | 585/782 [00:10<00:03, 53.44it/s, loss=0.167]
Epoch 0:  75%|███████▍  | 586/782 [00:10<00:03, 53.42it/s, loss=0.167]
Epoch 0:  75%|███████▍  | 586/782 [00:10<00:03, 53.42it/s, loss=0.174]

Validation: 0it [00:00, ?it/s][A

Validation:   0%|          | 0/196 [00:00<?, ?it/s][A

Validation DataLoader 0:   0%|          | 0/196 [00:00<?, ?it/s][A

Validation DataLoader 0:   1%|          | 1/196 [00:00<00:01, 127.44it/s][A
Epoch 0:  75%|███████▌  | 587/782 [00:11<00:03, 52.83it/s, loss=0.174]

Validation DataLoader 0:   1%|          | 2/196 [00:00<00:02, 92.00it/s] [A
Epoch 0:  75%|███████▌  | 588/782 [00:11<00:03, 52.85it/s, loss=0.174]

Validation DataLoader 0:   2%|▏         | 3/196 [00:00<00:02, 74.54it/s][A
Epoch 0:  75%|███████▌  | 589/782 [00:11<00:03, 52.85it/s, loss=0.174]

Validation DataLoader 0:   2%|▏         | 4/196 [00:00<00:02, 68.23it/s][A
Epoch 0:  75%|███████▌  | 590/782 [00:11<00:03, 52.85it/s, loss=0.174]

Validation DataLoader 0:   3%|▎         | 5/196 [00:00<00:02, 64.92it/s][A
Epoch 0:  76%|███████▌  | 591/782 [00:11<00:03, 52.86it/s, loss=0.174]

Validation DataLoader 0:   3%|▎         | 6/196 [00:00<00:03, 63.28it/s][A
Epoch 0:  76%|███████▌  | 592/782 [00:11<00:03, 52.86it/s, loss=0.174]

Validation DataLoader 0:   4%|▎         | 7/196 [00:00<00:03, 61.84it/s][A
Epoch 0:  76%|███████▌  | 593/782 [00:11<00:03, 52.87it/s, loss=0.174]

Validation DataLoader 0:   4%|▍         | 8/196 [00:00<00:03, 61.11it/s][A
Epoch 0:  76%|███████▌  | 594/782 [00:11<00:03, 52.87it/s, loss=0.174]

Validation DataLoader 0:   5%|▍         | 9/196 [00:00<00:03, 60.64it/s][A
Epoch 0:  76%|███████▌  | 595/782 [00:11<00:03, 52.88it/s, loss=0.174]

Validation DataLoader 0:   5%|▌         | 10/196 [00:00<00:03, 60.31it/s][A
Epoch 0:  76%|███████▌  | 596/782 [00:11<00:03, 52.88it/s, loss=0.174]

Validation DataLoader 0:   6%|▌         | 11/196 [00:00<00:03, 60.01it/s][A
Epoch 0:  76%|███████▋  | 597/782 [00:11<00:03, 52.89it/s, loss=0.174]

Validation DataLoader 0:   6%|▌         | 12/196 [00:00<00:03, 59.77it/s][A
Epoch 0:  76%|███████▋  | 598/782 [00:11<00:03, 52.90it/s, loss=0.174]

Validation DataLoader 0:   7%|▋         | 13/196 [00:00<00:03, 59.36it/s][A
Epoch 0:  77%|███████▋  | 599/782 [00:11<00:03, 52.90it/s, loss=0.174]

Validation DataLoader 0:   7%|▋         | 14/196 [00:00<00:03, 59.21it/s][A
Epoch 0:  77%|███████▋  | 600/782 [00:11<00:03, 52.91it/s, loss=0.174]

Validation DataLoader 0:   8%|▊         | 15/196 [00:00<00:03, 59.02it/s][A
Epoch 0:  77%|███████▋  | 601/782 [00:11<00:03, 52.91it/s, loss=0.174]

Validation DataLoader 0:   8%|▊         | 16/196 [00:00<00:03, 58.85it/s][A
Epoch 0:  77%|███████▋  | 602/782 [00:11<00:03, 52.92it/s, loss=0.174]

Validation DataLoader 0:   9%|▊         | 17/196 [00:00<00:03, 58.74it/s][A
Epoch 0:  77%|███████▋  | 603/782 [00:11<00:03, 52.93it/s, loss=0.174]

Validation DataLoader 0:   9%|▉         | 18/196 [00:00<00:03, 58.68it/s][A
Epoch 0:  77%|███████▋  | 604/782 [00:11<00:03, 52.93it/s, loss=0.174]

Validation DataLoader 0:  10%|▉         | 19/196 [00:00<00:03, 58.80it/s][A
Epoch 0:  77%|███████▋  | 605/782 [00:11<00:03, 52.94it/s, loss=0.174]

Validation DataLoader 0:  10%|█         | 20/196 [00:00<00:03, 58.53it/s][A
Epoch 0:  77%|███████▋  | 606/782 [00:11<00:03, 52.95it/s, loss=0.174]

Validation DataLoader 0:  11%|█         | 21/196 [00:00<00:02, 59.16it/s][A
Epoch 0:  78%|███████▊  | 607/782 [00:11<00:03, 52.97it/s, loss=0.174]

Validation DataLoader 0:  11%|█         | 22/196 [00:00<00:02, 58.48it/s][A
Epoch 0:  78%|███████▊  | 608/782 [00:11<00:03, 52.96it/s, loss=0.174]

Validation DataLoader 0:  12%|█▏        | 23/196 [00:00<00:02, 58.47it/s][A
Epoch 0:  78%|███████▊  | 609/782 [00:11<00:03, 52.97it/s, loss=0.174]

Validation DataLoader 0:  12%|█▏        | 24/196 [00:00<00:02, 58.45it/s][A
Epoch 0:  78%|███████▊  | 610/782 [00:11<00:03, 52.98it/s, loss=0.174]

Validation DataLoader 0:  13%|█▎        | 25/196 [00:00<00:02, 58.41it/s][A
Epoch 0:  78%|███████▊  | 611/782 [00:11<00:03, 52.98it/s, loss=0.174]

Validation DataLoader 0:  13%|█▎        | 26/196 [00:00<00:02, 58.40it/s][A
Epoch 0:  78%|███████▊  | 612/782 [00:11<00:03, 52.99it/s, loss=0.174]

Validation DataLoader 0:  14%|█▍        | 27/196 [00:00<00:02, 58.30it/s][A
Epoch 0:  78%|███████▊  | 613/782 [00:11<00:03, 52.99it/s, loss=0.174]

Validation DataLoader 0:  14%|█▍        | 28/196 [00:00<00:02, 58.27it/s][A
Epoch 0:  79%|███████▊  | 614/782 [00:11<00:03, 53.00it/s, loss=0.174]

Validation DataLoader 0:  15%|█▍        | 29/196 [00:00<00:02, 58.23it/s][A
Epoch 0:  79%|███████▊  | 615/782 [00:11<00:03, 53.01it/s, loss=0.174]

Validation DataLoader 0:  15%|█▌        | 30/196 [00:00<00:02, 58.19it/s][A
Epoch 0:  79%|███████▉  | 616/782 [00:11<00:03, 53.01it/s, loss=0.174]

Validation DataLoader 0:  16%|█▌        | 31/196 [00:00<00:02, 58.16it/s][A
Epoch 0:  79%|███████▉  | 617/782 [00:11<00:03, 53.02it/s, loss=0.174]

Validation DataLoader 0:  16%|█▋        | 32/196 [00:00<00:02, 58.14it/s][A
Epoch 0:  79%|███████▉  | 618/782 [00:11<00:03, 53.03it/s, loss=0.174]

Validation DataLoader 0:  17%|█▋        | 33/196 [00:00<00:02, 58.19it/s][A
Epoch 0:  79%|███████▉  | 619/782 [00:11<00:03, 53.04it/s, loss=0.174]

Validation DataLoader 0:  17%|█▋        | 34/196 [00:00<00:02, 58.34it/s][A
Epoch 0:  79%|███████▉  | 620/782 [00:11<00:03, 53.05it/s, loss=0.174]

Validation DataLoader 0:  18%|█▊        | 35/196 [00:00<00:02, 58.07it/s][A
Epoch 0:  79%|███████▉  | 621/782 [00:11<00:03, 53.05it/s, loss=0.174]

Validation DataLoader 0:  18%|█▊        | 36/196 [00:00<00:02, 58.05it/s][A
Epoch 0:  80%|███████▉  | 622/782 [00:11<00:03, 53.05it/s, loss=0.174]

Validation DataLoader 0:  19%|█▉        | 37/196 [00:00<00:02, 58.05it/s][A
Epoch 0:  80%|███████▉  | 623/782 [00:11<00:02, 53.06it/s, loss=0.174]

Validation DataLoader 0:  19%|█▉        | 38/196 [00:00<00:02, 58.33it/s][A
Epoch 0:  80%|███████▉  | 624/782 [00:11<00:02, 53.08it/s, loss=0.174]

Validation DataLoader 0:  20%|█▉        | 39/196 [00:00<00:02, 58.01it/s][A
Epoch 0:  80%|███████▉  | 625/782 [00:11<00:02, 53.07it/s, loss=0.174]

Validation DataLoader 0:  20%|██        | 40/196 [00:00<00:02, 58.40it/s][A
Epoch 0:  80%|████████  | 626/782 [00:11<00:02, 53.10it/s, loss=0.174]

Validation DataLoader 0:  21%|██        | 41/196 [00:00<00:02, 57.99it/s][A
Epoch 0:  80%|████████  | 627/782 [00:11<00:02, 53.09it/s, loss=0.174]

Validation DataLoader 0:  21%|██▏       | 42/196 [00:00<00:02, 58.00it/s][A
Epoch 0:  80%|████████  | 628/782 [00:11<00:02, 53.09it/s, loss=0.174]

Validation DataLoader 0:  22%|██▏       | 43/196 [00:00<00:02, 58.00it/s][A
Epoch 0:  80%|████████  | 629/782 [00:11<00:02, 53.10it/s, loss=0.174]

Validation DataLoader 0:  22%|██▏       | 44/196 [00:00<00:02, 57.98it/s][A
Epoch 0:  81%|████████  | 630/782 [00:11<00:02, 53.11it/s, loss=0.174]

Validation DataLoader 0:  23%|██▎       | 45/196 [00:00<00:02, 57.93it/s][A
Epoch 0:  81%|████████  | 631/782 [00:11<00:02, 53.11it/s, loss=0.174]

Validation DataLoader 0:  23%|██▎       | 46/196 [00:00<00:02, 57.89it/s][A
Epoch 0:  81%|████████  | 632/782 [00:11<00:02, 53.12it/s, loss=0.174]

Validation DataLoader 0:  24%|██▍       | 47/196 [00:00<00:02, 57.89it/s][A
Epoch 0:  81%|████████  | 633/782 [00:11<00:02, 53.12it/s, loss=0.174]

Validation DataLoader 0:  24%|██▍       | 48/196 [00:00<00:02, 58.17it/s][A
Epoch 0:  81%|████████  | 634/782 [00:11<00:02, 53.15it/s, loss=0.174]

Validation DataLoader 0:  25%|██▌       | 49/196 [00:00<00:02, 57.86it/s][A
Epoch 0:  81%|████████  | 635/782 [00:11<00:02, 53.13it/s, loss=0.174]

Validation DataLoader 0:  26%|██▌       | 50/196 [00:00<00:02, 57.88it/s][A
Epoch 0:  81%|████████▏ | 636/782 [00:11<00:02, 53.14it/s, loss=0.174]

Validation DataLoader 0:  26%|██▌       | 51/196 [00:00<00:02, 57.87it/s][A
Epoch 0:  81%|████████▏ | 637/782 [00:11<00:02, 53.15it/s, loss=0.174]

Validation DataLoader 0:  27%|██▋       | 52/196 [00:00<00:02, 58.19it/s][A
Epoch 0:  82%|████████▏ | 638/782 [00:11<00:02, 53.18it/s, loss=0.174]

Validation DataLoader 0:  27%|██▋       | 53/196 [00:00<00:02, 57.82it/s][A
Epoch 0:  82%|████████▏ | 639/782 [00:12<00:02, 53.16it/s, loss=0.174]

Validation DataLoader 0:  28%|██▊       | 54/196 [00:00<00:02, 57.83it/s][A
Epoch 0:  82%|████████▏ | 640/782 [00:12<00:02, 53.17it/s, loss=0.174]

Validation DataLoader 0:  28%|██▊       | 55/196 [00:00<00:02, 57.83it/s][A
Epoch 0:  82%|████████▏ | 641/782 [00:12<00:02, 53.17it/s, loss=0.174]

Validation DataLoader 0:  29%|██▊       | 56/196 [00:00<00:02, 57.82it/s][A
Epoch 0:  82%|████████▏ | 642/782 [00:12<00:02, 53.18it/s, loss=0.174]

Validation DataLoader 0:  29%|██▉       | 57/196 [00:00<00:02, 57.83it/s][A
Epoch 0:  82%|████████▏ | 643/782 [00:12<00:02, 53.19it/s, loss=0.174]

Validation DataLoader 0:  30%|██▉       | 58/196 [00:01<00:02, 57.81it/s][A
Epoch 0:  82%|████████▏ | 644/782 [00:12<00:02, 53.19it/s, loss=0.174]

Validation DataLoader 0:  30%|███       | 59/196 [00:01<00:02, 57.79it/s][A
Epoch 0:  82%|████████▏ | 645/782 [00:12<00:02, 53.20it/s, loss=0.174]

Validation DataLoader 0:  31%|███       | 60/196 [00:01<00:02, 57.76it/s][A
Epoch 0:  83%|████████▎ | 646/782 [00:12<00:02, 53.20it/s, loss=0.174]

Validation DataLoader 0:  31%|███       | 61/196 [00:01<00:02, 57.74it/s][A
Epoch 0:  83%|████████▎ | 647/782 [00:12<00:02, 53.21it/s, loss=0.174]

Validation DataLoader 0:  32%|███▏      | 62/196 [00:01<00:02, 57.73it/s][A
Epoch 0:  83%|████████▎ | 648/782 [00:12<00:02, 53.21it/s, loss=0.174]

Validation DataLoader 0:  32%|███▏      | 63/196 [00:01<00:02, 57.70it/s][A
Epoch 0:  83%|████████▎ | 649/782 [00:12<00:02, 53.21it/s, loss=0.174]

Validation DataLoader 0:  33%|███▎      | 64/196 [00:01<00:02, 57.72it/s][A
Epoch 0:  83%|████████▎ | 650/782 [00:12<00:02, 53.22it/s, loss=0.174]

Validation DataLoader 0:  33%|███▎      | 65/196 [00:01<00:02, 57.71it/s][A
Epoch 0:  83%|████████▎ | 651/782 [00:12<00:02, 53.23it/s, loss=0.174]

Validation DataLoader 0:  34%|███▎      | 66/196 [00:01<00:02, 57.75it/s][A
Epoch 0:  83%|████████▎ | 652/782 [00:12<00:02, 53.24it/s, loss=0.174]

Validation DataLoader 0:  34%|███▍      | 67/196 [00:01<00:02, 57.69it/s][A
Epoch 0:  84%|████████▎ | 653/782 [00:12<00:02, 53.24it/s, loss=0.174]

Validation DataLoader 0:  35%|███▍      | 68/196 [00:01<00:02, 57.86it/s][A
Epoch 0:  84%|████████▎ | 654/782 [00:12<00:02, 53.26it/s, loss=0.174]

Validation DataLoader 0:  35%|███▌      | 69/196 [00:01<00:02, 57.68it/s][A
Epoch 0:  84%|████████▍ | 655/782 [00:12<00:02, 53.25it/s, loss=0.174]

Validation DataLoader 0:  36%|███▌      | 70/196 [00:01<00:02, 57.59it/s][A
Epoch 0:  84%|████████▍ | 656/782 [00:12<00:02, 53.25it/s, loss=0.174]

Validation DataLoader 0:  36%|███▌      | 71/196 [00:01<00:02, 57.60it/s][A
Epoch 0:  84%|████████▍ | 657/782 [00:12<00:02, 53.26it/s, loss=0.174]

Validation DataLoader 0:  37%|███▋      | 72/196 [00:01<00:02, 57.58it/s][A
Epoch 0:  84%|████████▍ | 658/782 [00:12<00:02, 53.26it/s, loss=0.174]

Validation DataLoader 0:  37%|███▋      | 73/196 [00:01<00:02, 57.56it/s][A
Epoch 0:  84%|████████▍ | 659/782 [00:12<00:02, 53.26it/s, loss=0.174]

Validation DataLoader 0:  38%|███▊      | 74/196 [00:01<00:02, 57.55it/s][A
Epoch 0:  84%|████████▍ | 660/782 [00:12<00:02, 53.27it/s, loss=0.174]

Validation DataLoader 0:  38%|███▊      | 75/196 [00:01<00:02, 57.53it/s][A
Epoch 0:  85%|████████▍ | 661/782 [00:12<00:02, 53.27it/s, loss=0.174]

Validation DataLoader 0:  39%|███▉      | 76/196 [00:01<00:02, 57.54it/s][A
Epoch 0:  85%|████████▍ | 662/782 [00:12<00:02, 53.28it/s, loss=0.174]

Validation DataLoader 0:  39%|███▉      | 77/196 [00:01<00:02, 57.53it/s][A
Epoch 0:  85%|████████▍ | 663/782 [00:12<00:02, 53.28it/s, loss=0.174]

Validation DataLoader 0:  40%|███▉      | 78/196 [00:01<00:02, 57.51it/s][A
Epoch 0:  85%|████████▍ | 664/782 [00:12<00:02, 53.29it/s, loss=0.174]

Validation DataLoader 0:  40%|████      | 79/196 [00:01<00:02, 57.52it/s][A
Epoch 0:  85%|████████▌ | 665/782 [00:12<00:02, 53.30it/s, loss=0.174]

Validation DataLoader 0:  41%|████      | 80/196 [00:01<00:02, 57.51it/s][A
Epoch 0:  85%|████████▌ | 666/782 [00:12<00:02, 53.30it/s, loss=0.174]

Validation DataLoader 0:  41%|████▏     | 81/196 [00:01<00:02, 57.49it/s][A
Epoch 0:  85%|████████▌ | 667/782 [00:12<00:02, 53.30it/s, loss=0.174]

Validation DataLoader 0:  42%|████▏     | 82/196 [00:01<00:01, 57.48it/s][A
Epoch 0:  85%|████████▌ | 668/782 [00:12<00:02, 53.31it/s, loss=0.174]

Validation DataLoader 0:  42%|████▏     | 83/196 [00:01<00:01, 57.48it/s][A
Epoch 0:  86%|████████▌ | 669/782 [00:12<00:02, 53.31it/s, loss=0.174]

Validation DataLoader 0:  43%|████▎     | 84/196 [00:01<00:01, 57.46it/s][A
Epoch 0:  86%|████████▌ | 670/782 [00:12<00:02, 53.32it/s, loss=0.174]

Validation DataLoader 0:  43%|████▎     | 85/196 [00:01<00:01, 57.47it/s][A
Epoch 0:  86%|████████▌ | 671/782 [00:12<00:02, 53.33it/s, loss=0.174]

Validation DataLoader 0:  44%|████▍     | 86/196 [00:01<00:01, 57.84it/s][A
Epoch 0:  86%|████████▌ | 672/782 [00:12<00:02, 53.37it/s, loss=0.174]

Validation DataLoader 0:  44%|████▍     | 87/196 [00:01<00:01, 57.32it/s][A
Epoch 0:  86%|████████▌ | 673/782 [00:12<00:02, 53.32it/s, loss=0.174]

Validation DataLoader 0:  45%|████▍     | 88/196 [00:01<00:01, 57.31it/s][A
Epoch 0:  86%|████████▌ | 674/782 [00:12<00:02, 53.33it/s, loss=0.174]

Validation DataLoader 0:  45%|████▌     | 89/196 [00:01<00:01, 57.32it/s][A
Epoch 0:  86%|████████▋ | 675/782 [00:12<00:02, 53.33it/s, loss=0.174]

Validation DataLoader 0:  46%|████▌     | 90/196 [00:01<00:01, 57.32it/s][A
Epoch 0:  86%|████████▋ | 676/782 [00:12<00:01, 53.34it/s, loss=0.174]

Validation DataLoader 0:  46%|████▋     | 91/196 [00:01<00:01, 57.31it/s][A
Epoch 0:  87%|████████▋ | 677/782 [00:12<00:01, 53.34it/s, loss=0.174]

Validation DataLoader 0:  47%|████▋     | 92/196 [00:01<00:01, 57.31it/s][A
Epoch 0:  87%|████████▋ | 678/782 [00:12<00:01, 53.35it/s, loss=0.174]

Validation DataLoader 0:  47%|████▋     | 93/196 [00:01<00:01, 57.31it/s][A
Epoch 0:  87%|████████▋ | 679/782 [00:12<00:01, 53.35it/s, loss=0.174]

Validation DataLoader 0:  48%|████▊     | 94/196 [00:01<00:01, 57.55it/s][A
Epoch 0:  87%|████████▋ | 680/782 [00:12<00:01, 53.39it/s, loss=0.174]

Validation DataLoader 0:  48%|████▊     | 95/196 [00:01<00:01, 57.30it/s][A
Epoch 0:  87%|████████▋ | 681/782 [00:12<00:01, 53.36it/s, loss=0.174]

Validation DataLoader 0:  49%|████▉     | 96/196 [00:01<00:01, 57.30it/s][A
Epoch 0:  87%|████████▋ | 682/782 [00:12<00:01, 53.37it/s, loss=0.174]

Validation DataLoader 0:  49%|████▉     | 97/196 [00:01<00:01, 57.28it/s][A
Epoch 0:  87%|████████▋ | 683/782 [00:12<00:01, 53.37it/s, loss=0.174]

Validation DataLoader 0:  50%|█████     | 98/196 [00:01<00:01, 57.28it/s][A
Epoch 0:  87%|████████▋ | 684/782 [00:12<00:01, 53.38it/s, loss=0.174]

Validation DataLoader 0:  51%|█████     | 99/196 [00:01<00:01, 57.28it/s][A
Epoch 0:  88%|████████▊ | 685/782 [00:12<00:01, 53.38it/s, loss=0.174]

Validation DataLoader 0:  51%|█████     | 100/196 [00:01<00:01, 57.28it/s][A
Epoch 0:  88%|████████▊ | 686/782 [00:12<00:01, 53.39it/s, loss=0.174]

Validation DataLoader 0:  52%|█████▏    | 101/196 [00:01<00:01, 57.28it/s][A
Epoch 0:  88%|████████▊ | 687/782 [00:12<00:01, 53.39it/s, loss=0.174]

Validation DataLoader 0:  52%|█████▏    | 102/196 [00:01<00:01, 57.28it/s][A
Epoch 0:  88%|████████▊ | 688/782 [00:12<00:01, 53.40it/s, loss=0.174]

Validation DataLoader 0:  53%|█████▎    | 103/196 [00:01<00:01, 57.27it/s][A
Epoch 0:  88%|████████▊ | 689/782 [00:12<00:01, 53.40it/s, loss=0.174]

Validation DataLoader 0:  53%|█████▎    | 104/196 [00:01<00:01, 57.50it/s][A
Epoch 0:  88%|████████▊ | 690/782 [00:12<00:01, 53.44it/s, loss=0.174]

Validation DataLoader 0:  54%|█████▎    | 105/196 [00:01<00:01, 57.26it/s][A
Epoch 0:  88%|████████▊ | 691/782 [00:12<00:01, 53.41it/s, loss=0.174]

Validation DataLoader 0:  54%|█████▍    | 106/196 [00:01<00:01, 57.26it/s][A
Epoch 0:  88%|████████▊ | 692/782 [00:12<00:01, 53.41it/s, loss=0.174]

Validation DataLoader 0:  55%|█████▍    | 107/196 [00:01<00:01, 57.26it/s][A
Epoch 0:  89%|████████▊ | 693/782 [00:12<00:01, 53.42it/s, loss=0.174]

Validation DataLoader 0:  55%|█████▌    | 108/196 [00:01<00:01, 57.29it/s][A
Epoch 0:  89%|████████▊ | 694/782 [00:12<00:01, 53.43it/s, loss=0.174]

Validation DataLoader 0:  56%|█████▌    | 109/196 [00:01<00:01, 57.31it/s][A
Epoch 0:  89%|████████▉ | 695/782 [00:13<00:01, 53.44it/s, loss=0.174]

Validation DataLoader 0:  56%|█████▌    | 110/196 [00:01<00:01, 57.23it/s][A
Epoch 0:  89%|████████▉ | 696/782 [00:13<00:01, 53.43it/s, loss=0.174]

Validation DataLoader 0:  57%|█████▋    | 111/196 [00:01<00:01, 57.23it/s][A
Epoch 0:  89%|████████▉ | 697/782 [00:13<00:01, 53.44it/s, loss=0.174]

Validation DataLoader 0:  57%|█████▋    | 112/196 [00:01<00:01, 57.22it/s][A
Epoch 0:  89%|████████▉ | 698/782 [00:13<00:01, 53.44it/s, loss=0.174]

Validation DataLoader 0:  58%|█████▊    | 113/196 [00:01<00:01, 57.21it/s][A
Epoch 0:  89%|████████▉ | 699/782 [00:13<00:01, 53.44it/s, loss=0.174]

Validation DataLoader 0:  58%|█████▊    | 114/196 [00:01<00:01, 57.20it/s][A
Epoch 0:  90%|████████▉ | 700/782 [00:13<00:01, 53.45it/s, loss=0.174]

Validation DataLoader 0:  59%|█████▊    | 115/196 [00:02<00:01, 57.19it/s][A
Epoch 0:  90%|████████▉ | 701/782 [00:13<00:01, 53.45it/s, loss=0.174]

Validation DataLoader 0:  59%|█████▉    | 116/196 [00:02<00:01, 57.29it/s][A
Epoch 0:  90%|████████▉ | 702/782 [00:13<00:01, 53.47it/s, loss=0.174]

Validation DataLoader 0:  60%|█████▉    | 117/196 [00:02<00:01, 57.16it/s][A
Epoch 0:  90%|████████▉ | 703/782 [00:13<00:01, 53.46it/s, loss=0.174]

Validation DataLoader 0:  60%|██████    | 118/196 [00:02<00:01, 57.16it/s][A
Epoch 0:  90%|█████████ | 704/782 [00:13<00:01, 53.46it/s, loss=0.174]

Validation DataLoader 0:  61%|██████    | 119/196 [00:02<00:01, 57.11it/s][A
Epoch 0:  90%|█████████ | 705/782 [00:13<00:01, 53.46it/s, loss=0.174]

Validation DataLoader 0:  61%|██████    | 120/196 [00:02<00:01, 57.11it/s][A
Epoch 0:  90%|█████████ | 706/782 [00:13<00:01, 53.46it/s, loss=0.174]

Validation DataLoader 0:  62%|██████▏   | 121/196 [00:02<00:01, 57.10it/s][A
Epoch 0:  90%|█████████ | 707/782 [00:13<00:01, 53.47it/s, loss=0.174]

Validation DataLoader 0:  62%|██████▏   | 122/196 [00:02<00:01, 57.09it/s][A
Epoch 0:  91%|█████████ | 708/782 [00:13<00:01, 53.47it/s, loss=0.174]

Validation DataLoader 0:  63%|██████▎   | 123/196 [00:02<00:01, 57.09it/s][A
Epoch 0:  91%|█████████ | 709/782 [00:13<00:01, 53.47it/s, loss=0.174]

Validation DataLoader 0:  63%|██████▎   | 124/196 [00:02<00:01, 57.09it/s][A
Epoch 0:  91%|█████████ | 710/782 [00:13<00:01, 53.48it/s, loss=0.174]

Validation DataLoader 0:  64%|██████▍   | 125/196 [00:02<00:01, 57.09it/s][A
Epoch 0:  91%|█████████ | 711/782 [00:13<00:01, 53.48it/s, loss=0.174]

Validation DataLoader 0:  64%|██████▍   | 126/196 [00:02<00:01, 57.08it/s][A
Epoch 0:  91%|█████████ | 712/782 [00:13<00:01, 53.49it/s, loss=0.174]

Validation DataLoader 0:  65%|██████▍   | 127/196 [00:02<00:01, 57.08it/s][A
Epoch 0:  91%|█████████ | 713/782 [00:13<00:01, 53.49it/s, loss=0.174]

Validation DataLoader 0:  65%|██████▌   | 128/196 [00:02<00:01, 57.08it/s][A
Epoch 0:  91%|█████████▏| 714/782 [00:13<00:01, 53.50it/s, loss=0.174]

Validation DataLoader 0:  66%|██████▌   | 129/196 [00:02<00:01, 57.08it/s][A
Epoch 0:  91%|█████████▏| 715/782 [00:13<00:01, 53.50it/s, loss=0.174]

Validation DataLoader 0:  66%|██████▋   | 130/196 [00:02<00:01, 57.09it/s][A
Epoch 0:  92%|█████████▏| 716/782 [00:13<00:01, 53.51it/s, loss=0.174]

Validation DataLoader 0:  67%|██████▋   | 131/196 [00:02<00:01, 57.08it/s][A
Epoch 0:  92%|█████████▏| 717/782 [00:13<00:01, 53.51it/s, loss=0.174]

Validation DataLoader 0:  67%|██████▋   | 132/196 [00:02<00:01, 57.08it/s][A
Epoch 0:  92%|█████████▏| 718/782 [00:13<00:01, 53.52it/s, loss=0.174]

Validation DataLoader 0:  68%|██████▊   | 133/196 [00:02<00:01, 57.07it/s][A
Epoch 0:  92%|█████████▏| 719/782 [00:13<00:01, 53.52it/s, loss=0.174]

Validation DataLoader 0:  68%|██████▊   | 134/196 [00:02<00:01, 57.07it/s][A
Epoch 0:  92%|█████████▏| 720/782 [00:13<00:01, 53.52it/s, loss=0.174]

Validation DataLoader 0:  69%|██████▉   | 135/196 [00:02<00:01, 57.05it/s][A
Epoch 0:  92%|█████████▏| 721/782 [00:13<00:01, 53.52it/s, loss=0.174]

Validation DataLoader 0:  69%|██████▉   | 136/196 [00:02<00:01, 57.05it/s][A
Epoch 0:  92%|█████████▏| 722/782 [00:13<00:01, 53.53it/s, loss=0.174]

Validation DataLoader 0:  70%|██████▉   | 137/196 [00:02<00:01, 57.05it/s][A
Epoch 0:  92%|█████████▏| 723/782 [00:13<00:01, 53.53it/s, loss=0.174]

Validation DataLoader 0:  70%|███████   | 138/196 [00:02<00:01, 57.15it/s][A
Epoch 0:  93%|█████████▎| 724/782 [00:13<00:01, 53.56it/s, loss=0.174]

Validation DataLoader 0:  71%|███████   | 139/196 [00:02<00:00, 57.04it/s][A
Epoch 0:  93%|█████████▎| 725/782 [00:13<00:01, 53.54it/s, loss=0.174]

Validation DataLoader 0:  71%|███████▏  | 140/196 [00:02<00:00, 57.04it/s][A
Epoch 0:  93%|█████████▎| 726/782 [00:13<00:01, 53.55it/s, loss=0.174]

Validation DataLoader 0:  72%|███████▏  | 141/196 [00:02<00:00, 57.05it/s][A
Epoch 0:  93%|█████████▎| 727/782 [00:13<00:01, 53.55it/s, loss=0.174]

Validation DataLoader 0:  72%|███████▏  | 142/196 [00:02<00:00, 57.06it/s][A
Epoch 0:  93%|█████████▎| 728/782 [00:13<00:01, 53.56it/s, loss=0.174]

Validation DataLoader 0:  73%|███████▎  | 143/196 [00:02<00:00, 57.04it/s][A
Epoch 0:  93%|█████████▎| 729/782 [00:13<00:00, 53.56it/s, loss=0.174]

Validation DataLoader 0:  73%|███████▎  | 144/196 [00:02<00:00, 57.05it/s][A
Epoch 0:  93%|█████████▎| 730/782 [00:13<00:00, 53.56it/s, loss=0.174]

Validation DataLoader 0:  74%|███████▍  | 145/196 [00:02<00:00, 57.22it/s][A
Epoch 0:  93%|█████████▎| 731/782 [00:13<00:00, 53.60it/s, loss=0.174]

Validation DataLoader 0:  74%|███████▍  | 146/196 [00:02<00:00, 57.03it/s][A
Epoch 0:  94%|█████████▎| 732/782 [00:13<00:00, 53.57it/s, loss=0.174]

Validation DataLoader 0:  75%|███████▌  | 147/196 [00:02<00:00, 57.03it/s][A
Epoch 0:  94%|█████████▎| 733/782 [00:13<00:00, 53.58it/s, loss=0.174]

Validation DataLoader 0:  76%|███████▌  | 148/196 [00:02<00:00, 57.04it/s][A
Epoch 0:  94%|█████████▍| 734/782 [00:13<00:00, 53.58it/s, loss=0.174]

Validation DataLoader 0:  76%|███████▌  | 149/196 [00:02<00:00, 57.06it/s][A
Epoch 0:  94%|█████████▍| 735/782 [00:13<00:00, 53.59it/s, loss=0.174]

Validation DataLoader 0:  77%|███████▋  | 150/196 [00:02<00:00, 56.94it/s][A
Epoch 0:  94%|█████████▍| 736/782 [00:13<00:00, 53.57it/s, loss=0.174]

Validation DataLoader 0:  77%|███████▋  | 151/196 [00:02<00:00, 56.93it/s][A
Epoch 0:  94%|█████████▍| 737/782 [00:13<00:00, 53.57it/s, loss=0.174]

Validation DataLoader 0:  78%|███████▊  | 152/196 [00:02<00:00, 56.93it/s][A
Epoch 0:  94%|█████████▍| 738/782 [00:13<00:00, 53.58it/s, loss=0.174]

Validation DataLoader 0:  78%|███████▊  | 153/196 [00:02<00:00, 56.94it/s][A
Epoch 0:  95%|█████████▍| 739/782 [00:13<00:00, 53.59it/s, loss=0.174]

Validation DataLoader 0:  79%|███████▊  | 154/196 [00:02<00:00, 56.93it/s][A
Epoch 0:  95%|█████████▍| 740/782 [00:13<00:00, 53.59it/s, loss=0.174]

Validation DataLoader 0:  79%|███████▉  | 155/196 [00:02<00:00, 56.93it/s][A
Epoch 0:  95%|█████████▍| 741/782 [00:13<00:00, 53.59it/s, loss=0.174]

Validation DataLoader 0:  80%|███████▉  | 156/196 [00:02<00:00, 57.03it/s][A
Epoch 0:  95%|█████████▍| 742/782 [00:13<00:00, 53.61it/s, loss=0.174]

Validation DataLoader 0:  80%|████████  | 157/196 [00:02<00:00, 56.94it/s][A
Epoch 0:  95%|█████████▌| 743/782 [00:13<00:00, 53.60it/s, loss=0.174]

Validation DataLoader 0:  81%|████████  | 158/196 [00:02<00:00, 56.95it/s][A
Epoch 0:  95%|█████████▌| 744/782 [00:13<00:00, 53.61it/s, loss=0.174]

Validation DataLoader 0:  81%|████████  | 159/196 [00:02<00:00, 57.07it/s][A
Epoch 0:  95%|█████████▌| 745/782 [00:13<00:00, 53.64it/s, loss=0.174]

Validation DataLoader 0:  82%|████████▏ | 160/196 [00:02<00:00, 56.96it/s][A
Epoch 0:  95%|█████████▌| 746/782 [00:13<00:00, 53.62it/s, loss=0.174]

Validation DataLoader 0:  82%|████████▏ | 161/196 [00:02<00:00, 57.11it/s][A
Epoch 0:  96%|█████████▌| 747/782 [00:13<00:00, 53.65it/s, loss=0.174]

Validation DataLoader 0:  83%|████████▎ | 162/196 [00:02<00:00, 56.98it/s][A
Epoch 0:  96%|█████████▌| 748/782 [00:13<00:00, 53.63it/s, loss=0.174]

Validation DataLoader 0:  83%|████████▎ | 163/196 [00:02<00:00, 57.08it/s][A
Epoch 0:  96%|█████████▌| 749/782 [00:13<00:00, 53.65it/s, loss=0.174]

Validation DataLoader 0:  84%|████████▎ | 164/196 [00:02<00:00, 56.99it/s][A
Epoch 0:  96%|█████████▌| 750/782 [00:13<00:00, 53.64it/s, loss=0.174]

Validation DataLoader 0:  84%|████████▍ | 165/196 [00:02<00:00, 57.11it/s][A
Epoch 0:  96%|█████████▌| 751/782 [00:13<00:00, 53.67it/s, loss=0.174]

Validation DataLoader 0:  85%|████████▍ | 166/196 [00:02<00:00, 56.97it/s][A
Epoch 0:  96%|█████████▌| 752/782 [00:14<00:00, 53.65it/s, loss=0.174]

Validation DataLoader 0:  85%|████████▌ | 167/196 [00:02<00:00, 56.95it/s][A
Epoch 0:  96%|█████████▋| 753/782 [00:14<00:00, 53.65it/s, loss=0.174]

Validation DataLoader 0:  86%|████████▌ | 168/196 [00:02<00:00, 56.95it/s][A
Epoch 0:  96%|█████████▋| 754/782 [00:14<00:00, 53.65it/s, loss=0.174]

Validation DataLoader 0:  86%|████████▌ | 169/196 [00:02<00:00, 56.95it/s][A
Epoch 0:  97%|█████████▋| 755/782 [00:14<00:00, 53.65it/s, loss=0.174]

Validation DataLoader 0:  87%|████████▋ | 170/196 [00:02<00:00, 56.93it/s][A
Epoch 0:  97%|█████████▋| 756/782 [00:14<00:00, 53.65it/s, loss=0.174]

Validation DataLoader 0:  87%|████████▋ | 171/196 [00:03<00:00, 56.92it/s][A
Epoch 0:  97%|█████████▋| 757/782 [00:14<00:00, 53.66it/s, loss=0.174]

Validation DataLoader 0:  88%|████████▊ | 172/196 [00:03<00:00, 56.91it/s][A
Epoch 0:  97%|█████████▋| 758/782 [00:14<00:00, 53.66it/s, loss=0.174]

Validation DataLoader 0:  88%|████████▊ | 173/196 [00:03<00:00, 56.90it/s][A
Epoch 0:  97%|█████████▋| 759/782 [00:14<00:00, 53.66it/s, loss=0.174]

Validation DataLoader 0:  89%|████████▉ | 174/196 [00:03<00:00, 56.89it/s][A
Epoch 0:  97%|█████████▋| 760/782 [00:14<00:00, 53.66it/s, loss=0.174]

Validation DataLoader 0:  89%|████████▉ | 175/196 [00:03<00:00, 56.89it/s][A
Epoch 0:  97%|█████████▋| 761/782 [00:14<00:00, 53.67it/s, loss=0.174]

Validation DataLoader 0:  90%|████████▉ | 176/196 [00:03<00:00, 56.88it/s][A
Epoch 0:  97%|█████████▋| 762/782 [00:14<00:00, 53.67it/s, loss=0.174]

Validation DataLoader 0:  90%|█████████ | 177/196 [00:03<00:00, 56.88it/s][A
Epoch 0:  98%|█████████▊| 763/782 [00:14<00:00, 53.67it/s, loss=0.174]

Validation DataLoader 0:  91%|█████████ | 178/196 [00:03<00:00, 56.90it/s][A
Epoch 0:  98%|█████████▊| 764/782 [00:14<00:00, 53.68it/s, loss=0.174]

Validation DataLoader 0:  91%|█████████▏| 179/196 [00:03<00:00, 56.90it/s][A
Epoch 0:  98%|█████████▊| 765/782 [00:14<00:00, 53.68it/s, loss=0.174]

Validation DataLoader 0:  92%|█████████▏| 180/196 [00:03<00:00, 56.91it/s][A
Epoch 0:  98%|█████████▊| 766/782 [00:14<00:00, 53.69it/s, loss=0.174]

Validation DataLoader 0:  92%|█████████▏| 181/196 [00:03<00:00, 56.91it/s][A
Epoch 0:  98%|█████████▊| 767/782 [00:14<00:00, 53.69it/s, loss=0.174]

Validation DataLoader 0:  93%|█████████▎| 182/196 [00:03<00:00, 56.93it/s][A
Epoch 0:  98%|█████████▊| 768/782 [00:14<00:00, 53.70it/s, loss=0.174]

Validation DataLoader 0:  93%|█████████▎| 183/196 [00:03<00:00, 56.93it/s][A
Epoch 0:  98%|█████████▊| 769/782 [00:14<00:00, 53.71it/s, loss=0.174]

Validation DataLoader 0:  94%|█████████▍| 184/196 [00:03<00:00, 56.92it/s][A
Epoch 0:  98%|█████████▊| 770/782 [00:14<00:00, 53.71it/s, loss=0.174]

Validation DataLoader 0:  94%|█████████▍| 185/196 [00:03<00:00, 56.93it/s][A
Epoch 0:  99%|█████████▊| 771/782 [00:14<00:00, 53.71it/s, loss=0.174]

Validation DataLoader 0:  95%|█████████▍| 186/196 [00:03<00:00, 56.94it/s][A
Epoch 0:  99%|█████████▊| 772/782 [00:14<00:00, 53.72it/s, loss=0.174]

Validation DataLoader 0:  95%|█████████▌| 187/196 [00:03<00:00, 56.95it/s][A
Epoch 0:  99%|█████████▉| 773/782 [00:14<00:00, 53.73it/s, loss=0.174]

Validation DataLoader 0:  96%|█████████▌| 188/196 [00:03<00:00, 56.97it/s][A
Epoch 0:  99%|█████████▉| 774/782 [00:14<00:00, 53.73it/s, loss=0.174]

Validation DataLoader 0:  96%|█████████▋| 189/196 [00:03<00:00, 56.97it/s][A
Epoch 0:  99%|█████████▉| 775/782 [00:14<00:00, 53.74it/s, loss=0.174]

Validation DataLoader 0:  97%|█████████▋| 190/196 [00:03<00:00, 56.99it/s][A
Epoch 0:  99%|█████████▉| 776/782 [00:14<00:00, 53.75it/s, loss=0.174]

Validation DataLoader 0:  97%|█████████▋| 191/196 [00:03<00:00, 56.99it/s][A
Epoch 0:  99%|█████████▉| 777/782 [00:14<00:00, 53.75it/s, loss=0.174]

Validation DataLoader 0:  98%|█████████▊| 192/196 [00:03<00:00, 57.01it/s][A
Epoch 0:  99%|█████████▉| 778/782 [00:14<00:00, 53.76it/s, loss=0.174]

Validation DataLoader 0:  98%|█████████▊| 193/196 [00:03<00:00, 57.01it/s][A
Epoch 0: 100%|█████████▉| 779/782 [00:14<00:00, 53.76it/s, loss=0.174]

Validation DataLoader 0:  99%|█████████▉| 194/196 [00:03<00:00, 57.03it/s][A
Epoch 0: 100%|█████████▉| 780/782 [00:14<00:00, 53.77it/s, loss=0.174]

Validation DataLoader 0:  99%|█████████▉| 195/196 [00:03<00:00, 57.22it/s][A
Epoch 0: 100%|█████████▉| 781/782 [00:14<00:00, 53.82it/s, loss=0.174]

Validation DataLoader 0: 100%|██████████| 196/196 [00:03<00:00, 57.42it/s][A
Epoch 0: 100%|██████████| 782/782 [00:14<00:00, 53.87it/s, loss=0.174]
Epoch 0: 100%|██████████| 782/782 [00:14<00:00, 53.86it/s, loss=0.174, val/accuracy=0.912, val/loss=0.206]

                                                                          [A
Epoch 0: 100%|██████████| 782/782 [00:14<00:00, 53.84it/s, loss=0.174, val/accuracy=0.912, val/loss=0.206, train/accuracy=0.898, train/loss=0.229]Epoch 0, global step 586: 'val/accuracy' reached 0.91244 (best 0.91244), saving model to '/home/cxo147/hyena-dna/results/genomic_benchmark_demo_human_or_worm_20251020_212705/checkpoints/val/accuracy.ckpt' as top 1

Epoch 0:   0%|          | 0/782 [00:00<?, ?it/s, loss=0.174, val/accuracy=0.912, val/loss=0.206, train/accuracy=0.898, train/loss=0.229]          
Epoch 1:   0%|          | 0/782 [00:00<?, ?it/s, loss=0.174, val/accuracy=0.912, val/loss=0.206, train/accuracy=0.898, train/loss=0.229]
Epoch 1:   0%|          | 1/782 [00:00<02:20,  5.56it/s, loss=0.174, val/accuracy=0.912, val/loss=0.206, train/accuracy=0.898, train/loss=0.229]
Epoch 1:   0%|          | 1/782 [00:00<02:21,  5.52it/s, loss=0.174, val/accuracy=0.912, val/loss=0.206, train/accuracy=0.898, train/loss=0.229]
Epoch 1:   0%|          | 2/782 [00:00<01:19,  9.87it/s, loss=0.174, val/accuracy=0.912, val/loss=0.206, train/accuracy=0.898, train/loss=0.229]
Epoch 1:   0%|          | 2/782 [00:00<01:19,  9.86it/s, loss=0.176, val/accuracy=0.912, val/loss=0.206, train/accuracy=0.898, train/loss=0.229]
Epoch 1:   0%|          | 3/782 [00:00<01:00, 12.93it/s, loss=0.176, val/accuracy=0.912, val/loss=0.206, train/accuracy=0.898, train/loss=0.229]
Epoch 1:   0%|          | 3/782 [00:00<01:00, 12.91it/s, loss=0.176, val/accuracy=0.912, val/loss=0.206, train/accuracy=0.898, train/loss=0.229]
Epoch 1:   1%|          | 4/782 [00:00<00:50, 15.53it/s, loss=0.176, val/accuracy=0.912, val/loss=0.206, train/accuracy=0.898, train/loss=0.229]
Epoch 1:   1%|          | 4/782 [00:00<00:50, 15.52it/s, loss=0.177, val/accuracy=0.912, val/loss=0.206, train/accuracy=0.898, train/loss=0.229]
Epoch 1:   1%|          | 5/782 [00:00<00:42, 18.10it/s, loss=0.177, val/accuracy=0.912, val/loss=0.206, train/accuracy=0.898, train/loss=0.229]
Epoch 1:   1%|          | 5/782 [00:00<00:42, 18.08it/s, loss=0.174, val/accuracy=0.912, val/loss=0.206, train/accuracy=0.898, train/loss=0.229]
Epoch 1:   1%|          | 6/782 [00:00<00:38, 20.36it/s, loss=0.174, val/accuracy=0.912, val/loss=0.206, train/accuracy=0.898, train/loss=0.229]
Epoch 1:   1%|          | 6/782 [00:00<00:38, 20.34it/s, loss=0.169, val/accuracy=0.912, val/loss=0.206, train/accuracy=0.898, train/loss=0.229]
Epoch 1:   1%|          | 7/782 [00:00<00:34, 22.36it/s, loss=0.169, val/accuracy=0.912, val/loss=0.206, train/accuracy=0.898, train/loss=0.229]
Epoch 1:   1%|          | 7/782 [00:00<00:34, 22.34it/s, loss=0.172, val/accuracy=0.912, val/loss=0.206, train/accuracy=0.898, train/loss=0.229]
Epoch 1:   1%|          | 8/782 [00:00<00:32, 24.14it/s, loss=0.172, val/accuracy=0.912, val/loss=0.206, train/accuracy=0.898, train/loss=0.229]
Epoch 1:   1%|          | 8/782 [00:00<00:32, 24.12it/s, loss=0.167, val/accuracy=0.912, val/loss=0.206, train/accuracy=0.898, train/loss=0.229]
Epoch 1:   1%|          | 9/782 [00:00<00:30, 25.73it/s, loss=0.167, val/accuracy=0.912, val/loss=0.206, train/accuracy=0.898, train/loss=0.229]
Epoch 1:   1%|          | 9/782 [00:00<00:30, 25.71it/s, loss=0.169, val/accuracy=0.912, val/loss=0.206, train/accuracy=0.898, train/loss=0.229]
Epoch 1:   1%|▏         | 10/782 [00:00<00:28, 27.17it/s, loss=0.169, val/accuracy=0.912, val/loss=0.206, train/accuracy=0.898, train/loss=0.229]
Epoch 1:   1%|▏         | 10/782 [00:00<00:28, 27.15it/s, loss=0.163, val/accuracy=0.912, val/loss=0.206, train/accuracy=0.898, train/loss=0.229]
Epoch 1:   1%|▏         | 11/782 [00:00<00:27, 28.47it/s, loss=0.163, val/accuracy=0.912, val/loss=0.206, train/accuracy=0.898, train/loss=0.229]
Epoch 1:   1%|▏         | 11/782 [00:00<00:27, 28.46it/s, loss=0.163, val/accuracy=0.912, val/loss=0.206, train/accuracy=0.898, train/loss=0.229]
Epoch 1:   2%|▏         | 12/782 [00:00<00:25, 29.65it/s, loss=0.163, val/accuracy=0.912, val/loss=0.206, train/accuracy=0.898, train/loss=0.229]
Epoch 1:   2%|▏         | 12/782 [00:00<00:25, 29.64it/s, loss=0.159, val/accuracy=0.912, val/loss=0.206, train/accuracy=0.898, train/loss=0.229]
Epoch 1:   2%|▏         | 13/782 [00:00<00:25, 30.73it/s, loss=0.159, val/accuracy=0.912, val/loss=0.206, train/accuracy=0.898, train/loss=0.229]
Epoch 1:   2%|▏         | 13/782 [00:00<00:25, 30.71it/s, loss=0.159, val/accuracy=0.912, val/loss=0.206, train/accuracy=0.898, train/loss=0.229]
Epoch 1:   2%|▏         | 14/782 [00:00<00:24, 31.71it/s, loss=0.159, val/accuracy=0.912, val/loss=0.206, train/accuracy=0.898, train/loss=0.229]
Epoch 1:   2%|▏         | 14/782 [00:00<00:24, 31.69it/s, loss=0.161, val/accuracy=0.912, val/loss=0.206, train/accuracy=0.898, train/loss=0.229]
Epoch 1:   2%|▏         | 15/782 [00:00<00:23, 32.59it/s, loss=0.161, val/accuracy=0.912, val/loss=0.206, train/accuracy=0.898, train/loss=0.229]
Epoch 1:   2%|▏         | 15/782 [00:00<00:23, 32.58it/s, loss=0.163, val/accuracy=0.912, val/loss=0.206, train/accuracy=0.898, train/loss=0.229]
Epoch 1:   2%|▏         | 16/782 [00:00<00:22, 33.43it/s, loss=0.163, val/accuracy=0.912, val/loss=0.206, train/accuracy=0.898, train/loss=0.229]
Epoch 1:   2%|▏         | 16/782 [00:00<00:22, 33.42it/s, loss=0.17, val/accuracy=0.912, val/loss=0.206, train/accuracy=0.898, train/loss=0.229] 
Epoch 1:   2%|▏         | 17/782 [00:00<00:22, 34.22it/s, loss=0.17, val/accuracy=0.912, val/loss=0.206, train/accuracy=0.898, train/loss=0.229]
Epoch 1:   2%|▏         | 17/782 [00:00<00:22, 34.20it/s, loss=0.169, val/accuracy=0.912, val/loss=0.206, train/accuracy=0.898, train/loss=0.229]
Epoch 1:   2%|▏         | 18/782 [00:00<00:21, 34.94it/s, loss=0.169, val/accuracy=0.912, val/loss=0.206, train/accuracy=0.898, train/loss=0.229]
Epoch 1:   2%|▏         | 18/782 [00:00<00:21, 34.93it/s, loss=0.17, val/accuracy=0.912, val/loss=0.206, train/accuracy=0.898, train/loss=0.229] 
Epoch 1:   2%|▏         | 19/782 [00:00<00:21, 35.62it/s, loss=0.17, val/accuracy=0.912, val/loss=0.206, train/accuracy=0.898, train/loss=0.229]
Epoch 1:   2%|▏         | 19/782 [00:00<00:21, 35.60it/s, loss=0.169, val/accuracy=0.912, val/loss=0.206, train/accuracy=0.898, train/loss=0.229]
Epoch 1:   3%|▎         | 20/782 [00:00<00:21, 36.25it/s, loss=0.169, val/accuracy=0.912, val/loss=0.206, train/accuracy=0.898, train/loss=0.229]
Epoch 1:   3%|▎         | 20/782 [00:00<00:21, 36.23it/s, loss=0.165, val/accuracy=0.912, val/loss=0.206, train/accuracy=0.898, train/loss=0.229]
Epoch 1:   3%|▎         | 21/782 [00:00<00:20, 36.84it/s, loss=0.165, val/accuracy=0.912, val/loss=0.206, train/accuracy=0.898, train/loss=0.229]
Epoch 1:   3%|▎         | 21/782 [00:00<00:20, 36.83it/s, loss=0.161, val/accuracy=0.912, val/loss=0.206, train/accuracy=0.898, train/loss=0.229]
Epoch 1:   3%|▎         | 22/782 [00:00<00:20, 37.40it/s, loss=0.161, val/accuracy=0.912, val/loss=0.206, train/accuracy=0.898, train/loss=0.229]
Epoch 1:   3%|▎         | 22/782 [00:00<00:20, 37.38it/s, loss=0.156, val/accuracy=0.912, val/loss=0.206, train/accuracy=0.898, train/loss=0.229]
Epoch 1:   3%|▎         | 23/782 [00:00<00:20, 37.91it/s, loss=0.156, val/accuracy=0.912, val/loss=0.206, train/accuracy=0.898, train/loss=0.229]
Epoch 1:   3%|▎         | 23/782 [00:00<00:20, 37.90it/s, loss=0.154, val/accuracy=0.912, val/loss=0.206, train/accuracy=0.898, train/loss=0.229]
Epoch 1:   3%|▎         | 24/782 [00:00<00:19, 38.40it/s, loss=0.154, val/accuracy=0.912, val/loss=0.206, train/accuracy=0.898, train/loss=0.229]
Epoch 1:   3%|▎         | 24/782 [00:00<00:19, 38.39it/s, loss=0.149, val/accuracy=0.912, val/loss=0.206, train/accuracy=0.898, train/loss=0.229]
Epoch 1:   3%|▎         | 25/782 [00:00<00:19, 38.86it/s, loss=0.149, val/accuracy=0.912, val/loss=0.206, train/accuracy=0.898, train/loss=0.229]
Epoch 1:   3%|▎         | 25/782 [00:00<00:19, 38.85it/s, loss=0.15, val/accuracy=0.912, val/loss=0.206, train/accuracy=0.898, train/loss=0.229] 
Epoch 1:   3%|▎         | 26/782 [00:00<00:19, 39.30it/s, loss=0.15, val/accuracy=0.912, val/loss=0.206, train/accuracy=0.898, train/loss=0.229]
Epoch 1:   3%|▎         | 26/782 [00:00<00:19, 39.29it/s, loss=0.148, val/accuracy=0.912, val/loss=0.206, train/accuracy=0.898, train/loss=0.229]
Epoch 1:   3%|▎         | 27/782 [00:00<00:19, 39.71it/s, loss=0.148, val/accuracy=0.912, val/loss=0.206, train/accuracy=0.898, train/loss=0.229]
Epoch 1:   3%|▎         | 27/782 [00:00<00:19, 39.70it/s, loss=0.147, val/accuracy=0.912, val/loss=0.206, train/accuracy=0.898, train/loss=0.229]
Epoch 1:   4%|▎         | 28/782 [00:00<00:18, 40.11it/s, loss=0.147, val/accuracy=0.912, val/loss=0.206, train/accuracy=0.898, train/loss=0.229]
Epoch 1:   4%|▎         | 28/782 [00:00<00:18, 40.09it/s, loss=0.15, val/accuracy=0.912, val/loss=0.206, train/accuracy=0.898, train/loss=0.229] 
Epoch 1:   4%|▎         | 29/782 [00:00<00:18, 40.48it/s, loss=0.15, val/accuracy=0.912, val/loss=0.206, train/accuracy=0.898, train/loss=0.229]
Epoch 1:   4%|▎         | 29/782 [00:00<00:18, 40.47it/s, loss=0.151, val/accuracy=0.912, val/loss=0.206, train/accuracy=0.898, train/loss=0.229]
Epoch 1:   4%|▍         | 30/782 [00:00<00:18, 40.84it/s, loss=0.151, val/accuracy=0.912, val/loss=0.206, train/accuracy=0.898, train/loss=0.229]
Epoch 1:   4%|▍         | 30/782 [00:00<00:18, 40.82it/s, loss=0.152, val/accuracy=0.912, val/loss=0.206, train/accuracy=0.898, train/loss=0.229]
Epoch 1:   4%|▍         | 31/782 [00:00<00:18, 41.17it/s, loss=0.152, val/accuracy=0.912, val/loss=0.206, train/accuracy=0.898, train/loss=0.229]
Epoch 1:   4%|▍         | 31/782 [00:00<00:18, 41.16it/s, loss=0.151, val/accuracy=0.912, val/loss=0.206, train/accuracy=0.898, train/loss=0.229]
Epoch 1:   4%|▍         | 32/782 [00:00<00:18, 41.50it/s, loss=0.151, val/accuracy=0.912, val/loss=0.206, train/accuracy=0.898, train/loss=0.229]
Epoch 1:   4%|▍         | 32/782 [00:00<00:18, 41.49it/s, loss=0.151, val/accuracy=0.912, val/loss=0.206, train/accuracy=0.898, train/loss=0.229]
Epoch 1:   4%|▍         | 33/782 [00:00<00:17, 41.81it/s, loss=0.151, val/accuracy=0.912, val/loss=0.206, train/accuracy=0.898, train/loss=0.229]
Epoch 1:   4%|▍         | 33/782 [00:00<00:17, 41.80it/s, loss=0.152, val/accuracy=0.912, val/loss=0.206, train/accuracy=0.898, train/loss=0.229]
Epoch 1:   4%|▍         | 34/782 [00:00<00:17, 42.10it/s, loss=0.152, val/accuracy=0.912, val/loss=0.206, train/accuracy=0.898, train/loss=0.229]
Epoch 1:   4%|▍         | 34/782 [00:00<00:17, 42.09it/s, loss=0.148, val/accuracy=0.912, val/loss=0.206, train/accuracy=0.898, train/loss=0.229]
Epoch 1:   4%|▍         | 35/782 [00:00<00:17, 42.38it/s, loss=0.148, val/accuracy=0.912, val/loss=0.206, train/accuracy=0.898, train/loss=0.229]
Epoch 1:   4%|▍         | 35/782 [00:00<00:17, 42.37it/s, loss=0.147, val/accuracy=0.912, val/loss=0.206, train/accuracy=0.898, train/loss=0.229]
Epoch 1:   5%|▍         | 36/782 [00:00<00:17, 42.65it/s, loss=0.147, val/accuracy=0.912, val/loss=0.206, train/accuracy=0.898, train/loss=0.229]
Epoch 1:   5%|▍         | 36/782 [00:00<00:17, 42.64it/s, loss=0.139, val/accuracy=0.912, val/loss=0.206, train/accuracy=0.898, train/loss=0.229]
Epoch 1:   5%|▍         | 37/782 [00:00<00:17, 42.90it/s, loss=0.139, val/accuracy=0.912, val/loss=0.206, train/accuracy=0.898, train/loss=0.229]
Epoch 1:   5%|▍         | 37/782 [00:00<00:17, 42.89it/s, loss=0.139, val/accuracy=0.912, val/loss=0.206, train/accuracy=0.898, train/loss=0.229]
Epoch 1:   5%|▍         | 38/782 [00:00<00:17, 43.14it/s, loss=0.139, val/accuracy=0.912, val/loss=0.206, train/accuracy=0.898, train/loss=0.229]
Epoch 1:   5%|▍         | 38/782 [00:00<00:17, 43.13it/s, loss=0.138, val/accuracy=0.912, val/loss=0.206, train/accuracy=0.898, train/loss=0.229]
Epoch 1:   5%|▍         | 39/782 [00:00<00:17, 43.38it/s, loss=0.138, val/accuracy=0.912, val/loss=0.206, train/accuracy=0.898, train/loss=0.229]
Epoch 1:   5%|▍         | 39/782 [00:00<00:17, 43.37it/s, loss=0.136, val/accuracy=0.912, val/loss=0.206, train/accuracy=0.898, train/loss=0.229]
Epoch 1:   5%|▌         | 40/782 [00:00<00:17, 43.61it/s, loss=0.136, val/accuracy=0.912, val/loss=0.206, train/accuracy=0.898, train/loss=0.229]
Epoch 1:   5%|▌         | 40/782 [00:00<00:17, 43.60it/s, loss=0.14, val/accuracy=0.912, val/loss=0.206, train/accuracy=0.898, train/loss=0.229] 
Epoch 1:   5%|▌         | 41/782 [00:00<00:16, 43.82it/s, loss=0.14, val/accuracy=0.912, val/loss=0.206, train/accuracy=0.898, train/loss=0.229]
Epoch 1:   5%|▌         | 41/782 [00:00<00:16, 43.81it/s, loss=0.142, val/accuracy=0.912, val/loss=0.206, train/accuracy=0.898, train/loss=0.229]
Epoch 1:   5%|▌         | 42/782 [00:00<00:16, 44.04it/s, loss=0.142, val/accuracy=0.912, val/loss=0.206, train/accuracy=0.898, train/loss=0.229]
Epoch 1:   5%|▌         | 42/782 [00:00<00:16, 44.02it/s, loss=0.143, val/accuracy=0.912, val/loss=0.206, train/accuracy=0.898, train/loss=0.229]
Epoch 1:   5%|▌         | 43/782 [00:00<00:16, 44.24it/s, loss=0.143, val/accuracy=0.912, val/loss=0.206, train/accuracy=0.898, train/loss=0.229]
Epoch 1:   5%|▌         | 43/782 [00:00<00:16, 44.23it/s, loss=0.144, val/accuracy=0.912, val/loss=0.206, train/accuracy=0.898, train/loss=0.229]
Epoch 1:   6%|▌         | 44/782 [00:00<00:16, 44.44it/s, loss=0.144, val/accuracy=0.912, val/loss=0.206, train/accuracy=0.898, train/loss=0.229]
Epoch 1:   6%|▌         | 44/782 [00:00<00:16, 44.43it/s, loss=0.147, val/accuracy=0.912, val/loss=0.206, train/accuracy=0.898, train/loss=0.229]
Epoch 1:   6%|▌         | 45/782 [00:01<00:16, 44.62it/s, loss=0.147, val/accuracy=0.912, val/loss=0.206, train/accuracy=0.898, train/loss=0.229]
Epoch 1:   6%|▌         | 45/782 [00:01<00:16, 44.61it/s, loss=0.152, val/accuracy=0.912, val/loss=0.206, train/accuracy=0.898, train/loss=0.229]
Epoch 1:   6%|▌         | 46/782 [00:01<00:16, 44.81it/s, loss=0.152, val/accuracy=0.912, val/loss=0.206, train/accuracy=0.898, train/loss=0.229]
Epoch 1:   6%|▌         | 46/782 [00:01<00:16, 44.80it/s, loss=0.155, val/accuracy=0.912, val/loss=0.206, train/accuracy=0.898, train/loss=0.229]
Epoch 1:   6%|▌         | 47/782 [00:01<00:16, 44.99it/s, loss=0.155, val/accuracy=0.912, val/loss=0.206, train/accuracy=0.898, train/loss=0.229]
Epoch 1:   6%|▌         | 47/782 [00:01<00:16, 44.98it/s, loss=0.154, val/accuracy=0.912, val/loss=0.206, train/accuracy=0.898, train/loss=0.229]
Epoch 1:   6%|▌         | 48/782 [00:01<00:16, 45.16it/s, loss=0.154, val/accuracy=0.912, val/loss=0.206, train/accuracy=0.898, train/loss=0.229]
Epoch 1:   6%|▌         | 48/782 [00:01<00:16, 45.15it/s, loss=0.148, val/accuracy=0.912, val/loss=0.206, train/accuracy=0.898, train/loss=0.229]
Epoch 1:   6%|▋         | 49/782 [00:01<00:16, 45.32it/s, loss=0.148, val/accuracy=0.912, val/loss=0.206, train/accuracy=0.898, train/loss=0.229]
Epoch 1:   6%|▋         | 49/782 [00:01<00:16, 45.31it/s, loss=0.145, val/accuracy=0.912, val/loss=0.206, train/accuracy=0.898, train/loss=0.229]
Epoch 1:   6%|▋         | 50/782 [00:01<00:16, 45.48it/s, loss=0.145, val/accuracy=0.912, val/loss=0.206, train/accuracy=0.898, train/loss=0.229]
Epoch 1:   6%|▋         | 50/782 [00:01<00:16, 45.47it/s, loss=0.15, val/accuracy=0.912, val/loss=0.206, train/accuracy=0.898, train/loss=0.229] 
Epoch 1:   7%|▋         | 51/782 [00:01<00:16, 45.63it/s, loss=0.15, val/accuracy=0.912, val/loss=0.206, train/accuracy=0.898, train/loss=0.229]
Epoch 1:   7%|▋         | 51/782 [00:01<00:16, 45.62it/s, loss=0.151, val/accuracy=0.912, val/loss=0.206, train/accuracy=0.898, train/loss=0.229]
Epoch 1:   7%|▋         | 52/782 [00:01<00:15, 45.78it/s, loss=0.151, val/accuracy=0.912, val/loss=0.206, train/accuracy=0.898, train/loss=0.229]
Epoch 1:   7%|▋         | 52/782 [00:01<00:15, 45.77it/s, loss=0.152, val/accuracy=0.912, val/loss=0.206, train/accuracy=0.898, train/loss=0.229]
Epoch 1:   7%|▋         | 53/782 [00:01<00:15, 45.93it/s, loss=0.152, val/accuracy=0.912, val/loss=0.206, train/accuracy=0.898, train/loss=0.229]
Epoch 1:   7%|▋         | 53/782 [00:01<00:15, 45.92it/s, loss=0.152, val/accuracy=0.912, val/loss=0.206, train/accuracy=0.898, train/loss=0.229]
Epoch 1:   7%|▋         | 54/782 [00:01<00:15, 46.07it/s, loss=0.152, val/accuracy=0.912, val/loss=0.206, train/accuracy=0.898, train/loss=0.229]
Epoch 1:   7%|▋         | 54/782 [00:01<00:15, 46.06it/s, loss=0.153, val/accuracy=0.912, val/loss=0.206, train/accuracy=0.898, train/loss=0.229]
Epoch 1:   7%|▋         | 55/782 [00:01<00:15, 46.20it/s, loss=0.153, val/accuracy=0.912, val/loss=0.206, train/accuracy=0.898, train/loss=0.229]
Epoch 1:   7%|▋         | 55/782 [00:01<00:15, 46.19it/s, loss=0.151, val/accuracy=0.912, val/loss=0.206, train/accuracy=0.898, train/loss=0.229]
Epoch 1:   7%|▋         | 56/782 [00:01<00:15, 46.34it/s, loss=0.151, val/accuracy=0.912, val/loss=0.206, train/accuracy=0.898, train/loss=0.229]
Epoch 1:   7%|▋         | 56/782 [00:01<00:15, 46.33it/s, loss=0.152, val/accuracy=0.912, val/loss=0.206, train/accuracy=0.898, train/loss=0.229]
Epoch 1:   7%|▋         | 57/782 [00:01<00:15, 46.47it/s, loss=0.152, val/accuracy=0.912, val/loss=0.206, train/accuracy=0.898, train/loss=0.229]
Epoch 1:   7%|▋         | 57/782 [00:01<00:15, 46.46it/s, loss=0.157, val/accuracy=0.912, val/loss=0.206, train/accuracy=0.898, train/loss=0.229]
Epoch 1:   7%|▋         | 58/782 [00:01<00:15, 46.59it/s, loss=0.157, val/accuracy=0.912, val/loss=0.206, train/accuracy=0.898, train/loss=0.229]
Epoch 1:   7%|▋         | 58/782 [00:01<00:15, 46.58it/s, loss=0.157, val/accuracy=0.912, val/loss=0.206, train/accuracy=0.898, train/loss=0.229]
Epoch 1:   8%|▊         | 59/782 [00:01<00:15, 46.71it/s, loss=0.157, val/accuracy=0.912, val/loss=0.206, train/accuracy=0.898, train/loss=0.229]
Epoch 1:   8%|▊         | 59/782 [00:01<00:15, 46.71it/s, loss=0.152, val/accuracy=0.912, val/loss=0.206, train/accuracy=0.898, train/loss=0.229]
Epoch 1:   8%|▊         | 60/782 [00:01<00:15, 46.83it/s, loss=0.152, val/accuracy=0.912, val/loss=0.206, train/accuracy=0.898, train/loss=0.229]
Epoch 1:   8%|▊         | 60/782 [00:01<00:15, 46.82it/s, loss=0.146, val/accuracy=0.912, val/loss=0.206, train/accuracy=0.898, train/loss=0.229]
Epoch 1:   8%|▊         | 61/782 [00:01<00:15, 46.95it/s, loss=0.146, val/accuracy=0.912, val/loss=0.206, train/accuracy=0.898, train/loss=0.229]
Epoch 1:   8%|▊         | 61/782 [00:01<00:15, 46.94it/s, loss=0.143, val/accuracy=0.912, val/loss=0.206, train/accuracy=0.898, train/loss=0.229]
Epoch 1:   8%|▊         | 62/782 [00:01<00:15, 47.06it/s, loss=0.143, val/accuracy=0.912, val/loss=0.206, train/accuracy=0.898, train/loss=0.229]
Epoch 1:   8%|▊         | 62/782 [00:01<00:15, 47.05it/s, loss=0.142, val/accuracy=0.912, val/loss=0.206, train/accuracy=0.898, train/loss=0.229]
Epoch 1:   8%|▊         | 63/782 [00:01<00:15, 47.17it/s, loss=0.142, val/accuracy=0.912, val/loss=0.206, train/accuracy=0.898, train/loss=0.229]
Epoch 1:   8%|▊         | 63/782 [00:01<00:15, 47.16it/s, loss=0.141, val/accuracy=0.912, val/loss=0.206, train/accuracy=0.898, train/loss=0.229]
Epoch 1:   8%|▊         | 64/782 [00:01<00:15, 47.28it/s, loss=0.141, val/accuracy=0.912, val/loss=0.206, train/accuracy=0.898, train/loss=0.229]
Epoch 1:   8%|▊         | 64/782 [00:01<00:15, 47.27it/s, loss=0.141, val/accuracy=0.912, val/loss=0.206, train/accuracy=0.898, train/loss=0.229]
Epoch 1:   8%|▊         | 65/782 [00:01<00:15, 47.38it/s, loss=0.141, val/accuracy=0.912, val/loss=0.206, train/accuracy=0.898, train/loss=0.229]
Epoch 1:   8%|▊         | 65/782 [00:01<00:15, 47.37it/s, loss=0.14, val/accuracy=0.912, val/loss=0.206, train/accuracy=0.898, train/loss=0.229] 
Epoch 1:   8%|▊         | 66/782 [00:01<00:15, 47.48it/s, loss=0.14, val/accuracy=0.912, val/loss=0.206, train/accuracy=0.898, train/loss=0.229]
Epoch 1:   8%|▊         | 66/782 [00:01<00:15, 47.47it/s, loss=0.138, val/accuracy=0.912, val/loss=0.206, train/accuracy=0.898, train/loss=0.229]
Epoch 1:   9%|▊         | 67/782 [00:01<00:15, 47.58it/s, loss=0.138, val/accuracy=0.912, val/loss=0.206, train/accuracy=0.898, train/loss=0.229]
Epoch 1:   9%|▊         | 67/782 [00:01<00:15, 47.57it/s, loss=0.146, val/accuracy=0.912, val/loss=0.206, train/accuracy=0.898, train/loss=0.229]
Epoch 1:   9%|▊         | 68/782 [00:01<00:14, 47.68it/s, loss=0.146, val/accuracy=0.912, val/loss=0.206, train/accuracy=0.898, train/loss=0.229]
Epoch 1:   9%|▊         | 68/782 [00:01<00:14, 47.67it/s, loss=0.151, val/accuracy=0.912, val/loss=0.206, train/accuracy=0.898, train/loss=0.229]
Epoch 1:   9%|▉         | 69/782 [00:01<00:14, 47.77it/s, loss=0.151, val/accuracy=0.912, val/loss=0.206, train/accuracy=0.898, train/loss=0.229]
Epoch 1:   9%|▉         | 69/782 [00:01<00:14, 47.76it/s, loss=0.151, val/accuracy=0.912, val/loss=0.206, train/accuracy=0.898, train/loss=0.229]
Epoch 1:   9%|▉         | 70/782 [00:01<00:14, 47.86it/s, loss=0.151, val/accuracy=0.912, val/loss=0.206, train/accuracy=0.898, train/loss=0.229]
Epoch 1:   9%|▉         | 70/782 [00:01<00:14, 47.85it/s, loss=0.148, val/accuracy=0.912, val/loss=0.206, train/accuracy=0.898, train/loss=0.229]
Epoch 1:   9%|▉         | 71/782 [00:01<00:14, 47.95it/s, loss=0.148, val/accuracy=0.912, val/loss=0.206, train/accuracy=0.898, train/loss=0.229]
Epoch 1:   9%|▉         | 71/782 [00:01<00:14, 47.94it/s, loss=0.148, val/accuracy=0.912, val/loss=0.206, train/accuracy=0.898, train/loss=0.229]
Epoch 1:   9%|▉         | 72/782 [00:01<00:14, 48.04it/s, loss=0.148, val/accuracy=0.912, val/loss=0.206, train/accuracy=0.898, train/loss=0.229]
Epoch 1:   9%|▉         | 72/782 [00:01<00:14, 48.03it/s, loss=0.153, val/accuracy=0.912, val/loss=0.206, train/accuracy=0.898, train/loss=0.229]
Epoch 1:   9%|▉         | 73/782 [00:01<00:14, 48.12it/s, loss=0.153, val/accuracy=0.912, val/loss=0.206, train/accuracy=0.898, train/loss=0.229]
Epoch 1:   9%|▉         | 73/782 [00:01<00:14, 48.12it/s, loss=0.158, val/accuracy=0.912, val/loss=0.206, train/accuracy=0.898, train/loss=0.229]
Epoch 1:   9%|▉         | 74/782 [00:01<00:14, 48.21it/s, loss=0.158, val/accuracy=0.912, val/loss=0.206, train/accuracy=0.898, train/loss=0.229]
Epoch 1:   9%|▉         | 74/782 [00:01<00:14, 48.20it/s, loss=0.154, val/accuracy=0.912, val/loss=0.206, train/accuracy=0.898, train/loss=0.229]
Epoch 1:  10%|▉         | 75/782 [00:01<00:14, 48.29it/s, loss=0.154, val/accuracy=0.912, val/loss=0.206, train/accuracy=0.898, train/loss=0.229]
Epoch 1:  10%|▉         | 75/782 [00:01<00:14, 48.28it/s, loss=0.152, val/accuracy=0.912, val/loss=0.206, train/accuracy=0.898, train/loss=0.229]
Epoch 1:  10%|▉         | 76/782 [00:01<00:14, 48.37it/s, loss=0.152, val/accuracy=0.912, val/loss=0.206, train/accuracy=0.898, train/loss=0.229]
Epoch 1:  10%|▉         | 76/782 [00:01<00:14, 48.36it/s, loss=0.156, val/accuracy=0.912, val/loss=0.206, train/accuracy=0.898, train/loss=0.229]
Epoch 1:  10%|▉         | 77/782 [00:01<00:14, 48.44it/s, loss=0.156, val/accuracy=0.912, val/loss=0.206, train/accuracy=0.898, train/loss=0.229]
Epoch 1:  10%|▉         | 77/782 [00:01<00:14, 48.44it/s, loss=0.153, val/accuracy=0.912, val/loss=0.206, train/accuracy=0.898, train/loss=0.229]
Epoch 1:  10%|▉         | 78/782 [00:01<00:14, 48.51it/s, loss=0.153, val/accuracy=0.912, val/loss=0.206, train/accuracy=0.898, train/loss=0.229]
Epoch 1:  10%|▉         | 78/782 [00:01<00:14, 48.51it/s, loss=0.153, val/accuracy=0.912, val/loss=0.206, train/accuracy=0.898, train/loss=0.229]
Epoch 1:  10%|█         | 79/782 [00:01<00:14, 48.59it/s, loss=0.153, val/accuracy=0.912, val/loss=0.206, train/accuracy=0.898, train/loss=0.229]
Epoch 1:  10%|█         | 79/782 [00:01<00:14, 48.58it/s, loss=0.158, val/accuracy=0.912, val/loss=0.206, train/accuracy=0.898, train/loss=0.229]
Epoch 1:  10%|█         | 80/782 [00:01<00:14, 48.66it/s, loss=0.158, val/accuracy=0.912, val/loss=0.206, train/accuracy=0.898, train/loss=0.229]
Epoch 1:  10%|█         | 80/782 [00:01<00:14, 48.65it/s, loss=0.159, val/accuracy=0.912, val/loss=0.206, train/accuracy=0.898, train/loss=0.229]
Epoch 1:  10%|█         | 81/782 [00:01<00:14, 48.73it/s, loss=0.159, val/accuracy=0.912, val/loss=0.206, train/accuracy=0.898, train/loss=0.229]
Epoch 1:  10%|█         | 81/782 [00:01<00:14, 48.72it/s, loss=0.165, val/accuracy=0.912, val/loss=0.206, train/accuracy=0.898, train/loss=0.229]
Epoch 1:  10%|█         | 82/782 [00:01<00:14, 48.80it/s, loss=0.165, val/accuracy=0.912, val/loss=0.206, train/accuracy=0.898, train/loss=0.229]
Epoch 1:  10%|█         | 82/782 [00:01<00:14, 48.79it/s, loss=0.167, val/accuracy=0.912, val/loss=0.206, train/accuracy=0.898, train/loss=0.229]
Epoch 1:  11%|█         | 83/782 [00:01<00:14, 48.87it/s, loss=0.167, val/accuracy=0.912, val/loss=0.206, train/accuracy=0.898, train/loss=0.229]
Epoch 1:  11%|█         | 83/782 [00:01<00:14, 48.86it/s, loss=0.168, val/accuracy=0.912, val/loss=0.206, train/accuracy=0.898, train/loss=0.229]
Epoch 1:  11%|█         | 84/782 [00:01<00:14, 48.91it/s, loss=0.168, val/accuracy=0.912, val/loss=0.206, train/accuracy=0.898, train/loss=0.229]
Epoch 1:  11%|█         | 84/782 [00:01<00:14, 48.90it/s, loss=0.168, val/accuracy=0.912, val/loss=0.206, train/accuracy=0.898, train/loss=0.229]
Epoch 1:  11%|█         | 85/782 [00:01<00:14, 48.97it/s, loss=0.168, val/accuracy=0.912, val/loss=0.206, train/accuracy=0.898, train/loss=0.229]
Epoch 1:  11%|█         | 85/782 [00:01<00:14, 48.97it/s, loss=0.169, val/accuracy=0.912, val/loss=0.206, train/accuracy=0.898, train/loss=0.229]
Epoch 1:  11%|█         | 86/782 [00:01<00:14, 49.04it/s, loss=0.169, val/accuracy=0.912, val/loss=0.206, train/accuracy=0.898, train/loss=0.229]
Epoch 1:  11%|█         | 86/782 [00:01<00:14, 49.03it/s, loss=0.176, val/accuracy=0.912, val/loss=0.206, train/accuracy=0.898, train/loss=0.229]
Epoch 1:  11%|█         | 87/782 [00:01<00:14, 49.10it/s, loss=0.176, val/accuracy=0.912, val/loss=0.206, train/accuracy=0.898, train/loss=0.229]
Epoch 1:  11%|█         | 87/782 [00:01<00:14, 49.09it/s, loss=0.172, val/accuracy=0.912, val/loss=0.206, train/accuracy=0.898, train/loss=0.229]
Epoch 1:  11%|█▏        | 88/782 [00:01<00:14, 49.16it/s, loss=0.172, val/accuracy=0.912, val/loss=0.206, train/accuracy=0.898, train/loss=0.229]
Epoch 1:  11%|█▏        | 88/782 [00:01<00:14, 49.15it/s, loss=0.167, val/accuracy=0.912, val/loss=0.206, train/accuracy=0.898, train/loss=0.229]
Epoch 1:  11%|█▏        | 89/782 [00:01<00:14, 49.22it/s, loss=0.167, val/accuracy=0.912, val/loss=0.206, train/accuracy=0.898, train/loss=0.229]
Epoch 1:  11%|█▏        | 89/782 [00:01<00:14, 49.21it/s, loss=0.164, val/accuracy=0.912, val/loss=0.206, train/accuracy=0.898, train/loss=0.229]
Epoch 1:  12%|█▏        | 90/782 [00:01<00:14, 49.28it/s, loss=0.164, val/accuracy=0.912, val/loss=0.206, train/accuracy=0.898, train/loss=0.229]
Epoch 1:  12%|█▏        | 90/782 [00:01<00:14, 49.27it/s, loss=0.161, val/accuracy=0.912, val/loss=0.206, train/accuracy=0.898, train/loss=0.229]
Epoch 1:  12%|█▏        | 91/782 [00:01<00:14, 49.34it/s, loss=0.161, val/accuracy=0.912, val/loss=0.206, train/accuracy=0.898, train/loss=0.229]
Epoch 1:  12%|█▏        | 91/782 [00:01<00:14, 49.33it/s, loss=0.163, val/accuracy=0.912, val/loss=0.206, train/accuracy=0.898, train/loss=0.229]
Epoch 1:  12%|█▏        | 92/782 [00:01<00:13, 49.39it/s, loss=0.163, val/accuracy=0.912, val/loss=0.206, train/accuracy=0.898, train/loss=0.229]
Epoch 1:  12%|█▏        | 92/782 [00:01<00:13, 49.39it/s, loss=0.157, val/accuracy=0.912, val/loss=0.206, train/accuracy=0.898, train/loss=0.229]
Epoch 1:  12%|█▏        | 93/782 [00:01<00:13, 49.45it/s, loss=0.157, val/accuracy=0.912, val/loss=0.206, train/accuracy=0.898, train/loss=0.229]
Epoch 1:  12%|█▏        | 93/782 [00:01<00:13, 49.44it/s, loss=0.151, val/accuracy=0.912, val/loss=0.206, train/accuracy=0.898, train/loss=0.229]
Epoch 1:  12%|█▏        | 94/782 [00:01<00:13, 49.50it/s, loss=0.151, val/accuracy=0.912, val/loss=0.206, train/accuracy=0.898, train/loss=0.229]
Epoch 1:  12%|█▏        | 94/782 [00:01<00:13, 49.50it/s, loss=0.155, val/accuracy=0.912, val/loss=0.206, train/accuracy=0.898, train/loss=0.229]
Epoch 1:  12%|█▏        | 95/782 [00:01<00:13, 49.56it/s, loss=0.155, val/accuracy=0.912, val/loss=0.206, train/accuracy=0.898, train/loss=0.229]
Epoch 1:  12%|█▏        | 95/782 [00:01<00:13, 49.55it/s, loss=0.159, val/accuracy=0.912, val/loss=0.206, train/accuracy=0.898, train/loss=0.229]
Epoch 1:  12%|█▏        | 96/782 [00:01<00:13, 49.61it/s, loss=0.159, val/accuracy=0.912, val/loss=0.206, train/accuracy=0.898, train/loss=0.229]
Epoch 1:  12%|█▏        | 96/782 [00:01<00:13, 49.60it/s, loss=0.163, val/accuracy=0.912, val/loss=0.206, train/accuracy=0.898, train/loss=0.229]
Epoch 1:  12%|█▏        | 97/782 [00:01<00:13, 49.66it/s, loss=0.163, val/accuracy=0.912, val/loss=0.206, train/accuracy=0.898, train/loss=0.229]
Epoch 1:  12%|█▏        | 97/782 [00:01<00:13, 49.65it/s, loss=0.164, val/accuracy=0.912, val/loss=0.206, train/accuracy=0.898, train/loss=0.229]
Epoch 1:  13%|█▎        | 98/782 [00:01<00:13, 49.71it/s, loss=0.164, val/accuracy=0.912, val/loss=0.206, train/accuracy=0.898, train/loss=0.229]
Epoch 1:  13%|█▎        | 98/782 [00:01<00:13, 49.70it/s, loss=0.167, val/accuracy=0.912, val/loss=0.206, train/accuracy=0.898, train/loss=0.229]
Epoch 1:  13%|█▎        | 99/782 [00:01<00:13, 49.76it/s, loss=0.167, val/accuracy=0.912, val/loss=0.206, train/accuracy=0.898, train/loss=0.229]
Epoch 1:  13%|█▎        | 99/782 [00:01<00:13, 49.75it/s, loss=0.168, val/accuracy=0.912, val/loss=0.206, train/accuracy=0.898, train/loss=0.229]
Epoch 1:  13%|█▎        | 100/782 [00:02<00:13, 49.81it/s, loss=0.168, val/accuracy=0.912, val/loss=0.206, train/accuracy=0.898, train/loss=0.229]
Epoch 1:  13%|█▎        | 100/782 [00:02<00:13, 49.80it/s, loss=0.169, val/accuracy=0.912, val/loss=0.206, train/accuracy=0.898, train/loss=0.229]
Epoch 1:  13%|█▎        | 101/782 [00:02<00:13, 49.85it/s, loss=0.169, val/accuracy=0.912, val/loss=0.206, train/accuracy=0.898, train/loss=0.229]
Epoch 1:  13%|█▎        | 101/782 [00:02<00:13, 49.85it/s, loss=0.166, val/accuracy=0.912, val/loss=0.206, train/accuracy=0.898, train/loss=0.229]
Epoch 1:  13%|█▎        | 102/782 [00:02<00:13, 49.90it/s, loss=0.166, val/accuracy=0.912, val/loss=0.206, train/accuracy=0.898, train/loss=0.229]
Epoch 1:  13%|█▎        | 102/782 [00:02<00:13, 49.90it/s, loss=0.165, val/accuracy=0.912, val/loss=0.206, train/accuracy=0.898, train/loss=0.229]
Epoch 1:  13%|█▎        | 103/782 [00:02<00:13, 49.95it/s, loss=0.165, val/accuracy=0.912, val/loss=0.206, train/accuracy=0.898, train/loss=0.229]
Epoch 1:  13%|█▎        | 103/782 [00:02<00:13, 49.94it/s, loss=0.167, val/accuracy=0.912, val/loss=0.206, train/accuracy=0.898, train/loss=0.229]
Epoch 1:  13%|█▎        | 104/782 [00:02<00:13, 49.99it/s, loss=0.167, val/accuracy=0.912, val/loss=0.206, train/accuracy=0.898, train/loss=0.229]
Epoch 1:  13%|█▎        | 104/782 [00:02<00:13, 49.98it/s, loss=0.166, val/accuracy=0.912, val/loss=0.206, train/accuracy=0.898, train/loss=0.229]
Epoch 1:  13%|█▎        | 105/782 [00:02<00:13, 50.03it/s, loss=0.166, val/accuracy=0.912, val/loss=0.206, train/accuracy=0.898, train/loss=0.229]
Epoch 1:  13%|█▎        | 105/782 [00:02<00:13, 50.03it/s, loss=0.162, val/accuracy=0.912, val/loss=0.206, train/accuracy=0.898, train/loss=0.229]
Epoch 1:  14%|█▎        | 106/782 [00:02<00:13, 50.08it/s, loss=0.162, val/accuracy=0.912, val/loss=0.206, train/accuracy=0.898, train/loss=0.229]
Epoch 1:  14%|█▎        | 106/782 [00:02<00:13, 50.07it/s, loss=0.153, val/accuracy=0.912, val/loss=0.206, train/accuracy=0.898, train/loss=0.229]
Epoch 1:  14%|█▎        | 107/782 [00:02<00:13, 50.12it/s, loss=0.153, val/accuracy=0.912, val/loss=0.206, train/accuracy=0.898, train/loss=0.229]
Epoch 1:  14%|█▎        | 107/782 [00:02<00:13, 50.12it/s, loss=0.15, val/accuracy=0.912, val/loss=0.206, train/accuracy=0.898, train/loss=0.229] 
Epoch 1:  14%|█▍        | 108/782 [00:02<00:13, 50.16it/s, loss=0.15, val/accuracy=0.912, val/loss=0.206, train/accuracy=0.898, train/loss=0.229]
Epoch 1:  14%|█▍        | 108/782 [00:02<00:13, 50.16it/s, loss=0.149, val/accuracy=0.912, val/loss=0.206, train/accuracy=0.898, train/loss=0.229]
Epoch 1:  14%|█▍        | 109/782 [00:02<00:13, 50.20it/s, loss=0.149, val/accuracy=0.912, val/loss=0.206, train/accuracy=0.898, train/loss=0.229]
Epoch 1:  14%|█▍        | 109/782 [00:02<00:13, 50.20it/s, loss=0.151, val/accuracy=0.912, val/loss=0.206, train/accuracy=0.898, train/loss=0.229]
Epoch 1:  14%|█▍        | 110/782 [00:02<00:13, 50.24it/s, loss=0.151, val/accuracy=0.912, val/loss=0.206, train/accuracy=0.898, train/loss=0.229]
Epoch 1:  14%|█▍        | 110/782 [00:02<00:13, 50.24it/s, loss=0.156, val/accuracy=0.912, val/loss=0.206, train/accuracy=0.898, train/loss=0.229]
Epoch 1:  14%|█▍        | 111/782 [00:02<00:13, 50.28it/s, loss=0.156, val/accuracy=0.912, val/loss=0.206, train/accuracy=0.898, train/loss=0.229]
Epoch 1:  14%|█▍        | 111/782 [00:02<00:13, 50.28it/s, loss=0.155, val/accuracy=0.912, val/loss=0.206, train/accuracy=0.898, train/loss=0.229]
Epoch 1:  14%|█▍        | 112/782 [00:02<00:13, 50.32it/s, loss=0.155, val/accuracy=0.912, val/loss=0.206, train/accuracy=0.898, train/loss=0.229]
Epoch 1:  14%|█▍        | 112/782 [00:02<00:13, 50.32it/s, loss=0.159, val/accuracy=0.912, val/loss=0.206, train/accuracy=0.898, train/loss=0.229]
Epoch 1:  14%|█▍        | 113/782 [00:02<00:13, 50.36it/s, loss=0.159, val/accuracy=0.912, val/loss=0.206, train/accuracy=0.898, train/loss=0.229]
Epoch 1:  14%|█▍        | 113/782 [00:02<00:13, 50.35it/s, loss=0.16, val/accuracy=0.912, val/loss=0.206, train/accuracy=0.898, train/loss=0.229] 
Epoch 1:  15%|█▍        | 114/782 [00:02<00:13, 50.39it/s, loss=0.16, val/accuracy=0.912, val/loss=0.206, train/accuracy=0.898, train/loss=0.229]
Epoch 1:  15%|█▍        | 114/782 [00:02<00:13, 50.39it/s, loss=0.164, val/accuracy=0.912, val/loss=0.206, train/accuracy=0.898, train/loss=0.229]
Epoch 1:  15%|█▍        | 115/782 [00:02<00:13, 50.43it/s, loss=0.164, val/accuracy=0.912, val/loss=0.206, train/accuracy=0.898, train/loss=0.229]
Epoch 1:  15%|█▍        | 115/782 [00:02<00:13, 50.43it/s, loss=0.163, val/accuracy=0.912, val/loss=0.206, train/accuracy=0.898, train/loss=0.229]
Epoch 1:  15%|█▍        | 116/782 [00:02<00:13, 50.47it/s, loss=0.163, val/accuracy=0.912, val/loss=0.206, train/accuracy=0.898, train/loss=0.229]
Epoch 1:  15%|█▍        | 116/782 [00:02<00:13, 50.46it/s, loss=0.155, val/accuracy=0.912, val/loss=0.206, train/accuracy=0.898, train/loss=0.229]
Epoch 1:  15%|█▍        | 117/782 [00:02<00:13, 50.50it/s, loss=0.155, val/accuracy=0.912, val/loss=0.206, train/accuracy=0.898, train/loss=0.229]
Epoch 1:  15%|█▍        | 117/782 [00:02<00:13, 50.50it/s, loss=0.156, val/accuracy=0.912, val/loss=0.206, train/accuracy=0.898, train/loss=0.229]
Epoch 1:  15%|█▌        | 118/782 [00:02<00:13, 50.54it/s, loss=0.156, val/accuracy=0.912, val/loss=0.206, train/accuracy=0.898, train/loss=0.229]
Epoch 1:  15%|█▌        | 118/782 [00:02<00:13, 50.53it/s, loss=0.153, val/accuracy=0.912, val/loss=0.206, train/accuracy=0.898, train/loss=0.229]
Epoch 1:  15%|█▌        | 119/782 [00:02<00:13, 50.57it/s, loss=0.153, val/accuracy=0.912, val/loss=0.206, train/accuracy=0.898, train/loss=0.229]
Epoch 1:  15%|█▌        | 119/782 [00:02<00:13, 50.57it/s, loss=0.15, val/accuracy=0.912, val/loss=0.206, train/accuracy=0.898, train/loss=0.229] 
Epoch 1:  15%|█▌        | 120/782 [00:02<00:13, 50.61it/s, loss=0.15, val/accuracy=0.912, val/loss=0.206, train/accuracy=0.898, train/loss=0.229]
Epoch 1:  15%|█▌        | 120/782 [00:02<00:13, 50.60it/s, loss=0.149, val/accuracy=0.912, val/loss=0.206, train/accuracy=0.898, train/loss=0.229]
Epoch 1:  15%|█▌        | 121/782 [00:02<00:13, 50.61it/s, loss=0.149, val/accuracy=0.912, val/loss=0.206, train/accuracy=0.898, train/loss=0.229]
Epoch 1:  15%|█▌        | 121/782 [00:02<00:13, 50.60it/s, loss=0.155, val/accuracy=0.912, val/loss=0.206, train/accuracy=0.898, train/loss=0.229]
Epoch 1:  16%|█▌        | 122/782 [00:02<00:13, 50.59it/s, loss=0.155, val/accuracy=0.912, val/loss=0.206, train/accuracy=0.898, train/loss=0.229]
Epoch 1:  16%|█▌        | 122/782 [00:02<00:13, 50.58it/s, loss=0.154, val/accuracy=0.912, val/loss=0.206, train/accuracy=0.898, train/loss=0.229]
Epoch 1:  16%|█▌        | 123/782 [00:02<00:13, 50.62it/s, loss=0.154, val/accuracy=0.912, val/loss=0.206, train/accuracy=0.898, train/loss=0.229]
Epoch 1:  16%|█▌        | 123/782 [00:02<00:13, 50.61it/s, loss=0.152, val/accuracy=0.912, val/loss=0.206, train/accuracy=0.898, train/loss=0.229]
Epoch 1:  16%|█▌        | 124/782 [00:02<00:12, 50.65it/s, loss=0.152, val/accuracy=0.912, val/loss=0.206, train/accuracy=0.898, train/loss=0.229]
Epoch 1:  16%|█▌        | 124/782 [00:02<00:12, 50.64it/s, loss=0.147, val/accuracy=0.912, val/loss=0.206, train/accuracy=0.898, train/loss=0.229]
Epoch 1:  16%|█▌        | 125/782 [00:02<00:12, 50.68it/s, loss=0.147, val/accuracy=0.912, val/loss=0.206, train/accuracy=0.898, train/loss=0.229]
Epoch 1:  16%|█▌        | 125/782 [00:02<00:12, 50.67it/s, loss=0.147, val/accuracy=0.912, val/loss=0.206, train/accuracy=0.898, train/loss=0.229]
Epoch 1:  16%|█▌        | 126/782 [00:02<00:12, 50.71it/s, loss=0.147, val/accuracy=0.912, val/loss=0.206, train/accuracy=0.898, train/loss=0.229]
Epoch 1:  16%|█▌        | 126/782 [00:02<00:12, 50.70it/s, loss=0.148, val/accuracy=0.912, val/loss=0.206, train/accuracy=0.898, train/loss=0.229]
Epoch 1:  16%|█▌        | 127/782 [00:02<00:12, 50.73it/s, loss=0.148, val/accuracy=0.912, val/loss=0.206, train/accuracy=0.898, train/loss=0.229]
Epoch 1:  16%|█▌        | 127/782 [00:02<00:12, 50.73it/s, loss=0.152, val/accuracy=0.912, val/loss=0.206, train/accuracy=0.898, train/loss=0.229]
Epoch 1:  16%|█▋        | 128/782 [00:02<00:12, 50.76it/s, loss=0.152, val/accuracy=0.912, val/loss=0.206, train/accuracy=0.898, train/loss=0.229]
Epoch 1:  16%|█▋        | 128/782 [00:02<00:12, 50.76it/s, loss=0.155, val/accuracy=0.912, val/loss=0.206, train/accuracy=0.898, train/loss=0.229]
Epoch 1:  16%|█▋        | 129/782 [00:02<00:12, 50.79it/s, loss=0.155, val/accuracy=0.912, val/loss=0.206, train/accuracy=0.898, train/loss=0.229]
Epoch 1:  16%|█▋        | 129/782 [00:02<00:12, 50.78it/s, loss=0.159, val/accuracy=0.912, val/loss=0.206, train/accuracy=0.898, train/loss=0.229]
Epoch 1:  17%|█▋        | 130/782 [00:02<00:12, 50.81it/s, loss=0.159, val/accuracy=0.912, val/loss=0.206, train/accuracy=0.898, train/loss=0.229]
Epoch 1:  17%|█▋        | 130/782 [00:02<00:12, 50.81it/s, loss=0.157, val/accuracy=0.912, val/loss=0.206, train/accuracy=0.898, train/loss=0.229]
Epoch 1:  17%|█▋        | 131/782 [00:02<00:12, 50.84it/s, loss=0.157, val/accuracy=0.912, val/loss=0.206, train/accuracy=0.898, train/loss=0.229]
Epoch 1:  17%|█▋        | 131/782 [00:02<00:12, 50.84it/s, loss=0.154, val/accuracy=0.912, val/loss=0.206, train/accuracy=0.898, train/loss=0.229]
Epoch 1:  17%|█▋        | 132/782 [00:02<00:12, 50.87it/s, loss=0.154, val/accuracy=0.912, val/loss=0.206, train/accuracy=0.898, train/loss=0.229]
Epoch 1:  17%|█▋        | 132/782 [00:02<00:12, 50.86it/s, loss=0.149, val/accuracy=0.912, val/loss=0.206, train/accuracy=0.898, train/loss=0.229]
Epoch 1:  17%|█▋        | 133/782 [00:02<00:12, 50.89it/s, loss=0.149, val/accuracy=0.912, val/loss=0.206, train/accuracy=0.898, train/loss=0.229]
Epoch 1:  17%|█▋        | 133/782 [00:02<00:12, 50.89it/s, loss=0.151, val/accuracy=0.912, val/loss=0.206, train/accuracy=0.898, train/loss=0.229]
Epoch 1:  17%|█▋        | 134/782 [00:02<00:12, 50.92it/s, loss=0.151, val/accuracy=0.912, val/loss=0.206, train/accuracy=0.898, train/loss=0.229]
Epoch 1:  17%|█▋        | 134/782 [00:02<00:12, 50.91it/s, loss=0.149, val/accuracy=0.912, val/loss=0.206, train/accuracy=0.898, train/loss=0.229]
Epoch 1:  17%|█▋        | 135/782 [00:02<00:12, 50.94it/s, loss=0.149, val/accuracy=0.912, val/loss=0.206, train/accuracy=0.898, train/loss=0.229]
Epoch 1:  17%|█▋        | 135/782 [00:02<00:12, 50.94it/s, loss=0.15, val/accuracy=0.912, val/loss=0.206, train/accuracy=0.898, train/loss=0.229] 
Epoch 1:  17%|█▋        | 136/782 [00:02<00:12, 50.97it/s, loss=0.15, val/accuracy=0.912, val/loss=0.206, train/accuracy=0.898, train/loss=0.229]
Epoch 1:  17%|█▋        | 136/782 [00:02<00:12, 50.96it/s, loss=0.154, val/accuracy=0.912, val/loss=0.206, train/accuracy=0.898, train/loss=0.229]
Epoch 1:  18%|█▊        | 137/782 [00:02<00:12, 50.99it/s, loss=0.154, val/accuracy=0.912, val/loss=0.206, train/accuracy=0.898, train/loss=0.229]
Epoch 1:  18%|█▊        | 137/782 [00:02<00:12, 50.99it/s, loss=0.151, val/accuracy=0.912, val/loss=0.206, train/accuracy=0.898, train/loss=0.229]
Epoch 1:  18%|█▊        | 138/782 [00:02<00:12, 51.02it/s, loss=0.151, val/accuracy=0.912, val/loss=0.206, train/accuracy=0.898, train/loss=0.229]
Epoch 1:  18%|█▊        | 138/782 [00:02<00:12, 51.02it/s, loss=0.154, val/accuracy=0.912, val/loss=0.206, train/accuracy=0.898, train/loss=0.229]
Epoch 1:  18%|█▊        | 139/782 [00:02<00:12, 51.05it/s, loss=0.154, val/accuracy=0.912, val/loss=0.206, train/accuracy=0.898, train/loss=0.229]
Epoch 1:  18%|█▊        | 139/782 [00:02<00:12, 51.04it/s, loss=0.157, val/accuracy=0.912, val/loss=0.206, train/accuracy=0.898, train/loss=0.229]
Epoch 1:  18%|█▊        | 140/782 [00:02<00:12, 51.06it/s, loss=0.157, val/accuracy=0.912, val/loss=0.206, train/accuracy=0.898, train/loss=0.229]
Epoch 1:  18%|█▊        | 140/782 [00:02<00:12, 51.05it/s, loss=0.159, val/accuracy=0.912, val/loss=0.206, train/accuracy=0.898, train/loss=0.229]
Epoch 1:  18%|█▊        | 141/782 [00:02<00:12, 51.08it/s, loss=0.159, val/accuracy=0.912, val/loss=0.206, train/accuracy=0.898, train/loss=0.229]
Epoch 1:  18%|█▊        | 141/782 [00:02<00:12, 51.08it/s, loss=0.154, val/accuracy=0.912, val/loss=0.206, train/accuracy=0.898, train/loss=0.229]
Epoch 1:  18%|█▊        | 142/782 [00:02<00:12, 51.11it/s, loss=0.154, val/accuracy=0.912, val/loss=0.206, train/accuracy=0.898, train/loss=0.229]
Epoch 1:  18%|█▊        | 142/782 [00:02<00:12, 51.11it/s, loss=0.155, val/accuracy=0.912, val/loss=0.206, train/accuracy=0.898, train/loss=0.229]
Epoch 1:  18%|█▊        | 143/782 [00:02<00:12, 51.14it/s, loss=0.155, val/accuracy=0.912, val/loss=0.206, train/accuracy=0.898, train/loss=0.229]
Epoch 1:  18%|█▊        | 143/782 [00:02<00:12, 51.13it/s, loss=0.159, val/accuracy=0.912, val/loss=0.206, train/accuracy=0.898, train/loss=0.229]
Epoch 1:  18%|█▊        | 144/782 [00:02<00:12, 51.15it/s, loss=0.159, val/accuracy=0.912, val/loss=0.206, train/accuracy=0.898, train/loss=0.229]
Epoch 1:  18%|█▊        | 144/782 [00:02<00:12, 51.15it/s, loss=0.161, val/accuracy=0.912, val/loss=0.206, train/accuracy=0.898, train/loss=0.229]
Epoch 1:  19%|█▊        | 145/782 [00:02<00:12, 51.18it/s, loss=0.161, val/accuracy=0.912, val/loss=0.206, train/accuracy=0.898, train/loss=0.229]
Epoch 1:  19%|█▊        | 145/782 [00:02<00:12, 51.17it/s, loss=0.166, val/accuracy=0.912, val/loss=0.206, train/accuracy=0.898, train/loss=0.229]
Epoch 1:  19%|█▊        | 146/782 [00:02<00:12, 51.20it/s, loss=0.166, val/accuracy=0.912, val/loss=0.206, train/accuracy=0.898, train/loss=0.229]
Epoch 1:  19%|█▊        | 146/782 [00:02<00:12, 51.20it/s, loss=0.167, val/accuracy=0.912, val/loss=0.206, train/accuracy=0.898, train/loss=0.229]
Epoch 1:  19%|█▉        | 147/782 [00:02<00:12, 51.20it/s, loss=0.167, val/accuracy=0.912, val/loss=0.206, train/accuracy=0.898, train/loss=0.229]
Epoch 1:  19%|█▉        | 147/782 [00:02<00:12, 51.20it/s, loss=0.165, val/accuracy=0.912, val/loss=0.206, train/accuracy=0.898, train/loss=0.229]
Epoch 1:  19%|█▉        | 148/782 [00:02<00:12, 51.22it/s, loss=0.165, val/accuracy=0.912, val/loss=0.206, train/accuracy=0.898, train/loss=0.229]
Epoch 1:  19%|█▉        | 148/782 [00:02<00:12, 51.22it/s, loss=0.165, val/accuracy=0.912, val/loss=0.206, train/accuracy=0.898, train/loss=0.229]
Epoch 1:  19%|█▉        | 149/782 [00:02<00:12, 51.24it/s, loss=0.165, val/accuracy=0.912, val/loss=0.206, train/accuracy=0.898, train/loss=0.229]
Epoch 1:  19%|█▉        | 149/782 [00:02<00:12, 51.24it/s, loss=0.16, val/accuracy=0.912, val/loss=0.206, train/accuracy=0.898, train/loss=0.229] 
Epoch 1:  19%|█▉        | 150/782 [00:02<00:12, 51.26it/s, loss=0.16, val/accuracy=0.912, val/loss=0.206, train/accuracy=0.898, train/loss=0.229]
Epoch 1:  19%|█▉        | 150/782 [00:02<00:12, 51.26it/s, loss=0.16, val/accuracy=0.912, val/loss=0.206, train/accuracy=0.898, train/loss=0.229]
Epoch 1:  19%|█▉        | 151/782 [00:02<00:12, 51.28it/s, loss=0.16, val/accuracy=0.912, val/loss=0.206, train/accuracy=0.898, train/loss=0.229]
Epoch 1:  19%|█▉        | 151/782 [00:02<00:12, 51.28it/s, loss=0.166, val/accuracy=0.912, val/loss=0.206, train/accuracy=0.898, train/loss=0.229]
Epoch 1:  19%|█▉        | 152/782 [00:02<00:12, 51.30it/s, loss=0.166, val/accuracy=0.912, val/loss=0.206, train/accuracy=0.898, train/loss=0.229]
Epoch 1:  19%|█▉        | 152/782 [00:02<00:12, 51.30it/s, loss=0.166, val/accuracy=0.912, val/loss=0.206, train/accuracy=0.898, train/loss=0.229]
Epoch 1:  20%|█▉        | 153/782 [00:02<00:12, 51.32it/s, loss=0.166, val/accuracy=0.912, val/loss=0.206, train/accuracy=0.898, train/loss=0.229]
Epoch 1:  20%|█▉        | 153/782 [00:02<00:12, 51.32it/s, loss=0.163, val/accuracy=0.912, val/loss=0.206, train/accuracy=0.898, train/loss=0.229]
Epoch 1:  20%|█▉        | 154/782 [00:02<00:12, 51.35it/s, loss=0.163, val/accuracy=0.912, val/loss=0.206, train/accuracy=0.898, train/loss=0.229]
Epoch 1:  20%|█▉        | 154/782 [00:02<00:12, 51.34it/s, loss=0.164, val/accuracy=0.912, val/loss=0.206, train/accuracy=0.898, train/loss=0.229]
Epoch 1:  20%|█▉        | 155/782 [00:03<00:12, 51.37it/s, loss=0.164, val/accuracy=0.912, val/loss=0.206, train/accuracy=0.898, train/loss=0.229]
Epoch 1:  20%|█▉        | 155/782 [00:03<00:12, 51.36it/s, loss=0.161, val/accuracy=0.912, val/loss=0.206, train/accuracy=0.898, train/loss=0.229]
Epoch 1:  20%|█▉        | 156/782 [00:03<00:12, 51.39it/s, loss=0.161, val/accuracy=0.912, val/loss=0.206, train/accuracy=0.898, train/loss=0.229]
Epoch 1:  20%|█▉        | 156/782 [00:03<00:12, 51.38it/s, loss=0.156, val/accuracy=0.912, val/loss=0.206, train/accuracy=0.898, train/loss=0.229]
Epoch 1:  20%|██        | 157/782 [00:03<00:12, 51.41it/s, loss=0.156, val/accuracy=0.912, val/loss=0.206, train/accuracy=0.898, train/loss=0.229]
Epoch 1:  20%|██        | 157/782 [00:03<00:12, 51.41it/s, loss=0.154, val/accuracy=0.912, val/loss=0.206, train/accuracy=0.898, train/loss=0.229]
Epoch 1:  20%|██        | 158/782 [00:03<00:12, 51.43it/s, loss=0.154, val/accuracy=0.912, val/loss=0.206, train/accuracy=0.898, train/loss=0.229]
Epoch 1:  20%|██        | 158/782 [00:03<00:12, 51.43it/s, loss=0.155, val/accuracy=0.912, val/loss=0.206, train/accuracy=0.898, train/loss=0.229]
Epoch 1:  20%|██        | 159/782 [00:03<00:12, 51.45it/s, loss=0.155, val/accuracy=0.912, val/loss=0.206, train/accuracy=0.898, train/loss=0.229]
Epoch 1:  20%|██        | 159/782 [00:03<00:12, 51.45it/s, loss=0.152, val/accuracy=0.912, val/loss=0.206, train/accuracy=0.898, train/loss=0.229]
Epoch 1:  20%|██        | 160/782 [00:03<00:12, 51.47it/s, loss=0.152, val/accuracy=0.912, val/loss=0.206, train/accuracy=0.898, train/loss=0.229]
Epoch 1:  20%|██        | 160/782 [00:03<00:12, 51.46it/s, loss=0.153, val/accuracy=0.912, val/loss=0.206, train/accuracy=0.898, train/loss=0.229]
Epoch 1:  21%|██        | 161/782 [00:03<00:12, 51.48it/s, loss=0.153, val/accuracy=0.912, val/loss=0.206, train/accuracy=0.898, train/loss=0.229]
Epoch 1:  21%|██        | 161/782 [00:03<00:12, 51.48it/s, loss=0.153, val/accuracy=0.912, val/loss=0.206, train/accuracy=0.898, train/loss=0.229]
Epoch 1:  21%|██        | 162/782 [00:03<00:12, 51.50it/s, loss=0.153, val/accuracy=0.912, val/loss=0.206, train/accuracy=0.898, train/loss=0.229]
Epoch 1:  21%|██        | 162/782 [00:03<00:12, 51.50it/s, loss=0.15, val/accuracy=0.912, val/loss=0.206, train/accuracy=0.898, train/loss=0.229] 
Epoch 1:  21%|██        | 163/782 [00:03<00:12, 51.48it/s, loss=0.15, val/accuracy=0.912, val/loss=0.206, train/accuracy=0.898, train/loss=0.229]
Epoch 1:  21%|██        | 163/782 [00:03<00:12, 51.47it/s, loss=0.146, val/accuracy=0.912, val/loss=0.206, train/accuracy=0.898, train/loss=0.229]
Epoch 1:  21%|██        | 164/782 [00:03<00:12, 51.49it/s, loss=0.146, val/accuracy=0.912, val/loss=0.206, train/accuracy=0.898, train/loss=0.229]
Epoch 1:  21%|██        | 164/782 [00:03<00:12, 51.49it/s, loss=0.147, val/accuracy=0.912, val/loss=0.206, train/accuracy=0.898, train/loss=0.229]
Epoch 1:  21%|██        | 165/782 [00:03<00:11, 51.51it/s, loss=0.147, val/accuracy=0.912, val/loss=0.206, train/accuracy=0.898, train/loss=0.229]
Epoch 1:  21%|██        | 165/782 [00:03<00:11, 51.51it/s, loss=0.142, val/accuracy=0.912, val/loss=0.206, train/accuracy=0.898, train/loss=0.229]
Epoch 1:  21%|██        | 166/782 [00:03<00:11, 51.53it/s, loss=0.142, val/accuracy=0.912, val/loss=0.206, train/accuracy=0.898, train/loss=0.229]
Epoch 1:  21%|██        | 166/782 [00:03<00:11, 51.53it/s, loss=0.14, val/accuracy=0.912, val/loss=0.206, train/accuracy=0.898, train/loss=0.229] 
Epoch 1:  21%|██▏       | 167/782 [00:03<00:11, 51.55it/s, loss=0.14, val/accuracy=0.912, val/loss=0.206, train/accuracy=0.898, train/loss=0.229]
Epoch 1:  21%|██▏       | 167/782 [00:03<00:11, 51.54it/s, loss=0.138, val/accuracy=0.912, val/loss=0.206, train/accuracy=0.898, train/loss=0.229]
Epoch 1:  21%|██▏       | 168/782 [00:03<00:11, 51.56it/s, loss=0.138, val/accuracy=0.912, val/loss=0.206, train/accuracy=0.898, train/loss=0.229]
Epoch 1:  21%|██▏       | 168/782 [00:03<00:11, 51.56it/s, loss=0.137, val/accuracy=0.912, val/loss=0.206, train/accuracy=0.898, train/loss=0.229]
Epoch 1:  22%|██▏       | 169/782 [00:03<00:11, 51.58it/s, loss=0.137, val/accuracy=0.912, val/loss=0.206, train/accuracy=0.898, train/loss=0.229]
Epoch 1:  22%|██▏       | 169/782 [00:03<00:11, 51.57it/s, loss=0.14, val/accuracy=0.912, val/loss=0.206, train/accuracy=0.898, train/loss=0.229] 
Epoch 1:  22%|██▏       | 170/782 [00:03<00:11, 51.59it/s, loss=0.14, val/accuracy=0.912, val/loss=0.206, train/accuracy=0.898, train/loss=0.229]
Epoch 1:  22%|██▏       | 170/782 [00:03<00:11, 51.59it/s, loss=0.139, val/accuracy=0.912, val/loss=0.206, train/accuracy=0.898, train/loss=0.229]
Epoch 1:  22%|██▏       | 171/782 [00:03<00:11, 51.61it/s, loss=0.139, val/accuracy=0.912, val/loss=0.206, train/accuracy=0.898, train/loss=0.229]
Epoch 1:  22%|██▏       | 171/782 [00:03<00:11, 51.61it/s, loss=0.135, val/accuracy=0.912, val/loss=0.206, train/accuracy=0.898, train/loss=0.229]
Epoch 1:  22%|██▏       | 172/782 [00:03<00:11, 51.63it/s, loss=0.135, val/accuracy=0.912, val/loss=0.206, train/accuracy=0.898, train/loss=0.229]
Epoch 1:  22%|██▏       | 172/782 [00:03<00:11, 51.62it/s, loss=0.136, val/accuracy=0.912, val/loss=0.206, train/accuracy=0.898, train/loss=0.229]
Epoch 1:  22%|██▏       | 173/782 [00:03<00:11, 51.65it/s, loss=0.136, val/accuracy=0.912, val/loss=0.206, train/accuracy=0.898, train/loss=0.229]
Epoch 1:  22%|██▏       | 173/782 [00:03<00:11, 51.64it/s, loss=0.138, val/accuracy=0.912, val/loss=0.206, train/accuracy=0.898, train/loss=0.229]
Epoch 1:  22%|██▏       | 174/782 [00:03<00:11, 51.66it/s, loss=0.138, val/accuracy=0.912, val/loss=0.206, train/accuracy=0.898, train/loss=0.229]
Epoch 1:  22%|██▏       | 174/782 [00:03<00:11, 51.66it/s, loss=0.135, val/accuracy=0.912, val/loss=0.206, train/accuracy=0.898, train/loss=0.229]
Epoch 1:  22%|██▏       | 175/782 [00:03<00:11, 51.68it/s, loss=0.135, val/accuracy=0.912, val/loss=0.206, train/accuracy=0.898, train/loss=0.229]
Epoch 1:  22%|██▏       | 175/782 [00:03<00:11, 51.68it/s, loss=0.134, val/accuracy=0.912, val/loss=0.206, train/accuracy=0.898, train/loss=0.229]
Epoch 1:  23%|██▎       | 176/782 [00:03<00:11, 51.70it/s, loss=0.134, val/accuracy=0.912, val/loss=0.206, train/accuracy=0.898, train/loss=0.229]
Epoch 1:  23%|██▎       | 176/782 [00:03<00:11, 51.69it/s, loss=0.139, val/accuracy=0.912, val/loss=0.206, train/accuracy=0.898, train/loss=0.229]
Epoch 1:  23%|██▎       | 177/782 [00:03<00:11, 51.71it/s, loss=0.139, val/accuracy=0.912, val/loss=0.206, train/accuracy=0.898, train/loss=0.229]
Epoch 1:  23%|██▎       | 177/782 [00:03<00:11, 51.71it/s, loss=0.14, val/accuracy=0.912, val/loss=0.206, train/accuracy=0.898, train/loss=0.229] 
Epoch 1:  23%|██▎       | 178/782 [00:03<00:11, 51.72it/s, loss=0.14, val/accuracy=0.912, val/loss=0.206, train/accuracy=0.898, train/loss=0.229]
Epoch 1:  23%|██▎       | 178/782 [00:03<00:11, 51.72it/s, loss=0.143, val/accuracy=0.912, val/loss=0.206, train/accuracy=0.898, train/loss=0.229]
Epoch 1:  23%|██▎       | 179/782 [00:03<00:11, 51.74it/s, loss=0.143, val/accuracy=0.912, val/loss=0.206, train/accuracy=0.898, train/loss=0.229]
Epoch 1:  23%|██▎       | 179/782 [00:03<00:11, 51.73it/s, loss=0.144, val/accuracy=0.912, val/loss=0.206, train/accuracy=0.898, train/loss=0.229]
Epoch 1:  23%|██▎       | 180/782 [00:03<00:11, 51.74it/s, loss=0.144, val/accuracy=0.912, val/loss=0.206, train/accuracy=0.898, train/loss=0.229]
Epoch 1:  23%|██▎       | 180/782 [00:03<00:11, 51.73it/s, loss=0.14, val/accuracy=0.912, val/loss=0.206, train/accuracy=0.898, train/loss=0.229] 
Epoch 1:  23%|██▎       | 181/782 [00:03<00:11, 51.75it/s, loss=0.14, val/accuracy=0.912, val/loss=0.206, train/accuracy=0.898, train/loss=0.229]
Epoch 1:  23%|██▎       | 181/782 [00:03<00:11, 51.75it/s, loss=0.142, val/accuracy=0.912, val/loss=0.206, train/accuracy=0.898, train/loss=0.229]
Epoch 1:  23%|██▎       | 182/782 [00:03<00:11, 51.77it/s, loss=0.142, val/accuracy=0.912, val/loss=0.206, train/accuracy=0.898, train/loss=0.229]
Epoch 1:  23%|██▎       | 182/782 [00:03<00:11, 51.76it/s, loss=0.142, val/accuracy=0.912, val/loss=0.206, train/accuracy=0.898, train/loss=0.229]
Epoch 1:  23%|██▎       | 183/782 [00:03<00:11, 51.78it/s, loss=0.142, val/accuracy=0.912, val/loss=0.206, train/accuracy=0.898, train/loss=0.229]
Epoch 1:  23%|██▎       | 183/782 [00:03<00:11, 51.78it/s, loss=0.144, val/accuracy=0.912, val/loss=0.206, train/accuracy=0.898, train/loss=0.229]
Epoch 1:  24%|██▎       | 184/782 [00:03<00:11, 51.80it/s, loss=0.144, val/accuracy=0.912, val/loss=0.206, train/accuracy=0.898, train/loss=0.229]
Epoch 1:  24%|██▎       | 184/782 [00:03<00:11, 51.79it/s, loss=0.146, val/accuracy=0.912, val/loss=0.206, train/accuracy=0.898, train/loss=0.229]
Epoch 1:  24%|██▎       | 185/782 [00:03<00:11, 51.81it/s, loss=0.146, val/accuracy=0.912, val/loss=0.206, train/accuracy=0.898, train/loss=0.229]
Epoch 1:  24%|██▎       | 185/782 [00:03<00:11, 51.81it/s, loss=0.147, val/accuracy=0.912, val/loss=0.206, train/accuracy=0.898, train/loss=0.229]
Epoch 1:  24%|██▍       | 186/782 [00:03<00:11, 51.82it/s, loss=0.147, val/accuracy=0.912, val/loss=0.206, train/accuracy=0.898, train/loss=0.229]
Epoch 1:  24%|██▍       | 186/782 [00:03<00:11, 51.82it/s, loss=0.151, val/accuracy=0.912, val/loss=0.206, train/accuracy=0.898, train/loss=0.229]
Epoch 1:  24%|██▍       | 187/782 [00:03<00:11, 51.84it/s, loss=0.151, val/accuracy=0.912, val/loss=0.206, train/accuracy=0.898, train/loss=0.229]
Epoch 1:  24%|██▍       | 187/782 [00:03<00:11, 51.84it/s, loss=0.152, val/accuracy=0.912, val/loss=0.206, train/accuracy=0.898, train/loss=0.229]
Epoch 1:  24%|██▍       | 188/782 [00:03<00:11, 51.85it/s, loss=0.152, val/accuracy=0.912, val/loss=0.206, train/accuracy=0.898, train/loss=0.229]
Epoch 1:  24%|██▍       | 188/782 [00:03<00:11, 51.85it/s, loss=0.153, val/accuracy=0.912, val/loss=0.206, train/accuracy=0.898, train/loss=0.229]
Epoch 1:  24%|██▍       | 189/782 [00:03<00:11, 51.87it/s, loss=0.153, val/accuracy=0.912, val/loss=0.206, train/accuracy=0.898, train/loss=0.229]
Epoch 1:  24%|██▍       | 189/782 [00:03<00:11, 51.87it/s, loss=0.151, val/accuracy=0.912, val/loss=0.206, train/accuracy=0.898, train/loss=0.229]
Epoch 1:  24%|██▍       | 190/782 [00:03<00:11, 51.86it/s, loss=0.151, val/accuracy=0.912, val/loss=0.206, train/accuracy=0.898, train/loss=0.229]
Epoch 1:  24%|██▍       | 190/782 [00:03<00:11, 51.86it/s, loss=0.156, val/accuracy=0.912, val/loss=0.206, train/accuracy=0.898, train/loss=0.229]
Epoch 1:  24%|██▍       | 191/782 [00:03<00:11, 51.87it/s, loss=0.156, val/accuracy=0.912, val/loss=0.206, train/accuracy=0.898, train/loss=0.229]
Epoch 1:  24%|██▍       | 191/782 [00:03<00:11, 51.86it/s, loss=0.155, val/accuracy=0.912, val/loss=0.206, train/accuracy=0.898, train/loss=0.229]
Epoch 1:  25%|██▍       | 192/782 [00:03<00:11, 51.88it/s, loss=0.155, val/accuracy=0.912, val/loss=0.206, train/accuracy=0.898, train/loss=0.229]
Epoch 1:  25%|██▍       | 192/782 [00:03<00:11, 51.88it/s, loss=0.156, val/accuracy=0.912, val/loss=0.206, train/accuracy=0.898, train/loss=0.229]
Epoch 1:  25%|██▍       | 193/782 [00:03<00:11, 51.90it/s, loss=0.156, val/accuracy=0.912, val/loss=0.206, train/accuracy=0.898, train/loss=0.229]
Epoch 1:  25%|██▍       | 193/782 [00:03<00:11, 51.89it/s, loss=0.154, val/accuracy=0.912, val/loss=0.206, train/accuracy=0.898, train/loss=0.229]
Epoch 1:  25%|██▍       | 194/782 [00:03<00:11, 51.91it/s, loss=0.154, val/accuracy=0.912, val/loss=0.206, train/accuracy=0.898, train/loss=0.229]
Epoch 1:  25%|██▍       | 194/782 [00:03<00:11, 51.91it/s, loss=0.153, val/accuracy=0.912, val/loss=0.206, train/accuracy=0.898, train/loss=0.229]
Epoch 1:  25%|██▍       | 195/782 [00:03<00:11, 51.92it/s, loss=0.153, val/accuracy=0.912, val/loss=0.206, train/accuracy=0.898, train/loss=0.229]
Epoch 1:  25%|██▍       | 195/782 [00:03<00:11, 51.92it/s, loss=0.155, val/accuracy=0.912, val/loss=0.206, train/accuracy=0.898, train/loss=0.229]
Epoch 1:  25%|██▌       | 196/782 [00:03<00:11, 51.93it/s, loss=0.155, val/accuracy=0.912, val/loss=0.206, train/accuracy=0.898, train/loss=0.229]
Epoch 1:  25%|██▌       | 196/782 [00:03<00:11, 51.93it/s, loss=0.155, val/accuracy=0.912, val/loss=0.206, train/accuracy=0.898, train/loss=0.229]
Epoch 1:  25%|██▌       | 197/782 [00:03<00:11, 51.94it/s, loss=0.155, val/accuracy=0.912, val/loss=0.206, train/accuracy=0.898, train/loss=0.229]
Epoch 1:  25%|██▌       | 197/782 [00:03<00:11, 51.94it/s, loss=0.157, val/accuracy=0.912, val/loss=0.206, train/accuracy=0.898, train/loss=0.229]
Epoch 1:  25%|██▌       | 198/782 [00:03<00:11, 51.95it/s, loss=0.157, val/accuracy=0.912, val/loss=0.206, train/accuracy=0.898, train/loss=0.229]
Epoch 1:  25%|██▌       | 198/782 [00:03<00:11, 51.95it/s, loss=0.149, val/accuracy=0.912, val/loss=0.206, train/accuracy=0.898, train/loss=0.229]
Epoch 1:  25%|██▌       | 199/782 [00:03<00:11, 51.97it/s, loss=0.149, val/accuracy=0.912, val/loss=0.206, train/accuracy=0.898, train/loss=0.229]
Epoch 1:  25%|██▌       | 199/782 [00:03<00:11, 51.96it/s, loss=0.148, val/accuracy=0.912, val/loss=0.206, train/accuracy=0.898, train/loss=0.229]
Epoch 1:  26%|██▌       | 200/782 [00:03<00:11, 51.98it/s, loss=0.148, val/accuracy=0.912, val/loss=0.206, train/accuracy=0.898, train/loss=0.229]
Epoch 1:  26%|██▌       | 200/782 [00:03<00:11, 51.98it/s, loss=0.151, val/accuracy=0.912, val/loss=0.206, train/accuracy=0.898, train/loss=0.229]
Epoch 1:  26%|██▌       | 201/782 [00:03<00:11, 51.99it/s, loss=0.151, val/accuracy=0.912, val/loss=0.206, train/accuracy=0.898, train/loss=0.229]
Epoch 1:  26%|██▌       | 201/782 [00:03<00:11, 51.99it/s, loss=0.15, val/accuracy=0.912, val/loss=0.206, train/accuracy=0.898, train/loss=0.229] 
Epoch 1:  26%|██▌       | 202/782 [00:03<00:11, 52.00it/s, loss=0.15, val/accuracy=0.912, val/loss=0.206, train/accuracy=0.898, train/loss=0.229]
Epoch 1:  26%|██▌       | 202/782 [00:03<00:11, 52.00it/s, loss=0.152, val/accuracy=0.912, val/loss=0.206, train/accuracy=0.898, train/loss=0.229]
Epoch 1:  26%|██▌       | 203/782 [00:03<00:11, 52.02it/s, loss=0.152, val/accuracy=0.912, val/loss=0.206, train/accuracy=0.898, train/loss=0.229]
Epoch 1:  26%|██▌       | 203/782 [00:03<00:11, 52.01it/s, loss=0.149, val/accuracy=0.912, val/loss=0.206, train/accuracy=0.898, train/loss=0.229]
Epoch 1:  26%|██▌       | 204/782 [00:03<00:11, 52.03it/s, loss=0.149, val/accuracy=0.912, val/loss=0.206, train/accuracy=0.898, train/loss=0.229]
Epoch 1:  26%|██▌       | 204/782 [00:03<00:11, 52.02it/s, loss=0.149, val/accuracy=0.912, val/loss=0.206, train/accuracy=0.898, train/loss=0.229]
Epoch 1:  26%|██▌       | 205/782 [00:03<00:11, 52.04it/s, loss=0.149, val/accuracy=0.912, val/loss=0.206, train/accuracy=0.898, train/loss=0.229]
Epoch 1:  26%|██▌       | 205/782 [00:03<00:11, 52.04it/s, loss=0.149, val/accuracy=0.912, val/loss=0.206, train/accuracy=0.898, train/loss=0.229]
Epoch 1:  26%|██▋       | 206/782 [00:03<00:11, 52.05it/s, loss=0.149, val/accuracy=0.912, val/loss=0.206, train/accuracy=0.898, train/loss=0.229]
Epoch 1:  26%|██▋       | 206/782 [00:03<00:11, 52.05it/s, loss=0.144, val/accuracy=0.912, val/loss=0.206, train/accuracy=0.898, train/loss=0.229]
Epoch 1:  26%|██▋       | 207/782 [00:03<00:11, 52.06it/s, loss=0.144, val/accuracy=0.912, val/loss=0.206, train/accuracy=0.898, train/loss=0.229]
Epoch 1:  26%|██▋       | 207/782 [00:03<00:11, 52.06it/s, loss=0.142, val/accuracy=0.912, val/loss=0.206, train/accuracy=0.898, train/loss=0.229]
Epoch 1:  27%|██▋       | 208/782 [00:03<00:11, 52.07it/s, loss=0.142, val/accuracy=0.912, val/loss=0.206, train/accuracy=0.898, train/loss=0.229]
Epoch 1:  27%|██▋       | 208/782 [00:03<00:11, 52.07it/s, loss=0.141, val/accuracy=0.912, val/loss=0.206, train/accuracy=0.898, train/loss=0.229]
Epoch 1:  27%|██▋       | 209/782 [00:04<00:11, 52.09it/s, loss=0.141, val/accuracy=0.912, val/loss=0.206, train/accuracy=0.898, train/loss=0.229]
Epoch 1:  27%|██▋       | 209/782 [00:04<00:11, 52.08it/s, loss=0.142, val/accuracy=0.912, val/loss=0.206, train/accuracy=0.898, train/loss=0.229]
Epoch 1:  27%|██▋       | 210/782 [00:04<00:10, 52.10it/s, loss=0.142, val/accuracy=0.912, val/loss=0.206, train/accuracy=0.898, train/loss=0.229]
Epoch 1:  27%|██▋       | 210/782 [00:04<00:10, 52.09it/s, loss=0.135, val/accuracy=0.912, val/loss=0.206, train/accuracy=0.898, train/loss=0.229]
Epoch 1:  27%|██▋       | 211/782 [00:04<00:10, 52.11it/s, loss=0.135, val/accuracy=0.912, val/loss=0.206, train/accuracy=0.898, train/loss=0.229]
Epoch 1:  27%|██▋       | 211/782 [00:04<00:10, 52.10it/s, loss=0.141, val/accuracy=0.912, val/loss=0.206, train/accuracy=0.898, train/loss=0.229]
Epoch 1:  27%|██▋       | 212/782 [00:04<00:10, 52.12it/s, loss=0.141, val/accuracy=0.912, val/loss=0.206, train/accuracy=0.898, train/loss=0.229]
Epoch 1:  27%|██▋       | 212/782 [00:04<00:10, 52.11it/s, loss=0.149, val/accuracy=0.912, val/loss=0.206, train/accuracy=0.898, train/loss=0.229]
Epoch 1:  27%|██▋       | 213/782 [00:04<00:10, 52.13it/s, loss=0.149, val/accuracy=0.912, val/loss=0.206, train/accuracy=0.898, train/loss=0.229]
Epoch 1:  27%|██▋       | 213/782 [00:04<00:10, 52.13it/s, loss=0.148, val/accuracy=0.912, val/loss=0.206, train/accuracy=0.898, train/loss=0.229]
Epoch 1:  27%|██▋       | 214/782 [00:04<00:10, 52.14it/s, loss=0.148, val/accuracy=0.912, val/loss=0.206, train/accuracy=0.898, train/loss=0.229]
Epoch 1:  27%|██▋       | 214/782 [00:04<00:10, 52.14it/s, loss=0.151, val/accuracy=0.912, val/loss=0.206, train/accuracy=0.898, train/loss=0.229]
Epoch 1:  27%|██▋       | 215/782 [00:04<00:10, 52.15it/s, loss=0.151, val/accuracy=0.912, val/loss=0.206, train/accuracy=0.898, train/loss=0.229]
Epoch 1:  27%|██▋       | 215/782 [00:04<00:10, 52.15it/s, loss=0.152, val/accuracy=0.912, val/loss=0.206, train/accuracy=0.898, train/loss=0.229]
Epoch 1:  28%|██▊       | 216/782 [00:04<00:10, 52.16it/s, loss=0.152, val/accuracy=0.912, val/loss=0.206, train/accuracy=0.898, train/loss=0.229]
Epoch 1:  28%|██▊       | 216/782 [00:04<00:10, 52.16it/s, loss=0.149, val/accuracy=0.912, val/loss=0.206, train/accuracy=0.898, train/loss=0.229]
Epoch 1:  28%|██▊       | 217/782 [00:04<00:10, 52.17it/s, loss=0.149, val/accuracy=0.912, val/loss=0.206, train/accuracy=0.898, train/loss=0.229]
Epoch 1:  28%|██▊       | 217/782 [00:04<00:10, 52.17it/s, loss=0.15, val/accuracy=0.912, val/loss=0.206, train/accuracy=0.898, train/loss=0.229] 
Epoch 1:  28%|██▊       | 218/782 [00:04<00:10, 52.18it/s, loss=0.15, val/accuracy=0.912, val/loss=0.206, train/accuracy=0.898, train/loss=0.229]
Epoch 1:  28%|██▊       | 218/782 [00:04<00:10, 52.18it/s, loss=0.153, val/accuracy=0.912, val/loss=0.206, train/accuracy=0.898, train/loss=0.229]
Epoch 1:  28%|██▊       | 219/782 [00:04<00:10, 52.19it/s, loss=0.153, val/accuracy=0.912, val/loss=0.206, train/accuracy=0.898, train/loss=0.229]
Epoch 1:  28%|██▊       | 219/782 [00:04<00:10, 52.19it/s, loss=0.154, val/accuracy=0.912, val/loss=0.206, train/accuracy=0.898, train/loss=0.229]
Epoch 1:  28%|██▊       | 220/782 [00:04<00:10, 52.18it/s, loss=0.154, val/accuracy=0.912, val/loss=0.206, train/accuracy=0.898, train/loss=0.229]
Epoch 1:  28%|██▊       | 220/782 [00:04<00:10, 52.18it/s, loss=0.157, val/accuracy=0.912, val/loss=0.206, train/accuracy=0.898, train/loss=0.229]
Epoch 1:  28%|██▊       | 221/782 [00:04<00:10, 52.19it/s, loss=0.157, val/accuracy=0.912, val/loss=0.206, train/accuracy=0.898, train/loss=0.229]
Epoch 1:  28%|██▊       | 221/782 [00:04<00:10, 52.19it/s, loss=0.157, val/accuracy=0.912, val/loss=0.206, train/accuracy=0.898, train/loss=0.229]
Epoch 1:  28%|██▊       | 222/782 [00:04<00:10, 52.20it/s, loss=0.157, val/accuracy=0.912, val/loss=0.206, train/accuracy=0.898, train/loss=0.229]
Epoch 1:  28%|██▊       | 222/782 [00:04<00:10, 52.20it/s, loss=0.155, val/accuracy=0.912, val/loss=0.206, train/accuracy=0.898, train/loss=0.229]
Epoch 1:  29%|██▊       | 223/782 [00:04<00:10, 52.21it/s, loss=0.155, val/accuracy=0.912, val/loss=0.206, train/accuracy=0.898, train/loss=0.229]
Epoch 1:  29%|██▊       | 223/782 [00:04<00:10, 52.21it/s, loss=0.154, val/accuracy=0.912, val/loss=0.206, train/accuracy=0.898, train/loss=0.229]
Epoch 1:  29%|██▊       | 224/782 [00:04<00:10, 52.22it/s, loss=0.154, val/accuracy=0.912, val/loss=0.206, train/accuracy=0.898, train/loss=0.229]
Epoch 1:  29%|██▊       | 224/782 [00:04<00:10, 52.22it/s, loss=0.149, val/accuracy=0.912, val/loss=0.206, train/accuracy=0.898, train/loss=0.229]
Epoch 1:  29%|██▉       | 225/782 [00:04<00:10, 52.23it/s, loss=0.149, val/accuracy=0.912, val/loss=0.206, train/accuracy=0.898, train/loss=0.229]
Epoch 1:  29%|██▉       | 225/782 [00:04<00:10, 52.23it/s, loss=0.15, val/accuracy=0.912, val/loss=0.206, train/accuracy=0.898, train/loss=0.229] 
Epoch 1:  29%|██▉       | 226/782 [00:04<00:10, 52.24it/s, loss=0.15, val/accuracy=0.912, val/loss=0.206, train/accuracy=0.898, train/loss=0.229]
Epoch 1:  29%|██▉       | 226/782 [00:04<00:10, 52.24it/s, loss=0.15, val/accuracy=0.912, val/loss=0.206, train/accuracy=0.898, train/loss=0.229]
Epoch 1:  29%|██▉       | 227/782 [00:04<00:10, 52.26it/s, loss=0.15, val/accuracy=0.912, val/loss=0.206, train/accuracy=0.898, train/loss=0.229]
Epoch 1:  29%|██▉       | 227/782 [00:04<00:10, 52.25it/s, loss=0.155, val/accuracy=0.912, val/loss=0.206, train/accuracy=0.898, train/loss=0.229]
Epoch 1:  29%|██▉       | 228/782 [00:04<00:10, 52.27it/s, loss=0.155, val/accuracy=0.912, val/loss=0.206, train/accuracy=0.898, train/loss=0.229]
Epoch 1:  29%|██▉       | 228/782 [00:04<00:10, 52.26it/s, loss=0.157, val/accuracy=0.912, val/loss=0.206, train/accuracy=0.898, train/loss=0.229]
Epoch 1:  29%|██▉       | 229/782 [00:04<00:10, 52.27it/s, loss=0.157, val/accuracy=0.912, val/loss=0.206, train/accuracy=0.898, train/loss=0.229]
Epoch 1:  29%|██▉       | 229/782 [00:04<00:10, 52.27it/s, loss=0.156, val/accuracy=0.912, val/loss=0.206, train/accuracy=0.898, train/loss=0.229]
Epoch 1:  29%|██▉       | 230/782 [00:04<00:10, 52.28it/s, loss=0.156, val/accuracy=0.912, val/loss=0.206, train/accuracy=0.898, train/loss=0.229]
Epoch 1:  29%|██▉       | 230/782 [00:04<00:10, 52.28it/s, loss=0.157, val/accuracy=0.912, val/loss=0.206, train/accuracy=0.898, train/loss=0.229]
Epoch 1:  30%|██▉       | 231/782 [00:04<00:10, 52.29it/s, loss=0.157, val/accuracy=0.912, val/loss=0.206, train/accuracy=0.898, train/loss=0.229]
Epoch 1:  30%|██▉       | 231/782 [00:04<00:10, 52.29it/s, loss=0.154, val/accuracy=0.912, val/loss=0.206, train/accuracy=0.898, train/loss=0.229]
Epoch 1:  30%|██▉       | 232/782 [00:04<00:10, 52.30it/s, loss=0.154, val/accuracy=0.912, val/loss=0.206, train/accuracy=0.898, train/loss=0.229]
Epoch 1:  30%|██▉       | 232/782 [00:04<00:10, 52.30it/s, loss=0.147, val/accuracy=0.912, val/loss=0.206, train/accuracy=0.898, train/loss=0.229]
Epoch 1:  30%|██▉       | 233/782 [00:04<00:10, 52.31it/s, loss=0.147, val/accuracy=0.912, val/loss=0.206, train/accuracy=0.898, train/loss=0.229]
Epoch 1:  30%|██▉       | 233/782 [00:04<00:10, 52.31it/s, loss=0.148, val/accuracy=0.912, val/loss=0.206, train/accuracy=0.898, train/loss=0.229]
Epoch 1:  30%|██▉       | 234/782 [00:04<00:10, 52.33it/s, loss=0.148, val/accuracy=0.912, val/loss=0.206, train/accuracy=0.898, train/loss=0.229]
Epoch 1:  30%|██▉       | 234/782 [00:04<00:10, 52.32it/s, loss=0.15, val/accuracy=0.912, val/loss=0.206, train/accuracy=0.898, train/loss=0.229] 
Epoch 1:  30%|███       | 235/782 [00:04<00:10, 52.34it/s, loss=0.15, val/accuracy=0.912, val/loss=0.206, train/accuracy=0.898, train/loss=0.229]
Epoch 1:  30%|███       | 235/782 [00:04<00:10, 52.33it/s, loss=0.149, val/accuracy=0.912, val/loss=0.206, train/accuracy=0.898, train/loss=0.229]
Epoch 1:  30%|███       | 236/782 [00:04<00:10, 52.35it/s, loss=0.149, val/accuracy=0.912, val/loss=0.206, train/accuracy=0.898, train/loss=0.229]
Epoch 1:  30%|███       | 236/782 [00:04<00:10, 52.34it/s, loss=0.149, val/accuracy=0.912, val/loss=0.206, train/accuracy=0.898, train/loss=0.229]
Epoch 1:  30%|███       | 237/782 [00:04<00:10, 52.36it/s, loss=0.149, val/accuracy=0.912, val/loss=0.206, train/accuracy=0.898, train/loss=0.229]
Epoch 1:  30%|███       | 237/782 [00:04<00:10, 52.36it/s, loss=0.146, val/accuracy=0.912, val/loss=0.206, train/accuracy=0.898, train/loss=0.229]
Epoch 1:  30%|███       | 238/782 [00:04<00:10, 52.37it/s, loss=0.146, val/accuracy=0.912, val/loss=0.206, train/accuracy=0.898, train/loss=0.229]
Epoch 1:  30%|███       | 238/782 [00:04<00:10, 52.37it/s, loss=0.145, val/accuracy=0.912, val/loss=0.206, train/accuracy=0.898, train/loss=0.229]
Epoch 1:  31%|███       | 239/782 [00:04<00:10, 52.38it/s, loss=0.145, val/accuracy=0.912, val/loss=0.206, train/accuracy=0.898, train/loss=0.229]
Epoch 1:  31%|███       | 239/782 [00:04<00:10, 52.38it/s, loss=0.144, val/accuracy=0.912, val/loss=0.206, train/accuracy=0.898, train/loss=0.229]
Epoch 1:  31%|███       | 240/782 [00:04<00:10, 52.39it/s, loss=0.144, val/accuracy=0.912, val/loss=0.206, train/accuracy=0.898, train/loss=0.229]
Epoch 1:  31%|███       | 240/782 [00:04<00:10, 52.39it/s, loss=0.139, val/accuracy=0.912, val/loss=0.206, train/accuracy=0.898, train/loss=0.229]
Epoch 1:  31%|███       | 241/782 [00:04<00:10, 52.40it/s, loss=0.139, val/accuracy=0.912, val/loss=0.206, train/accuracy=0.898, train/loss=0.229]
Epoch 1:  31%|███       | 241/782 [00:04<00:10, 52.39it/s, loss=0.141, val/accuracy=0.912, val/loss=0.206, train/accuracy=0.898, train/loss=0.229]
Epoch 1:  31%|███       | 242/782 [00:04<00:10, 52.41it/s, loss=0.141, val/accuracy=0.912, val/loss=0.206, train/accuracy=0.898, train/loss=0.229]
Epoch 1:  31%|███       | 242/782 [00:04<00:10, 52.40it/s, loss=0.142, val/accuracy=0.912, val/loss=0.206, train/accuracy=0.898, train/loss=0.229]
Epoch 1:  31%|███       | 243/782 [00:04<00:10, 52.42it/s, loss=0.142, val/accuracy=0.912, val/loss=0.206, train/accuracy=0.898, train/loss=0.229]
Epoch 1:  31%|███       | 243/782 [00:04<00:10, 52.41it/s, loss=0.142, val/accuracy=0.912, val/loss=0.206, train/accuracy=0.898, train/loss=0.229]
Epoch 1:  31%|███       | 244/782 [00:04<00:10, 52.43it/s, loss=0.142, val/accuracy=0.912, val/loss=0.206, train/accuracy=0.898, train/loss=0.229]
Epoch 1:  31%|███       | 244/782 [00:04<00:10, 52.42it/s, loss=0.149, val/accuracy=0.912, val/loss=0.206, train/accuracy=0.898, train/loss=0.229]
Epoch 1:  31%|███▏      | 245/782 [00:04<00:10, 52.43it/s, loss=0.149, val/accuracy=0.912, val/loss=0.206, train/accuracy=0.898, train/loss=0.229]
Epoch 1:  31%|███▏      | 245/782 [00:04<00:10, 52.43it/s, loss=0.152, val/accuracy=0.912, val/loss=0.206, train/accuracy=0.898, train/loss=0.229]
Epoch 1:  31%|███▏      | 246/782 [00:04<00:10, 52.44it/s, loss=0.152, val/accuracy=0.912, val/loss=0.206, train/accuracy=0.898, train/loss=0.229]
Epoch 1:  31%|███▏      | 246/782 [00:04<00:10, 52.44it/s, loss=0.153, val/accuracy=0.912, val/loss=0.206, train/accuracy=0.898, train/loss=0.229]
Epoch 1:  32%|███▏      | 247/782 [00:04<00:10, 52.45it/s, loss=0.153, val/accuracy=0.912, val/loss=0.206, train/accuracy=0.898, train/loss=0.229]
Epoch 1:  32%|███▏      | 247/782 [00:04<00:10, 52.45it/s, loss=0.151, val/accuracy=0.912, val/loss=0.206, train/accuracy=0.898, train/loss=0.229]
Epoch 1:  32%|███▏      | 248/782 [00:04<00:10, 52.46it/s, loss=0.151, val/accuracy=0.912, val/loss=0.206, train/accuracy=0.898, train/loss=0.229]
Epoch 1:  32%|███▏      | 248/782 [00:04<00:10, 52.46it/s, loss=0.152, val/accuracy=0.912, val/loss=0.206, train/accuracy=0.898, train/loss=0.229]
Epoch 1:  32%|███▏      | 249/782 [00:04<00:10, 52.47it/s, loss=0.152, val/accuracy=0.912, val/loss=0.206, train/accuracy=0.898, train/loss=0.229]
Epoch 1:  32%|███▏      | 249/782 [00:04<00:10, 52.47it/s, loss=0.154, val/accuracy=0.912, val/loss=0.206, train/accuracy=0.898, train/loss=0.229]
Epoch 1:  32%|███▏      | 250/782 [00:04<00:10, 52.48it/s, loss=0.154, val/accuracy=0.912, val/loss=0.206, train/accuracy=0.898, train/loss=0.229]
Epoch 1:  32%|███▏      | 250/782 [00:04<00:10, 52.48it/s, loss=0.155, val/accuracy=0.912, val/loss=0.206, train/accuracy=0.898, train/loss=0.229]
Epoch 1:  32%|███▏      | 251/782 [00:04<00:10, 52.49it/s, loss=0.155, val/accuracy=0.912, val/loss=0.206, train/accuracy=0.898, train/loss=0.229]
Epoch 1:  32%|███▏      | 251/782 [00:04<00:10, 52.49it/s, loss=0.154, val/accuracy=0.912, val/loss=0.206, train/accuracy=0.898, train/loss=0.229]
Epoch 1:  32%|███▏      | 252/782 [00:04<00:10, 52.50it/s, loss=0.154, val/accuracy=0.912, val/loss=0.206, train/accuracy=0.898, train/loss=0.229]
Epoch 1:  32%|███▏      | 252/782 [00:04<00:10, 52.50it/s, loss=0.155, val/accuracy=0.912, val/loss=0.206, train/accuracy=0.898, train/loss=0.229]
Epoch 1:  32%|███▏      | 253/782 [00:04<00:10, 52.51it/s, loss=0.155, val/accuracy=0.912, val/loss=0.206, train/accuracy=0.898, train/loss=0.229]
Epoch 1:  32%|███▏      | 253/782 [00:04<00:10, 52.50it/s, loss=0.153, val/accuracy=0.912, val/loss=0.206, train/accuracy=0.898, train/loss=0.229]
Epoch 1:  32%|███▏      | 254/782 [00:04<00:10, 52.52it/s, loss=0.153, val/accuracy=0.912, val/loss=0.206, train/accuracy=0.898, train/loss=0.229]
Epoch 1:  32%|███▏      | 254/782 [00:04<00:10, 52.51it/s, loss=0.151, val/accuracy=0.912, val/loss=0.206, train/accuracy=0.898, train/loss=0.229]
Epoch 1:  33%|███▎      | 255/782 [00:04<00:10, 52.52it/s, loss=0.151, val/accuracy=0.912, val/loss=0.206, train/accuracy=0.898, train/loss=0.229]
Epoch 1:  33%|███▎      | 255/782 [00:04<00:10, 52.52it/s, loss=0.15, val/accuracy=0.912, val/loss=0.206, train/accuracy=0.898, train/loss=0.229] 
Epoch 1:  33%|███▎      | 256/782 [00:04<00:10, 52.53it/s, loss=0.15, val/accuracy=0.912, val/loss=0.206, train/accuracy=0.898, train/loss=0.229]
Epoch 1:  33%|███▎      | 256/782 [00:04<00:10, 52.53it/s, loss=0.149, val/accuracy=0.912, val/loss=0.206, train/accuracy=0.898, train/loss=0.229]
Epoch 1:  33%|███▎      | 257/782 [00:04<00:09, 52.54it/s, loss=0.149, val/accuracy=0.912, val/loss=0.206, train/accuracy=0.898, train/loss=0.229]
Epoch 1:  33%|███▎      | 257/782 [00:04<00:09, 52.54it/s, loss=0.153, val/accuracy=0.912, val/loss=0.206, train/accuracy=0.898, train/loss=0.229]
Epoch 1:  33%|███▎      | 258/782 [00:04<00:09, 52.55it/s, loss=0.153, val/accuracy=0.912, val/loss=0.206, train/accuracy=0.898, train/loss=0.229]
Epoch 1:  33%|███▎      | 258/782 [00:04<00:09, 52.55it/s, loss=0.158, val/accuracy=0.912, val/loss=0.206, train/accuracy=0.898, train/loss=0.229]
Epoch 1:  33%|███▎      | 259/782 [00:04<00:09, 52.56it/s, loss=0.158, val/accuracy=0.912, val/loss=0.206, train/accuracy=0.898, train/loss=0.229]
Epoch 1:  33%|███▎      | 259/782 [00:04<00:09, 52.55it/s, loss=0.161, val/accuracy=0.912, val/loss=0.206, train/accuracy=0.898, train/loss=0.229]
Epoch 1:  33%|███▎      | 260/782 [00:04<00:09, 52.54it/s, loss=0.161, val/accuracy=0.912, val/loss=0.206, train/accuracy=0.898, train/loss=0.229]
Epoch 1:  33%|███▎      | 260/782 [00:04<00:09, 52.54it/s, loss=0.161, val/accuracy=0.912, val/loss=0.206, train/accuracy=0.898, train/loss=0.229]
Epoch 1:  33%|███▎      | 261/782 [00:04<00:09, 52.55it/s, loss=0.161, val/accuracy=0.912, val/loss=0.206, train/accuracy=0.898, train/loss=0.229]
Epoch 1:  33%|███▎      | 261/782 [00:04<00:09, 52.55it/s, loss=0.16, val/accuracy=0.912, val/loss=0.206, train/accuracy=0.898, train/loss=0.229] 
Epoch 1:  34%|███▎      | 262/782 [00:04<00:09, 52.56it/s, loss=0.16, val/accuracy=0.912, val/loss=0.206, train/accuracy=0.898, train/loss=0.229]
Epoch 1:  34%|███▎      | 262/782 [00:04<00:09, 52.56it/s, loss=0.161, val/accuracy=0.912, val/loss=0.206, train/accuracy=0.898, train/loss=0.229]
Epoch 1:  34%|███▎      | 263/782 [00:05<00:09, 52.56it/s, loss=0.161, val/accuracy=0.912, val/loss=0.206, train/accuracy=0.898, train/loss=0.229]
Epoch 1:  34%|███▎      | 263/782 [00:05<00:09, 52.55it/s, loss=0.161, val/accuracy=0.912, val/loss=0.206, train/accuracy=0.898, train/loss=0.229]
Epoch 1:  34%|███▍      | 264/782 [00:05<00:09, 52.56it/s, loss=0.161, val/accuracy=0.912, val/loss=0.206, train/accuracy=0.898, train/loss=0.229]
Epoch 1:  34%|███▍      | 264/782 [00:05<00:09, 52.56it/s, loss=0.158, val/accuracy=0.912, val/loss=0.206, train/accuracy=0.898, train/loss=0.229]
Epoch 1:  34%|███▍      | 265/782 [00:05<00:09, 52.57it/s, loss=0.158, val/accuracy=0.912, val/loss=0.206, train/accuracy=0.898, train/loss=0.229]
Epoch 1:  34%|███▍      | 265/782 [00:05<00:09, 52.57it/s, loss=0.159, val/accuracy=0.912, val/loss=0.206, train/accuracy=0.898, train/loss=0.229]
Epoch 1:  34%|███▍      | 266/782 [00:05<00:09, 52.58it/s, loss=0.159, val/accuracy=0.912, val/loss=0.206, train/accuracy=0.898, train/loss=0.229]
Epoch 1:  34%|███▍      | 266/782 [00:05<00:09, 52.58it/s, loss=0.166, val/accuracy=0.912, val/loss=0.206, train/accuracy=0.898, train/loss=0.229]
Epoch 1:  34%|███▍      | 267/782 [00:05<00:09, 52.59it/s, loss=0.166, val/accuracy=0.912, val/loss=0.206, train/accuracy=0.898, train/loss=0.229]
Epoch 1:  34%|███▍      | 267/782 [00:05<00:09, 52.58it/s, loss=0.163, val/accuracy=0.912, val/loss=0.206, train/accuracy=0.898, train/loss=0.229]
Epoch 1:  34%|███▍      | 268/782 [00:05<00:09, 52.59it/s, loss=0.163, val/accuracy=0.912, val/loss=0.206, train/accuracy=0.898, train/loss=0.229]
Epoch 1:  34%|███▍      | 268/782 [00:05<00:09, 52.59it/s, loss=0.159, val/accuracy=0.912, val/loss=0.206, train/accuracy=0.898, train/loss=0.229]
Epoch 1:  34%|███▍      | 269/782 [00:05<00:09, 52.60it/s, loss=0.159, val/accuracy=0.912, val/loss=0.206, train/accuracy=0.898, train/loss=0.229]
Epoch 1:  34%|███▍      | 269/782 [00:05<00:09, 52.60it/s, loss=0.163, val/accuracy=0.912, val/loss=0.206, train/accuracy=0.898, train/loss=0.229]
Epoch 1:  35%|███▍      | 270/782 [00:05<00:09, 52.61it/s, loss=0.163, val/accuracy=0.912, val/loss=0.206, train/accuracy=0.898, train/loss=0.229]
Epoch 1:  35%|███▍      | 270/782 [00:05<00:09, 52.61it/s, loss=0.163, val/accuracy=0.912, val/loss=0.206, train/accuracy=0.898, train/loss=0.229]
Epoch 1:  35%|███▍      | 271/782 [00:05<00:09, 52.61it/s, loss=0.163, val/accuracy=0.912, val/loss=0.206, train/accuracy=0.898, train/loss=0.229]
Epoch 1:  35%|███▍      | 271/782 [00:05<00:09, 52.61it/s, loss=0.164, val/accuracy=0.912, val/loss=0.206, train/accuracy=0.898, train/loss=0.229]
Epoch 1:  35%|███▍      | 272/782 [00:05<00:09, 52.62it/s, loss=0.164, val/accuracy=0.912, val/loss=0.206, train/accuracy=0.898, train/loss=0.229]
Epoch 1:  35%|███▍      | 272/782 [00:05<00:09, 52.62it/s, loss=0.163, val/accuracy=0.912, val/loss=0.206, train/accuracy=0.898, train/loss=0.229]
Epoch 1:  35%|███▍      | 273/782 [00:05<00:09, 52.63it/s, loss=0.163, val/accuracy=0.912, val/loss=0.206, train/accuracy=0.898, train/loss=0.229]
Epoch 1:  35%|███▍      | 273/782 [00:05<00:09, 52.63it/s, loss=0.166, val/accuracy=0.912, val/loss=0.206, train/accuracy=0.898, train/loss=0.229]
Epoch 1:  35%|███▌      | 274/782 [00:05<00:09, 52.64it/s, loss=0.166, val/accuracy=0.912, val/loss=0.206, train/accuracy=0.898, train/loss=0.229]
Epoch 1:  35%|███▌      | 274/782 [00:05<00:09, 52.63it/s, loss=0.167, val/accuracy=0.912, val/loss=0.206, train/accuracy=0.898, train/loss=0.229]
Epoch 1:  35%|███▌      | 275/782 [00:05<00:09, 52.64it/s, loss=0.167, val/accuracy=0.912, val/loss=0.206, train/accuracy=0.898, train/loss=0.229]
Epoch 1:  35%|███▌      | 275/782 [00:05<00:09, 52.64it/s, loss=0.166, val/accuracy=0.912, val/loss=0.206, train/accuracy=0.898, train/loss=0.229]
Epoch 1:  35%|███▌      | 276/782 [00:05<00:09, 52.65it/s, loss=0.166, val/accuracy=0.912, val/loss=0.206, train/accuracy=0.898, train/loss=0.229]
Epoch 1:  35%|███▌      | 276/782 [00:05<00:09, 52.65it/s, loss=0.172, val/accuracy=0.912, val/loss=0.206, train/accuracy=0.898, train/loss=0.229]
Epoch 1:  35%|███▌      | 277/782 [00:05<00:09, 52.66it/s, loss=0.172, val/accuracy=0.912, val/loss=0.206, train/accuracy=0.898, train/loss=0.229]
Epoch 1:  35%|███▌      | 277/782 [00:05<00:09, 52.65it/s, loss=0.167, val/accuracy=0.912, val/loss=0.206, train/accuracy=0.898, train/loss=0.229]
Epoch 1:  36%|███▌      | 278/782 [00:05<00:09, 52.66it/s, loss=0.167, val/accuracy=0.912, val/loss=0.206, train/accuracy=0.898, train/loss=0.229]
Epoch 1:  36%|███▌      | 278/782 [00:05<00:09, 52.66it/s, loss=0.16, val/accuracy=0.912, val/loss=0.206, train/accuracy=0.898, train/loss=0.229] 
Epoch 1:  36%|███▌      | 279/782 [00:05<00:09, 52.67it/s, loss=0.16, val/accuracy=0.912, val/loss=0.206, train/accuracy=0.898, train/loss=0.229]
Epoch 1:  36%|███▌      | 279/782 [00:05<00:09, 52.67it/s, loss=0.157, val/accuracy=0.912, val/loss=0.206, train/accuracy=0.898, train/loss=0.229]
Epoch 1:  36%|███▌      | 280/782 [00:05<00:09, 52.68it/s, loss=0.157, val/accuracy=0.912, val/loss=0.206, train/accuracy=0.898, train/loss=0.229]
Epoch 1:  36%|███▌      | 280/782 [00:05<00:09, 52.67it/s, loss=0.157, val/accuracy=0.912, val/loss=0.206, train/accuracy=0.898, train/loss=0.229]
Epoch 1:  36%|███▌      | 281/782 [00:05<00:09, 52.68it/s, loss=0.157, val/accuracy=0.912, val/loss=0.206, train/accuracy=0.898, train/loss=0.229]
Epoch 1:  36%|███▌      | 281/782 [00:05<00:09, 52.68it/s, loss=0.156, val/accuracy=0.912, val/loss=0.206, train/accuracy=0.898, train/loss=0.229]
Epoch 1:  36%|███▌      | 282/782 [00:05<00:09, 52.69it/s, loss=0.156, val/accuracy=0.912, val/loss=0.206, train/accuracy=0.898, train/loss=0.229]
Epoch 1:  36%|███▌      | 282/782 [00:05<00:09, 52.69it/s, loss=0.154, val/accuracy=0.912, val/loss=0.206, train/accuracy=0.898, train/loss=0.229]
Epoch 1:  36%|███▌      | 283/782 [00:05<00:09, 52.70it/s, loss=0.154, val/accuracy=0.912, val/loss=0.206, train/accuracy=0.898, train/loss=0.229]
Epoch 1:  36%|███▌      | 283/782 [00:05<00:09, 52.70it/s, loss=0.162, val/accuracy=0.912, val/loss=0.206, train/accuracy=0.898, train/loss=0.229]
Epoch 1:  36%|███▋      | 284/782 [00:05<00:09, 52.70it/s, loss=0.162, val/accuracy=0.912, val/loss=0.206, train/accuracy=0.898, train/loss=0.229]
Epoch 1:  36%|███▋      | 284/782 [00:05<00:09, 52.70it/s, loss=0.162, val/accuracy=0.912, val/loss=0.206, train/accuracy=0.898, train/loss=0.229]
Epoch 1:  36%|███▋      | 285/782 [00:05<00:09, 52.71it/s, loss=0.162, val/accuracy=0.912, val/loss=0.206, train/accuracy=0.898, train/loss=0.229]
Epoch 1:  36%|███▋      | 285/782 [00:05<00:09, 52.71it/s, loss=0.154, val/accuracy=0.912, val/loss=0.206, train/accuracy=0.898, train/loss=0.229]
Epoch 1:  37%|███▋      | 286/782 [00:05<00:09, 52.72it/s, loss=0.154, val/accuracy=0.912, val/loss=0.206, train/accuracy=0.898, train/loss=0.229]
Epoch 1:  37%|███▋      | 286/782 [00:05<00:09, 52.71it/s, loss=0.15, val/accuracy=0.912, val/loss=0.206, train/accuracy=0.898, train/loss=0.229] 
Epoch 1:  37%|███▋      | 287/782 [00:05<00:09, 52.72it/s, loss=0.15, val/accuracy=0.912, val/loss=0.206, train/accuracy=0.898, train/loss=0.229]
Epoch 1:  37%|███▋      | 287/782 [00:05<00:09, 52.72it/s, loss=0.159, val/accuracy=0.912, val/loss=0.206, train/accuracy=0.898, train/loss=0.229]
Epoch 1:  37%|███▋      | 288/782 [00:05<00:09, 52.73it/s, loss=0.159, val/accuracy=0.912, val/loss=0.206, train/accuracy=0.898, train/loss=0.229]
Epoch 1:  37%|███▋      | 288/782 [00:05<00:09, 52.73it/s, loss=0.163, val/accuracy=0.912, val/loss=0.206, train/accuracy=0.898, train/loss=0.229]
Epoch 1:  37%|███▋      | 289/782 [00:05<00:09, 52.73it/s, loss=0.163, val/accuracy=0.912, val/loss=0.206, train/accuracy=0.898, train/loss=0.229]
Epoch 1:  37%|███▋      | 289/782 [00:05<00:09, 52.73it/s, loss=0.161, val/accuracy=0.912, val/loss=0.206, train/accuracy=0.898, train/loss=0.229]
Epoch 1:  37%|███▋      | 290/782 [00:05<00:09, 52.74it/s, loss=0.161, val/accuracy=0.912, val/loss=0.206, train/accuracy=0.898, train/loss=0.229]
Epoch 1:  37%|███▋      | 290/782 [00:05<00:09, 52.74it/s, loss=0.16, val/accuracy=0.912, val/loss=0.206, train/accuracy=0.898, train/loss=0.229] 
Epoch 1:  37%|███▋      | 291/782 [00:05<00:09, 52.75it/s, loss=0.16, val/accuracy=0.912, val/loss=0.206, train/accuracy=0.898, train/loss=0.229]
Epoch 1:  37%|███▋      | 291/782 [00:05<00:09, 52.74it/s, loss=0.157, val/accuracy=0.912, val/loss=0.206, train/accuracy=0.898, train/loss=0.229]
Epoch 1:  37%|███▋      | 292/782 [00:05<00:09, 52.75it/s, loss=0.157, val/accuracy=0.912, val/loss=0.206, train/accuracy=0.898, train/loss=0.229]
Epoch 1:  37%|███▋      | 292/782 [00:05<00:09, 52.75it/s, loss=0.157, val/accuracy=0.912, val/loss=0.206, train/accuracy=0.898, train/loss=0.229]
Epoch 1:  37%|███▋      | 293/782 [00:05<00:09, 52.76it/s, loss=0.157, val/accuracy=0.912, val/loss=0.206, train/accuracy=0.898, train/loss=0.229]
Epoch 1:  37%|███▋      | 293/782 [00:05<00:09, 52.76it/s, loss=0.155, val/accuracy=0.912, val/loss=0.206, train/accuracy=0.898, train/loss=0.229]
Epoch 1:  38%|███▊      | 294/782 [00:05<00:09, 52.76it/s, loss=0.155, val/accuracy=0.912, val/loss=0.206, train/accuracy=0.898, train/loss=0.229]
Epoch 1:  38%|███▊      | 294/782 [00:05<00:09, 52.76it/s, loss=0.152, val/accuracy=0.912, val/loss=0.206, train/accuracy=0.898, train/loss=0.229]
Epoch 1:  38%|███▊      | 295/782 [00:05<00:09, 52.77it/s, loss=0.152, val/accuracy=0.912, val/loss=0.206, train/accuracy=0.898, train/loss=0.229]
Epoch 1:  38%|███▊      | 295/782 [00:05<00:09, 52.77it/s, loss=0.155, val/accuracy=0.912, val/loss=0.206, train/accuracy=0.898, train/loss=0.229]
Epoch 1:  38%|███▊      | 296/782 [00:05<00:09, 52.77it/s, loss=0.155, val/accuracy=0.912, val/loss=0.206, train/accuracy=0.898, train/loss=0.229]
Epoch 1:  38%|███▊      | 296/782 [00:05<00:09, 52.77it/s, loss=0.147, val/accuracy=0.912, val/loss=0.206, train/accuracy=0.898, train/loss=0.229]
Epoch 1:  38%|███▊      | 297/782 [00:05<00:09, 52.78it/s, loss=0.147, val/accuracy=0.912, val/loss=0.206, train/accuracy=0.898, train/loss=0.229]
Epoch 1:  38%|███▊      | 297/782 [00:05<00:09, 52.78it/s, loss=0.148, val/accuracy=0.912, val/loss=0.206, train/accuracy=0.898, train/loss=0.229]
Epoch 1:  38%|███▊      | 298/782 [00:05<00:09, 52.79it/s, loss=0.148, val/accuracy=0.912, val/loss=0.206, train/accuracy=0.898, train/loss=0.229]
Epoch 1:  38%|███▊      | 298/782 [00:05<00:09, 52.79it/s, loss=0.152, val/accuracy=0.912, val/loss=0.206, train/accuracy=0.898, train/loss=0.229]
Epoch 1:  38%|███▊      | 299/782 [00:05<00:09, 52.79it/s, loss=0.152, val/accuracy=0.912, val/loss=0.206, train/accuracy=0.898, train/loss=0.229]
Epoch 1:  38%|███▊      | 299/782 [00:05<00:09, 52.79it/s, loss=0.151, val/accuracy=0.912, val/loss=0.206, train/accuracy=0.898, train/loss=0.229]
Epoch 1:  38%|███▊      | 300/782 [00:05<00:09, 52.80it/s, loss=0.151, val/accuracy=0.912, val/loss=0.206, train/accuracy=0.898, train/loss=0.229]
Epoch 1:  38%|███▊      | 300/782 [00:05<00:09, 52.80it/s, loss=0.154, val/accuracy=0.912, val/loss=0.206, train/accuracy=0.898, train/loss=0.229]
Epoch 1:  38%|███▊      | 301/782 [00:05<00:09, 52.81it/s, loss=0.154, val/accuracy=0.912, val/loss=0.206, train/accuracy=0.898, train/loss=0.229]
Epoch 1:  38%|███▊      | 301/782 [00:05<00:09, 52.81it/s, loss=0.155, val/accuracy=0.912, val/loss=0.206, train/accuracy=0.898, train/loss=0.229]
Epoch 1:  39%|███▊      | 302/782 [00:05<00:09, 52.81it/s, loss=0.155, val/accuracy=0.912, val/loss=0.206, train/accuracy=0.898, train/loss=0.229]
Epoch 1:  39%|███▊      | 302/782 [00:05<00:09, 52.81it/s, loss=0.159, val/accuracy=0.912, val/loss=0.206, train/accuracy=0.898, train/loss=0.229]
Epoch 1:  39%|███▊      | 303/782 [00:05<00:09, 52.80it/s, loss=0.159, val/accuracy=0.912, val/loss=0.206, train/accuracy=0.898, train/loss=0.229]
Epoch 1:  39%|███▊      | 303/782 [00:05<00:09, 52.79it/s, loss=0.153, val/accuracy=0.912, val/loss=0.206, train/accuracy=0.898, train/loss=0.229]
Epoch 1:  39%|███▉      | 304/782 [00:05<00:09, 52.80it/s, loss=0.153, val/accuracy=0.912, val/loss=0.206, train/accuracy=0.898, train/loss=0.229]
Epoch 1:  39%|███▉      | 304/782 [00:05<00:09, 52.80it/s, loss=0.152, val/accuracy=0.912, val/loss=0.206, train/accuracy=0.898, train/loss=0.229]
Epoch 1:  39%|███▉      | 305/782 [00:05<00:09, 52.81it/s, loss=0.152, val/accuracy=0.912, val/loss=0.206, train/accuracy=0.898, train/loss=0.229]
Epoch 1:  39%|███▉      | 305/782 [00:05<00:09, 52.80it/s, loss=0.158, val/accuracy=0.912, val/loss=0.206, train/accuracy=0.898, train/loss=0.229]
Epoch 1:  39%|███▉      | 306/782 [00:05<00:09, 52.81it/s, loss=0.158, val/accuracy=0.912, val/loss=0.206, train/accuracy=0.898, train/loss=0.229]
Epoch 1:  39%|███▉      | 306/782 [00:05<00:09, 52.81it/s, loss=0.155, val/accuracy=0.912, val/loss=0.206, train/accuracy=0.898, train/loss=0.229]
Epoch 1:  39%|███▉      | 307/782 [00:05<00:08, 52.82it/s, loss=0.155, val/accuracy=0.912, val/loss=0.206, train/accuracy=0.898, train/loss=0.229]
Epoch 1:  39%|███▉      | 307/782 [00:05<00:08, 52.81it/s, loss=0.146, val/accuracy=0.912, val/loss=0.206, train/accuracy=0.898, train/loss=0.229]
Epoch 1:  39%|███▉      | 308/782 [00:05<00:08, 52.82it/s, loss=0.146, val/accuracy=0.912, val/loss=0.206, train/accuracy=0.898, train/loss=0.229]
Epoch 1:  39%|███▉      | 308/782 [00:05<00:08, 52.82it/s, loss=0.145, val/accuracy=0.912, val/loss=0.206, train/accuracy=0.898, train/loss=0.229]
Epoch 1:  40%|███▉      | 309/782 [00:05<00:08, 52.83it/s, loss=0.145, val/accuracy=0.912, val/loss=0.206, train/accuracy=0.898, train/loss=0.229]
Epoch 1:  40%|███▉      | 309/782 [00:05<00:08, 52.82it/s, loss=0.144, val/accuracy=0.912, val/loss=0.206, train/accuracy=0.898, train/loss=0.229]
Epoch 1:  40%|███▉      | 310/782 [00:05<00:08, 52.83it/s, loss=0.144, val/accuracy=0.912, val/loss=0.206, train/accuracy=0.898, train/loss=0.229]
Epoch 1:  40%|███▉      | 310/782 [00:05<00:08, 52.83it/s, loss=0.145, val/accuracy=0.912, val/loss=0.206, train/accuracy=0.898, train/loss=0.229]
Epoch 1:  40%|███▉      | 311/782 [00:05<00:08, 52.84it/s, loss=0.145, val/accuracy=0.912, val/loss=0.206, train/accuracy=0.898, train/loss=0.229]
Epoch 1:  40%|███▉      | 311/782 [00:05<00:08, 52.84it/s, loss=0.144, val/accuracy=0.912, val/loss=0.206, train/accuracy=0.898, train/loss=0.229]
Epoch 1:  40%|███▉      | 312/782 [00:05<00:08, 52.84it/s, loss=0.144, val/accuracy=0.912, val/loss=0.206, train/accuracy=0.898, train/loss=0.229]
Epoch 1:  40%|███▉      | 312/782 [00:05<00:08, 52.84it/s, loss=0.145, val/accuracy=0.912, val/loss=0.206, train/accuracy=0.898, train/loss=0.229]
Epoch 1:  40%|████      | 313/782 [00:05<00:08, 52.85it/s, loss=0.145, val/accuracy=0.912, val/loss=0.206, train/accuracy=0.898, train/loss=0.229]
Epoch 1:  40%|████      | 313/782 [00:05<00:08, 52.85it/s, loss=0.145, val/accuracy=0.912, val/loss=0.206, train/accuracy=0.898, train/loss=0.229]
Epoch 1:  40%|████      | 314/782 [00:05<00:08, 52.86it/s, loss=0.145, val/accuracy=0.912, val/loss=0.206, train/accuracy=0.898, train/loss=0.229]
Epoch 1:  40%|████      | 314/782 [00:05<00:08, 52.85it/s, loss=0.145, val/accuracy=0.912, val/loss=0.206, train/accuracy=0.898, train/loss=0.229]
Epoch 1:  40%|████      | 315/782 [00:05<00:08, 52.86it/s, loss=0.145, val/accuracy=0.912, val/loss=0.206, train/accuracy=0.898, train/loss=0.229]
Epoch 1:  40%|████      | 315/782 [00:05<00:08, 52.86it/s, loss=0.147, val/accuracy=0.912, val/loss=0.206, train/accuracy=0.898, train/loss=0.229]
Epoch 1:  40%|████      | 316/782 [00:05<00:08, 52.87it/s, loss=0.147, val/accuracy=0.912, val/loss=0.206, train/accuracy=0.898, train/loss=0.229]
Epoch 1:  40%|████      | 316/782 [00:05<00:08, 52.86it/s, loss=0.149, val/accuracy=0.912, val/loss=0.206, train/accuracy=0.898, train/loss=0.229]
Epoch 1:  41%|████      | 317/782 [00:05<00:08, 52.87it/s, loss=0.149, val/accuracy=0.912, val/loss=0.206, train/accuracy=0.898, train/loss=0.229]
Epoch 1:  41%|████      | 317/782 [00:05<00:08, 52.87it/s, loss=0.146, val/accuracy=0.912, val/loss=0.206, train/accuracy=0.898, train/loss=0.229]
Epoch 1:  41%|████      | 318/782 [00:06<00:08, 52.88it/s, loss=0.146, val/accuracy=0.912, val/loss=0.206, train/accuracy=0.898, train/loss=0.229]
Epoch 1:  41%|████      | 318/782 [00:06<00:08, 52.87it/s, loss=0.142, val/accuracy=0.912, val/loss=0.206, train/accuracy=0.898, train/loss=0.229]
Epoch 1:  41%|████      | 319/782 [00:06<00:08, 52.88it/s, loss=0.142, val/accuracy=0.912, val/loss=0.206, train/accuracy=0.898, train/loss=0.229]
Epoch 1:  41%|████      | 319/782 [00:06<00:08, 52.88it/s, loss=0.143, val/accuracy=0.912, val/loss=0.206, train/accuracy=0.898, train/loss=0.229]
Epoch 1:  41%|████      | 320/782 [00:06<00:08, 52.89it/s, loss=0.143, val/accuracy=0.912, val/loss=0.206, train/accuracy=0.898, train/loss=0.229]
Epoch 1:  41%|████      | 320/782 [00:06<00:08, 52.88it/s, loss=0.139, val/accuracy=0.912, val/loss=0.206, train/accuracy=0.898, train/loss=0.229]
Epoch 1:  41%|████      | 321/782 [00:06<00:08, 52.89it/s, loss=0.139, val/accuracy=0.912, val/loss=0.206, train/accuracy=0.898, train/loss=0.229]
Epoch 1:  41%|████      | 321/782 [00:06<00:08, 52.89it/s, loss=0.138, val/accuracy=0.912, val/loss=0.206, train/accuracy=0.898, train/loss=0.229]
Epoch 1:  41%|████      | 322/782 [00:06<00:08, 52.89it/s, loss=0.138, val/accuracy=0.912, val/loss=0.206, train/accuracy=0.898, train/loss=0.229]
Epoch 1:  41%|████      | 322/782 [00:06<00:08, 52.89it/s, loss=0.138, val/accuracy=0.912, val/loss=0.206, train/accuracy=0.898, train/loss=0.229]
Epoch 1:  41%|████▏     | 323/782 [00:06<00:08, 52.90it/s, loss=0.138, val/accuracy=0.912, val/loss=0.206, train/accuracy=0.898, train/loss=0.229]
Epoch 1:  41%|████▏     | 323/782 [00:06<00:08, 52.90it/s, loss=0.139, val/accuracy=0.912, val/loss=0.206, train/accuracy=0.898, train/loss=0.229]
Epoch 1:  41%|████▏     | 324/782 [00:06<00:08, 52.90it/s, loss=0.139, val/accuracy=0.912, val/loss=0.206, train/accuracy=0.898, train/loss=0.229]
Epoch 1:  41%|████▏     | 324/782 [00:06<00:08, 52.90it/s, loss=0.141, val/accuracy=0.912, val/loss=0.206, train/accuracy=0.898, train/loss=0.229]
Epoch 1:  42%|████▏     | 325/782 [00:06<00:08, 52.91it/s, loss=0.141, val/accuracy=0.912, val/loss=0.206, train/accuracy=0.898, train/loss=0.229]
Epoch 1:  42%|████▏     | 325/782 [00:06<00:08, 52.91it/s, loss=0.136, val/accuracy=0.912, val/loss=0.206, train/accuracy=0.898, train/loss=0.229]
Epoch 1:  42%|████▏     | 326/782 [00:06<00:08, 52.91it/s, loss=0.136, val/accuracy=0.912, val/loss=0.206, train/accuracy=0.898, train/loss=0.229]
Epoch 1:  42%|████▏     | 326/782 [00:06<00:08, 52.91it/s, loss=0.133, val/accuracy=0.912, val/loss=0.206, train/accuracy=0.898, train/loss=0.229]
Epoch 1:  42%|████▏     | 327/782 [00:06<00:08, 52.92it/s, loss=0.133, val/accuracy=0.912, val/loss=0.206, train/accuracy=0.898, train/loss=0.229]
Epoch 1:  42%|████▏     | 327/782 [00:06<00:08, 52.92it/s, loss=0.133, val/accuracy=0.912, val/loss=0.206, train/accuracy=0.898, train/loss=0.229]
Epoch 1:  42%|████▏     | 328/782 [00:06<00:08, 52.92it/s, loss=0.133, val/accuracy=0.912, val/loss=0.206, train/accuracy=0.898, train/loss=0.229]
Epoch 1:  42%|████▏     | 328/782 [00:06<00:08, 52.92it/s, loss=0.134, val/accuracy=0.912, val/loss=0.206, train/accuracy=0.898, train/loss=0.229]
Epoch 1:  42%|████▏     | 329/782 [00:06<00:08, 52.93it/s, loss=0.134, val/accuracy=0.912, val/loss=0.206, train/accuracy=0.898, train/loss=0.229]
Epoch 1:  42%|████▏     | 329/782 [00:06<00:08, 52.92it/s, loss=0.134, val/accuracy=0.912, val/loss=0.206, train/accuracy=0.898, train/loss=0.229]
Epoch 1:  42%|████▏     | 330/782 [00:06<00:08, 52.93it/s, loss=0.134, val/accuracy=0.912, val/loss=0.206, train/accuracy=0.898, train/loss=0.229]
Epoch 1:  42%|████▏     | 330/782 [00:06<00:08, 52.93it/s, loss=0.131, val/accuracy=0.912, val/loss=0.206, train/accuracy=0.898, train/loss=0.229]
Epoch 1:  42%|████▏     | 331/782 [00:06<00:08, 52.94it/s, loss=0.131, val/accuracy=0.912, val/loss=0.206, train/accuracy=0.898, train/loss=0.229]
Epoch 1:  42%|████▏     | 331/782 [00:06<00:08, 52.93it/s, loss=0.135, val/accuracy=0.912, val/loss=0.206, train/accuracy=0.898, train/loss=0.229]
Epoch 1:  42%|████▏     | 332/782 [00:06<00:08, 52.94it/s, loss=0.135, val/accuracy=0.912, val/loss=0.206, train/accuracy=0.898, train/loss=0.229]
Epoch 1:  42%|████▏     | 332/782 [00:06<00:08, 52.94it/s, loss=0.131, val/accuracy=0.912, val/loss=0.206, train/accuracy=0.898, train/loss=0.229]
Epoch 1:  43%|████▎     | 333/782 [00:06<00:08, 52.95it/s, loss=0.131, val/accuracy=0.912, val/loss=0.206, train/accuracy=0.898, train/loss=0.229]
Epoch 1:  43%|████▎     | 333/782 [00:06<00:08, 52.94it/s, loss=0.13, val/accuracy=0.912, val/loss=0.206, train/accuracy=0.898, train/loss=0.229] 
Epoch 1:  43%|████▎     | 334/782 [00:06<00:08, 52.95it/s, loss=0.13, val/accuracy=0.912, val/loss=0.206, train/accuracy=0.898, train/loss=0.229]
Epoch 1:  43%|████▎     | 334/782 [00:06<00:08, 52.95it/s, loss=0.132, val/accuracy=0.912, val/loss=0.206, train/accuracy=0.898, train/loss=0.229]
Epoch 1:  43%|████▎     | 335/782 [00:06<00:08, 52.96it/s, loss=0.132, val/accuracy=0.912, val/loss=0.206, train/accuracy=0.898, train/loss=0.229]
Epoch 1:  43%|████▎     | 335/782 [00:06<00:08, 52.95it/s, loss=0.133, val/accuracy=0.912, val/loss=0.206, train/accuracy=0.898, train/loss=0.229]
Epoch 1:  43%|████▎     | 336/782 [00:06<00:08, 52.96it/s, loss=0.133, val/accuracy=0.912, val/loss=0.206, train/accuracy=0.898, train/loss=0.229]
Epoch 1:  43%|████▎     | 336/782 [00:06<00:08, 52.96it/s, loss=0.139, val/accuracy=0.912, val/loss=0.206, train/accuracy=0.898, train/loss=0.229]
Epoch 1:  43%|████▎     | 337/782 [00:06<00:08, 52.96it/s, loss=0.139, val/accuracy=0.912, val/loss=0.206, train/accuracy=0.898, train/loss=0.229]
Epoch 1:  43%|████▎     | 337/782 [00:06<00:08, 52.96it/s, loss=0.142, val/accuracy=0.912, val/loss=0.206, train/accuracy=0.898, train/loss=0.229]
Epoch 1:  43%|████▎     | 338/782 [00:06<00:08, 52.97it/s, loss=0.142, val/accuracy=0.912, val/loss=0.206, train/accuracy=0.898, train/loss=0.229]
Epoch 1:  43%|████▎     | 338/782 [00:06<00:08, 52.97it/s, loss=0.148, val/accuracy=0.912, val/loss=0.206, train/accuracy=0.898, train/loss=0.229]
Epoch 1:  43%|████▎     | 339/782 [00:06<00:08, 52.97it/s, loss=0.148, val/accuracy=0.912, val/loss=0.206, train/accuracy=0.898, train/loss=0.229]
Epoch 1:  43%|████▎     | 339/782 [00:06<00:08, 52.97it/s, loss=0.152, val/accuracy=0.912, val/loss=0.206, train/accuracy=0.898, train/loss=0.229]
Epoch 1:  43%|████▎     | 340/782 [00:06<00:08, 52.98it/s, loss=0.152, val/accuracy=0.912, val/loss=0.206, train/accuracy=0.898, train/loss=0.229]
Epoch 1:  43%|████▎     | 340/782 [00:06<00:08, 52.98it/s, loss=0.158, val/accuracy=0.912, val/loss=0.206, train/accuracy=0.898, train/loss=0.229]
Epoch 1:  44%|████▎     | 341/782 [00:06<00:08, 52.98it/s, loss=0.158, val/accuracy=0.912, val/loss=0.206, train/accuracy=0.898, train/loss=0.229]
Epoch 1:  44%|████▎     | 341/782 [00:06<00:08, 52.98it/s, loss=0.157, val/accuracy=0.912, val/loss=0.206, train/accuracy=0.898, train/loss=0.229]
Epoch 1:  44%|████▎     | 342/782 [00:06<00:08, 52.99it/s, loss=0.157, val/accuracy=0.912, val/loss=0.206, train/accuracy=0.898, train/loss=0.229]
Epoch 1:  44%|████▎     | 342/782 [00:06<00:08, 52.99it/s, loss=0.155, val/accuracy=0.912, val/loss=0.206, train/accuracy=0.898, train/loss=0.229]
Epoch 1:  44%|████▍     | 343/782 [00:06<00:08, 52.99it/s, loss=0.155, val/accuracy=0.912, val/loss=0.206, train/accuracy=0.898, train/loss=0.229]
Epoch 1:  44%|████▍     | 343/782 [00:06<00:08, 52.99it/s, loss=0.157, val/accuracy=0.912, val/loss=0.206, train/accuracy=0.898, train/loss=0.229]
Epoch 1:  44%|████▍     | 344/782 [00:06<00:08, 53.00it/s, loss=0.157, val/accuracy=0.912, val/loss=0.206, train/accuracy=0.898, train/loss=0.229]
Epoch 1:  44%|████▍     | 344/782 [00:06<00:08, 52.99it/s, loss=0.157, val/accuracy=0.912, val/loss=0.206, train/accuracy=0.898, train/loss=0.229]
Epoch 1:  44%|████▍     | 345/782 [00:06<00:08, 53.00it/s, loss=0.157, val/accuracy=0.912, val/loss=0.206, train/accuracy=0.898, train/loss=0.229]
Epoch 1:  44%|████▍     | 345/782 [00:06<00:08, 53.00it/s, loss=0.16, val/accuracy=0.912, val/loss=0.206, train/accuracy=0.898, train/loss=0.229] 
Epoch 1:  44%|████▍     | 346/782 [00:06<00:08, 52.98it/s, loss=0.16, val/accuracy=0.912, val/loss=0.206, train/accuracy=0.898, train/loss=0.229]
Epoch 1:  44%|████▍     | 346/782 [00:06<00:08, 52.98it/s, loss=0.161, val/accuracy=0.912, val/loss=0.206, train/accuracy=0.898, train/loss=0.229]
Epoch 1:  44%|████▍     | 347/782 [00:06<00:08, 52.99it/s, loss=0.161, val/accuracy=0.912, val/loss=0.206, train/accuracy=0.898, train/loss=0.229]
Epoch 1:  44%|████▍     | 347/782 [00:06<00:08, 52.98it/s, loss=0.16, val/accuracy=0.912, val/loss=0.206, train/accuracy=0.898, train/loss=0.229] 
Epoch 1:  45%|████▍     | 348/782 [00:06<00:08, 52.99it/s, loss=0.16, val/accuracy=0.912, val/loss=0.206, train/accuracy=0.898, train/loss=0.229]
Epoch 1:  45%|████▍     | 348/782 [00:06<00:08, 52.99it/s, loss=0.16, val/accuracy=0.912, val/loss=0.206, train/accuracy=0.898, train/loss=0.229]
Epoch 1:  45%|████▍     | 349/782 [00:06<00:08, 52.99it/s, loss=0.16, val/accuracy=0.912, val/loss=0.206, train/accuracy=0.898, train/loss=0.229]
Epoch 1:  45%|████▍     | 349/782 [00:06<00:08, 52.99it/s, loss=0.155, val/accuracy=0.912, val/loss=0.206, train/accuracy=0.898, train/loss=0.229]
Epoch 1:  45%|████▍     | 350/782 [00:06<00:08, 53.00it/s, loss=0.155, val/accuracy=0.912, val/loss=0.206, train/accuracy=0.898, train/loss=0.229]
Epoch 1:  45%|████▍     | 350/782 [00:06<00:08, 53.00it/s, loss=0.158, val/accuracy=0.912, val/loss=0.206, train/accuracy=0.898, train/loss=0.229]
Epoch 1:  45%|████▍     | 351/782 [00:06<00:08, 53.00it/s, loss=0.158, val/accuracy=0.912, val/loss=0.206, train/accuracy=0.898, train/loss=0.229]
Epoch 1:  45%|████▍     | 351/782 [00:06<00:08, 53.00it/s, loss=0.158, val/accuracy=0.912, val/loss=0.206, train/accuracy=0.898, train/loss=0.229]
Epoch 1:  45%|████▌     | 352/782 [00:06<00:08, 53.01it/s, loss=0.158, val/accuracy=0.912, val/loss=0.206, train/accuracy=0.898, train/loss=0.229]
Epoch 1:  45%|████▌     | 352/782 [00:06<00:08, 53.00it/s, loss=0.162, val/accuracy=0.912, val/loss=0.206, train/accuracy=0.898, train/loss=0.229]
Epoch 1:  45%|████▌     | 353/782 [00:06<00:08, 53.01it/s, loss=0.162, val/accuracy=0.912, val/loss=0.206, train/accuracy=0.898, train/loss=0.229]
Epoch 1:  45%|████▌     | 353/782 [00:06<00:08, 53.01it/s, loss=0.164, val/accuracy=0.912, val/loss=0.206, train/accuracy=0.898, train/loss=0.229]
Epoch 1:  45%|████▌     | 354/782 [00:06<00:08, 53.01it/s, loss=0.164, val/accuracy=0.912, val/loss=0.206, train/accuracy=0.898, train/loss=0.229]
Epoch 1:  45%|████▌     | 354/782 [00:06<00:08, 53.01it/s, loss=0.16, val/accuracy=0.912, val/loss=0.206, train/accuracy=0.898, train/loss=0.229] 
Epoch 1:  45%|████▌     | 355/782 [00:06<00:08, 53.02it/s, loss=0.16, val/accuracy=0.912, val/loss=0.206, train/accuracy=0.898, train/loss=0.229]
Epoch 1:  45%|████▌     | 355/782 [00:06<00:08, 53.02it/s, loss=0.158, val/accuracy=0.912, val/loss=0.206, train/accuracy=0.898, train/loss=0.229]
Epoch 1:  46%|████▌     | 356/782 [00:06<00:08, 53.02it/s, loss=0.158, val/accuracy=0.912, val/loss=0.206, train/accuracy=0.898, train/loss=0.229]
Epoch 1:  46%|████▌     | 356/782 [00:06<00:08, 53.02it/s, loss=0.152, val/accuracy=0.912, val/loss=0.206, train/accuracy=0.898, train/loss=0.229]
Epoch 1:  46%|████▌     | 357/782 [00:06<00:08, 53.03it/s, loss=0.152, val/accuracy=0.912, val/loss=0.206, train/accuracy=0.898, train/loss=0.229]
Epoch 1:  46%|████▌     | 357/782 [00:06<00:08, 53.02it/s, loss=0.157, val/accuracy=0.912, val/loss=0.206, train/accuracy=0.898, train/loss=0.229]
Epoch 1:  46%|████▌     | 358/782 [00:06<00:07, 53.03it/s, loss=0.157, val/accuracy=0.912, val/loss=0.206, train/accuracy=0.898, train/loss=0.229]
Epoch 1:  46%|████▌     | 358/782 [00:06<00:07, 53.03it/s, loss=0.152, val/accuracy=0.912, val/loss=0.206, train/accuracy=0.898, train/loss=0.229]
Epoch 1:  46%|████▌     | 359/782 [00:06<00:07, 53.03it/s, loss=0.152, val/accuracy=0.912, val/loss=0.206, train/accuracy=0.898, train/loss=0.229]
Epoch 1:  46%|████▌     | 359/782 [00:06<00:07, 53.03it/s, loss=0.154, val/accuracy=0.912, val/loss=0.206, train/accuracy=0.898, train/loss=0.229]
Epoch 1:  46%|████▌     | 360/782 [00:06<00:07, 53.04it/s, loss=0.154, val/accuracy=0.912, val/loss=0.206, train/accuracy=0.898, train/loss=0.229]
Epoch 1:  46%|████▌     | 360/782 [00:06<00:07, 53.04it/s, loss=0.149, val/accuracy=0.912, val/loss=0.206, train/accuracy=0.898, train/loss=0.229]
Epoch 1:  46%|████▌     | 361/782 [00:06<00:07, 53.04it/s, loss=0.149, val/accuracy=0.912, val/loss=0.206, train/accuracy=0.898, train/loss=0.229]
Epoch 1:  46%|████▌     | 361/782 [00:06<00:07, 53.04it/s, loss=0.148, val/accuracy=0.912, val/loss=0.206, train/accuracy=0.898, train/loss=0.229]
Epoch 1:  46%|████▋     | 362/782 [00:06<00:07, 53.05it/s, loss=0.148, val/accuracy=0.912, val/loss=0.206, train/accuracy=0.898, train/loss=0.229]
Epoch 1:  46%|████▋     | 362/782 [00:06<00:07, 53.04it/s, loss=0.149, val/accuracy=0.912, val/loss=0.206, train/accuracy=0.898, train/loss=0.229]
Epoch 1:  46%|████▋     | 363/782 [00:06<00:07, 53.05it/s, loss=0.149, val/accuracy=0.912, val/loss=0.206, train/accuracy=0.898, train/loss=0.229]
Epoch 1:  46%|████▋     | 363/782 [00:06<00:07, 53.05it/s, loss=0.15, val/accuracy=0.912, val/loss=0.206, train/accuracy=0.898, train/loss=0.229] 
Epoch 1:  47%|████▋     | 364/782 [00:06<00:07, 53.05it/s, loss=0.15, val/accuracy=0.912, val/loss=0.206, train/accuracy=0.898, train/loss=0.229]
Epoch 1:  47%|████▋     | 364/782 [00:06<00:07, 53.05it/s, loss=0.146, val/accuracy=0.912, val/loss=0.206, train/accuracy=0.898, train/loss=0.229]
Epoch 1:  47%|████▋     | 365/782 [00:06<00:07, 53.06it/s, loss=0.146, val/accuracy=0.912, val/loss=0.206, train/accuracy=0.898, train/loss=0.229]
Epoch 1:  47%|████▋     | 365/782 [00:06<00:07, 53.06it/s, loss=0.146, val/accuracy=0.912, val/loss=0.206, train/accuracy=0.898, train/loss=0.229]
Epoch 1:  47%|████▋     | 366/782 [00:06<00:07, 53.06it/s, loss=0.146, val/accuracy=0.912, val/loss=0.206, train/accuracy=0.898, train/loss=0.229]
Epoch 1:  47%|████▋     | 366/782 [00:06<00:07, 53.06it/s, loss=0.149, val/accuracy=0.912, val/loss=0.206, train/accuracy=0.898, train/loss=0.229]
Epoch 1:  47%|████▋     | 367/782 [00:06<00:07, 53.07it/s, loss=0.149, val/accuracy=0.912, val/loss=0.206, train/accuracy=0.898, train/loss=0.229]
Epoch 1:  47%|████▋     | 367/782 [00:06<00:07, 53.07it/s, loss=0.155, val/accuracy=0.912, val/loss=0.206, train/accuracy=0.898, train/loss=0.229]
Epoch 1:  47%|████▋     | 368/782 [00:06<00:07, 53.07it/s, loss=0.155, val/accuracy=0.912, val/loss=0.206, train/accuracy=0.898, train/loss=0.229]
Epoch 1:  47%|████▋     | 368/782 [00:06<00:07, 53.07it/s, loss=0.154, val/accuracy=0.912, val/loss=0.206, train/accuracy=0.898, train/loss=0.229]
Epoch 1:  47%|████▋     | 369/782 [00:06<00:07, 53.07it/s, loss=0.154, val/accuracy=0.912, val/loss=0.206, train/accuracy=0.898, train/loss=0.229]
Epoch 1:  47%|████▋     | 369/782 [00:06<00:07, 53.07it/s, loss=0.158, val/accuracy=0.912, val/loss=0.206, train/accuracy=0.898, train/loss=0.229]
Epoch 1:  47%|████▋     | 370/782 [00:06<00:07, 53.08it/s, loss=0.158, val/accuracy=0.912, val/loss=0.206, train/accuracy=0.898, train/loss=0.229]
Epoch 1:  47%|████▋     | 370/782 [00:06<00:07, 53.08it/s, loss=0.16, val/accuracy=0.912, val/loss=0.206, train/accuracy=0.898, train/loss=0.229] 
Epoch 1:  47%|████▋     | 371/782 [00:06<00:07, 53.08it/s, loss=0.16, val/accuracy=0.912, val/loss=0.206, train/accuracy=0.898, train/loss=0.229]
Epoch 1:  47%|████▋     | 371/782 [00:06<00:07, 53.08it/s, loss=0.16, val/accuracy=0.912, val/loss=0.206, train/accuracy=0.898, train/loss=0.229]
Epoch 1:  48%|████▊     | 372/782 [00:07<00:07, 53.09it/s, loss=0.16, val/accuracy=0.912, val/loss=0.206, train/accuracy=0.898, train/loss=0.229]
Epoch 1:  48%|████▊     | 372/782 [00:07<00:07, 53.08it/s, loss=0.157, val/accuracy=0.912, val/loss=0.206, train/accuracy=0.898, train/loss=0.229]
Epoch 1:  48%|████▊     | 373/782 [00:07<00:07, 53.09it/s, loss=0.157, val/accuracy=0.912, val/loss=0.206, train/accuracy=0.898, train/loss=0.229]
Epoch 1:  48%|████▊     | 373/782 [00:07<00:07, 53.09it/s, loss=0.158, val/accuracy=0.912, val/loss=0.206, train/accuracy=0.898, train/loss=0.229]
Epoch 1:  48%|████▊     | 374/782 [00:07<00:07, 53.09it/s, loss=0.158, val/accuracy=0.912, val/loss=0.206, train/accuracy=0.898, train/loss=0.229]
Epoch 1:  48%|████▊     | 374/782 [00:07<00:07, 53.09it/s, loss=0.158, val/accuracy=0.912, val/loss=0.206, train/accuracy=0.898, train/loss=0.229]
Epoch 1:  48%|████▊     | 375/782 [00:07<00:07, 53.10it/s, loss=0.158, val/accuracy=0.912, val/loss=0.206, train/accuracy=0.898, train/loss=0.229]
Epoch 1:  48%|████▊     | 375/782 [00:07<00:07, 53.10it/s, loss=0.155, val/accuracy=0.912, val/loss=0.206, train/accuracy=0.898, train/loss=0.229]
Epoch 1:  48%|████▊     | 376/782 [00:07<00:07, 53.10it/s, loss=0.155, val/accuracy=0.912, val/loss=0.206, train/accuracy=0.898, train/loss=0.229]
Epoch 1:  48%|████▊     | 376/782 [00:07<00:07, 53.10it/s, loss=0.155, val/accuracy=0.912, val/loss=0.206, train/accuracy=0.898, train/loss=0.229]
Epoch 1:  48%|████▊     | 377/782 [00:07<00:07, 53.11it/s, loss=0.155, val/accuracy=0.912, val/loss=0.206, train/accuracy=0.898, train/loss=0.229]
Epoch 1:  48%|████▊     | 377/782 [00:07<00:07, 53.11it/s, loss=0.15, val/accuracy=0.912, val/loss=0.206, train/accuracy=0.898, train/loss=0.229] 
Epoch 1:  48%|████▊     | 378/782 [00:07<00:07, 53.11it/s, loss=0.15, val/accuracy=0.912, val/loss=0.206, train/accuracy=0.898, train/loss=0.229]
Epoch 1:  48%|████▊     | 378/782 [00:07<00:07, 53.11it/s, loss=0.155, val/accuracy=0.912, val/loss=0.206, train/accuracy=0.898, train/loss=0.229]
Epoch 1:  48%|████▊     | 379/782 [00:07<00:07, 53.12it/s, loss=0.155, val/accuracy=0.912, val/loss=0.206, train/accuracy=0.898, train/loss=0.229]
Epoch 1:  48%|████▊     | 379/782 [00:07<00:07, 53.11it/s, loss=0.15, val/accuracy=0.912, val/loss=0.206, train/accuracy=0.898, train/loss=0.229] 
Epoch 1:  49%|████▊     | 380/782 [00:07<00:07, 53.12it/s, loss=0.15, val/accuracy=0.912, val/loss=0.206, train/accuracy=0.898, train/loss=0.229]
Epoch 1:  49%|████▊     | 380/782 [00:07<00:07, 53.12it/s, loss=0.152, val/accuracy=0.912, val/loss=0.206, train/accuracy=0.898, train/loss=0.229]
Epoch 1:  49%|████▊     | 381/782 [00:07<00:07, 53.12it/s, loss=0.152, val/accuracy=0.912, val/loss=0.206, train/accuracy=0.898, train/loss=0.229]
Epoch 1:  49%|████▊     | 381/782 [00:07<00:07, 53.12it/s, loss=0.154, val/accuracy=0.912, val/loss=0.206, train/accuracy=0.898, train/loss=0.229]
Epoch 1:  49%|████▉     | 382/782 [00:07<00:07, 53.13it/s, loss=0.154, val/accuracy=0.912, val/loss=0.206, train/accuracy=0.898, train/loss=0.229]
Epoch 1:  49%|████▉     | 382/782 [00:07<00:07, 53.13it/s, loss=0.151, val/accuracy=0.912, val/loss=0.206, train/accuracy=0.898, train/loss=0.229]
Epoch 1:  49%|████▉     | 383/782 [00:07<00:07, 53.13it/s, loss=0.151, val/accuracy=0.912, val/loss=0.206, train/accuracy=0.898, train/loss=0.229]
Epoch 1:  49%|████▉     | 383/782 [00:07<00:07, 53.13it/s, loss=0.148, val/accuracy=0.912, val/loss=0.206, train/accuracy=0.898, train/loss=0.229]
Epoch 1:  49%|████▉     | 384/782 [00:07<00:07, 53.14it/s, loss=0.148, val/accuracy=0.912, val/loss=0.206, train/accuracy=0.898, train/loss=0.229]
Epoch 1:  49%|████▉     | 384/782 [00:07<00:07, 53.14it/s, loss=0.153, val/accuracy=0.912, val/loss=0.206, train/accuracy=0.898, train/loss=0.229]
Epoch 1:  49%|████▉     | 385/782 [00:07<00:07, 53.14it/s, loss=0.153, val/accuracy=0.912, val/loss=0.206, train/accuracy=0.898, train/loss=0.229]
Epoch 1:  49%|████▉     | 385/782 [00:07<00:07, 53.14it/s, loss=0.151, val/accuracy=0.912, val/loss=0.206, train/accuracy=0.898, train/loss=0.229]
Epoch 1:  49%|████▉     | 386/782 [00:07<00:07, 53.15it/s, loss=0.151, val/accuracy=0.912, val/loss=0.206, train/accuracy=0.898, train/loss=0.229]
Epoch 1:  49%|████▉     | 386/782 [00:07<00:07, 53.15it/s, loss=0.152, val/accuracy=0.912, val/loss=0.206, train/accuracy=0.898, train/loss=0.229]
Epoch 1:  49%|████▉     | 387/782 [00:07<00:07, 53.16it/s, loss=0.152, val/accuracy=0.912, val/loss=0.206, train/accuracy=0.898, train/loss=0.229]
Epoch 1:  49%|████▉     | 387/782 [00:07<00:07, 53.15it/s, loss=0.149, val/accuracy=0.912, val/loss=0.206, train/accuracy=0.898, train/loss=0.229]
Epoch 1:  50%|████▉     | 388/782 [00:07<00:07, 53.16it/s, loss=0.149, val/accuracy=0.912, val/loss=0.206, train/accuracy=0.898, train/loss=0.229]
Epoch 1:  50%|████▉     | 388/782 [00:07<00:07, 53.16it/s, loss=0.149, val/accuracy=0.912, val/loss=0.206, train/accuracy=0.898, train/loss=0.229]
Epoch 1:  50%|████▉     | 389/782 [00:07<00:07, 53.16it/s, loss=0.149, val/accuracy=0.912, val/loss=0.206, train/accuracy=0.898, train/loss=0.229]
Epoch 1:  50%|████▉     | 389/782 [00:07<00:07, 53.16it/s, loss=0.15, val/accuracy=0.912, val/loss=0.206, train/accuracy=0.898, train/loss=0.229] 
Epoch 1:  50%|████▉     | 390/782 [00:07<00:07, 53.17it/s, loss=0.15, val/accuracy=0.912, val/loss=0.206, train/accuracy=0.898, train/loss=0.229]
Epoch 1:  50%|████▉     | 390/782 [00:07<00:07, 53.17it/s, loss=0.146, val/accuracy=0.912, val/loss=0.206, train/accuracy=0.898, train/loss=0.229]
Epoch 1:  50%|█████     | 391/782 [00:07<00:07, 53.17it/s, loss=0.146, val/accuracy=0.912, val/loss=0.206, train/accuracy=0.898, train/loss=0.229]
Epoch 1:  50%|█████     | 391/782 [00:07<00:07, 53.17it/s, loss=0.149, val/accuracy=0.912, val/loss=0.206, train/accuracy=0.898, train/loss=0.229]
Epoch 1:  50%|█████     | 392/782 [00:07<00:07, 53.18it/s, loss=0.149, val/accuracy=0.912, val/loss=0.206, train/accuracy=0.898, train/loss=0.229]
Epoch 1:  50%|█████     | 392/782 [00:07<00:07, 53.18it/s, loss=0.148, val/accuracy=0.912, val/loss=0.206, train/accuracy=0.898, train/loss=0.229]
Epoch 1:  50%|█████     | 393/782 [00:07<00:07, 53.18it/s, loss=0.148, val/accuracy=0.912, val/loss=0.206, train/accuracy=0.898, train/loss=0.229]
Epoch 1:  50%|█████     | 393/782 [00:07<00:07, 53.18it/s, loss=0.149, val/accuracy=0.912, val/loss=0.206, train/accuracy=0.898, train/loss=0.229]
Epoch 1:  50%|█████     | 394/782 [00:07<00:07, 53.19it/s, loss=0.149, val/accuracy=0.912, val/loss=0.206, train/accuracy=0.898, train/loss=0.229]
Epoch 1:  50%|█████     | 394/782 [00:07<00:07, 53.19it/s, loss=0.148, val/accuracy=0.912, val/loss=0.206, train/accuracy=0.898, train/loss=0.229]
Epoch 1:  51%|█████     | 395/782 [00:07<00:07, 53.19it/s, loss=0.148, val/accuracy=0.912, val/loss=0.206, train/accuracy=0.898, train/loss=0.229]
Epoch 1:  51%|█████     | 395/782 [00:07<00:07, 53.19it/s, loss=0.152, val/accuracy=0.912, val/loss=0.206, train/accuracy=0.898, train/loss=0.229]
Epoch 1:  51%|█████     | 396/782 [00:07<00:07, 53.20it/s, loss=0.152, val/accuracy=0.912, val/loss=0.206, train/accuracy=0.898, train/loss=0.229]
Epoch 1:  51%|█████     | 396/782 [00:07<00:07, 53.19it/s, loss=0.15, val/accuracy=0.912, val/loss=0.206, train/accuracy=0.898, train/loss=0.229] 
Epoch 1:  51%|█████     | 397/782 [00:07<00:07, 53.20it/s, loss=0.15, val/accuracy=0.912, val/loss=0.206, train/accuracy=0.898, train/loss=0.229]
Epoch 1:  51%|█████     | 397/782 [00:07<00:07, 53.20it/s, loss=0.155, val/accuracy=0.912, val/loss=0.206, train/accuracy=0.898, train/loss=0.229]
Epoch 1:  51%|█████     | 398/782 [00:07<00:07, 53.20it/s, loss=0.155, val/accuracy=0.912, val/loss=0.206, train/accuracy=0.898, train/loss=0.229]
Epoch 1:  51%|█████     | 398/782 [00:07<00:07, 53.20it/s, loss=0.155, val/accuracy=0.912, val/loss=0.206, train/accuracy=0.898, train/loss=0.229]
Epoch 1:  51%|█████     | 399/782 [00:07<00:07, 53.21it/s, loss=0.155, val/accuracy=0.912, val/loss=0.206, train/accuracy=0.898, train/loss=0.229]
Epoch 1:  51%|█████     | 399/782 [00:07<00:07, 53.21it/s, loss=0.16, val/accuracy=0.912, val/loss=0.206, train/accuracy=0.898, train/loss=0.229] 
Epoch 1:  51%|█████     | 400/782 [00:07<00:07, 53.21it/s, loss=0.16, val/accuracy=0.912, val/loss=0.206, train/accuracy=0.898, train/loss=0.229]
Epoch 1:  51%|█████     | 400/782 [00:07<00:07, 53.21it/s, loss=0.167, val/accuracy=0.912, val/loss=0.206, train/accuracy=0.898, train/loss=0.229]
Epoch 1:  51%|█████▏    | 401/782 [00:07<00:07, 53.22it/s, loss=0.167, val/accuracy=0.912, val/loss=0.206, train/accuracy=0.898, train/loss=0.229]
Epoch 1:  51%|█████▏    | 401/782 [00:07<00:07, 53.22it/s, loss=0.162, val/accuracy=0.912, val/loss=0.206, train/accuracy=0.898, train/loss=0.229]
Epoch 1:  51%|█████▏    | 402/782 [00:07<00:07, 53.22it/s, loss=0.162, val/accuracy=0.912, val/loss=0.206, train/accuracy=0.898, train/loss=0.229]
Epoch 1:  51%|█████▏    | 402/782 [00:07<00:07, 53.22it/s, loss=0.162, val/accuracy=0.912, val/loss=0.206, train/accuracy=0.898, train/loss=0.229]
Epoch 1:  52%|█████▏    | 403/782 [00:07<00:07, 53.23it/s, loss=0.162, val/accuracy=0.912, val/loss=0.206, train/accuracy=0.898, train/loss=0.229]
Epoch 1:  52%|█████▏    | 403/782 [00:07<00:07, 53.22it/s, loss=0.162, val/accuracy=0.912, val/loss=0.206, train/accuracy=0.898, train/loss=0.229]
Epoch 1:  52%|█████▏    | 404/782 [00:07<00:07, 53.23it/s, loss=0.162, val/accuracy=0.912, val/loss=0.206, train/accuracy=0.898, train/loss=0.229]
Epoch 1:  52%|█████▏    | 404/782 [00:07<00:07, 53.23it/s, loss=0.159, val/accuracy=0.912, val/loss=0.206, train/accuracy=0.898, train/loss=0.229]
Epoch 1:  52%|█████▏    | 405/782 [00:07<00:07, 53.23it/s, loss=0.159, val/accuracy=0.912, val/loss=0.206, train/accuracy=0.898, train/loss=0.229]
Epoch 1:  52%|█████▏    | 405/782 [00:07<00:07, 53.23it/s, loss=0.161, val/accuracy=0.912, val/loss=0.206, train/accuracy=0.898, train/loss=0.229]
Epoch 1:  52%|█████▏    | 406/782 [00:07<00:07, 53.24it/s, loss=0.161, val/accuracy=0.912, val/loss=0.206, train/accuracy=0.898, train/loss=0.229]
Epoch 1:  52%|█████▏    | 406/782 [00:07<00:07, 53.24it/s, loss=0.154, val/accuracy=0.912, val/loss=0.206, train/accuracy=0.898, train/loss=0.229]
Epoch 1:  52%|█████▏    | 407/782 [00:07<00:07, 53.24it/s, loss=0.154, val/accuracy=0.912, val/loss=0.206, train/accuracy=0.898, train/loss=0.229]
Epoch 1:  52%|█████▏    | 407/782 [00:07<00:07, 53.24it/s, loss=0.154, val/accuracy=0.912, val/loss=0.206, train/accuracy=0.898, train/loss=0.229]
Epoch 1:  52%|█████▏    | 408/782 [00:07<00:07, 53.24it/s, loss=0.154, val/accuracy=0.912, val/loss=0.206, train/accuracy=0.898, train/loss=0.229]
Epoch 1:  52%|█████▏    | 408/782 [00:07<00:07, 53.24it/s, loss=0.156, val/accuracy=0.912, val/loss=0.206, train/accuracy=0.898, train/loss=0.229]
Epoch 1:  52%|█████▏    | 409/782 [00:07<00:07, 53.25it/s, loss=0.156, val/accuracy=0.912, val/loss=0.206, train/accuracy=0.898, train/loss=0.229]
Epoch 1:  52%|█████▏    | 409/782 [00:07<00:07, 53.25it/s, loss=0.153, val/accuracy=0.912, val/loss=0.206, train/accuracy=0.898, train/loss=0.229]
Epoch 1:  52%|█████▏    | 410/782 [00:07<00:06, 53.25it/s, loss=0.153, val/accuracy=0.912, val/loss=0.206, train/accuracy=0.898, train/loss=0.229]
Epoch 1:  52%|█████▏    | 410/782 [00:07<00:06, 53.25it/s, loss=0.155, val/accuracy=0.912, val/loss=0.206, train/accuracy=0.898, train/loss=0.229]
Epoch 1:  53%|█████▎    | 411/782 [00:07<00:06, 53.25it/s, loss=0.155, val/accuracy=0.912, val/loss=0.206, train/accuracy=0.898, train/loss=0.229]
Epoch 1:  53%|█████▎    | 411/782 [00:07<00:06, 53.25it/s, loss=0.154, val/accuracy=0.912, val/loss=0.206, train/accuracy=0.898, train/loss=0.229]
Epoch 1:  53%|█████▎    | 412/782 [00:07<00:06, 53.26it/s, loss=0.154, val/accuracy=0.912, val/loss=0.206, train/accuracy=0.898, train/loss=0.229]
Epoch 1:  53%|█████▎    | 412/782 [00:07<00:06, 53.26it/s, loss=0.152, val/accuracy=0.912, val/loss=0.206, train/accuracy=0.898, train/loss=0.229]
Epoch 1:  53%|█████▎    | 413/782 [00:07<00:06, 53.26it/s, loss=0.152, val/accuracy=0.912, val/loss=0.206, train/accuracy=0.898, train/loss=0.229]
Epoch 1:  53%|█████▎    | 413/782 [00:07<00:06, 53.26it/s, loss=0.152, val/accuracy=0.912, val/loss=0.206, train/accuracy=0.898, train/loss=0.229]
Epoch 1:  53%|█████▎    | 414/782 [00:07<00:06, 53.27it/s, loss=0.152, val/accuracy=0.912, val/loss=0.206, train/accuracy=0.898, train/loss=0.229]
Epoch 1:  53%|█████▎    | 414/782 [00:07<00:06, 53.27it/s, loss=0.152, val/accuracy=0.912, val/loss=0.206, train/accuracy=0.898, train/loss=0.229]
Epoch 1:  53%|█████▎    | 415/782 [00:07<00:06, 53.27it/s, loss=0.152, val/accuracy=0.912, val/loss=0.206, train/accuracy=0.898, train/loss=0.229]
Epoch 1:  53%|█████▎    | 415/782 [00:07<00:06, 53.27it/s, loss=0.152, val/accuracy=0.912, val/loss=0.206, train/accuracy=0.898, train/loss=0.229]
Epoch 1:  53%|█████▎    | 416/782 [00:07<00:06, 53.28it/s, loss=0.152, val/accuracy=0.912, val/loss=0.206, train/accuracy=0.898, train/loss=0.229]
Epoch 1:  53%|█████▎    | 416/782 [00:07<00:06, 53.28it/s, loss=0.154, val/accuracy=0.912, val/loss=0.206, train/accuracy=0.898, train/loss=0.229]
Epoch 1:  53%|█████▎    | 417/782 [00:07<00:06, 53.28it/s, loss=0.154, val/accuracy=0.912, val/loss=0.206, train/accuracy=0.898, train/loss=0.229]
Epoch 1:  53%|█████▎    | 417/782 [00:07<00:06, 53.28it/s, loss=0.15, val/accuracy=0.912, val/loss=0.206, train/accuracy=0.898, train/loss=0.229] 
Epoch 1:  53%|█████▎    | 418/782 [00:07<00:06, 53.28it/s, loss=0.15, val/accuracy=0.912, val/loss=0.206, train/accuracy=0.898, train/loss=0.229]
Epoch 1:  53%|█████▎    | 418/782 [00:07<00:06, 53.28it/s, loss=0.147, val/accuracy=0.912, val/loss=0.206, train/accuracy=0.898, train/loss=0.229]
Epoch 1:  54%|█████▎    | 419/782 [00:07<00:06, 53.29it/s, loss=0.147, val/accuracy=0.912, val/loss=0.206, train/accuracy=0.898, train/loss=0.229]
Epoch 1:  54%|█████▎    | 419/782 [00:07<00:06, 53.29it/s, loss=0.145, val/accuracy=0.912, val/loss=0.206, train/accuracy=0.898, train/loss=0.229]
Epoch 1:  54%|█████▎    | 420/782 [00:07<00:06, 53.29it/s, loss=0.145, val/accuracy=0.912, val/loss=0.206, train/accuracy=0.898, train/loss=0.229]
Epoch 1:  54%|█████▎    | 420/782 [00:07<00:06, 53.29it/s, loss=0.141, val/accuracy=0.912, val/loss=0.206, train/accuracy=0.898, train/loss=0.229]
Epoch 1:  54%|█████▍    | 421/782 [00:07<00:06, 53.30it/s, loss=0.141, val/accuracy=0.912, val/loss=0.206, train/accuracy=0.898, train/loss=0.229]
Epoch 1:  54%|█████▍    | 421/782 [00:07<00:06, 53.29it/s, loss=0.146, val/accuracy=0.912, val/loss=0.206, train/accuracy=0.898, train/loss=0.229]
Epoch 1:  54%|█████▍    | 422/782 [00:07<00:06, 53.30it/s, loss=0.146, val/accuracy=0.912, val/loss=0.206, train/accuracy=0.898, train/loss=0.229]
Epoch 1:  54%|█████▍    | 422/782 [00:07<00:06, 53.30it/s, loss=0.146, val/accuracy=0.912, val/loss=0.206, train/accuracy=0.898, train/loss=0.229]
Epoch 1:  54%|█████▍    | 423/782 [00:07<00:06, 53.30it/s, loss=0.146, val/accuracy=0.912, val/loss=0.206, train/accuracy=0.898, train/loss=0.229]
Epoch 1:  54%|█████▍    | 423/782 [00:07<00:06, 53.30it/s, loss=0.148, val/accuracy=0.912, val/loss=0.206, train/accuracy=0.898, train/loss=0.229]
Epoch 1:  54%|█████▍    | 424/782 [00:07<00:06, 53.31it/s, loss=0.148, val/accuracy=0.912, val/loss=0.206, train/accuracy=0.898, train/loss=0.229]
Epoch 1:  54%|█████▍    | 424/782 [00:07<00:06, 53.31it/s, loss=0.151, val/accuracy=0.912, val/loss=0.206, train/accuracy=0.898, train/loss=0.229]
Epoch 1:  54%|█████▍    | 425/782 [00:07<00:06, 53.31it/s, loss=0.151, val/accuracy=0.912, val/loss=0.206, train/accuracy=0.898, train/loss=0.229]
Epoch 1:  54%|█████▍    | 425/782 [00:07<00:06, 53.31it/s, loss=0.15, val/accuracy=0.912, val/loss=0.206, train/accuracy=0.898, train/loss=0.229] 
Epoch 1:  54%|█████▍    | 426/782 [00:07<00:06, 53.31it/s, loss=0.15, val/accuracy=0.912, val/loss=0.206, train/accuracy=0.898, train/loss=0.229]
Epoch 1:  54%|█████▍    | 426/782 [00:07<00:06, 53.31it/s, loss=0.154, val/accuracy=0.912, val/loss=0.206, train/accuracy=0.898, train/loss=0.229]
Epoch 1:  55%|█████▍    | 427/782 [00:08<00:06, 53.32it/s, loss=0.154, val/accuracy=0.912, val/loss=0.206, train/accuracy=0.898, train/loss=0.229]
Epoch 1:  55%|█████▍    | 427/782 [00:08<00:06, 53.32it/s, loss=0.155, val/accuracy=0.912, val/loss=0.206, train/accuracy=0.898, train/loss=0.229]
Epoch 1:  55%|█████▍    | 428/782 [00:08<00:06, 53.32it/s, loss=0.155, val/accuracy=0.912, val/loss=0.206, train/accuracy=0.898, train/loss=0.229]
Epoch 1:  55%|█████▍    | 428/782 [00:08<00:06, 53.32it/s, loss=0.15, val/accuracy=0.912, val/loss=0.206, train/accuracy=0.898, train/loss=0.229] 
Epoch 1:  55%|█████▍    | 429/782 [00:08<00:06, 53.32it/s, loss=0.15, val/accuracy=0.912, val/loss=0.206, train/accuracy=0.898, train/loss=0.229]
Epoch 1:  55%|█████▍    | 429/782 [00:08<00:06, 53.32it/s, loss=0.153, val/accuracy=0.912, val/loss=0.206, train/accuracy=0.898, train/loss=0.229]
Epoch 1:  55%|█████▍    | 430/782 [00:08<00:06, 53.33it/s, loss=0.153, val/accuracy=0.912, val/loss=0.206, train/accuracy=0.898, train/loss=0.229]
Epoch 1:  55%|█████▍    | 430/782 [00:08<00:06, 53.33it/s, loss=0.156, val/accuracy=0.912, val/loss=0.206, train/accuracy=0.898, train/loss=0.229]
Epoch 1:  55%|█████▌    | 431/782 [00:08<00:06, 53.33it/s, loss=0.156, val/accuracy=0.912, val/loss=0.206, train/accuracy=0.898, train/loss=0.229]
Epoch 1:  55%|█████▌    | 431/782 [00:08<00:06, 53.33it/s, loss=0.155, val/accuracy=0.912, val/loss=0.206, train/accuracy=0.898, train/loss=0.229]
Epoch 1:  55%|█████▌    | 432/782 [00:08<00:06, 53.32it/s, loss=0.155, val/accuracy=0.912, val/loss=0.206, train/accuracy=0.898, train/loss=0.229]
Epoch 1:  55%|█████▌    | 432/782 [00:08<00:06, 53.32it/s, loss=0.155, val/accuracy=0.912, val/loss=0.206, train/accuracy=0.898, train/loss=0.229]
Epoch 1:  55%|█████▌    | 433/782 [00:08<00:06, 53.32it/s, loss=0.155, val/accuracy=0.912, val/loss=0.206, train/accuracy=0.898, train/loss=0.229]
Epoch 1:  55%|█████▌    | 433/782 [00:08<00:06, 53.32it/s, loss=0.154, val/accuracy=0.912, val/loss=0.206, train/accuracy=0.898, train/loss=0.229]
Epoch 1:  55%|█████▌    | 434/782 [00:08<00:06, 53.33it/s, loss=0.154, val/accuracy=0.912, val/loss=0.206, train/accuracy=0.898, train/loss=0.229]
Epoch 1:  55%|█████▌    | 434/782 [00:08<00:06, 53.33it/s, loss=0.158, val/accuracy=0.912, val/loss=0.206, train/accuracy=0.898, train/loss=0.229]
Epoch 1:  56%|█████▌    | 435/782 [00:08<00:06, 53.33it/s, loss=0.158, val/accuracy=0.912, val/loss=0.206, train/accuracy=0.898, train/loss=0.229]
Epoch 1:  56%|█████▌    | 435/782 [00:08<00:06, 53.33it/s, loss=0.154, val/accuracy=0.912, val/loss=0.206, train/accuracy=0.898, train/loss=0.229]
Epoch 1:  56%|█████▌    | 436/782 [00:08<00:06, 53.33it/s, loss=0.154, val/accuracy=0.912, val/loss=0.206, train/accuracy=0.898, train/loss=0.229]
Epoch 1:  56%|█████▌    | 436/782 [00:08<00:06, 53.33it/s, loss=0.155, val/accuracy=0.912, val/loss=0.206, train/accuracy=0.898, train/loss=0.229]
Epoch 1:  56%|█████▌    | 437/782 [00:08<00:06, 53.34it/s, loss=0.155, val/accuracy=0.912, val/loss=0.206, train/accuracy=0.898, train/loss=0.229]
Epoch 1:  56%|█████▌    | 437/782 [00:08<00:06, 53.34it/s, loss=0.158, val/accuracy=0.912, val/loss=0.206, train/accuracy=0.898, train/loss=0.229]
Epoch 1:  56%|█████▌    | 438/782 [00:08<00:06, 53.34it/s, loss=0.158, val/accuracy=0.912, val/loss=0.206, train/accuracy=0.898, train/loss=0.229]
Epoch 1:  56%|█████▌    | 438/782 [00:08<00:06, 53.34it/s, loss=0.163, val/accuracy=0.912, val/loss=0.206, train/accuracy=0.898, train/loss=0.229]
Epoch 1:  56%|█████▌    | 439/782 [00:08<00:06, 53.34it/s, loss=0.163, val/accuracy=0.912, val/loss=0.206, train/accuracy=0.898, train/loss=0.229]
Epoch 1:  56%|█████▌    | 439/782 [00:08<00:06, 53.34it/s, loss=0.158, val/accuracy=0.912, val/loss=0.206, train/accuracy=0.898, train/loss=0.229]
Epoch 1:  56%|█████▋    | 440/782 [00:08<00:06, 53.34it/s, loss=0.158, val/accuracy=0.912, val/loss=0.206, train/accuracy=0.898, train/loss=0.229]
Epoch 1:  56%|█████▋    | 440/782 [00:08<00:06, 53.34it/s, loss=0.154, val/accuracy=0.912, val/loss=0.206, train/accuracy=0.898, train/loss=0.229]
Epoch 1:  56%|█████▋    | 441/782 [00:08<00:06, 53.35it/s, loss=0.154, val/accuracy=0.912, val/loss=0.206, train/accuracy=0.898, train/loss=0.229]
Epoch 1:  56%|█████▋    | 441/782 [00:08<00:06, 53.35it/s, loss=0.15, val/accuracy=0.912, val/loss=0.206, train/accuracy=0.898, train/loss=0.229] 
Epoch 1:  57%|█████▋    | 442/782 [00:08<00:06, 53.35it/s, loss=0.15, val/accuracy=0.912, val/loss=0.206, train/accuracy=0.898, train/loss=0.229]
Epoch 1:  57%|█████▋    | 442/782 [00:08<00:06, 53.35it/s, loss=0.147, val/accuracy=0.912, val/loss=0.206, train/accuracy=0.898, train/loss=0.229]
Epoch 1:  57%|█████▋    | 443/782 [00:08<00:06, 53.35it/s, loss=0.147, val/accuracy=0.912, val/loss=0.206, train/accuracy=0.898, train/loss=0.229]
Epoch 1:  57%|█████▋    | 443/782 [00:08<00:06, 53.35it/s, loss=0.144, val/accuracy=0.912, val/loss=0.206, train/accuracy=0.898, train/loss=0.229]
Epoch 1:  57%|█████▋    | 444/782 [00:08<00:06, 53.36it/s, loss=0.144, val/accuracy=0.912, val/loss=0.206, train/accuracy=0.898, train/loss=0.229]
Epoch 1:  57%|█████▋    | 444/782 [00:08<00:06, 53.35it/s, loss=0.145, val/accuracy=0.912, val/loss=0.206, train/accuracy=0.898, train/loss=0.229]
Epoch 1:  57%|█████▋    | 445/782 [00:08<00:06, 53.36it/s, loss=0.145, val/accuracy=0.912, val/loss=0.206, train/accuracy=0.898, train/loss=0.229]
Epoch 1:  57%|█████▋    | 445/782 [00:08<00:06, 53.36it/s, loss=0.148, val/accuracy=0.912, val/loss=0.206, train/accuracy=0.898, train/loss=0.229]
Epoch 1:  57%|█████▋    | 446/782 [00:08<00:06, 53.36it/s, loss=0.148, val/accuracy=0.912, val/loss=0.206, train/accuracy=0.898, train/loss=0.229]
Epoch 1:  57%|█████▋    | 446/782 [00:08<00:06, 53.36it/s, loss=0.144, val/accuracy=0.912, val/loss=0.206, train/accuracy=0.898, train/loss=0.229]
Epoch 1:  57%|█████▋    | 447/782 [00:08<00:06, 53.36it/s, loss=0.144, val/accuracy=0.912, val/loss=0.206, train/accuracy=0.898, train/loss=0.229]
Epoch 1:  57%|█████▋    | 447/782 [00:08<00:06, 53.36it/s, loss=0.144, val/accuracy=0.912, val/loss=0.206, train/accuracy=0.898, train/loss=0.229]
Epoch 1:  57%|█████▋    | 448/782 [00:08<00:06, 53.37it/s, loss=0.144, val/accuracy=0.912, val/loss=0.206, train/accuracy=0.898, train/loss=0.229]
Epoch 1:  57%|█████▋    | 448/782 [00:08<00:06, 53.37it/s, loss=0.148, val/accuracy=0.912, val/loss=0.206, train/accuracy=0.898, train/loss=0.229]
Epoch 1:  57%|█████▋    | 449/782 [00:08<00:06, 53.37it/s, loss=0.148, val/accuracy=0.912, val/loss=0.206, train/accuracy=0.898, train/loss=0.229]
Epoch 1:  57%|█████▋    | 449/782 [00:08<00:06, 53.37it/s, loss=0.145, val/accuracy=0.912, val/loss=0.206, train/accuracy=0.898, train/loss=0.229]
Epoch 1:  58%|█████▊    | 450/782 [00:08<00:06, 53.37it/s, loss=0.145, val/accuracy=0.912, val/loss=0.206, train/accuracy=0.898, train/loss=0.229]
Epoch 1:  58%|█████▊    | 450/782 [00:08<00:06, 53.37it/s, loss=0.14, val/accuracy=0.912, val/loss=0.206, train/accuracy=0.898, train/loss=0.229] 
Epoch 1:  58%|█████▊    | 451/782 [00:08<00:06, 53.38it/s, loss=0.14, val/accuracy=0.912, val/loss=0.206, train/accuracy=0.898, train/loss=0.229]
Epoch 1:  58%|█████▊    | 451/782 [00:08<00:06, 53.37it/s, loss=0.138, val/accuracy=0.912, val/loss=0.206, train/accuracy=0.898, train/loss=0.229]
Epoch 1:  58%|█████▊    | 452/782 [00:08<00:06, 53.38it/s, loss=0.138, val/accuracy=0.912, val/loss=0.206, train/accuracy=0.898, train/loss=0.229]
Epoch 1:  58%|█████▊    | 452/782 [00:08<00:06, 53.38it/s, loss=0.137, val/accuracy=0.912, val/loss=0.206, train/accuracy=0.898, train/loss=0.229]
Epoch 1:  58%|█████▊    | 453/782 [00:08<00:06, 53.38it/s, loss=0.137, val/accuracy=0.912, val/loss=0.206, train/accuracy=0.898, train/loss=0.229]
Epoch 1:  58%|█████▊    | 453/782 [00:08<00:06, 53.38it/s, loss=0.135, val/accuracy=0.912, val/loss=0.206, train/accuracy=0.898, train/loss=0.229]
Epoch 1:  58%|█████▊    | 454/782 [00:08<00:06, 53.38it/s, loss=0.135, val/accuracy=0.912, val/loss=0.206, train/accuracy=0.898, train/loss=0.229]
Epoch 1:  58%|█████▊    | 454/782 [00:08<00:06, 53.38it/s, loss=0.135, val/accuracy=0.912, val/loss=0.206, train/accuracy=0.898, train/loss=0.229]
Epoch 1:  58%|█████▊    | 455/782 [00:08<00:06, 53.39it/s, loss=0.135, val/accuracy=0.912, val/loss=0.206, train/accuracy=0.898, train/loss=0.229]
Epoch 1:  58%|█████▊    | 455/782 [00:08<00:06, 53.39it/s, loss=0.133, val/accuracy=0.912, val/loss=0.206, train/accuracy=0.898, train/loss=0.229]
Epoch 1:  58%|█████▊    | 456/782 [00:08<00:06, 53.39it/s, loss=0.133, val/accuracy=0.912, val/loss=0.206, train/accuracy=0.898, train/loss=0.229]
Epoch 1:  58%|█████▊    | 456/782 [00:08<00:06, 53.39it/s, loss=0.133, val/accuracy=0.912, val/loss=0.206, train/accuracy=0.898, train/loss=0.229]
Epoch 1:  58%|█████▊    | 457/782 [00:08<00:06, 53.39it/s, loss=0.133, val/accuracy=0.912, val/loss=0.206, train/accuracy=0.898, train/loss=0.229]
Epoch 1:  58%|█████▊    | 457/782 [00:08<00:06, 53.39it/s, loss=0.131, val/accuracy=0.912, val/loss=0.206, train/accuracy=0.898, train/loss=0.229]
Epoch 1:  59%|█████▊    | 458/782 [00:08<00:06, 53.40it/s, loss=0.131, val/accuracy=0.912, val/loss=0.206, train/accuracy=0.898, train/loss=0.229]
Epoch 1:  59%|█████▊    | 458/782 [00:08<00:06, 53.39it/s, loss=0.124, val/accuracy=0.912, val/loss=0.206, train/accuracy=0.898, train/loss=0.229]
Epoch 1:  59%|█████▊    | 459/782 [00:08<00:06, 53.40it/s, loss=0.124, val/accuracy=0.912, val/loss=0.206, train/accuracy=0.898, train/loss=0.229]
Epoch 1:  59%|█████▊    | 459/782 [00:08<00:06, 53.40it/s, loss=0.133, val/accuracy=0.912, val/loss=0.206, train/accuracy=0.898, train/loss=0.229]
Epoch 1:  59%|█████▉    | 460/782 [00:08<00:06, 53.40it/s, loss=0.133, val/accuracy=0.912, val/loss=0.206, train/accuracy=0.898, train/loss=0.229]
Epoch 1:  59%|█████▉    | 460/782 [00:08<00:06, 53.40it/s, loss=0.134, val/accuracy=0.912, val/loss=0.206, train/accuracy=0.898, train/loss=0.229]
Epoch 1:  59%|█████▉    | 461/782 [00:08<00:06, 53.41it/s, loss=0.134, val/accuracy=0.912, val/loss=0.206, train/accuracy=0.898, train/loss=0.229]
Epoch 1:  59%|█████▉    | 461/782 [00:08<00:06, 53.41it/s, loss=0.135, val/accuracy=0.912, val/loss=0.206, train/accuracy=0.898, train/loss=0.229]
Epoch 1:  59%|█████▉    | 462/782 [00:08<00:05, 53.41it/s, loss=0.135, val/accuracy=0.912, val/loss=0.206, train/accuracy=0.898, train/loss=0.229]
Epoch 1:  59%|█████▉    | 462/782 [00:08<00:05, 53.41it/s, loss=0.138, val/accuracy=0.912, val/loss=0.206, train/accuracy=0.898, train/loss=0.229]
Epoch 1:  59%|█████▉    | 463/782 [00:08<00:05, 53.41it/s, loss=0.138, val/accuracy=0.912, val/loss=0.206, train/accuracy=0.898, train/loss=0.229]
Epoch 1:  59%|█████▉    | 463/782 [00:08<00:05, 53.41it/s, loss=0.138, val/accuracy=0.912, val/loss=0.206, train/accuracy=0.898, train/loss=0.229]
Epoch 1:  59%|█████▉    | 464/782 [00:08<00:05, 53.42it/s, loss=0.138, val/accuracy=0.912, val/loss=0.206, train/accuracy=0.898, train/loss=0.229]
Epoch 1:  59%|█████▉    | 464/782 [00:08<00:05, 53.42it/s, loss=0.133, val/accuracy=0.912, val/loss=0.206, train/accuracy=0.898, train/loss=0.229]
Epoch 1:  59%|█████▉    | 465/782 [00:08<00:05, 53.42it/s, loss=0.133, val/accuracy=0.912, val/loss=0.206, train/accuracy=0.898, train/loss=0.229]
Epoch 1:  59%|█████▉    | 465/782 [00:08<00:05, 53.42it/s, loss=0.129, val/accuracy=0.912, val/loss=0.206, train/accuracy=0.898, train/loss=0.229]
Epoch 1:  60%|█████▉    | 466/782 [00:08<00:05, 53.42it/s, loss=0.129, val/accuracy=0.912, val/loss=0.206, train/accuracy=0.898, train/loss=0.229]
Epoch 1:  60%|█████▉    | 466/782 [00:08<00:05, 53.42it/s, loss=0.134, val/accuracy=0.912, val/loss=0.206, train/accuracy=0.898, train/loss=0.229]
Epoch 1:  60%|█████▉    | 467/782 [00:08<00:05, 53.43it/s, loss=0.134, val/accuracy=0.912, val/loss=0.206, train/accuracy=0.898, train/loss=0.229]
Epoch 1:  60%|█████▉    | 467/782 [00:08<00:05, 53.43it/s, loss=0.134, val/accuracy=0.912, val/loss=0.206, train/accuracy=0.898, train/loss=0.229]
Epoch 1:  60%|█████▉    | 468/782 [00:08<00:05, 53.43it/s, loss=0.134, val/accuracy=0.912, val/loss=0.206, train/accuracy=0.898, train/loss=0.229]
Epoch 1:  60%|█████▉    | 468/782 [00:08<00:05, 53.43it/s, loss=0.132, val/accuracy=0.912, val/loss=0.206, train/accuracy=0.898, train/loss=0.229]
Epoch 1:  60%|█████▉    | 469/782 [00:08<00:05, 53.43it/s, loss=0.132, val/accuracy=0.912, val/loss=0.206, train/accuracy=0.898, train/loss=0.229]
Epoch 1:  60%|█████▉    | 469/782 [00:08<00:05, 53.43it/s, loss=0.134, val/accuracy=0.912, val/loss=0.206, train/accuracy=0.898, train/loss=0.229]
Epoch 1:  60%|██████    | 470/782 [00:08<00:05, 53.44it/s, loss=0.134, val/accuracy=0.912, val/loss=0.206, train/accuracy=0.898, train/loss=0.229]
Epoch 1:  60%|██████    | 470/782 [00:08<00:05, 53.44it/s, loss=0.136, val/accuracy=0.912, val/loss=0.206, train/accuracy=0.898, train/loss=0.229]
Epoch 1:  60%|██████    | 471/782 [00:08<00:05, 53.44it/s, loss=0.136, val/accuracy=0.912, val/loss=0.206, train/accuracy=0.898, train/loss=0.229]
Epoch 1:  60%|██████    | 471/782 [00:08<00:05, 53.44it/s, loss=0.14, val/accuracy=0.912, val/loss=0.206, train/accuracy=0.898, train/loss=0.229] 
Epoch 1:  60%|██████    | 472/782 [00:08<00:05, 53.44it/s, loss=0.14, val/accuracy=0.912, val/loss=0.206, train/accuracy=0.898, train/loss=0.229]
Epoch 1:  60%|██████    | 472/782 [00:08<00:05, 53.44it/s, loss=0.146, val/accuracy=0.912, val/loss=0.206, train/accuracy=0.898, train/loss=0.229]
Epoch 1:  60%|██████    | 473/782 [00:08<00:05, 53.45it/s, loss=0.146, val/accuracy=0.912, val/loss=0.206, train/accuracy=0.898, train/loss=0.229]
Epoch 1:  60%|██████    | 473/782 [00:08<00:05, 53.45it/s, loss=0.148, val/accuracy=0.912, val/loss=0.206, train/accuracy=0.898, train/loss=0.229]
Epoch 1:  61%|██████    | 474/782 [00:08<00:05, 53.45it/s, loss=0.148, val/accuracy=0.912, val/loss=0.206, train/accuracy=0.898, train/loss=0.229]
Epoch 1:  61%|██████    | 474/782 [00:08<00:05, 53.45it/s, loss=0.145, val/accuracy=0.912, val/loss=0.206, train/accuracy=0.898, train/loss=0.229]
Epoch 1:  61%|██████    | 475/782 [00:08<00:05, 53.45it/s, loss=0.145, val/accuracy=0.912, val/loss=0.206, train/accuracy=0.898, train/loss=0.229]
Epoch 1:  61%|██████    | 475/782 [00:08<00:05, 53.45it/s, loss=0.147, val/accuracy=0.912, val/loss=0.206, train/accuracy=0.898, train/loss=0.229]
Epoch 1:  61%|██████    | 476/782 [00:08<00:05, 53.46it/s, loss=0.147, val/accuracy=0.912, val/loss=0.206, train/accuracy=0.898, train/loss=0.229]
Epoch 1:  61%|██████    | 476/782 [00:08<00:05, 53.46it/s, loss=0.153, val/accuracy=0.912, val/loss=0.206, train/accuracy=0.898, train/loss=0.229]
Epoch 1:  61%|██████    | 477/782 [00:08<00:05, 53.46it/s, loss=0.153, val/accuracy=0.912, val/loss=0.206, train/accuracy=0.898, train/loss=0.229]
Epoch 1:  61%|██████    | 477/782 [00:08<00:05, 53.46it/s, loss=0.153, val/accuracy=0.912, val/loss=0.206, train/accuracy=0.898, train/loss=0.229]
Epoch 1:  61%|██████    | 478/782 [00:08<00:05, 53.45it/s, loss=0.153, val/accuracy=0.912, val/loss=0.206, train/accuracy=0.898, train/loss=0.229]
Epoch 1:  61%|██████    | 478/782 [00:08<00:05, 53.45it/s, loss=0.153, val/accuracy=0.912, val/loss=0.206, train/accuracy=0.898, train/loss=0.229]
Epoch 1:  61%|██████▏   | 479/782 [00:08<00:05, 53.45it/s, loss=0.153, val/accuracy=0.912, val/loss=0.206, train/accuracy=0.898, train/loss=0.229]
Epoch 1:  61%|██████▏   | 479/782 [00:08<00:05, 53.45it/s, loss=0.147, val/accuracy=0.912, val/loss=0.206, train/accuracy=0.898, train/loss=0.229]
Epoch 1:  61%|██████▏   | 480/782 [00:08<00:05, 53.46it/s, loss=0.147, val/accuracy=0.912, val/loss=0.206, train/accuracy=0.898, train/loss=0.229]
Epoch 1:  61%|██████▏   | 480/782 [00:08<00:05, 53.46it/s, loss=0.149, val/accuracy=0.912, val/loss=0.206, train/accuracy=0.898, train/loss=0.229]
Epoch 1:  62%|██████▏   | 481/782 [00:08<00:05, 53.46it/s, loss=0.149, val/accuracy=0.912, val/loss=0.206, train/accuracy=0.898, train/loss=0.229]
Epoch 1:  62%|██████▏   | 481/782 [00:08<00:05, 53.46it/s, loss=0.147, val/accuracy=0.912, val/loss=0.206, train/accuracy=0.898, train/loss=0.229]
Epoch 1:  62%|██████▏   | 482/782 [00:09<00:05, 53.46it/s, loss=0.147, val/accuracy=0.912, val/loss=0.206, train/accuracy=0.898, train/loss=0.229]
Epoch 1:  62%|██████▏   | 482/782 [00:09<00:05, 53.46it/s, loss=0.146, val/accuracy=0.912, val/loss=0.206, train/accuracy=0.898, train/loss=0.229]
Epoch 1:  62%|██████▏   | 483/782 [00:09<00:05, 53.47it/s, loss=0.146, val/accuracy=0.912, val/loss=0.206, train/accuracy=0.898, train/loss=0.229]
Epoch 1:  62%|██████▏   | 483/782 [00:09<00:05, 53.47it/s, loss=0.151, val/accuracy=0.912, val/loss=0.206, train/accuracy=0.898, train/loss=0.229]
Epoch 1:  62%|██████▏   | 484/782 [00:09<00:05, 53.47it/s, loss=0.151, val/accuracy=0.912, val/loss=0.206, train/accuracy=0.898, train/loss=0.229]
Epoch 1:  62%|██████▏   | 484/782 [00:09<00:05, 53.47it/s, loss=0.153, val/accuracy=0.912, val/loss=0.206, train/accuracy=0.898, train/loss=0.229]
Epoch 1:  62%|██████▏   | 485/782 [00:09<00:05, 53.47it/s, loss=0.153, val/accuracy=0.912, val/loss=0.206, train/accuracy=0.898, train/loss=0.229]
Epoch 1:  62%|██████▏   | 485/782 [00:09<00:05, 53.47it/s, loss=0.159, val/accuracy=0.912, val/loss=0.206, train/accuracy=0.898, train/loss=0.229]
Epoch 1:  62%|██████▏   | 486/782 [00:09<00:05, 53.47it/s, loss=0.159, val/accuracy=0.912, val/loss=0.206, train/accuracy=0.898, train/loss=0.229]
Epoch 1:  62%|██████▏   | 486/782 [00:09<00:05, 53.47it/s, loss=0.157, val/accuracy=0.912, val/loss=0.206, train/accuracy=0.898, train/loss=0.229]
Epoch 1:  62%|██████▏   | 487/782 [00:09<00:05, 53.48it/s, loss=0.157, val/accuracy=0.912, val/loss=0.206, train/accuracy=0.898, train/loss=0.229]
Epoch 1:  62%|██████▏   | 487/782 [00:09<00:05, 53.48it/s, loss=0.159, val/accuracy=0.912, val/loss=0.206, train/accuracy=0.898, train/loss=0.229]
Epoch 1:  62%|██████▏   | 488/782 [00:09<00:05, 53.48it/s, loss=0.159, val/accuracy=0.912, val/loss=0.206, train/accuracy=0.898, train/loss=0.229]
Epoch 1:  62%|██████▏   | 488/782 [00:09<00:05, 53.48it/s, loss=0.159, val/accuracy=0.912, val/loss=0.206, train/accuracy=0.898, train/loss=0.229]
Epoch 1:  63%|██████▎   | 489/782 [00:09<00:05, 53.48it/s, loss=0.159, val/accuracy=0.912, val/loss=0.206, train/accuracy=0.898, train/loss=0.229]
Epoch 1:  63%|██████▎   | 489/782 [00:09<00:05, 53.48it/s, loss=0.159, val/accuracy=0.912, val/loss=0.206, train/accuracy=0.898, train/loss=0.229]
Epoch 1:  63%|██████▎   | 490/782 [00:09<00:05, 53.49it/s, loss=0.159, val/accuracy=0.912, val/loss=0.206, train/accuracy=0.898, train/loss=0.229]
Epoch 1:  63%|██████▎   | 490/782 [00:09<00:05, 53.48it/s, loss=0.154, val/accuracy=0.912, val/loss=0.206, train/accuracy=0.898, train/loss=0.229]
Epoch 1:  63%|██████▎   | 491/782 [00:09<00:05, 53.49it/s, loss=0.154, val/accuracy=0.912, val/loss=0.206, train/accuracy=0.898, train/loss=0.229]
Epoch 1:  63%|██████▎   | 491/782 [00:09<00:05, 53.49it/s, loss=0.151, val/accuracy=0.912, val/loss=0.206, train/accuracy=0.898, train/loss=0.229]
Epoch 1:  63%|██████▎   | 492/782 [00:09<00:05, 53.49it/s, loss=0.151, val/accuracy=0.912, val/loss=0.206, train/accuracy=0.898, train/loss=0.229]
Epoch 1:  63%|██████▎   | 492/782 [00:09<00:05, 53.49it/s, loss=0.146, val/accuracy=0.912, val/loss=0.206, train/accuracy=0.898, train/loss=0.229]
Epoch 1:  63%|██████▎   | 493/782 [00:09<00:05, 53.49it/s, loss=0.146, val/accuracy=0.912, val/loss=0.206, train/accuracy=0.898, train/loss=0.229]
Epoch 1:  63%|██████▎   | 493/782 [00:09<00:05, 53.49it/s, loss=0.146, val/accuracy=0.912, val/loss=0.206, train/accuracy=0.898, train/loss=0.229]
Epoch 1:  63%|██████▎   | 494/782 [00:09<00:05, 53.50it/s, loss=0.146, val/accuracy=0.912, val/loss=0.206, train/accuracy=0.898, train/loss=0.229]
Epoch 1:  63%|██████▎   | 494/782 [00:09<00:05, 53.50it/s, loss=0.148, val/accuracy=0.912, val/loss=0.206, train/accuracy=0.898, train/loss=0.229]
Epoch 1:  63%|██████▎   | 495/782 [00:09<00:05, 53.50it/s, loss=0.148, val/accuracy=0.912, val/loss=0.206, train/accuracy=0.898, train/loss=0.229]
Epoch 1:  63%|██████▎   | 495/782 [00:09<00:05, 53.50it/s, loss=0.152, val/accuracy=0.912, val/loss=0.206, train/accuracy=0.898, train/loss=0.229]
Epoch 1:  63%|██████▎   | 496/782 [00:09<00:05, 53.50it/s, loss=0.152, val/accuracy=0.912, val/loss=0.206, train/accuracy=0.898, train/loss=0.229]
Epoch 1:  63%|██████▎   | 496/782 [00:09<00:05, 53.50it/s, loss=0.151, val/accuracy=0.912, val/loss=0.206, train/accuracy=0.898, train/loss=0.229]
Epoch 1:  64%|██████▎   | 497/782 [00:09<00:05, 53.50it/s, loss=0.151, val/accuracy=0.912, val/loss=0.206, train/accuracy=0.898, train/loss=0.229]
Epoch 1:  64%|██████▎   | 497/782 [00:09<00:05, 53.50it/s, loss=0.149, val/accuracy=0.912, val/loss=0.206, train/accuracy=0.898, train/loss=0.229]
Epoch 1:  64%|██████▎   | 498/782 [00:09<00:05, 53.51it/s, loss=0.149, val/accuracy=0.912, val/loss=0.206, train/accuracy=0.898, train/loss=0.229]
Epoch 1:  64%|██████▎   | 498/782 [00:09<00:05, 53.51it/s, loss=0.147, val/accuracy=0.912, val/loss=0.206, train/accuracy=0.898, train/loss=0.229]
Epoch 1:  64%|██████▍   | 499/782 [00:09<00:05, 53.51it/s, loss=0.147, val/accuracy=0.912, val/loss=0.206, train/accuracy=0.898, train/loss=0.229]
Epoch 1:  64%|██████▍   | 499/782 [00:09<00:05, 53.51it/s, loss=0.149, val/accuracy=0.912, val/loss=0.206, train/accuracy=0.898, train/loss=0.229]
Epoch 1:  64%|██████▍   | 500/782 [00:09<00:05, 53.51it/s, loss=0.149, val/accuracy=0.912, val/loss=0.206, train/accuracy=0.898, train/loss=0.229]
Epoch 1:  64%|██████▍   | 500/782 [00:09<00:05, 53.51it/s, loss=0.145, val/accuracy=0.912, val/loss=0.206, train/accuracy=0.898, train/loss=0.229]
Epoch 1:  64%|██████▍   | 501/782 [00:09<00:05, 53.52it/s, loss=0.145, val/accuracy=0.912, val/loss=0.206, train/accuracy=0.898, train/loss=0.229]
Epoch 1:  64%|██████▍   | 501/782 [00:09<00:05, 53.52it/s, loss=0.149, val/accuracy=0.912, val/loss=0.206, train/accuracy=0.898, train/loss=0.229]
Epoch 1:  64%|██████▍   | 502/782 [00:09<00:05, 53.52it/s, loss=0.149, val/accuracy=0.912, val/loss=0.206, train/accuracy=0.898, train/loss=0.229]
Epoch 1:  64%|██████▍   | 502/782 [00:09<00:05, 53.52it/s, loss=0.15, val/accuracy=0.912, val/loss=0.206, train/accuracy=0.898, train/loss=0.229] 
Epoch 1:  64%|██████▍   | 503/782 [00:09<00:05, 53.52it/s, loss=0.15, val/accuracy=0.912, val/loss=0.206, train/accuracy=0.898, train/loss=0.229]
Epoch 1:  64%|██████▍   | 503/782 [00:09<00:05, 53.52it/s, loss=0.144, val/accuracy=0.912, val/loss=0.206, train/accuracy=0.898, train/loss=0.229]
Epoch 1:  64%|██████▍   | 504/782 [00:09<00:05, 53.53it/s, loss=0.144, val/accuracy=0.912, val/loss=0.206, train/accuracy=0.898, train/loss=0.229]
Epoch 1:  64%|██████▍   | 504/782 [00:09<00:05, 53.52it/s, loss=0.142, val/accuracy=0.912, val/loss=0.206, train/accuracy=0.898, train/loss=0.229]
Epoch 1:  65%|██████▍   | 505/782 [00:09<00:05, 53.53it/s, loss=0.142, val/accuracy=0.912, val/loss=0.206, train/accuracy=0.898, train/loss=0.229]
Epoch 1:  65%|██████▍   | 505/782 [00:09<00:05, 53.53it/s, loss=0.138, val/accuracy=0.912, val/loss=0.206, train/accuracy=0.898, train/loss=0.229]
Epoch 1:  65%|██████▍   | 506/782 [00:09<00:05, 53.53it/s, loss=0.138, val/accuracy=0.912, val/loss=0.206, train/accuracy=0.898, train/loss=0.229]
Epoch 1:  65%|██████▍   | 506/782 [00:09<00:05, 53.53it/s, loss=0.142, val/accuracy=0.912, val/loss=0.206, train/accuracy=0.898, train/loss=0.229]
Epoch 1:  65%|██████▍   | 507/782 [00:09<00:05, 53.53it/s, loss=0.142, val/accuracy=0.912, val/loss=0.206, train/accuracy=0.898, train/loss=0.229]
Epoch 1:  65%|██████▍   | 507/782 [00:09<00:05, 53.53it/s, loss=0.139, val/accuracy=0.912, val/loss=0.206, train/accuracy=0.898, train/loss=0.229]
Epoch 1:  65%|██████▍   | 508/782 [00:09<00:05, 53.54it/s, loss=0.139, val/accuracy=0.912, val/loss=0.206, train/accuracy=0.898, train/loss=0.229]
Epoch 1:  65%|██████▍   | 508/782 [00:09<00:05, 53.53it/s, loss=0.14, val/accuracy=0.912, val/loss=0.206, train/accuracy=0.898, train/loss=0.229] 
Epoch 1:  65%|██████▌   | 509/782 [00:09<00:05, 53.54it/s, loss=0.14, val/accuracy=0.912, val/loss=0.206, train/accuracy=0.898, train/loss=0.229]
Epoch 1:  65%|██████▌   | 509/782 [00:09<00:05, 53.54it/s, loss=0.137, val/accuracy=0.912, val/loss=0.206, train/accuracy=0.898, train/loss=0.229]
Epoch 1:  65%|██████▌   | 510/782 [00:09<00:05, 53.54it/s, loss=0.137, val/accuracy=0.912, val/loss=0.206, train/accuracy=0.898, train/loss=0.229]
Epoch 1:  65%|██████▌   | 510/782 [00:09<00:05, 53.54it/s, loss=0.139, val/accuracy=0.912, val/loss=0.206, train/accuracy=0.898, train/loss=0.229]
Epoch 1:  65%|██████▌   | 511/782 [00:09<00:05, 53.54it/s, loss=0.139, val/accuracy=0.912, val/loss=0.206, train/accuracy=0.898, train/loss=0.229]
Epoch 1:  65%|██████▌   | 511/782 [00:09<00:05, 53.54it/s, loss=0.141, val/accuracy=0.912, val/loss=0.206, train/accuracy=0.898, train/loss=0.229]
Epoch 1:  65%|██████▌   | 512/782 [00:09<00:05, 53.55it/s, loss=0.141, val/accuracy=0.912, val/loss=0.206, train/accuracy=0.898, train/loss=0.229]
Epoch 1:  65%|██████▌   | 512/782 [00:09<00:05, 53.55it/s, loss=0.143, val/accuracy=0.912, val/loss=0.206, train/accuracy=0.898, train/loss=0.229]
Epoch 1:  66%|██████▌   | 513/782 [00:09<00:05, 53.55it/s, loss=0.143, val/accuracy=0.912, val/loss=0.206, train/accuracy=0.898, train/loss=0.229]
Epoch 1:  66%|██████▌   | 513/782 [00:09<00:05, 53.55it/s, loss=0.143, val/accuracy=0.912, val/loss=0.206, train/accuracy=0.898, train/loss=0.229]
Epoch 1:  66%|██████▌   | 514/782 [00:09<00:05, 53.55it/s, loss=0.143, val/accuracy=0.912, val/loss=0.206, train/accuracy=0.898, train/loss=0.229]
Epoch 1:  66%|██████▌   | 514/782 [00:09<00:05, 53.55it/s, loss=0.142, val/accuracy=0.912, val/loss=0.206, train/accuracy=0.898, train/loss=0.229]
Epoch 1:  66%|██████▌   | 515/782 [00:09<00:04, 53.56it/s, loss=0.142, val/accuracy=0.912, val/loss=0.206, train/accuracy=0.898, train/loss=0.229]
Epoch 1:  66%|██████▌   | 515/782 [00:09<00:04, 53.55it/s, loss=0.139, val/accuracy=0.912, val/loss=0.206, train/accuracy=0.898, train/loss=0.229]
Epoch 1:  66%|██████▌   | 516/782 [00:09<00:04, 53.56it/s, loss=0.139, val/accuracy=0.912, val/loss=0.206, train/accuracy=0.898, train/loss=0.229]
Epoch 1:  66%|██████▌   | 516/782 [00:09<00:04, 53.56it/s, loss=0.136, val/accuracy=0.912, val/loss=0.206, train/accuracy=0.898, train/loss=0.229]
Epoch 1:  66%|██████▌   | 517/782 [00:09<00:04, 53.56it/s, loss=0.136, val/accuracy=0.912, val/loss=0.206, train/accuracy=0.898, train/loss=0.229]
Epoch 1:  66%|██████▌   | 517/782 [00:09<00:04, 53.56it/s, loss=0.139, val/accuracy=0.912, val/loss=0.206, train/accuracy=0.898, train/loss=0.229]
Epoch 1:  66%|██████▌   | 518/782 [00:09<00:04, 53.56it/s, loss=0.139, val/accuracy=0.912, val/loss=0.206, train/accuracy=0.898, train/loss=0.229]
Epoch 1:  66%|██████▌   | 518/782 [00:09<00:04, 53.56it/s, loss=0.139, val/accuracy=0.912, val/loss=0.206, train/accuracy=0.898, train/loss=0.229]
Epoch 1:  66%|██████▋   | 519/782 [00:09<00:04, 53.57it/s, loss=0.139, val/accuracy=0.912, val/loss=0.206, train/accuracy=0.898, train/loss=0.229]
Epoch 1:  66%|██████▋   | 519/782 [00:09<00:04, 53.57it/s, loss=0.141, val/accuracy=0.912, val/loss=0.206, train/accuracy=0.898, train/loss=0.229]
Epoch 1:  66%|██████▋   | 520/782 [00:09<00:04, 53.57it/s, loss=0.141, val/accuracy=0.912, val/loss=0.206, train/accuracy=0.898, train/loss=0.229]
Epoch 1:  66%|██████▋   | 520/782 [00:09<00:04, 53.57it/s, loss=0.144, val/accuracy=0.912, val/loss=0.206, train/accuracy=0.898, train/loss=0.229]
Epoch 1:  67%|██████▋   | 521/782 [00:09<00:04, 53.57it/s, loss=0.144, val/accuracy=0.912, val/loss=0.206, train/accuracy=0.898, train/loss=0.229]
Epoch 1:  67%|██████▋   | 521/782 [00:09<00:04, 53.57it/s, loss=0.141, val/accuracy=0.912, val/loss=0.206, train/accuracy=0.898, train/loss=0.229]
Epoch 1:  67%|██████▋   | 522/782 [00:09<00:04, 53.57it/s, loss=0.141, val/accuracy=0.912, val/loss=0.206, train/accuracy=0.898, train/loss=0.229]
Epoch 1:  67%|██████▋   | 522/782 [00:09<00:04, 53.57it/s, loss=0.144, val/accuracy=0.912, val/loss=0.206, train/accuracy=0.898, train/loss=0.229]
Epoch 1:  67%|██████▋   | 523/782 [00:09<00:04, 53.58it/s, loss=0.144, val/accuracy=0.912, val/loss=0.206, train/accuracy=0.898, train/loss=0.229]
Epoch 1:  67%|██████▋   | 523/782 [00:09<00:04, 53.57it/s, loss=0.148, val/accuracy=0.912, val/loss=0.206, train/accuracy=0.898, train/loss=0.229]
Epoch 1:  67%|██████▋   | 524/782 [00:09<00:04, 53.58it/s, loss=0.148, val/accuracy=0.912, val/loss=0.206, train/accuracy=0.898, train/loss=0.229]
Epoch 1:  67%|██████▋   | 524/782 [00:09<00:04, 53.58it/s, loss=0.148, val/accuracy=0.912, val/loss=0.206, train/accuracy=0.898, train/loss=0.229]
Epoch 1:  67%|██████▋   | 525/782 [00:09<00:04, 53.58it/s, loss=0.148, val/accuracy=0.912, val/loss=0.206, train/accuracy=0.898, train/loss=0.229]
Epoch 1:  67%|██████▋   | 525/782 [00:09<00:04, 53.58it/s, loss=0.147, val/accuracy=0.912, val/loss=0.206, train/accuracy=0.898, train/loss=0.229]
Epoch 1:  67%|██████▋   | 526/782 [00:09<00:04, 53.58it/s, loss=0.147, val/accuracy=0.912, val/loss=0.206, train/accuracy=0.898, train/loss=0.229]
Epoch 1:  67%|██████▋   | 526/782 [00:09<00:04, 53.58it/s, loss=0.144, val/accuracy=0.912, val/loss=0.206, train/accuracy=0.898, train/loss=0.229]
Epoch 1:  67%|██████▋   | 527/782 [00:09<00:04, 53.58it/s, loss=0.144, val/accuracy=0.912, val/loss=0.206, train/accuracy=0.898, train/loss=0.229]
Epoch 1:  67%|██████▋   | 527/782 [00:09<00:04, 53.58it/s, loss=0.142, val/accuracy=0.912, val/loss=0.206, train/accuracy=0.898, train/loss=0.229]
Epoch 1:  68%|██████▊   | 528/782 [00:09<00:04, 53.59it/s, loss=0.142, val/accuracy=0.912, val/loss=0.206, train/accuracy=0.898, train/loss=0.229]
Epoch 1:  68%|██████▊   | 528/782 [00:09<00:04, 53.59it/s, loss=0.145, val/accuracy=0.912, val/loss=0.206, train/accuracy=0.898, train/loss=0.229]
Epoch 1:  68%|██████▊   | 529/782 [00:09<00:04, 53.59it/s, loss=0.145, val/accuracy=0.912, val/loss=0.206, train/accuracy=0.898, train/loss=0.229]
Epoch 1:  68%|██████▊   | 529/782 [00:09<00:04, 53.59it/s, loss=0.147, val/accuracy=0.912, val/loss=0.206, train/accuracy=0.898, train/loss=0.229]
Epoch 1:  68%|██████▊   | 530/782 [00:09<00:04, 53.59it/s, loss=0.147, val/accuracy=0.912, val/loss=0.206, train/accuracy=0.898, train/loss=0.229]
Epoch 1:  68%|██████▊   | 530/782 [00:09<00:04, 53.59it/s, loss=0.147, val/accuracy=0.912, val/loss=0.206, train/accuracy=0.898, train/loss=0.229]
Epoch 1:  68%|██████▊   | 531/782 [00:09<00:04, 53.60it/s, loss=0.147, val/accuracy=0.912, val/loss=0.206, train/accuracy=0.898, train/loss=0.229]
Epoch 1:  68%|██████▊   | 531/782 [00:09<00:04, 53.59it/s, loss=0.144, val/accuracy=0.912, val/loss=0.206, train/accuracy=0.898, train/loss=0.229]
Epoch 1:  68%|██████▊   | 532/782 [00:09<00:04, 53.60it/s, loss=0.144, val/accuracy=0.912, val/loss=0.206, train/accuracy=0.898, train/loss=0.229]
Epoch 1:  68%|██████▊   | 532/782 [00:09<00:04, 53.60it/s, loss=0.142, val/accuracy=0.912, val/loss=0.206, train/accuracy=0.898, train/loss=0.229]
Epoch 1:  68%|██████▊   | 533/782 [00:09<00:04, 53.60it/s, loss=0.142, val/accuracy=0.912, val/loss=0.206, train/accuracy=0.898, train/loss=0.229]
Epoch 1:  68%|██████▊   | 533/782 [00:09<00:04, 53.60it/s, loss=0.143, val/accuracy=0.912, val/loss=0.206, train/accuracy=0.898, train/loss=0.229]
Epoch 1:  68%|██████▊   | 534/782 [00:09<00:04, 53.60it/s, loss=0.143, val/accuracy=0.912, val/loss=0.206, train/accuracy=0.898, train/loss=0.229]
Epoch 1:  68%|██████▊   | 534/782 [00:09<00:04, 53.60it/s, loss=0.143, val/accuracy=0.912, val/loss=0.206, train/accuracy=0.898, train/loss=0.229]
Epoch 1:  68%|██████▊   | 535/782 [00:09<00:04, 53.61it/s, loss=0.143, val/accuracy=0.912, val/loss=0.206, train/accuracy=0.898, train/loss=0.229]
Epoch 1:  68%|██████▊   | 535/782 [00:09<00:04, 53.60it/s, loss=0.143, val/accuracy=0.912, val/loss=0.206, train/accuracy=0.898, train/loss=0.229]
Epoch 1:  69%|██████▊   | 536/782 [00:09<00:04, 53.61it/s, loss=0.143, val/accuracy=0.912, val/loss=0.206, train/accuracy=0.898, train/loss=0.229]
Epoch 1:  69%|██████▊   | 536/782 [00:09<00:04, 53.61it/s, loss=0.138, val/accuracy=0.912, val/loss=0.206, train/accuracy=0.898, train/loss=0.229]
Epoch 1:  69%|██████▊   | 537/782 [00:10<00:04, 53.61it/s, loss=0.138, val/accuracy=0.912, val/loss=0.206, train/accuracy=0.898, train/loss=0.229]
Epoch 1:  69%|██████▊   | 537/782 [00:10<00:04, 53.61it/s, loss=0.136, val/accuracy=0.912, val/loss=0.206, train/accuracy=0.898, train/loss=0.229]
Epoch 1:  69%|██████▉   | 538/782 [00:10<00:04, 53.61it/s, loss=0.136, val/accuracy=0.912, val/loss=0.206, train/accuracy=0.898, train/loss=0.229]
Epoch 1:  69%|██████▉   | 538/782 [00:10<00:04, 53.61it/s, loss=0.134, val/accuracy=0.912, val/loss=0.206, train/accuracy=0.898, train/loss=0.229]
Epoch 1:  69%|██████▉   | 539/782 [00:10<00:04, 53.61it/s, loss=0.134, val/accuracy=0.912, val/loss=0.206, train/accuracy=0.898, train/loss=0.229]
Epoch 1:  69%|██████▉   | 539/782 [00:10<00:04, 53.61it/s, loss=0.129, val/accuracy=0.912, val/loss=0.206, train/accuracy=0.898, train/loss=0.229]
Epoch 1:  69%|██████▉   | 540/782 [00:10<00:04, 53.62it/s, loss=0.129, val/accuracy=0.912, val/loss=0.206, train/accuracy=0.898, train/loss=0.229]
Epoch 1:  69%|██████▉   | 540/782 [00:10<00:04, 53.62it/s, loss=0.13, val/accuracy=0.912, val/loss=0.206, train/accuracy=0.898, train/loss=0.229] 
Epoch 1:  69%|██████▉   | 541/782 [00:10<00:04, 53.62it/s, loss=0.13, val/accuracy=0.912, val/loss=0.206, train/accuracy=0.898, train/loss=0.229]
Epoch 1:  69%|██████▉   | 541/782 [00:10<00:04, 53.62it/s, loss=0.133, val/accuracy=0.912, val/loss=0.206, train/accuracy=0.898, train/loss=0.229]
Epoch 1:  69%|██████▉   | 542/782 [00:10<00:04, 53.62it/s, loss=0.133, val/accuracy=0.912, val/loss=0.206, train/accuracy=0.898, train/loss=0.229]
Epoch 1:  69%|██████▉   | 542/782 [00:10<00:04, 53.62it/s, loss=0.133, val/accuracy=0.912, val/loss=0.206, train/accuracy=0.898, train/loss=0.229]
Epoch 1:  69%|██████▉   | 543/782 [00:10<00:04, 53.62it/s, loss=0.133, val/accuracy=0.912, val/loss=0.206, train/accuracy=0.898, train/loss=0.229]
Epoch 1:  69%|██████▉   | 543/782 [00:10<00:04, 53.62it/s, loss=0.136, val/accuracy=0.912, val/loss=0.206, train/accuracy=0.898, train/loss=0.229]
Epoch 1:  70%|██████▉   | 544/782 [00:10<00:04, 53.62it/s, loss=0.136, val/accuracy=0.912, val/loss=0.206, train/accuracy=0.898, train/loss=0.229]
Epoch 1:  70%|██████▉   | 544/782 [00:10<00:04, 53.62it/s, loss=0.138, val/accuracy=0.912, val/loss=0.206, train/accuracy=0.898, train/loss=0.229]
Epoch 1:  70%|██████▉   | 545/782 [00:10<00:04, 53.63it/s, loss=0.138, val/accuracy=0.912, val/loss=0.206, train/accuracy=0.898, train/loss=0.229]
Epoch 1:  70%|██████▉   | 545/782 [00:10<00:04, 53.62it/s, loss=0.139, val/accuracy=0.912, val/loss=0.206, train/accuracy=0.898, train/loss=0.229]
Epoch 1:  70%|██████▉   | 546/782 [00:10<00:04, 53.63it/s, loss=0.139, val/accuracy=0.912, val/loss=0.206, train/accuracy=0.898, train/loss=0.229]
Epoch 1:  70%|██████▉   | 546/782 [00:10<00:04, 53.63it/s, loss=0.137, val/accuracy=0.912, val/loss=0.206, train/accuracy=0.898, train/loss=0.229]
Epoch 1:  70%|██████▉   | 547/782 [00:10<00:04, 53.63it/s, loss=0.137, val/accuracy=0.912, val/loss=0.206, train/accuracy=0.898, train/loss=0.229]
Epoch 1:  70%|██████▉   | 547/782 [00:10<00:04, 53.63it/s, loss=0.141, val/accuracy=0.912, val/loss=0.206, train/accuracy=0.898, train/loss=0.229]
Epoch 1:  70%|███████   | 548/782 [00:10<00:04, 53.63it/s, loss=0.141, val/accuracy=0.912, val/loss=0.206, train/accuracy=0.898, train/loss=0.229]
Epoch 1:  70%|███████   | 548/782 [00:10<00:04, 53.63it/s, loss=0.141, val/accuracy=0.912, val/loss=0.206, train/accuracy=0.898, train/loss=0.229]
Epoch 1:  70%|███████   | 549/782 [00:10<00:04, 53.63it/s, loss=0.141, val/accuracy=0.912, val/loss=0.206, train/accuracy=0.898, train/loss=0.229]
Epoch 1:  70%|███████   | 549/782 [00:10<00:04, 53.63it/s, loss=0.141, val/accuracy=0.912, val/loss=0.206, train/accuracy=0.898, train/loss=0.229]
Epoch 1:  70%|███████   | 550/782 [00:10<00:04, 53.64it/s, loss=0.141, val/accuracy=0.912, val/loss=0.206, train/accuracy=0.898, train/loss=0.229]
Epoch 1:  70%|███████   | 550/782 [00:10<00:04, 53.63it/s, loss=0.14, val/accuracy=0.912, val/loss=0.206, train/accuracy=0.898, train/loss=0.229] 
Epoch 1:  70%|███████   | 551/782 [00:10<00:04, 53.64it/s, loss=0.14, val/accuracy=0.912, val/loss=0.206, train/accuracy=0.898, train/loss=0.229]
Epoch 1:  70%|███████   | 551/782 [00:10<00:04, 53.64it/s, loss=0.141, val/accuracy=0.912, val/loss=0.206, train/accuracy=0.898, train/loss=0.229]
Epoch 1:  71%|███████   | 552/782 [00:10<00:04, 53.64it/s, loss=0.141, val/accuracy=0.912, val/loss=0.206, train/accuracy=0.898, train/loss=0.229]
Epoch 1:  71%|███████   | 552/782 [00:10<00:04, 53.64it/s, loss=0.145, val/accuracy=0.912, val/loss=0.206, train/accuracy=0.898, train/loss=0.229]
Epoch 1:  71%|███████   | 553/782 [00:10<00:04, 53.64it/s, loss=0.145, val/accuracy=0.912, val/loss=0.206, train/accuracy=0.898, train/loss=0.229]
Epoch 1:  71%|███████   | 553/782 [00:10<00:04, 53.64it/s, loss=0.143, val/accuracy=0.912, val/loss=0.206, train/accuracy=0.898, train/loss=0.229]
Epoch 1:  71%|███████   | 554/782 [00:10<00:04, 53.64it/s, loss=0.143, val/accuracy=0.912, val/loss=0.206, train/accuracy=0.898, train/loss=0.229]
Epoch 1:  71%|███████   | 554/782 [00:10<00:04, 53.64it/s, loss=0.142, val/accuracy=0.912, val/loss=0.206, train/accuracy=0.898, train/loss=0.229]
Epoch 1:  71%|███████   | 555/782 [00:10<00:04, 53.65it/s, loss=0.142, val/accuracy=0.912, val/loss=0.206, train/accuracy=0.898, train/loss=0.229]
Epoch 1:  71%|███████   | 555/782 [00:10<00:04, 53.64it/s, loss=0.141, val/accuracy=0.912, val/loss=0.206, train/accuracy=0.898, train/loss=0.229]
Epoch 1:  71%|███████   | 556/782 [00:10<00:04, 53.65it/s, loss=0.141, val/accuracy=0.912, val/loss=0.206, train/accuracy=0.898, train/loss=0.229]
Epoch 1:  71%|███████   | 556/782 [00:10<00:04, 53.65it/s, loss=0.147, val/accuracy=0.912, val/loss=0.206, train/accuracy=0.898, train/loss=0.229]
Epoch 1:  71%|███████   | 557/782 [00:10<00:04, 53.65it/s, loss=0.147, val/accuracy=0.912, val/loss=0.206, train/accuracy=0.898, train/loss=0.229]
Epoch 1:  71%|███████   | 557/782 [00:10<00:04, 53.65it/s, loss=0.146, val/accuracy=0.912, val/loss=0.206, train/accuracy=0.898, train/loss=0.229]
Epoch 1:  71%|███████▏  | 558/782 [00:10<00:04, 53.65it/s, loss=0.146, val/accuracy=0.912, val/loss=0.206, train/accuracy=0.898, train/loss=0.229]
Epoch 1:  71%|███████▏  | 558/782 [00:10<00:04, 53.65it/s, loss=0.148, val/accuracy=0.912, val/loss=0.206, train/accuracy=0.898, train/loss=0.229]
Epoch 1:  71%|███████▏  | 559/782 [00:10<00:04, 53.65it/s, loss=0.148, val/accuracy=0.912, val/loss=0.206, train/accuracy=0.898, train/loss=0.229]
Epoch 1:  71%|███████▏  | 559/782 [00:10<00:04, 53.65it/s, loss=0.15, val/accuracy=0.912, val/loss=0.206, train/accuracy=0.898, train/loss=0.229] 
Epoch 1:  72%|███████▏  | 560/782 [00:10<00:04, 53.66it/s, loss=0.15, val/accuracy=0.912, val/loss=0.206, train/accuracy=0.898, train/loss=0.229]
Epoch 1:  72%|███████▏  | 560/782 [00:10<00:04, 53.66it/s, loss=0.15, val/accuracy=0.912, val/loss=0.206, train/accuracy=0.898, train/loss=0.229]
Epoch 1:  72%|███████▏  | 561/782 [00:10<00:04, 53.66it/s, loss=0.15, val/accuracy=0.912, val/loss=0.206, train/accuracy=0.898, train/loss=0.229]
Epoch 1:  72%|███████▏  | 561/782 [00:10<00:04, 53.66it/s, loss=0.147, val/accuracy=0.912, val/loss=0.206, train/accuracy=0.898, train/loss=0.229]
Epoch 1:  72%|███████▏  | 562/782 [00:10<00:04, 53.66it/s, loss=0.147, val/accuracy=0.912, val/loss=0.206, train/accuracy=0.898, train/loss=0.229]
Epoch 1:  72%|███████▏  | 562/782 [00:10<00:04, 53.66it/s, loss=0.14, val/accuracy=0.912, val/loss=0.206, train/accuracy=0.898, train/loss=0.229] 
Epoch 1:  72%|███████▏  | 563/782 [00:10<00:04, 53.66it/s, loss=0.14, val/accuracy=0.912, val/loss=0.206, train/accuracy=0.898, train/loss=0.229]
Epoch 1:  72%|███████▏  | 563/782 [00:10<00:04, 53.66it/s, loss=0.135, val/accuracy=0.912, val/loss=0.206, train/accuracy=0.898, train/loss=0.229]
Epoch 1:  72%|███████▏  | 564/782 [00:10<00:04, 53.66it/s, loss=0.135, val/accuracy=0.912, val/loss=0.206, train/accuracy=0.898, train/loss=0.229]
Epoch 1:  72%|███████▏  | 564/782 [00:10<00:04, 53.66it/s, loss=0.134, val/accuracy=0.912, val/loss=0.206, train/accuracy=0.898, train/loss=0.229]
Epoch 1:  72%|███████▏  | 565/782 [00:10<00:04, 53.67it/s, loss=0.134, val/accuracy=0.912, val/loss=0.206, train/accuracy=0.898, train/loss=0.229]
Epoch 1:  72%|███████▏  | 565/782 [00:10<00:04, 53.67it/s, loss=0.132, val/accuracy=0.912, val/loss=0.206, train/accuracy=0.898, train/loss=0.229]
Epoch 1:  72%|███████▏  | 566/782 [00:10<00:04, 53.67it/s, loss=0.132, val/accuracy=0.912, val/loss=0.206, train/accuracy=0.898, train/loss=0.229]
Epoch 1:  72%|███████▏  | 566/782 [00:10<00:04, 53.67it/s, loss=0.134, val/accuracy=0.912, val/loss=0.206, train/accuracy=0.898, train/loss=0.229]
Epoch 1:  73%|███████▎  | 567/782 [00:10<00:04, 53.67it/s, loss=0.134, val/accuracy=0.912, val/loss=0.206, train/accuracy=0.898, train/loss=0.229]
Epoch 1:  73%|███████▎  | 567/782 [00:10<00:04, 53.67it/s, loss=0.134, val/accuracy=0.912, val/loss=0.206, train/accuracy=0.898, train/loss=0.229]
Epoch 1:  73%|███████▎  | 568/782 [00:10<00:03, 53.67it/s, loss=0.134, val/accuracy=0.912, val/loss=0.206, train/accuracy=0.898, train/loss=0.229]
Epoch 1:  73%|███████▎  | 568/782 [00:10<00:03, 53.67it/s, loss=0.128, val/accuracy=0.912, val/loss=0.206, train/accuracy=0.898, train/loss=0.229]
Epoch 1:  73%|███████▎  | 569/782 [00:10<00:03, 53.67it/s, loss=0.128, val/accuracy=0.912, val/loss=0.206, train/accuracy=0.898, train/loss=0.229]
Epoch 1:  73%|███████▎  | 569/782 [00:10<00:03, 53.67it/s, loss=0.131, val/accuracy=0.912, val/loss=0.206, train/accuracy=0.898, train/loss=0.229]
Epoch 1:  73%|███████▎  | 570/782 [00:10<00:03, 53.68it/s, loss=0.131, val/accuracy=0.912, val/loss=0.206, train/accuracy=0.898, train/loss=0.229]
Epoch 1:  73%|███████▎  | 570/782 [00:10<00:03, 53.68it/s, loss=0.132, val/accuracy=0.912, val/loss=0.206, train/accuracy=0.898, train/loss=0.229]
Epoch 1:  73%|███████▎  | 571/782 [00:10<00:03, 53.68it/s, loss=0.132, val/accuracy=0.912, val/loss=0.206, train/accuracy=0.898, train/loss=0.229]
Epoch 1:  73%|███████▎  | 571/782 [00:10<00:03, 53.68it/s, loss=0.132, val/accuracy=0.912, val/loss=0.206, train/accuracy=0.898, train/loss=0.229]
Epoch 1:  73%|███████▎  | 572/782 [00:10<00:03, 53.68it/s, loss=0.132, val/accuracy=0.912, val/loss=0.206, train/accuracy=0.898, train/loss=0.229]
Epoch 1:  73%|███████▎  | 572/782 [00:10<00:03, 53.68it/s, loss=0.132, val/accuracy=0.912, val/loss=0.206, train/accuracy=0.898, train/loss=0.229]
Epoch 1:  73%|███████▎  | 573/782 [00:10<00:03, 53.68it/s, loss=0.132, val/accuracy=0.912, val/loss=0.206, train/accuracy=0.898, train/loss=0.229]
Epoch 1:  73%|███████▎  | 573/782 [00:10<00:03, 53.68it/s, loss=0.133, val/accuracy=0.912, val/loss=0.206, train/accuracy=0.898, train/loss=0.229]
Epoch 1:  73%|███████▎  | 574/782 [00:10<00:03, 53.69it/s, loss=0.133, val/accuracy=0.912, val/loss=0.206, train/accuracy=0.898, train/loss=0.229]
Epoch 1:  73%|███████▎  | 574/782 [00:10<00:03, 53.68it/s, loss=0.13, val/accuracy=0.912, val/loss=0.206, train/accuracy=0.898, train/loss=0.229] 
Epoch 1:  74%|███████▎  | 575/782 [00:10<00:03, 53.69it/s, loss=0.13, val/accuracy=0.912, val/loss=0.206, train/accuracy=0.898, train/loss=0.229]
Epoch 1:  74%|███████▎  | 575/782 [00:10<00:03, 53.69it/s, loss=0.13, val/accuracy=0.912, val/loss=0.206, train/accuracy=0.898, train/loss=0.229]
Epoch 1:  74%|███████▎  | 576/782 [00:10<00:03, 53.69it/s, loss=0.13, val/accuracy=0.912, val/loss=0.206, train/accuracy=0.898, train/loss=0.229]
Epoch 1:  74%|███████▎  | 576/782 [00:10<00:03, 53.69it/s, loss=0.129, val/accuracy=0.912, val/loss=0.206, train/accuracy=0.898, train/loss=0.229]
Epoch 1:  74%|███████▍  | 577/782 [00:10<00:03, 53.69it/s, loss=0.129, val/accuracy=0.912, val/loss=0.206, train/accuracy=0.898, train/loss=0.229]
Epoch 1:  74%|███████▍  | 577/782 [00:10<00:03, 53.69it/s, loss=0.131, val/accuracy=0.912, val/loss=0.206, train/accuracy=0.898, train/loss=0.229]
Epoch 1:  74%|███████▍  | 578/782 [00:10<00:03, 53.69it/s, loss=0.131, val/accuracy=0.912, val/loss=0.206, train/accuracy=0.898, train/loss=0.229]
Epoch 1:  74%|███████▍  | 578/782 [00:10<00:03, 53.69it/s, loss=0.131, val/accuracy=0.912, val/loss=0.206, train/accuracy=0.898, train/loss=0.229]
Epoch 1:  74%|███████▍  | 579/782 [00:10<00:03, 53.69it/s, loss=0.131, val/accuracy=0.912, val/loss=0.206, train/accuracy=0.898, train/loss=0.229]
Epoch 1:  74%|███████▍  | 579/782 [00:10<00:03, 53.69it/s, loss=0.136, val/accuracy=0.912, val/loss=0.206, train/accuracy=0.898, train/loss=0.229]
Epoch 1:  74%|███████▍  | 580/782 [00:10<00:03, 53.70it/s, loss=0.136, val/accuracy=0.912, val/loss=0.206, train/accuracy=0.898, train/loss=0.229]
Epoch 1:  74%|███████▍  | 580/782 [00:10<00:03, 53.69it/s, loss=0.137, val/accuracy=0.912, val/loss=0.206, train/accuracy=0.898, train/loss=0.229]
Epoch 1:  74%|███████▍  | 581/782 [00:10<00:03, 53.70it/s, loss=0.137, val/accuracy=0.912, val/loss=0.206, train/accuracy=0.898, train/loss=0.229]
Epoch 1:  74%|███████▍  | 581/782 [00:10<00:03, 53.70it/s, loss=0.136, val/accuracy=0.912, val/loss=0.206, train/accuracy=0.898, train/loss=0.229]
Epoch 1:  74%|███████▍  | 582/782 [00:10<00:03, 53.70it/s, loss=0.136, val/accuracy=0.912, val/loss=0.206, train/accuracy=0.898, train/loss=0.229]
Epoch 1:  74%|███████▍  | 582/782 [00:10<00:03, 53.70it/s, loss=0.143, val/accuracy=0.912, val/loss=0.206, train/accuracy=0.898, train/loss=0.229]
Epoch 1:  75%|███████▍  | 583/782 [00:10<00:03, 53.70it/s, loss=0.143, val/accuracy=0.912, val/loss=0.206, train/accuracy=0.898, train/loss=0.229]
Epoch 1:  75%|███████▍  | 583/782 [00:10<00:03, 53.70it/s, loss=0.144, val/accuracy=0.912, val/loss=0.206, train/accuracy=0.898, train/loss=0.229]
Epoch 1:  75%|███████▍  | 584/782 [00:10<00:03, 53.67it/s, loss=0.144, val/accuracy=0.912, val/loss=0.206, train/accuracy=0.898, train/loss=0.229]
Epoch 1:  75%|███████▍  | 584/782 [00:10<00:03, 53.67it/s, loss=0.141, val/accuracy=0.912, val/loss=0.206, train/accuracy=0.898, train/loss=0.229]
Epoch 1:  75%|███████▍  | 585/782 [00:10<00:03, 53.64it/s, loss=0.141, val/accuracy=0.912, val/loss=0.206, train/accuracy=0.898, train/loss=0.229]
Epoch 1:  75%|███████▍  | 585/782 [00:10<00:03, 53.64it/s, loss=0.143, val/accuracy=0.912, val/loss=0.206, train/accuracy=0.898, train/loss=0.229]
Epoch 1:  75%|███████▍  | 586/782 [00:10<00:03, 53.65it/s, loss=0.143, val/accuracy=0.912, val/loss=0.206, train/accuracy=0.898, train/loss=0.229]
Epoch 1:  75%|███████▍  | 586/782 [00:10<00:03, 53.64it/s, loss=0.144, val/accuracy=0.912, val/loss=0.206, train/accuracy=0.898, train/loss=0.229]

Validation: 0it [00:00, ?it/s][A

Validation:   0%|          | 0/196 [00:00<?, ?it/s][A

Validation DataLoader 0:   0%|          | 0/196 [00:00<?, ?it/s][A

Validation DataLoader 0:   1%|          | 1/196 [00:00<00:01, 132.35it/s][A
Epoch 1:  75%|███████▌  | 587/782 [00:11<00:03, 53.01it/s, loss=0.144, val/accuracy=0.912, val/loss=0.206, train/accuracy=0.898, train/loss=0.229]

Validation DataLoader 0:   1%|          | 2/196 [00:00<00:02, 89.12it/s] [A
Epoch 1:  75%|███████▌  | 588/782 [00:11<00:03, 53.03it/s, loss=0.144, val/accuracy=0.912, val/loss=0.206, train/accuracy=0.898, train/loss=0.229]

Validation DataLoader 0:   2%|▏         | 3/196 [00:00<00:02, 78.26it/s][A
Epoch 1:  75%|███████▌  | 589/782 [00:11<00:03, 53.04it/s, loss=0.144, val/accuracy=0.912, val/loss=0.206, train/accuracy=0.898, train/loss=0.229]

Validation DataLoader 0:   2%|▏         | 4/196 [00:00<00:02, 72.54it/s][A
Epoch 1:  75%|███████▌  | 590/782 [00:11<00:03, 53.05it/s, loss=0.144, val/accuracy=0.912, val/loss=0.206, train/accuracy=0.898, train/loss=0.229]

Validation DataLoader 0:   3%|▎         | 5/196 [00:00<00:02, 68.90it/s][A
Epoch 1:  76%|███████▌  | 591/782 [00:11<00:03, 53.06it/s, loss=0.144, val/accuracy=0.912, val/loss=0.206, train/accuracy=0.898, train/loss=0.229]

Validation DataLoader 0:   3%|▎         | 6/196 [00:00<00:02, 67.30it/s][A
Epoch 1:  76%|███████▌  | 592/782 [00:11<00:03, 53.07it/s, loss=0.144, val/accuracy=0.912, val/loss=0.206, train/accuracy=0.898, train/loss=0.229]

Validation DataLoader 0:   4%|▎         | 7/196 [00:00<00:02, 67.67it/s][A
Epoch 1:  76%|███████▌  | 593/782 [00:11<00:03, 53.09it/s, loss=0.144, val/accuracy=0.912, val/loss=0.206, train/accuracy=0.898, train/loss=0.229]

Validation DataLoader 0:   4%|▍         | 8/196 [00:00<00:02, 64.46it/s][A
Epoch 1:  76%|███████▌  | 594/782 [00:11<00:03, 53.08it/s, loss=0.144, val/accuracy=0.912, val/loss=0.206, train/accuracy=0.898, train/loss=0.229]

Validation DataLoader 0:   5%|▍         | 9/196 [00:00<00:02, 63.87it/s][A
Epoch 1:  76%|███████▌  | 595/782 [00:11<00:03, 53.09it/s, loss=0.144, val/accuracy=0.912, val/loss=0.206, train/accuracy=0.898, train/loss=0.229]

Validation DataLoader 0:   5%|▌         | 10/196 [00:00<00:02, 63.20it/s][A
Epoch 1:  76%|███████▌  | 596/782 [00:11<00:03, 53.10it/s, loss=0.144, val/accuracy=0.912, val/loss=0.206, train/accuracy=0.898, train/loss=0.229]

Validation DataLoader 0:   6%|▌         | 11/196 [00:00<00:02, 64.71it/s][A
Epoch 1:  76%|███████▋  | 597/782 [00:11<00:03, 53.13it/s, loss=0.144, val/accuracy=0.912, val/loss=0.206, train/accuracy=0.898, train/loss=0.229]

Validation DataLoader 0:   6%|▌         | 12/196 [00:00<00:02, 62.23it/s][A
Epoch 1:  76%|███████▋  | 598/782 [00:11<00:03, 53.11it/s, loss=0.144, val/accuracy=0.912, val/loss=0.206, train/accuracy=0.898, train/loss=0.229]

Validation DataLoader 0:   7%|▋         | 13/196 [00:00<00:02, 63.39it/s][A
Epoch 1:  77%|███████▋  | 599/782 [00:11<00:03, 53.14it/s, loss=0.144, val/accuracy=0.912, val/loss=0.206, train/accuracy=0.898, train/loss=0.229]

Validation DataLoader 0:   7%|▋         | 14/196 [00:00<00:02, 61.65it/s][A
Epoch 1:  77%|███████▋  | 600/782 [00:11<00:03, 53.13it/s, loss=0.144, val/accuracy=0.912, val/loss=0.206, train/accuracy=0.898, train/loss=0.229]

Validation DataLoader 0:   8%|▊         | 15/196 [00:00<00:02, 63.30it/s][A
Epoch 1:  77%|███████▋  | 601/782 [00:11<00:03, 53.17it/s, loss=0.144, val/accuracy=0.912, val/loss=0.206, train/accuracy=0.898, train/loss=0.229]

Validation DataLoader 0:   8%|▊         | 16/196 [00:00<00:02, 61.20it/s][A
Epoch 1:  77%|███████▋  | 602/782 [00:11<00:03, 53.14it/s, loss=0.144, val/accuracy=0.912, val/loss=0.206, train/accuracy=0.898, train/loss=0.229]

Validation DataLoader 0:   9%|▊         | 17/196 [00:00<00:02, 62.85it/s][A
Epoch 1:  77%|███████▋  | 603/782 [00:11<00:03, 53.19it/s, loss=0.144, val/accuracy=0.912, val/loss=0.206, train/accuracy=0.898, train/loss=0.229]

Validation DataLoader 0:   9%|▉         | 18/196 [00:00<00:02, 60.83it/s][A
Epoch 1:  77%|███████▋  | 604/782 [00:11<00:03, 53.16it/s, loss=0.144, val/accuracy=0.912, val/loss=0.206, train/accuracy=0.898, train/loss=0.229]

Validation DataLoader 0:  10%|▉         | 19/196 [00:00<00:02, 60.65it/s][A
Epoch 1:  77%|███████▋  | 605/782 [00:11<00:03, 53.16it/s, loss=0.144, val/accuracy=0.912, val/loss=0.206, train/accuracy=0.898, train/loss=0.229]

Validation DataLoader 0:  10%|█         | 20/196 [00:00<00:02, 60.37it/s][A
Epoch 1:  77%|███████▋  | 606/782 [00:11<00:03, 53.17it/s, loss=0.144, val/accuracy=0.912, val/loss=0.206, train/accuracy=0.898, train/loss=0.229]

Validation DataLoader 0:  11%|█         | 21/196 [00:00<00:02, 60.21it/s][A
Epoch 1:  78%|███████▊  | 607/782 [00:11<00:03, 53.17it/s, loss=0.144, val/accuracy=0.912, val/loss=0.206, train/accuracy=0.898, train/loss=0.229]

Validation DataLoader 0:  11%|█         | 22/196 [00:00<00:02, 60.10it/s][A
Epoch 1:  78%|███████▊  | 608/782 [00:11<00:03, 53.18it/s, loss=0.144, val/accuracy=0.912, val/loss=0.206, train/accuracy=0.898, train/loss=0.229]

Validation DataLoader 0:  12%|█▏        | 23/196 [00:00<00:02, 61.25it/s][A
Epoch 1:  78%|███████▊  | 609/782 [00:11<00:03, 53.23it/s, loss=0.144, val/accuracy=0.912, val/loss=0.206, train/accuracy=0.898, train/loss=0.229]

Validation DataLoader 0:  12%|█▏        | 24/196 [00:00<00:02, 59.89it/s][A
Epoch 1:  78%|███████▊  | 610/782 [00:11<00:03, 53.20it/s, loss=0.144, val/accuracy=0.912, val/loss=0.206, train/accuracy=0.898, train/loss=0.229]

Validation DataLoader 0:  13%|█▎        | 25/196 [00:00<00:02, 59.85it/s][A
Epoch 1:  78%|███████▊  | 611/782 [00:11<00:03, 53.20it/s, loss=0.144, val/accuracy=0.912, val/loss=0.206, train/accuracy=0.898, train/loss=0.229]

Validation DataLoader 0:  13%|█▎        | 26/196 [00:00<00:02, 59.76it/s][A
Epoch 1:  78%|███████▊  | 612/782 [00:11<00:03, 53.21it/s, loss=0.144, val/accuracy=0.912, val/loss=0.206, train/accuracy=0.898, train/loss=0.229]

Validation DataLoader 0:  14%|█▍        | 27/196 [00:00<00:02, 59.66it/s][A
Epoch 1:  78%|███████▊  | 613/782 [00:11<00:03, 53.22it/s, loss=0.144, val/accuracy=0.912, val/loss=0.206, train/accuracy=0.898, train/loss=0.229]

Validation DataLoader 0:  14%|█▍        | 28/196 [00:00<00:02, 59.59it/s][A
Epoch 1:  79%|███████▊  | 614/782 [00:11<00:03, 53.22it/s, loss=0.144, val/accuracy=0.912, val/loss=0.206, train/accuracy=0.898, train/loss=0.229]

Validation DataLoader 0:  15%|█▍        | 29/196 [00:00<00:02, 59.32it/s][A
Epoch 1:  79%|███████▊  | 615/782 [00:11<00:03, 53.22it/s, loss=0.144, val/accuracy=0.912, val/loss=0.206, train/accuracy=0.898, train/loss=0.229]

Validation DataLoader 0:  15%|█▌        | 30/196 [00:00<00:02, 59.34it/s][A
Epoch 1:  79%|███████▉  | 616/782 [00:11<00:03, 53.23it/s, loss=0.144, val/accuracy=0.912, val/loss=0.206, train/accuracy=0.898, train/loss=0.229]

Validation DataLoader 0:  16%|█▌        | 31/196 [00:00<00:02, 59.33it/s][A
Epoch 1:  79%|███████▉  | 617/782 [00:11<00:03, 53.24it/s, loss=0.144, val/accuracy=0.912, val/loss=0.206, train/accuracy=0.898, train/loss=0.229]

Validation DataLoader 0:  16%|█▋        | 32/196 [00:00<00:02, 59.33it/s][A
Epoch 1:  79%|███████▉  | 618/782 [00:11<00:03, 53.25it/s, loss=0.144, val/accuracy=0.912, val/loss=0.206, train/accuracy=0.898, train/loss=0.229]

Validation DataLoader 0:  17%|█▋        | 33/196 [00:00<00:02, 59.17it/s][A
Epoch 1:  79%|███████▉  | 619/782 [00:11<00:03, 53.25it/s, loss=0.144, val/accuracy=0.912, val/loss=0.206, train/accuracy=0.898, train/loss=0.229]

Validation DataLoader 0:  17%|█▋        | 34/196 [00:00<00:02, 59.13it/s][A
Epoch 1:  79%|███████▉  | 620/782 [00:11<00:03, 53.26it/s, loss=0.144, val/accuracy=0.912, val/loss=0.206, train/accuracy=0.898, train/loss=0.229]

Validation DataLoader 0:  18%|█▊        | 35/196 [00:00<00:02, 59.09it/s][A
Epoch 1:  79%|███████▉  | 621/782 [00:11<00:03, 53.26it/s, loss=0.144, val/accuracy=0.912, val/loss=0.206, train/accuracy=0.898, train/loss=0.229]

Validation DataLoader 0:  18%|█▊        | 36/196 [00:00<00:02, 59.04it/s][A
Epoch 1:  80%|███████▉  | 622/782 [00:11<00:03, 53.27it/s, loss=0.144, val/accuracy=0.912, val/loss=0.206, train/accuracy=0.898, train/loss=0.229]

Validation DataLoader 0:  19%|█▉        | 37/196 [00:00<00:02, 59.18it/s][A
Epoch 1:  80%|███████▉  | 623/782 [00:11<00:02, 53.29it/s, loss=0.144, val/accuracy=0.912, val/loss=0.206, train/accuracy=0.898, train/loss=0.229]

Validation DataLoader 0:  19%|█▉        | 38/196 [00:00<00:02, 58.90it/s][A
Epoch 1:  80%|███████▉  | 624/782 [00:11<00:02, 53.28it/s, loss=0.144, val/accuracy=0.912, val/loss=0.206, train/accuracy=0.898, train/loss=0.229]

Validation DataLoader 0:  20%|█▉        | 39/196 [00:00<00:02, 58.95it/s][A
Epoch 1:  80%|███████▉  | 625/782 [00:11<00:02, 53.29it/s, loss=0.144, val/accuracy=0.912, val/loss=0.206, train/accuracy=0.898, train/loss=0.229]

Validation DataLoader 0:  20%|██        | 40/196 [00:00<00:02, 58.85it/s][A
Epoch 1:  80%|████████  | 626/782 [00:11<00:02, 53.29it/s, loss=0.144, val/accuracy=0.912, val/loss=0.206, train/accuracy=0.898, train/loss=0.229]

Validation DataLoader 0:  21%|██        | 41/196 [00:00<00:02, 59.56it/s][A
Epoch 1:  80%|████████  | 627/782 [00:11<00:02, 53.34it/s, loss=0.144, val/accuracy=0.912, val/loss=0.206, train/accuracy=0.898, train/loss=0.229]

Validation DataLoader 0:  21%|██▏       | 42/196 [00:00<00:02, 58.78it/s][A
Epoch 1:  80%|████████  | 628/782 [00:11<00:02, 53.31it/s, loss=0.144, val/accuracy=0.912, val/loss=0.206, train/accuracy=0.898, train/loss=0.229]

Validation DataLoader 0:  22%|██▏       | 43/196 [00:00<00:02, 58.79it/s][A
Epoch 1:  80%|████████  | 629/782 [00:11<00:02, 53.31it/s, loss=0.144, val/accuracy=0.912, val/loss=0.206, train/accuracy=0.898, train/loss=0.229]

Validation DataLoader 0:  22%|██▏       | 44/196 [00:00<00:02, 58.99it/s][A
Epoch 1:  81%|████████  | 630/782 [00:11<00:02, 53.33it/s, loss=0.144, val/accuracy=0.912, val/loss=0.206, train/accuracy=0.898, train/loss=0.229]

Validation DataLoader 0:  23%|██▎       | 45/196 [00:00<00:02, 58.72it/s][A
Epoch 1:  81%|████████  | 631/782 [00:11<00:02, 53.33it/s, loss=0.144, val/accuracy=0.912, val/loss=0.206, train/accuracy=0.898, train/loss=0.229]

Validation DataLoader 0:  23%|██▎       | 46/196 [00:00<00:02, 58.72it/s][A
Epoch 1:  81%|████████  | 632/782 [00:11<00:02, 53.33it/s, loss=0.144, val/accuracy=0.912, val/loss=0.206, train/accuracy=0.898, train/loss=0.229]

Validation DataLoader 0:  24%|██▍       | 47/196 [00:00<00:02, 58.66it/s][A
Epoch 1:  81%|████████  | 633/782 [00:11<00:02, 53.34it/s, loss=0.144, val/accuracy=0.912, val/loss=0.206, train/accuracy=0.898, train/loss=0.229]

Validation DataLoader 0:  24%|██▍       | 48/196 [00:00<00:02, 58.59it/s][A
Epoch 1:  81%|████████  | 634/782 [00:11<00:02, 53.34it/s, loss=0.144, val/accuracy=0.912, val/loss=0.206, train/accuracy=0.898, train/loss=0.229]

Validation DataLoader 0:  25%|██▌       | 49/196 [00:00<00:02, 58.54it/s][A
Epoch 1:  81%|████████  | 635/782 [00:11<00:02, 53.35it/s, loss=0.144, val/accuracy=0.912, val/loss=0.206, train/accuracy=0.898, train/loss=0.229]

Validation DataLoader 0:  26%|██▌       | 50/196 [00:00<00:02, 58.53it/s][A
Epoch 1:  81%|████████▏ | 636/782 [00:11<00:02, 53.35it/s, loss=0.144, val/accuracy=0.912, val/loss=0.206, train/accuracy=0.898, train/loss=0.229]

Validation DataLoader 0:  26%|██▌       | 51/196 [00:00<00:02, 58.49it/s][A
Epoch 1:  81%|████████▏ | 637/782 [00:11<00:02, 53.36it/s, loss=0.144, val/accuracy=0.912, val/loss=0.206, train/accuracy=0.898, train/loss=0.229]

Validation DataLoader 0:  27%|██▋       | 52/196 [00:00<00:02, 58.46it/s][A
Epoch 1:  82%|████████▏ | 638/782 [00:11<00:02, 53.36it/s, loss=0.144, val/accuracy=0.912, val/loss=0.206, train/accuracy=0.898, train/loss=0.229]

Validation DataLoader 0:  27%|██▋       | 53/196 [00:00<00:02, 58.44it/s][A
Epoch 1:  82%|████████▏ | 639/782 [00:11<00:02, 53.37it/s, loss=0.144, val/accuracy=0.912, val/loss=0.206, train/accuracy=0.898, train/loss=0.229]

Validation DataLoader 0:  28%|██▊       | 54/196 [00:00<00:02, 58.43it/s][A
Epoch 1:  82%|████████▏ | 640/782 [00:11<00:02, 53.38it/s, loss=0.144, val/accuracy=0.912, val/loss=0.206, train/accuracy=0.898, train/loss=0.229]

Validation DataLoader 0:  28%|██▊       | 55/196 [00:00<00:02, 58.43it/s][A
Epoch 1:  82%|████████▏ | 641/782 [00:12<00:02, 53.38it/s, loss=0.144, val/accuracy=0.912, val/loss=0.206, train/accuracy=0.898, train/loss=0.229]

Validation DataLoader 0:  29%|██▊       | 56/196 [00:00<00:02, 58.41it/s][A
Epoch 1:  82%|████████▏ | 642/782 [00:12<00:02, 53.39it/s, loss=0.144, val/accuracy=0.912, val/loss=0.206, train/accuracy=0.898, train/loss=0.229]

Validation DataLoader 0:  29%|██▉       | 57/196 [00:00<00:02, 58.41it/s][A
Epoch 1:  82%|████████▏ | 643/782 [00:12<00:02, 53.39it/s, loss=0.144, val/accuracy=0.912, val/loss=0.206, train/accuracy=0.898, train/loss=0.229]

Validation DataLoader 0:  30%|██▉       | 58/196 [00:00<00:02, 58.41it/s][A
Epoch 1:  82%|████████▏ | 644/782 [00:12<00:02, 53.40it/s, loss=0.144, val/accuracy=0.912, val/loss=0.206, train/accuracy=0.898, train/loss=0.229]

Validation DataLoader 0:  30%|███       | 59/196 [00:01<00:02, 58.69it/s][A
Epoch 1:  82%|████████▏ | 645/782 [00:12<00:02, 53.43it/s, loss=0.144, val/accuracy=0.912, val/loss=0.206, train/accuracy=0.898, train/loss=0.229]

Validation DataLoader 0:  31%|███       | 60/196 [00:01<00:02, 58.40it/s][A
Epoch 1:  83%|████████▎ | 646/782 [00:12<00:02, 53.42it/s, loss=0.144, val/accuracy=0.912, val/loss=0.206, train/accuracy=0.898, train/loss=0.229]

Validation DataLoader 0:  31%|███       | 61/196 [00:01<00:02, 58.41it/s][A
Epoch 1:  83%|████████▎ | 647/782 [00:12<00:02, 53.42it/s, loss=0.144, val/accuracy=0.912, val/loss=0.206, train/accuracy=0.898, train/loss=0.229]

Validation DataLoader 0:  32%|███▏      | 62/196 [00:01<00:02, 58.40it/s][A
Epoch 1:  83%|████████▎ | 648/782 [00:12<00:02, 53.43it/s, loss=0.144, val/accuracy=0.912, val/loss=0.206, train/accuracy=0.898, train/loss=0.229]

Validation DataLoader 0:  32%|███▏      | 63/196 [00:01<00:02, 58.39it/s][A
Epoch 1:  83%|████████▎ | 649/782 [00:12<00:02, 53.44it/s, loss=0.144, val/accuracy=0.912, val/loss=0.206, train/accuracy=0.898, train/loss=0.229]

Validation DataLoader 0:  33%|███▎      | 64/196 [00:01<00:02, 58.38it/s][A
Epoch 1:  83%|████████▎ | 650/782 [00:12<00:02, 53.44it/s, loss=0.144, val/accuracy=0.912, val/loss=0.206, train/accuracy=0.898, train/loss=0.229]

Validation DataLoader 0:  33%|███▎      | 65/196 [00:01<00:02, 58.38it/s][A
Epoch 1:  83%|████████▎ | 651/782 [00:12<00:02, 53.45it/s, loss=0.144, val/accuracy=0.912, val/loss=0.206, train/accuracy=0.898, train/loss=0.229]

Validation DataLoader 0:  34%|███▎      | 66/196 [00:01<00:02, 58.38it/s][A
Epoch 1:  83%|████████▎ | 652/782 [00:12<00:02, 53.46it/s, loss=0.144, val/accuracy=0.912, val/loss=0.206, train/accuracy=0.898, train/loss=0.229]

Validation DataLoader 0:  34%|███▍      | 67/196 [00:01<00:02, 58.36it/s][A
Epoch 1:  84%|████████▎ | 653/782 [00:12<00:02, 53.46it/s, loss=0.144, val/accuracy=0.912, val/loss=0.206, train/accuracy=0.898, train/loss=0.229]

Validation DataLoader 0:  35%|███▍      | 68/196 [00:01<00:02, 58.36it/s][A
Epoch 1:  84%|████████▎ | 654/782 [00:12<00:02, 53.47it/s, loss=0.144, val/accuracy=0.912, val/loss=0.206, train/accuracy=0.898, train/loss=0.229]

Validation DataLoader 0:  35%|███▌      | 69/196 [00:01<00:02, 58.44it/s][A
Epoch 1:  84%|████████▍ | 655/782 [00:12<00:02, 53.48it/s, loss=0.144, val/accuracy=0.912, val/loss=0.206, train/accuracy=0.898, train/loss=0.229]

Validation DataLoader 0:  36%|███▌      | 70/196 [00:01<00:02, 58.22it/s][A
Epoch 1:  84%|████████▍ | 656/782 [00:12<00:02, 53.47it/s, loss=0.144, val/accuracy=0.912, val/loss=0.206, train/accuracy=0.898, train/loss=0.229]

Validation DataLoader 0:  36%|███▌      | 71/196 [00:01<00:02, 58.17it/s][A
Epoch 1:  84%|████████▍ | 657/782 [00:12<00:02, 53.47it/s, loss=0.144, val/accuracy=0.912, val/loss=0.206, train/accuracy=0.898, train/loss=0.229]

Validation DataLoader 0:  37%|███▋      | 72/196 [00:01<00:02, 58.15it/s][A
Epoch 1:  84%|████████▍ | 658/782 [00:12<00:02, 53.48it/s, loss=0.144, val/accuracy=0.912, val/loss=0.206, train/accuracy=0.898, train/loss=0.229]

Validation DataLoader 0:  37%|███▋      | 73/196 [00:01<00:02, 58.13it/s][A
Epoch 1:  84%|████████▍ | 659/782 [00:12<00:02, 53.48it/s, loss=0.144, val/accuracy=0.912, val/loss=0.206, train/accuracy=0.898, train/loss=0.229]

Validation DataLoader 0:  38%|███▊      | 74/196 [00:01<00:02, 58.11it/s][A
Epoch 1:  84%|████████▍ | 660/782 [00:12<00:02, 53.48it/s, loss=0.144, val/accuracy=0.912, val/loss=0.206, train/accuracy=0.898, train/loss=0.229]

Validation DataLoader 0:  38%|███▊      | 75/196 [00:01<00:02, 58.10it/s][A
Epoch 1:  85%|████████▍ | 661/782 [00:12<00:02, 53.49it/s, loss=0.144, val/accuracy=0.912, val/loss=0.206, train/accuracy=0.898, train/loss=0.229]

Validation DataLoader 0:  39%|███▉      | 76/196 [00:01<00:02, 58.08it/s][A
Epoch 1:  85%|████████▍ | 662/782 [00:12<00:02, 53.50it/s, loss=0.144, val/accuracy=0.912, val/loss=0.206, train/accuracy=0.898, train/loss=0.229]

Validation DataLoader 0:  39%|███▉      | 77/196 [00:01<00:02, 58.05it/s][A
Epoch 1:  85%|████████▍ | 663/782 [00:12<00:02, 53.50it/s, loss=0.144, val/accuracy=0.912, val/loss=0.206, train/accuracy=0.898, train/loss=0.229]

Validation DataLoader 0:  40%|███▉      | 78/196 [00:01<00:02, 58.01it/s][A
Epoch 1:  85%|████████▍ | 664/782 [00:12<00:02, 53.50it/s, loss=0.144, val/accuracy=0.912, val/loss=0.206, train/accuracy=0.898, train/loss=0.229]

Validation DataLoader 0:  40%|████      | 79/196 [00:01<00:02, 58.00it/s][A
Epoch 1:  85%|████████▌ | 665/782 [00:12<00:02, 53.51it/s, loss=0.144, val/accuracy=0.912, val/loss=0.206, train/accuracy=0.898, train/loss=0.229]

Validation DataLoader 0:  41%|████      | 80/196 [00:01<00:02, 57.97it/s][A
Epoch 1:  85%|████████▌ | 666/782 [00:12<00:02, 53.51it/s, loss=0.144, val/accuracy=0.912, val/loss=0.206, train/accuracy=0.898, train/loss=0.229]

Validation DataLoader 0:  41%|████▏     | 81/196 [00:01<00:01, 57.98it/s][A
Epoch 1:  85%|████████▌ | 667/782 [00:12<00:02, 53.52it/s, loss=0.144, val/accuracy=0.912, val/loss=0.206, train/accuracy=0.898, train/loss=0.229]

Validation DataLoader 0:  42%|████▏     | 82/196 [00:01<00:01, 57.96it/s][A
Epoch 1:  85%|████████▌ | 668/782 [00:12<00:02, 53.52it/s, loss=0.144, val/accuracy=0.912, val/loss=0.206, train/accuracy=0.898, train/loss=0.229]

Validation DataLoader 0:  42%|████▏     | 83/196 [00:01<00:01, 58.08it/s][A
Epoch 1:  86%|████████▌ | 669/782 [00:12<00:02, 53.54it/s, loss=0.144, val/accuracy=0.912, val/loss=0.206, train/accuracy=0.898, train/loss=0.229]

Validation DataLoader 0:  43%|████▎     | 84/196 [00:01<00:01, 57.93it/s][A
Epoch 1:  86%|████████▌ | 670/782 [00:12<00:02, 53.53it/s, loss=0.144, val/accuracy=0.912, val/loss=0.206, train/accuracy=0.898, train/loss=0.229]

Validation DataLoader 0:  43%|████▎     | 85/196 [00:01<00:01, 57.95it/s][A
Epoch 1:  86%|████████▌ | 671/782 [00:12<00:02, 53.54it/s, loss=0.144, val/accuracy=0.912, val/loss=0.206, train/accuracy=0.898, train/loss=0.229]

Validation DataLoader 0:  44%|████▍     | 86/196 [00:01<00:01, 58.25it/s][A
Epoch 1:  86%|████████▌ | 672/782 [00:12<00:02, 53.58it/s, loss=0.144, val/accuracy=0.912, val/loss=0.206, train/accuracy=0.898, train/loss=0.229]

Validation DataLoader 0:  44%|████▍     | 87/196 [00:01<00:01, 57.77it/s][A
Epoch 1:  86%|████████▌ | 673/782 [00:12<00:02, 53.53it/s, loss=0.144, val/accuracy=0.912, val/loss=0.206, train/accuracy=0.898, train/loss=0.229]

Validation DataLoader 0:  45%|████▍     | 88/196 [00:01<00:01, 57.75it/s][A
Epoch 1:  86%|████████▌ | 674/782 [00:12<00:02, 53.53it/s, loss=0.144, val/accuracy=0.912, val/loss=0.206, train/accuracy=0.898, train/loss=0.229]

Validation DataLoader 0:  45%|████▌     | 89/196 [00:01<00:01, 57.74it/s][A
Epoch 1:  86%|████████▋ | 675/782 [00:12<00:01, 53.54it/s, loss=0.144, val/accuracy=0.912, val/loss=0.206, train/accuracy=0.898, train/loss=0.229]

Validation DataLoader 0:  46%|████▌     | 90/196 [00:01<00:01, 57.73it/s][A
Epoch 1:  86%|████████▋ | 676/782 [00:12<00:01, 53.54it/s, loss=0.144, val/accuracy=0.912, val/loss=0.206, train/accuracy=0.898, train/loss=0.229]

Validation DataLoader 0:  46%|████▋     | 91/196 [00:01<00:01, 57.71it/s][A
Epoch 1:  87%|████████▋ | 677/782 [00:12<00:01, 53.55it/s, loss=0.144, val/accuracy=0.912, val/loss=0.206, train/accuracy=0.898, train/loss=0.229]

Validation DataLoader 0:  47%|████▋     | 92/196 [00:01<00:01, 57.72it/s][A
Epoch 1:  87%|████████▋ | 678/782 [00:12<00:01, 53.55it/s, loss=0.144, val/accuracy=0.912, val/loss=0.206, train/accuracy=0.898, train/loss=0.229]

Validation DataLoader 0:  47%|████▋     | 93/196 [00:01<00:01, 57.70it/s][A
Epoch 1:  87%|████████▋ | 679/782 [00:12<00:01, 53.56it/s, loss=0.144, val/accuracy=0.912, val/loss=0.206, train/accuracy=0.898, train/loss=0.229]

Validation DataLoader 0:  48%|████▊     | 94/196 [00:01<00:01, 57.67it/s][A
Epoch 1:  87%|████████▋ | 680/782 [00:12<00:01, 53.56it/s, loss=0.144, val/accuracy=0.912, val/loss=0.206, train/accuracy=0.898, train/loss=0.229]

Validation DataLoader 0:  48%|████▊     | 95/196 [00:01<00:01, 57.66it/s][A
Epoch 1:  87%|████████▋ | 681/782 [00:12<00:01, 53.56it/s, loss=0.144, val/accuracy=0.912, val/loss=0.206, train/accuracy=0.898, train/loss=0.229]

Validation DataLoader 0:  49%|████▉     | 96/196 [00:01<00:01, 57.65it/s][A
Epoch 1:  87%|████████▋ | 682/782 [00:12<00:01, 53.57it/s, loss=0.144, val/accuracy=0.912, val/loss=0.206, train/accuracy=0.898, train/loss=0.229]

Validation DataLoader 0:  49%|████▉     | 97/196 [00:01<00:01, 57.64it/s][A
Epoch 1:  87%|████████▋ | 683/782 [00:12<00:01, 53.57it/s, loss=0.144, val/accuracy=0.912, val/loss=0.206, train/accuracy=0.898, train/loss=0.229]

Validation DataLoader 0:  50%|█████     | 98/196 [00:01<00:01, 57.63it/s][A
Epoch 1:  87%|████████▋ | 684/782 [00:12<00:01, 53.58it/s, loss=0.144, val/accuracy=0.912, val/loss=0.206, train/accuracy=0.898, train/loss=0.229]

Validation DataLoader 0:  51%|█████     | 99/196 [00:01<00:01, 57.62it/s][A
Epoch 1:  88%|████████▊ | 685/782 [00:12<00:01, 53.58it/s, loss=0.144, val/accuracy=0.912, val/loss=0.206, train/accuracy=0.898, train/loss=0.229]

Validation DataLoader 0:  51%|█████     | 100/196 [00:01<00:01, 57.62it/s][A
Epoch 1:  88%|████████▊ | 686/782 [00:12<00:01, 53.59it/s, loss=0.144, val/accuracy=0.912, val/loss=0.206, train/accuracy=0.898, train/loss=0.229]

Validation DataLoader 0:  52%|█████▏    | 101/196 [00:01<00:01, 57.61it/s][A
Epoch 1:  88%|████████▊ | 687/782 [00:12<00:01, 53.59it/s, loss=0.144, val/accuracy=0.912, val/loss=0.206, train/accuracy=0.898, train/loss=0.229]

Validation DataLoader 0:  52%|█████▏    | 102/196 [00:01<00:01, 57.61it/s][A
Epoch 1:  88%|████████▊ | 688/782 [00:12<00:01, 53.60it/s, loss=0.144, val/accuracy=0.912, val/loss=0.206, train/accuracy=0.898, train/loss=0.229]

Validation DataLoader 0:  53%|█████▎    | 103/196 [00:01<00:01, 57.64it/s][A
Epoch 1:  88%|████████▊ | 689/782 [00:12<00:01, 53.61it/s, loss=0.144, val/accuracy=0.912, val/loss=0.206, train/accuracy=0.898, train/loss=0.229]

Validation DataLoader 0:  53%|█████▎    | 104/196 [00:01<00:01, 57.59it/s][A
Epoch 1:  88%|████████▊ | 690/782 [00:12<00:01, 53.60it/s, loss=0.144, val/accuracy=0.912, val/loss=0.206, train/accuracy=0.898, train/loss=0.229]

Validation DataLoader 0:  54%|█████▎    | 105/196 [00:01<00:01, 57.58it/s][A
Epoch 1:  88%|████████▊ | 691/782 [00:12<00:01, 53.61it/s, loss=0.144, val/accuracy=0.912, val/loss=0.206, train/accuracy=0.898, train/loss=0.229]

Validation DataLoader 0:  54%|█████▍    | 106/196 [00:01<00:01, 57.57it/s][A
Epoch 1:  88%|████████▊ | 692/782 [00:12<00:01, 53.61it/s, loss=0.144, val/accuracy=0.912, val/loss=0.206, train/accuracy=0.898, train/loss=0.229]

Validation DataLoader 0:  55%|█████▍    | 107/196 [00:01<00:01, 57.56it/s][A
Epoch 1:  89%|████████▊ | 693/782 [00:12<00:01, 53.62it/s, loss=0.144, val/accuracy=0.912, val/loss=0.206, train/accuracy=0.898, train/loss=0.229]

Validation DataLoader 0:  55%|█████▌    | 108/196 [00:01<00:01, 57.56it/s][A
Epoch 1:  89%|████████▊ | 694/782 [00:12<00:01, 53.62it/s, loss=0.144, val/accuracy=0.912, val/loss=0.206, train/accuracy=0.898, train/loss=0.229]

Validation DataLoader 0:  56%|█████▌    | 109/196 [00:01<00:01, 57.55it/s][A
Epoch 1:  89%|████████▉ | 695/782 [00:12<00:01, 53.62it/s, loss=0.144, val/accuracy=0.912, val/loss=0.206, train/accuracy=0.898, train/loss=0.229]

Validation DataLoader 0:  56%|█████▌    | 110/196 [00:01<00:01, 57.55it/s][A
Epoch 1:  89%|████████▉ | 696/782 [00:12<00:01, 53.63it/s, loss=0.144, val/accuracy=0.912, val/loss=0.206, train/accuracy=0.898, train/loss=0.229]

Validation DataLoader 0:  57%|█████▋    | 111/196 [00:01<00:01, 57.54it/s][A
Epoch 1:  89%|████████▉ | 697/782 [00:12<00:01, 53.63it/s, loss=0.144, val/accuracy=0.912, val/loss=0.206, train/accuracy=0.898, train/loss=0.229]

Validation DataLoader 0:  57%|█████▋    | 112/196 [00:01<00:01, 57.54it/s][A
Epoch 1:  89%|████████▉ | 698/782 [00:13<00:01, 53.64it/s, loss=0.144, val/accuracy=0.912, val/loss=0.206, train/accuracy=0.898, train/loss=0.229]

Validation DataLoader 0:  58%|█████▊    | 113/196 [00:01<00:01, 57.53it/s][A
Epoch 1:  89%|████████▉ | 699/782 [00:13<00:01, 53.64it/s, loss=0.144, val/accuracy=0.912, val/loss=0.206, train/accuracy=0.898, train/loss=0.229]

Validation DataLoader 0:  58%|█████▊    | 114/196 [00:01<00:01, 57.52it/s][A
Epoch 1:  90%|████████▉ | 700/782 [00:13<00:01, 53.65it/s, loss=0.144, val/accuracy=0.912, val/loss=0.206, train/accuracy=0.898, train/loss=0.229]

Validation DataLoader 0:  59%|█████▊    | 115/196 [00:01<00:01, 57.51it/s][A
Epoch 1:  90%|████████▉ | 701/782 [00:13<00:01, 53.65it/s, loss=0.144, val/accuracy=0.912, val/loss=0.206, train/accuracy=0.898, train/loss=0.229]

Validation DataLoader 0:  59%|█████▉    | 116/196 [00:02<00:01, 57.51it/s][A
Epoch 1:  90%|████████▉ | 702/782 [00:13<00:01, 53.66it/s, loss=0.144, val/accuracy=0.912, val/loss=0.206, train/accuracy=0.898, train/loss=0.229]

Validation DataLoader 0:  60%|█████▉    | 117/196 [00:02<00:01, 57.50it/s][A
Epoch 1:  90%|████████▉ | 703/782 [00:13<00:01, 53.66it/s, loss=0.144, val/accuracy=0.912, val/loss=0.206, train/accuracy=0.898, train/loss=0.229]

Validation DataLoader 0:  60%|██████    | 118/196 [00:02<00:01, 57.49it/s][A
Epoch 1:  90%|█████████ | 704/782 [00:13<00:01, 53.66it/s, loss=0.144, val/accuracy=0.912, val/loss=0.206, train/accuracy=0.898, train/loss=0.229]

Validation DataLoader 0:  61%|██████    | 119/196 [00:02<00:01, 57.43it/s][A
Epoch 1:  90%|█████████ | 705/782 [00:13<00:01, 53.66it/s, loss=0.144, val/accuracy=0.912, val/loss=0.206, train/accuracy=0.898, train/loss=0.229]

Validation DataLoader 0:  61%|██████    | 120/196 [00:02<00:01, 57.42it/s][A
Epoch 1:  90%|█████████ | 706/782 [00:13<00:01, 53.66it/s, loss=0.144, val/accuracy=0.912, val/loss=0.206, train/accuracy=0.898, train/loss=0.229]

Validation DataLoader 0:  62%|██████▏   | 121/196 [00:02<00:01, 57.41it/s][A
Epoch 1:  90%|█████████ | 707/782 [00:13<00:01, 53.67it/s, loss=0.144, val/accuracy=0.912, val/loss=0.206, train/accuracy=0.898, train/loss=0.229]

Validation DataLoader 0:  62%|██████▏   | 122/196 [00:02<00:01, 57.39it/s][A
Epoch 1:  91%|█████████ | 708/782 [00:13<00:01, 53.67it/s, loss=0.144, val/accuracy=0.912, val/loss=0.206, train/accuracy=0.898, train/loss=0.229]

Validation DataLoader 0:  63%|██████▎   | 123/196 [00:02<00:01, 57.40it/s][A
Epoch 1:  91%|█████████ | 709/782 [00:13<00:01, 53.67it/s, loss=0.144, val/accuracy=0.912, val/loss=0.206, train/accuracy=0.898, train/loss=0.229]

Validation DataLoader 0:  63%|██████▎   | 124/196 [00:02<00:01, 57.39it/s][A
Epoch 1:  91%|█████████ | 710/782 [00:13<00:01, 53.68it/s, loss=0.144, val/accuracy=0.912, val/loss=0.206, train/accuracy=0.898, train/loss=0.229]

Validation DataLoader 0:  64%|██████▍   | 125/196 [00:02<00:01, 57.38it/s][A
Epoch 1:  91%|█████████ | 711/782 [00:13<00:01, 53.68it/s, loss=0.144, val/accuracy=0.912, val/loss=0.206, train/accuracy=0.898, train/loss=0.229]

Validation DataLoader 0:  64%|██████▍   | 126/196 [00:02<00:01, 57.38it/s][A
Epoch 1:  91%|█████████ | 712/782 [00:13<00:01, 53.69it/s, loss=0.144, val/accuracy=0.912, val/loss=0.206, train/accuracy=0.898, train/loss=0.229]

Validation DataLoader 0:  65%|██████▍   | 127/196 [00:02<00:01, 57.38it/s][A
Epoch 1:  91%|█████████ | 713/782 [00:13<00:01, 53.69it/s, loss=0.144, val/accuracy=0.912, val/loss=0.206, train/accuracy=0.898, train/loss=0.229]

Validation DataLoader 0:  65%|██████▌   | 128/196 [00:02<00:01, 57.37it/s][A
Epoch 1:  91%|█████████▏| 714/782 [00:13<00:01, 53.69it/s, loss=0.144, val/accuracy=0.912, val/loss=0.206, train/accuracy=0.898, train/loss=0.229]

Validation DataLoader 0:  66%|██████▌   | 129/196 [00:02<00:01, 57.37it/s][A
Epoch 1:  91%|█████████▏| 715/782 [00:13<00:01, 53.70it/s, loss=0.144, val/accuracy=0.912, val/loss=0.206, train/accuracy=0.898, train/loss=0.229]

Validation DataLoader 0:  66%|██████▋   | 130/196 [00:02<00:01, 57.37it/s][A
Epoch 1:  92%|█████████▏| 716/782 [00:13<00:01, 53.70it/s, loss=0.144, val/accuracy=0.912, val/loss=0.206, train/accuracy=0.898, train/loss=0.229]

Validation DataLoader 0:  67%|██████▋   | 131/196 [00:02<00:01, 57.37it/s][A
Epoch 1:  92%|█████████▏| 717/782 [00:13<00:01, 53.71it/s, loss=0.144, val/accuracy=0.912, val/loss=0.206, train/accuracy=0.898, train/loss=0.229]

Validation DataLoader 0:  67%|██████▋   | 132/196 [00:02<00:01, 57.37it/s][A
Epoch 1:  92%|█████████▏| 718/782 [00:13<00:01, 53.71it/s, loss=0.144, val/accuracy=0.912, val/loss=0.206, train/accuracy=0.898, train/loss=0.229]

Validation DataLoader 0:  68%|██████▊   | 133/196 [00:02<00:01, 57.37it/s][A
Epoch 1:  92%|█████████▏| 719/782 [00:13<00:01, 53.72it/s, loss=0.144, val/accuracy=0.912, val/loss=0.206, train/accuracy=0.898, train/loss=0.229]

Validation DataLoader 0:  68%|██████▊   | 134/196 [00:02<00:01, 57.36it/s][A
Epoch 1:  92%|█████████▏| 720/782 [00:13<00:01, 53.72it/s, loss=0.144, val/accuracy=0.912, val/loss=0.206, train/accuracy=0.898, train/loss=0.229]

Validation DataLoader 0:  69%|██████▉   | 135/196 [00:02<00:01, 57.34it/s][A
Epoch 1:  92%|█████████▏| 721/782 [00:13<00:01, 53.72it/s, loss=0.144, val/accuracy=0.912, val/loss=0.206, train/accuracy=0.898, train/loss=0.229]

Validation DataLoader 0:  69%|██████▉   | 136/196 [00:02<00:01, 57.31it/s][A
Epoch 1:  92%|█████████▏| 722/782 [00:13<00:01, 53.72it/s, loss=0.144, val/accuracy=0.912, val/loss=0.206, train/accuracy=0.898, train/loss=0.229]

Validation DataLoader 0:  70%|██████▉   | 137/196 [00:02<00:01, 57.30it/s][A
Epoch 1:  92%|█████████▏| 723/782 [00:13<00:01, 53.72it/s, loss=0.144, val/accuracy=0.912, val/loss=0.206, train/accuracy=0.898, train/loss=0.229]

Validation DataLoader 0:  70%|███████   | 138/196 [00:02<00:01, 57.30it/s][A
Epoch 1:  93%|█████████▎| 724/782 [00:13<00:01, 53.73it/s, loss=0.144, val/accuracy=0.912, val/loss=0.206, train/accuracy=0.898, train/loss=0.229]

Validation DataLoader 0:  71%|███████   | 139/196 [00:02<00:00, 57.29it/s][A
Epoch 1:  93%|█████████▎| 725/782 [00:13<00:01, 53.73it/s, loss=0.144, val/accuracy=0.912, val/loss=0.206, train/accuracy=0.898, train/loss=0.229]

Validation DataLoader 0:  71%|███████▏  | 140/196 [00:02<00:00, 57.29it/s][A
Epoch 1:  93%|█████████▎| 726/782 [00:13<00:01, 53.74it/s, loss=0.144, val/accuracy=0.912, val/loss=0.206, train/accuracy=0.898, train/loss=0.229]

Validation DataLoader 0:  72%|███████▏  | 141/196 [00:02<00:00, 57.30it/s][A
Epoch 1:  93%|█████████▎| 727/782 [00:13<00:01, 53.74it/s, loss=0.144, val/accuracy=0.912, val/loss=0.206, train/accuracy=0.898, train/loss=0.229]

Validation DataLoader 0:  72%|███████▏  | 142/196 [00:02<00:00, 57.29it/s][A
Epoch 1:  93%|█████████▎| 728/782 [00:13<00:01, 53.75it/s, loss=0.144, val/accuracy=0.912, val/loss=0.206, train/accuracy=0.898, train/loss=0.229]

Validation DataLoader 0:  73%|███████▎  | 143/196 [00:02<00:00, 57.29it/s][A
Epoch 1:  93%|█████████▎| 729/782 [00:13<00:00, 53.75it/s, loss=0.144, val/accuracy=0.912, val/loss=0.206, train/accuracy=0.898, train/loss=0.229]

Validation DataLoader 0:  73%|███████▎  | 144/196 [00:02<00:00, 57.29it/s][A
Epoch 1:  93%|█████████▎| 730/782 [00:13<00:00, 53.75it/s, loss=0.144, val/accuracy=0.912, val/loss=0.206, train/accuracy=0.898, train/loss=0.229]

Validation DataLoader 0:  74%|███████▍  | 145/196 [00:02<00:00, 57.29it/s][A
Epoch 1:  93%|█████████▎| 731/782 [00:13<00:00, 53.76it/s, loss=0.144, val/accuracy=0.912, val/loss=0.206, train/accuracy=0.898, train/loss=0.229]

Validation DataLoader 0:  74%|███████▍  | 146/196 [00:02<00:00, 57.27it/s][A
Epoch 1:  94%|█████████▎| 732/782 [00:13<00:00, 53.76it/s, loss=0.144, val/accuracy=0.912, val/loss=0.206, train/accuracy=0.898, train/loss=0.229]

Validation DataLoader 0:  75%|███████▌  | 147/196 [00:02<00:00, 57.27it/s][A
Epoch 1:  94%|█████████▎| 733/782 [00:13<00:00, 53.76it/s, loss=0.144, val/accuracy=0.912, val/loss=0.206, train/accuracy=0.898, train/loss=0.229]

Validation DataLoader 0:  76%|███████▌  | 148/196 [00:02<00:00, 57.28it/s][A
Epoch 1:  94%|█████████▍| 734/782 [00:13<00:00, 53.77it/s, loss=0.144, val/accuracy=0.912, val/loss=0.206, train/accuracy=0.898, train/loss=0.229]

Validation DataLoader 0:  76%|███████▌  | 149/196 [00:02<00:00, 57.28it/s][A
Epoch 1:  94%|█████████▍| 735/782 [00:13<00:00, 53.78it/s, loss=0.144, val/accuracy=0.912, val/loss=0.206, train/accuracy=0.898, train/loss=0.229]

Validation DataLoader 0:  77%|███████▋  | 150/196 [00:02<00:00, 57.17it/s][A
Epoch 1:  94%|█████████▍| 736/782 [00:13<00:00, 53.76it/s, loss=0.144, val/accuracy=0.912, val/loss=0.206, train/accuracy=0.898, train/loss=0.229]

Validation DataLoader 0:  77%|███████▋  | 151/196 [00:02<00:00, 57.15it/s][A
Epoch 1:  94%|█████████▍| 737/782 [00:13<00:00, 53.76it/s, loss=0.144, val/accuracy=0.912, val/loss=0.206, train/accuracy=0.898, train/loss=0.229]

Validation DataLoader 0:  78%|███████▊  | 152/196 [00:02<00:00, 57.14it/s][A
Epoch 1:  94%|█████████▍| 738/782 [00:13<00:00, 53.76it/s, loss=0.144, val/accuracy=0.912, val/loss=0.206, train/accuracy=0.898, train/loss=0.229]

Validation DataLoader 0:  78%|███████▊  | 153/196 [00:02<00:00, 57.13it/s][A
Epoch 1:  95%|█████████▍| 739/782 [00:13<00:00, 53.77it/s, loss=0.144, val/accuracy=0.912, val/loss=0.206, train/accuracy=0.898, train/loss=0.229]

Validation DataLoader 0:  79%|███████▊  | 154/196 [00:02<00:00, 57.13it/s][A
Epoch 1:  95%|█████████▍| 740/782 [00:13<00:00, 53.77it/s, loss=0.144, val/accuracy=0.912, val/loss=0.206, train/accuracy=0.898, train/loss=0.229]

Validation DataLoader 0:  79%|███████▉  | 155/196 [00:02<00:00, 57.13it/s][A
Epoch 1:  95%|█████████▍| 741/782 [00:13<00:00, 53.77it/s, loss=0.144, val/accuracy=0.912, val/loss=0.206, train/accuracy=0.898, train/loss=0.229]

Validation DataLoader 0:  80%|███████▉  | 156/196 [00:02<00:00, 57.13it/s][A
Epoch 1:  95%|█████████▍| 742/782 [00:13<00:00, 53.78it/s, loss=0.144, val/accuracy=0.912, val/loss=0.206, train/accuracy=0.898, train/loss=0.229]

Validation DataLoader 0:  80%|████████  | 157/196 [00:02<00:00, 57.13it/s][A
Epoch 1:  95%|█████████▌| 743/782 [00:13<00:00, 53.78it/s, loss=0.144, val/accuracy=0.912, val/loss=0.206, train/accuracy=0.898, train/loss=0.229]

Validation DataLoader 0:  81%|████████  | 158/196 [00:02<00:00, 57.13it/s][A
Epoch 1:  95%|█████████▌| 744/782 [00:13<00:00, 53.79it/s, loss=0.144, val/accuracy=0.912, val/loss=0.206, train/accuracy=0.898, train/loss=0.229]

Validation DataLoader 0:  81%|████████  | 159/196 [00:02<00:00, 57.12it/s][A
Epoch 1:  95%|█████████▌| 745/782 [00:13<00:00, 53.79it/s, loss=0.144, val/accuracy=0.912, val/loss=0.206, train/accuracy=0.898, train/loss=0.229]

Validation DataLoader 0:  82%|████████▏ | 160/196 [00:02<00:00, 57.12it/s][A
Epoch 1:  95%|█████████▌| 746/782 [00:13<00:00, 53.79it/s, loss=0.144, val/accuracy=0.912, val/loss=0.206, train/accuracy=0.898, train/loss=0.229]

Validation DataLoader 0:  82%|████████▏ | 161/196 [00:02<00:00, 57.12it/s][A
Epoch 1:  96%|█████████▌| 747/782 [00:13<00:00, 53.80it/s, loss=0.144, val/accuracy=0.912, val/loss=0.206, train/accuracy=0.898, train/loss=0.229]

Validation DataLoader 0:  83%|████████▎ | 162/196 [00:02<00:00, 57.13it/s][A
Epoch 1:  96%|█████████▌| 748/782 [00:13<00:00, 53.80it/s, loss=0.144, val/accuracy=0.912, val/loss=0.206, train/accuracy=0.898, train/loss=0.229]

Validation DataLoader 0:  83%|████████▎ | 163/196 [00:02<00:00, 57.13it/s][A
Epoch 1:  96%|█████████▌| 749/782 [00:13<00:00, 53.81it/s, loss=0.144, val/accuracy=0.912, val/loss=0.206, train/accuracy=0.898, train/loss=0.229]

Validation DataLoader 0:  84%|████████▎ | 164/196 [00:02<00:00, 57.14it/s][A
Epoch 1:  96%|█████████▌| 750/782 [00:13<00:00, 53.81it/s, loss=0.144, val/accuracy=0.912, val/loss=0.206, train/accuracy=0.898, train/loss=0.229]

Validation DataLoader 0:  84%|████████▍ | 165/196 [00:02<00:00, 57.14it/s][A
Epoch 1:  96%|█████████▌| 751/782 [00:13<00:00, 53.82it/s, loss=0.144, val/accuracy=0.912, val/loss=0.206, train/accuracy=0.898, train/loss=0.229]

Validation DataLoader 0:  85%|████████▍ | 166/196 [00:02<00:00, 57.15it/s][A
Epoch 1:  96%|█████████▌| 752/782 [00:13<00:00, 53.83it/s, loss=0.144, val/accuracy=0.912, val/loss=0.206, train/accuracy=0.898, train/loss=0.229]

Validation DataLoader 0:  85%|████████▌ | 167/196 [00:02<00:00, 57.15it/s][A
Epoch 1:  96%|█████████▋| 753/782 [00:13<00:00, 53.83it/s, loss=0.144, val/accuracy=0.912, val/loss=0.206, train/accuracy=0.898, train/loss=0.229]

Validation DataLoader 0:  86%|████████▌ | 168/196 [00:02<00:00, 57.15it/s][A
Epoch 1:  96%|█████████▋| 754/782 [00:14<00:00, 53.83it/s, loss=0.144, val/accuracy=0.912, val/loss=0.206, train/accuracy=0.898, train/loss=0.229]

Validation DataLoader 0:  86%|████████▌ | 169/196 [00:02<00:00, 57.16it/s][A
Epoch 1:  97%|█████████▋| 755/782 [00:14<00:00, 53.84it/s, loss=0.144, val/accuracy=0.912, val/loss=0.206, train/accuracy=0.898, train/loss=0.229]

Validation DataLoader 0:  87%|████████▋ | 170/196 [00:02<00:00, 57.16it/s][A
Epoch 1:  97%|█████████▋| 756/782 [00:14<00:00, 53.84it/s, loss=0.144, val/accuracy=0.912, val/loss=0.206, train/accuracy=0.898, train/loss=0.229]

Validation DataLoader 0:  87%|████████▋ | 171/196 [00:02<00:00, 57.17it/s][A
Epoch 1:  97%|█████████▋| 757/782 [00:14<00:00, 53.85it/s, loss=0.144, val/accuracy=0.912, val/loss=0.206, train/accuracy=0.898, train/loss=0.229]

Validation DataLoader 0:  88%|████████▊ | 172/196 [00:03<00:00, 57.16it/s][A
Epoch 1:  97%|█████████▋| 758/782 [00:14<00:00, 53.85it/s, loss=0.144, val/accuracy=0.912, val/loss=0.206, train/accuracy=0.898, train/loss=0.229]

Validation DataLoader 0:  88%|████████▊ | 173/196 [00:03<00:00, 57.16it/s][A
Epoch 1:  97%|█████████▋| 759/782 [00:14<00:00, 53.86it/s, loss=0.144, val/accuracy=0.912, val/loss=0.206, train/accuracy=0.898, train/loss=0.229]

Validation DataLoader 0:  89%|████████▉ | 174/196 [00:03<00:00, 57.17it/s][A
Epoch 1:  97%|█████████▋| 760/782 [00:14<00:00, 53.86it/s, loss=0.144, val/accuracy=0.912, val/loss=0.206, train/accuracy=0.898, train/loss=0.229]

Validation DataLoader 0:  89%|████████▉ | 175/196 [00:03<00:00, 57.19it/s][A
Epoch 1:  97%|█████████▋| 761/782 [00:14<00:00, 53.87it/s, loss=0.144, val/accuracy=0.912, val/loss=0.206, train/accuracy=0.898, train/loss=0.229]

Validation DataLoader 0:  90%|████████▉ | 176/196 [00:03<00:00, 57.20it/s][A
Epoch 1:  97%|█████████▋| 762/782 [00:14<00:00, 53.88it/s, loss=0.144, val/accuracy=0.912, val/loss=0.206, train/accuracy=0.898, train/loss=0.229]

Validation DataLoader 0:  90%|█████████ | 177/196 [00:03<00:00, 57.21it/s][A
Epoch 1:  98%|█████████▊| 763/782 [00:14<00:00, 53.88it/s, loss=0.144, val/accuracy=0.912, val/loss=0.206, train/accuracy=0.898, train/loss=0.229]

Validation DataLoader 0:  91%|█████████ | 178/196 [00:03<00:00, 57.21it/s][A
Epoch 1:  98%|█████████▊| 764/782 [00:14<00:00, 53.89it/s, loss=0.144, val/accuracy=0.912, val/loss=0.206, train/accuracy=0.898, train/loss=0.229]

Validation DataLoader 0:  91%|█████████▏| 179/196 [00:03<00:00, 57.23it/s][A
Epoch 1:  98%|█████████▊| 765/782 [00:14<00:00, 53.90it/s, loss=0.144, val/accuracy=0.912, val/loss=0.206, train/accuracy=0.898, train/loss=0.229]

Validation DataLoader 0:  92%|█████████▏| 180/196 [00:03<00:00, 57.24it/s][A
Epoch 1:  98%|█████████▊| 766/782 [00:14<00:00, 53.90it/s, loss=0.144, val/accuracy=0.912, val/loss=0.206, train/accuracy=0.898, train/loss=0.229]

Validation DataLoader 0:  92%|█████████▏| 181/196 [00:03<00:00, 57.25it/s][A
Epoch 1:  98%|█████████▊| 767/782 [00:14<00:00, 53.91it/s, loss=0.144, val/accuracy=0.912, val/loss=0.206, train/accuracy=0.898, train/loss=0.229]

Validation DataLoader 0:  93%|█████████▎| 182/196 [00:03<00:00, 57.26it/s][A
Epoch 1:  98%|█████████▊| 768/782 [00:14<00:00, 53.91it/s, loss=0.144, val/accuracy=0.912, val/loss=0.206, train/accuracy=0.898, train/loss=0.229]

Validation DataLoader 0:  93%|█████████▎| 183/196 [00:03<00:00, 57.25it/s][A
Epoch 1:  98%|█████████▊| 769/782 [00:14<00:00, 53.92it/s, loss=0.144, val/accuracy=0.912, val/loss=0.206, train/accuracy=0.898, train/loss=0.229]

Validation DataLoader 0:  94%|█████████▍| 184/196 [00:03<00:00, 57.25it/s][A
Epoch 1:  98%|█████████▊| 770/782 [00:14<00:00, 53.92it/s, loss=0.144, val/accuracy=0.912, val/loss=0.206, train/accuracy=0.898, train/loss=0.229]

Validation DataLoader 0:  94%|█████████▍| 185/196 [00:03<00:00, 57.26it/s][A
Epoch 1:  99%|█████████▊| 771/782 [00:14<00:00, 53.93it/s, loss=0.144, val/accuracy=0.912, val/loss=0.206, train/accuracy=0.898, train/loss=0.229]

Validation DataLoader 0:  95%|█████████▍| 186/196 [00:03<00:00, 57.25it/s][A
Epoch 1:  99%|█████████▊| 772/782 [00:14<00:00, 53.93it/s, loss=0.144, val/accuracy=0.912, val/loss=0.206, train/accuracy=0.898, train/loss=0.229]

Validation DataLoader 0:  95%|█████████▌| 187/196 [00:03<00:00, 57.25it/s][A
Epoch 1:  99%|█████████▉| 773/782 [00:14<00:00, 53.93it/s, loss=0.144, val/accuracy=0.912, val/loss=0.206, train/accuracy=0.898, train/loss=0.229]

Validation DataLoader 0:  96%|█████████▌| 188/196 [00:03<00:00, 57.24it/s][A
Epoch 1:  99%|█████████▉| 774/782 [00:14<00:00, 53.93it/s, loss=0.144, val/accuracy=0.912, val/loss=0.206, train/accuracy=0.898, train/loss=0.229]

Validation DataLoader 0:  96%|█████████▋| 189/196 [00:03<00:00, 57.25it/s][A
Epoch 1:  99%|█████████▉| 775/782 [00:14<00:00, 53.94it/s, loss=0.144, val/accuracy=0.912, val/loss=0.206, train/accuracy=0.898, train/loss=0.229]

Validation DataLoader 0:  97%|█████████▋| 190/196 [00:03<00:00, 57.24it/s][A
Epoch 1:  99%|█████████▉| 776/782 [00:14<00:00, 53.94it/s, loss=0.144, val/accuracy=0.912, val/loss=0.206, train/accuracy=0.898, train/loss=0.229]

Validation DataLoader 0:  97%|█████████▋| 191/196 [00:03<00:00, 57.24it/s][A
Epoch 1:  99%|█████████▉| 777/782 [00:14<00:00, 53.95it/s, loss=0.144, val/accuracy=0.912, val/loss=0.206, train/accuracy=0.898, train/loss=0.229]

Validation DataLoader 0:  98%|█████████▊| 192/196 [00:03<00:00, 57.24it/s][A
Epoch 1:  99%|█████████▉| 778/782 [00:14<00:00, 53.95it/s, loss=0.144, val/accuracy=0.912, val/loss=0.206, train/accuracy=0.898, train/loss=0.229]

Validation DataLoader 0:  98%|█████████▊| 193/196 [00:03<00:00, 57.23it/s][A
Epoch 1: 100%|█████████▉| 779/782 [00:14<00:00, 53.95it/s, loss=0.144, val/accuracy=0.912, val/loss=0.206, train/accuracy=0.898, train/loss=0.229]

Validation DataLoader 0:  99%|█████████▉| 194/196 [00:03<00:00, 57.23it/s][A
Epoch 1: 100%|█████████▉| 780/782 [00:14<00:00, 53.96it/s, loss=0.144, val/accuracy=0.912, val/loss=0.206, train/accuracy=0.898, train/loss=0.229]

Validation DataLoader 0:  99%|█████████▉| 195/196 [00:03<00:00, 57.43it/s][A
Epoch 1: 100%|█████████▉| 781/782 [00:14<00:00, 54.00it/s, loss=0.144, val/accuracy=0.912, val/loss=0.206, train/accuracy=0.898, train/loss=0.229]

Validation DataLoader 0: 100%|██████████| 196/196 [00:03<00:00, 57.64it/s][A
Epoch 1: 100%|██████████| 782/782 [00:14<00:00, 54.06it/s, loss=0.144, val/accuracy=0.912, val/loss=0.206, train/accuracy=0.898, train/loss=0.229]
Epoch 1: 100%|██████████| 782/782 [00:14<00:00, 54.05it/s, loss=0.144, val/accuracy=0.945, val/loss=0.139, train/accuracy=0.898, train/loss=0.229]

                                                                          [A
Epoch 1: 100%|██████████| 782/782 [00:14<00:00, 54.03it/s, loss=0.144, val/accuracy=0.945, val/loss=0.139, train/accuracy=0.943, train/loss=0.150]Epoch 1, global step 1172: 'val/accuracy' reached 0.94516 (best 0.94516), saving model to '/home/cxo147/hyena-dna/results/genomic_benchmark_demo_human_or_worm_20251020_212705/checkpoints/val/accuracy.ckpt' as top 1

Epoch 1:   0%|          | 0/782 [00:00<?, ?it/s, loss=0.144, val/accuracy=0.945, val/loss=0.139, train/accuracy=0.943, train/loss=0.150]          
Epoch 2:   0%|          | 0/782 [00:00<?, ?it/s, loss=0.144, val/accuracy=0.945, val/loss=0.139, train/accuracy=0.943, train/loss=0.150]
Epoch 2:   0%|          | 1/782 [00:00<02:08,  6.06it/s, loss=0.144, val/accuracy=0.945, val/loss=0.139, train/accuracy=0.943, train/loss=0.150]
Epoch 2:   0%|          | 1/782 [00:00<02:09,  6.02it/s, loss=0.145, val/accuracy=0.945, val/loss=0.139, train/accuracy=0.943, train/loss=0.150]
Epoch 2:   0%|          | 2/782 [00:00<01:12, 10.71it/s, loss=0.145, val/accuracy=0.945, val/loss=0.139, train/accuracy=0.943, train/loss=0.150]
Epoch 2:   0%|          | 2/782 [00:00<01:12, 10.70it/s, loss=0.149, val/accuracy=0.945, val/loss=0.139, train/accuracy=0.943, train/loss=0.150]
Epoch 2:   0%|          | 3/782 [00:00<00:55, 14.05it/s, loss=0.149, val/accuracy=0.945, val/loss=0.139, train/accuracy=0.943, train/loss=0.150]
Epoch 2:   0%|          | 3/782 [00:00<00:55, 14.03it/s, loss=0.145, val/accuracy=0.945, val/loss=0.139, train/accuracy=0.943, train/loss=0.150]
Epoch 2:   1%|          | 4/782 [00:00<00:46, 16.62it/s, loss=0.145, val/accuracy=0.945, val/loss=0.139, train/accuracy=0.943, train/loss=0.150]
Epoch 2:   1%|          | 4/782 [00:00<00:46, 16.61it/s, loss=0.145, val/accuracy=0.945, val/loss=0.139, train/accuracy=0.943, train/loss=0.150]
Epoch 2:   1%|          | 5/782 [00:00<00:40, 19.20it/s, loss=0.145, val/accuracy=0.945, val/loss=0.139, train/accuracy=0.943, train/loss=0.150]
Epoch 2:   1%|          | 5/782 [00:00<00:40, 19.18it/s, loss=0.144, val/accuracy=0.945, val/loss=0.139, train/accuracy=0.943, train/loss=0.150]
Epoch 2:   1%|          | 6/782 [00:00<00:36, 21.54it/s, loss=0.144, val/accuracy=0.945, val/loss=0.139, train/accuracy=0.943, train/loss=0.150]
Epoch 2:   1%|          | 6/782 [00:00<00:36, 21.52it/s, loss=0.144, val/accuracy=0.945, val/loss=0.139, train/accuracy=0.943, train/loss=0.150]
Epoch 2:   1%|          | 7/782 [00:00<00:32, 23.59it/s, loss=0.144, val/accuracy=0.945, val/loss=0.139, train/accuracy=0.943, train/loss=0.150]
Epoch 2:   1%|          | 7/782 [00:00<00:32, 23.57it/s, loss=0.143, val/accuracy=0.945, val/loss=0.139, train/accuracy=0.943, train/loss=0.150]
Epoch 2:   1%|          | 8/782 [00:00<00:30, 25.39it/s, loss=0.143, val/accuracy=0.945, val/loss=0.139, train/accuracy=0.943, train/loss=0.150]
Epoch 2:   1%|          | 8/782 [00:00<00:30, 25.37it/s, loss=0.142, val/accuracy=0.945, val/loss=0.139, train/accuracy=0.943, train/loss=0.150]
Epoch 2:   1%|          | 9/782 [00:00<00:28, 26.99it/s, loss=0.142, val/accuracy=0.945, val/loss=0.139, train/accuracy=0.943, train/loss=0.150]
Epoch 2:   1%|          | 9/782 [00:00<00:28, 26.97it/s, loss=0.143, val/accuracy=0.945, val/loss=0.139, train/accuracy=0.943, train/loss=0.150]
Epoch 2:   1%|▏         | 10/782 [00:00<00:27, 28.44it/s, loss=0.143, val/accuracy=0.945, val/loss=0.139, train/accuracy=0.943, train/loss=0.150]
Epoch 2:   1%|▏         | 10/782 [00:00<00:27, 28.42it/s, loss=0.141, val/accuracy=0.945, val/loss=0.139, train/accuracy=0.943, train/loss=0.150]
Epoch 2:   1%|▏         | 11/782 [00:00<00:25, 29.75it/s, loss=0.141, val/accuracy=0.945, val/loss=0.139, train/accuracy=0.943, train/loss=0.150]
Epoch 2:   1%|▏         | 11/782 [00:00<00:25, 29.73it/s, loss=0.14, val/accuracy=0.945, val/loss=0.139, train/accuracy=0.943, train/loss=0.150] 
Epoch 2:   2%|▏         | 12/782 [00:00<00:24, 30.93it/s, loss=0.14, val/accuracy=0.945, val/loss=0.139, train/accuracy=0.943, train/loss=0.150]
Epoch 2:   2%|▏         | 12/782 [00:00<00:24, 30.91it/s, loss=0.138, val/accuracy=0.945, val/loss=0.139, train/accuracy=0.943, train/loss=0.150]
Epoch 2:   2%|▏         | 13/782 [00:00<00:24, 32.01it/s, loss=0.138, val/accuracy=0.945, val/loss=0.139, train/accuracy=0.943, train/loss=0.150]
Epoch 2:   2%|▏         | 13/782 [00:00<00:24, 32.00it/s, loss=0.133, val/accuracy=0.945, val/loss=0.139, train/accuracy=0.943, train/loss=0.150]
Epoch 2:   2%|▏         | 14/782 [00:00<00:23, 33.00it/s, loss=0.133, val/accuracy=0.945, val/loss=0.139, train/accuracy=0.943, train/loss=0.150]
Epoch 2:   2%|▏         | 14/782 [00:00<00:23, 32.98it/s, loss=0.129, val/accuracy=0.945, val/loss=0.139, train/accuracy=0.943, train/loss=0.150]
Epoch 2:   2%|▏         | 15/782 [00:00<00:22, 33.89it/s, loss=0.129, val/accuracy=0.945, val/loss=0.139, train/accuracy=0.943, train/loss=0.150]
Epoch 2:   2%|▏         | 15/782 [00:00<00:22, 33.87it/s, loss=0.129, val/accuracy=0.945, val/loss=0.139, train/accuracy=0.943, train/loss=0.150]
Epoch 2:   2%|▏         | 16/782 [00:00<00:22, 34.71it/s, loss=0.129, val/accuracy=0.945, val/loss=0.139, train/accuracy=0.943, train/loss=0.150]
Epoch 2:   2%|▏         | 16/782 [00:00<00:22, 34.70it/s, loss=0.123, val/accuracy=0.945, val/loss=0.139, train/accuracy=0.943, train/loss=0.150]
Epoch 2:   2%|▏         | 17/782 [00:00<00:21, 35.44it/s, loss=0.123, val/accuracy=0.945, val/loss=0.139, train/accuracy=0.943, train/loss=0.150]
Epoch 2:   2%|▏         | 17/782 [00:00<00:21, 35.42it/s, loss=0.125, val/accuracy=0.945, val/loss=0.139, train/accuracy=0.943, train/loss=0.150]
Epoch 2:   2%|▏         | 18/782 [00:00<00:21, 36.15it/s, loss=0.125, val/accuracy=0.945, val/loss=0.139, train/accuracy=0.943, train/loss=0.150]
Epoch 2:   2%|▏         | 18/782 [00:00<00:21, 36.13it/s, loss=0.128, val/accuracy=0.945, val/loss=0.139, train/accuracy=0.943, train/loss=0.150]
Epoch 2:   2%|▏         | 19/782 [00:00<00:20, 36.81it/s, loss=0.128, val/accuracy=0.945, val/loss=0.139, train/accuracy=0.943, train/loss=0.150]
Epoch 2:   2%|▏         | 19/782 [00:00<00:20, 36.79it/s, loss=0.126, val/accuracy=0.945, val/loss=0.139, train/accuracy=0.943, train/loss=0.150]
Epoch 2:   3%|▎         | 20/782 [00:00<00:20, 37.43it/s, loss=0.126, val/accuracy=0.945, val/loss=0.139, train/accuracy=0.943, train/loss=0.150]
Epoch 2:   3%|▎         | 20/782 [00:00<00:20, 37.41it/s, loss=0.12, val/accuracy=0.945, val/loss=0.139, train/accuracy=0.943, train/loss=0.150] 
Epoch 2:   3%|▎         | 21/782 [00:00<00:20, 38.00it/s, loss=0.12, val/accuracy=0.945, val/loss=0.139, train/accuracy=0.943, train/loss=0.150]
Epoch 2:   3%|▎         | 21/782 [00:00<00:20, 37.99it/s, loss=0.12, val/accuracy=0.945, val/loss=0.139, train/accuracy=0.943, train/loss=0.150]
Epoch 2:   3%|▎         | 22/782 [00:00<00:19, 38.53it/s, loss=0.12, val/accuracy=0.945, val/loss=0.139, train/accuracy=0.943, train/loss=0.150]
Epoch 2:   3%|▎         | 22/782 [00:00<00:19, 38.52it/s, loss=0.123, val/accuracy=0.945, val/loss=0.139, train/accuracy=0.943, train/loss=0.150]
Epoch 2:   3%|▎         | 23/782 [00:00<00:19, 39.03it/s, loss=0.123, val/accuracy=0.945, val/loss=0.139, train/accuracy=0.943, train/loss=0.150]
Epoch 2:   3%|▎         | 23/782 [00:00<00:19, 39.01it/s, loss=0.124, val/accuracy=0.945, val/loss=0.139, train/accuracy=0.943, train/loss=0.150]
Epoch 2:   3%|▎         | 24/782 [00:00<00:19, 39.49it/s, loss=0.124, val/accuracy=0.945, val/loss=0.139, train/accuracy=0.943, train/loss=0.150]
Epoch 2:   3%|▎         | 24/782 [00:00<00:19, 39.48it/s, loss=0.123, val/accuracy=0.945, val/loss=0.139, train/accuracy=0.943, train/loss=0.150]
Epoch 2:   3%|▎         | 25/782 [00:00<00:18, 39.93it/s, loss=0.123, val/accuracy=0.945, val/loss=0.139, train/accuracy=0.943, train/loss=0.150]
Epoch 2:   3%|▎         | 25/782 [00:00<00:18, 39.91it/s, loss=0.127, val/accuracy=0.945, val/loss=0.139, train/accuracy=0.943, train/loss=0.150]
Epoch 2:   3%|▎         | 26/782 [00:00<00:18, 40.35it/s, loss=0.127, val/accuracy=0.945, val/loss=0.139, train/accuracy=0.943, train/loss=0.150]
Epoch 2:   3%|▎         | 26/782 [00:00<00:18, 40.33it/s, loss=0.125, val/accuracy=0.945, val/loss=0.139, train/accuracy=0.943, train/loss=0.150]
Epoch 2:   3%|▎         | 27/782 [00:00<00:18, 40.74it/s, loss=0.125, val/accuracy=0.945, val/loss=0.139, train/accuracy=0.943, train/loss=0.150]
Epoch 2:   3%|▎         | 27/782 [00:00<00:18, 40.73it/s, loss=0.125, val/accuracy=0.945, val/loss=0.139, train/accuracy=0.943, train/loss=0.150]
Epoch 2:   4%|▎         | 28/782 [00:00<00:18, 41.11it/s, loss=0.125, val/accuracy=0.945, val/loss=0.139, train/accuracy=0.943, train/loss=0.150]
Epoch 2:   4%|▎         | 28/782 [00:00<00:18, 41.09it/s, loss=0.129, val/accuracy=0.945, val/loss=0.139, train/accuracy=0.943, train/loss=0.150]
Epoch 2:   4%|▎         | 29/782 [00:00<00:18, 41.46it/s, loss=0.129, val/accuracy=0.945, val/loss=0.139, train/accuracy=0.943, train/loss=0.150]
Epoch 2:   4%|▎         | 29/782 [00:00<00:18, 41.45it/s, loss=0.13, val/accuracy=0.945, val/loss=0.139, train/accuracy=0.943, train/loss=0.150] 
Epoch 2:   4%|▍         | 30/782 [00:00<00:17, 41.81it/s, loss=0.13, val/accuracy=0.945, val/loss=0.139, train/accuracy=0.943, train/loss=0.150]
Epoch 2:   4%|▍         | 30/782 [00:00<00:17, 41.79it/s, loss=0.129, val/accuracy=0.945, val/loss=0.139, train/accuracy=0.943, train/loss=0.150]
Epoch 2:   4%|▍         | 31/782 [00:00<00:17, 42.13it/s, loss=0.129, val/accuracy=0.945, val/loss=0.139, train/accuracy=0.943, train/loss=0.150]
Epoch 2:   4%|▍         | 31/782 [00:00<00:17, 42.11it/s, loss=0.131, val/accuracy=0.945, val/loss=0.139, train/accuracy=0.943, train/loss=0.150]
Epoch 2:   4%|▍         | 32/782 [00:00<00:17, 42.43it/s, loss=0.131, val/accuracy=0.945, val/loss=0.139, train/accuracy=0.943, train/loss=0.150]
Epoch 2:   4%|▍         | 32/782 [00:00<00:17, 42.42it/s, loss=0.134, val/accuracy=0.945, val/loss=0.139, train/accuracy=0.943, train/loss=0.150]
Epoch 2:   4%|▍         | 33/782 [00:00<00:17, 42.72it/s, loss=0.134, val/accuracy=0.945, val/loss=0.139, train/accuracy=0.943, train/loss=0.150]
Epoch 2:   4%|▍         | 33/782 [00:00<00:17, 42.71it/s, loss=0.132, val/accuracy=0.945, val/loss=0.139, train/accuracy=0.943, train/loss=0.150]
Epoch 2:   4%|▍         | 34/782 [00:00<00:17, 43.00it/s, loss=0.132, val/accuracy=0.945, val/loss=0.139, train/accuracy=0.943, train/loss=0.150]
Epoch 2:   4%|▍         | 34/782 [00:00<00:17, 42.99it/s, loss=0.134, val/accuracy=0.945, val/loss=0.139, train/accuracy=0.943, train/loss=0.150]
Epoch 2:   4%|▍         | 35/782 [00:00<00:17, 43.26it/s, loss=0.134, val/accuracy=0.945, val/loss=0.139, train/accuracy=0.943, train/loss=0.150]
Epoch 2:   4%|▍         | 35/782 [00:00<00:17, 43.25it/s, loss=0.132, val/accuracy=0.945, val/loss=0.139, train/accuracy=0.943, train/loss=0.150]
Epoch 2:   5%|▍         | 36/782 [00:00<00:17, 43.53it/s, loss=0.132, val/accuracy=0.945, val/loss=0.139, train/accuracy=0.943, train/loss=0.150]
Epoch 2:   5%|▍         | 36/782 [00:00<00:17, 43.51it/s, loss=0.136, val/accuracy=0.945, val/loss=0.139, train/accuracy=0.943, train/loss=0.150]
Epoch 2:   5%|▍         | 37/782 [00:00<00:17, 43.75it/s, loss=0.136, val/accuracy=0.945, val/loss=0.139, train/accuracy=0.943, train/loss=0.150]
Epoch 2:   5%|▍         | 37/782 [00:00<00:17, 43.74it/s, loss=0.136, val/accuracy=0.945, val/loss=0.139, train/accuracy=0.943, train/loss=0.150]
Epoch 2:   5%|▍         | 38/782 [00:00<00:16, 43.98it/s, loss=0.136, val/accuracy=0.945, val/loss=0.139, train/accuracy=0.943, train/loss=0.150]
Epoch 2:   5%|▍         | 38/782 [00:00<00:16, 43.97it/s, loss=0.135, val/accuracy=0.945, val/loss=0.139, train/accuracy=0.943, train/loss=0.150]
Epoch 2:   5%|▍         | 39/782 [00:00<00:16, 44.20it/s, loss=0.135, val/accuracy=0.945, val/loss=0.139, train/accuracy=0.943, train/loss=0.150]
Epoch 2:   5%|▍         | 39/782 [00:00<00:16, 44.18it/s, loss=0.133, val/accuracy=0.945, val/loss=0.139, train/accuracy=0.943, train/loss=0.150]
Epoch 2:   5%|▌         | 40/782 [00:00<00:16, 44.40it/s, loss=0.133, val/accuracy=0.945, val/loss=0.139, train/accuracy=0.943, train/loss=0.150]
Epoch 2:   5%|▌         | 40/782 [00:00<00:16, 44.39it/s, loss=0.137, val/accuracy=0.945, val/loss=0.139, train/accuracy=0.943, train/loss=0.150]
Epoch 2:   5%|▌         | 41/782 [00:00<00:16, 44.60it/s, loss=0.137, val/accuracy=0.945, val/loss=0.139, train/accuracy=0.943, train/loss=0.150]
Epoch 2:   5%|▌         | 41/782 [00:00<00:16, 44.59it/s, loss=0.135, val/accuracy=0.945, val/loss=0.139, train/accuracy=0.943, train/loss=0.150]
Epoch 2:   5%|▌         | 42/782 [00:00<00:16, 44.80it/s, loss=0.135, val/accuracy=0.945, val/loss=0.139, train/accuracy=0.943, train/loss=0.150]
Epoch 2:   5%|▌         | 42/782 [00:00<00:16, 44.79it/s, loss=0.13, val/accuracy=0.945, val/loss=0.139, train/accuracy=0.943, train/loss=0.150] 
Epoch 2:   5%|▌         | 43/782 [00:00<00:16, 44.99it/s, loss=0.13, val/accuracy=0.945, val/loss=0.139, train/accuracy=0.943, train/loss=0.150]
Epoch 2:   5%|▌         | 43/782 [00:00<00:16, 44.98it/s, loss=0.126, val/accuracy=0.945, val/loss=0.139, train/accuracy=0.943, train/loss=0.150]
Epoch 2:   6%|▌         | 44/782 [00:00<00:16, 45.17it/s, loss=0.126, val/accuracy=0.945, val/loss=0.139, train/accuracy=0.943, train/loss=0.150]
Epoch 2:   6%|▌         | 44/782 [00:00<00:16, 45.16it/s, loss=0.129, val/accuracy=0.945, val/loss=0.139, train/accuracy=0.943, train/loss=0.150]
Epoch 2:   6%|▌         | 45/782 [00:00<00:16, 45.35it/s, loss=0.129, val/accuracy=0.945, val/loss=0.139, train/accuracy=0.943, train/loss=0.150]
Epoch 2:   6%|▌         | 45/782 [00:00<00:16, 45.34it/s, loss=0.125, val/accuracy=0.945, val/loss=0.139, train/accuracy=0.943, train/loss=0.150]
Epoch 2:   6%|▌         | 46/782 [00:01<00:16, 45.52it/s, loss=0.125, val/accuracy=0.945, val/loss=0.139, train/accuracy=0.943, train/loss=0.150]
Epoch 2:   6%|▌         | 46/782 [00:01<00:16, 45.51it/s, loss=0.126, val/accuracy=0.945, val/loss=0.139, train/accuracy=0.943, train/loss=0.150]
Epoch 2:   6%|▌         | 47/782 [00:01<00:16, 45.69it/s, loss=0.126, val/accuracy=0.945, val/loss=0.139, train/accuracy=0.943, train/loss=0.150]
Epoch 2:   6%|▌         | 47/782 [00:01<00:16, 45.68it/s, loss=0.127, val/accuracy=0.945, val/loss=0.139, train/accuracy=0.943, train/loss=0.150]
Epoch 2:   6%|▌         | 48/782 [00:01<00:16, 45.85it/s, loss=0.127, val/accuracy=0.945, val/loss=0.139, train/accuracy=0.943, train/loss=0.150]
Epoch 2:   6%|▌         | 48/782 [00:01<00:16, 45.84it/s, loss=0.126, val/accuracy=0.945, val/loss=0.139, train/accuracy=0.943, train/loss=0.150]
Epoch 2:   6%|▋         | 49/782 [00:01<00:15, 46.00it/s, loss=0.126, val/accuracy=0.945, val/loss=0.139, train/accuracy=0.943, train/loss=0.150]
Epoch 2:   6%|▋         | 49/782 [00:01<00:15, 45.99it/s, loss=0.125, val/accuracy=0.945, val/loss=0.139, train/accuracy=0.943, train/loss=0.150]
Epoch 2:   6%|▋         | 50/782 [00:01<00:15, 46.15it/s, loss=0.125, val/accuracy=0.945, val/loss=0.139, train/accuracy=0.943, train/loss=0.150]
Epoch 2:   6%|▋         | 50/782 [00:01<00:15, 46.14it/s, loss=0.124, val/accuracy=0.945, val/loss=0.139, train/accuracy=0.943, train/loss=0.150]
Epoch 2:   7%|▋         | 51/782 [00:01<00:15, 46.30it/s, loss=0.124, val/accuracy=0.945, val/loss=0.139, train/accuracy=0.943, train/loss=0.150]
Epoch 2:   7%|▋         | 51/782 [00:01<00:15, 46.29it/s, loss=0.124, val/accuracy=0.945, val/loss=0.139, train/accuracy=0.943, train/loss=0.150]
Epoch 2:   7%|▋         | 52/782 [00:01<00:15, 46.44it/s, loss=0.124, val/accuracy=0.945, val/loss=0.139, train/accuracy=0.943, train/loss=0.150]
Epoch 2:   7%|▋         | 52/782 [00:01<00:15, 46.43it/s, loss=0.123, val/accuracy=0.945, val/loss=0.139, train/accuracy=0.943, train/loss=0.150]
Epoch 2:   7%|▋         | 53/782 [00:01<00:15, 46.57it/s, loss=0.123, val/accuracy=0.945, val/loss=0.139, train/accuracy=0.943, train/loss=0.150]
Epoch 2:   7%|▋         | 53/782 [00:01<00:15, 46.56it/s, loss=0.131, val/accuracy=0.945, val/loss=0.139, train/accuracy=0.943, train/loss=0.150]
Epoch 2:   7%|▋         | 54/782 [00:01<00:15, 46.69it/s, loss=0.131, val/accuracy=0.945, val/loss=0.139, train/accuracy=0.943, train/loss=0.150]
Epoch 2:   7%|▋         | 54/782 [00:01<00:15, 46.68it/s, loss=0.134, val/accuracy=0.945, val/loss=0.139, train/accuracy=0.943, train/loss=0.150]
Epoch 2:   7%|▋         | 55/782 [00:01<00:15, 46.82it/s, loss=0.134, val/accuracy=0.945, val/loss=0.139, train/accuracy=0.943, train/loss=0.150]
Epoch 2:   7%|▋         | 55/782 [00:01<00:15, 46.81it/s, loss=0.139, val/accuracy=0.945, val/loss=0.139, train/accuracy=0.943, train/loss=0.150]
Epoch 2:   7%|▋         | 56/782 [00:01<00:15, 46.94it/s, loss=0.139, val/accuracy=0.945, val/loss=0.139, train/accuracy=0.943, train/loss=0.150]
Epoch 2:   7%|▋         | 56/782 [00:01<00:15, 46.93it/s, loss=0.135, val/accuracy=0.945, val/loss=0.139, train/accuracy=0.943, train/loss=0.150]
Epoch 2:   7%|▋         | 57/782 [00:01<00:15, 46.96it/s, loss=0.135, val/accuracy=0.945, val/loss=0.139, train/accuracy=0.943, train/loss=0.150]
Epoch 2:   7%|▋         | 57/782 [00:01<00:15, 46.95it/s, loss=0.134, val/accuracy=0.945, val/loss=0.139, train/accuracy=0.943, train/loss=0.150]
Epoch 2:   7%|▋         | 58/782 [00:01<00:15, 46.95it/s, loss=0.134, val/accuracy=0.945, val/loss=0.139, train/accuracy=0.943, train/loss=0.150]
Epoch 2:   7%|▋         | 58/782 [00:01<00:15, 46.94it/s, loss=0.133, val/accuracy=0.945, val/loss=0.139, train/accuracy=0.943, train/loss=0.150]
Epoch 2:   8%|▊         | 59/782 [00:01<00:15, 46.91it/s, loss=0.133, val/accuracy=0.945, val/loss=0.139, train/accuracy=0.943, train/loss=0.150]
Epoch 2:   8%|▊         | 59/782 [00:01<00:15, 46.90it/s, loss=0.14, val/accuracy=0.945, val/loss=0.139, train/accuracy=0.943, train/loss=0.150] 
Epoch 2:   8%|▊         | 60/782 [00:01<00:15, 46.86it/s, loss=0.14, val/accuracy=0.945, val/loss=0.139, train/accuracy=0.943, train/loss=0.150]
Epoch 2:   8%|▊         | 60/782 [00:01<00:15, 46.84it/s, loss=0.141, val/accuracy=0.945, val/loss=0.139, train/accuracy=0.943, train/loss=0.150]
Epoch 2:   8%|▊         | 61/782 [00:01<00:15, 46.80it/s, loss=0.141, val/accuracy=0.945, val/loss=0.139, train/accuracy=0.943, train/loss=0.150]
Epoch 2:   8%|▊         | 61/782 [00:01<00:15, 46.79it/s, loss=0.142, val/accuracy=0.945, val/loss=0.139, train/accuracy=0.943, train/loss=0.150]
Epoch 2:   8%|▊         | 62/782 [00:01<00:15, 46.75it/s, loss=0.142, val/accuracy=0.945, val/loss=0.139, train/accuracy=0.943, train/loss=0.150]
Epoch 2:   8%|▊         | 62/782 [00:01<00:15, 46.74it/s, loss=0.143, val/accuracy=0.945, val/loss=0.139, train/accuracy=0.943, train/loss=0.150]
Epoch 2:   8%|▊         | 63/782 [00:01<00:15, 46.71it/s, loss=0.143, val/accuracy=0.945, val/loss=0.139, train/accuracy=0.943, train/loss=0.150]
Epoch 2:   8%|▊         | 63/782 [00:01<00:15, 46.70it/s, loss=0.145, val/accuracy=0.945, val/loss=0.139, train/accuracy=0.943, train/loss=0.150]
Epoch 2:   8%|▊         | 64/782 [00:01<00:15, 46.66it/s, loss=0.145, val/accuracy=0.945, val/loss=0.139, train/accuracy=0.943, train/loss=0.150]
Epoch 2:   8%|▊         | 64/782 [00:01<00:15, 46.65it/s, loss=0.144, val/accuracy=0.945, val/loss=0.139, train/accuracy=0.943, train/loss=0.150]
Epoch 2:   8%|▊         | 65/782 [00:01<00:15, 46.61it/s, loss=0.144, val/accuracy=0.945, val/loss=0.139, train/accuracy=0.943, train/loss=0.150]
Epoch 2:   8%|▊         | 65/782 [00:01<00:15, 46.60it/s, loss=0.144, val/accuracy=0.945, val/loss=0.139, train/accuracy=0.943, train/loss=0.150]
Epoch 2:   8%|▊         | 66/782 [00:01<00:15, 46.56it/s, loss=0.144, val/accuracy=0.945, val/loss=0.139, train/accuracy=0.943, train/loss=0.150]
Epoch 2:   8%|▊         | 66/782 [00:01<00:15, 46.55it/s, loss=0.145, val/accuracy=0.945, val/loss=0.139, train/accuracy=0.943, train/loss=0.150]
Epoch 2:   9%|▊         | 67/782 [00:01<00:15, 46.52it/s, loss=0.145, val/accuracy=0.945, val/loss=0.139, train/accuracy=0.943, train/loss=0.150]
Epoch 2:   9%|▊         | 67/782 [00:01<00:15, 46.51it/s, loss=0.141, val/accuracy=0.945, val/loss=0.139, train/accuracy=0.943, train/loss=0.150]
Epoch 2:   9%|▊         | 68/782 [00:01<00:15, 46.39it/s, loss=0.141, val/accuracy=0.945, val/loss=0.139, train/accuracy=0.943, train/loss=0.150]
Epoch 2:   9%|▊         | 68/782 [00:01<00:15, 46.38it/s, loss=0.138, val/accuracy=0.945, val/loss=0.139, train/accuracy=0.943, train/loss=0.150]
Epoch 2:   9%|▉         | 69/782 [00:01<00:15, 46.34it/s, loss=0.138, val/accuracy=0.945, val/loss=0.139, train/accuracy=0.943, train/loss=0.150]
Epoch 2:   9%|▉         | 69/782 [00:01<00:15, 46.33it/s, loss=0.142, val/accuracy=0.945, val/loss=0.139, train/accuracy=0.943, train/loss=0.150]
Epoch 2:   9%|▉         | 70/782 [00:01<00:15, 46.31it/s, loss=0.142, val/accuracy=0.945, val/loss=0.139, train/accuracy=0.943, train/loss=0.150]
Epoch 2:   9%|▉         | 70/782 [00:01<00:15, 46.30it/s, loss=0.144, val/accuracy=0.945, val/loss=0.139, train/accuracy=0.943, train/loss=0.150]
Epoch 2:   9%|▉         | 71/782 [00:01<00:15, 46.27it/s, loss=0.144, val/accuracy=0.945, val/loss=0.139, train/accuracy=0.943, train/loss=0.150]
Epoch 2:   9%|▉         | 71/782 [00:01<00:15, 46.26it/s, loss=0.147, val/accuracy=0.945, val/loss=0.139, train/accuracy=0.943, train/loss=0.150]
Epoch 2:   9%|▉         | 72/782 [00:01<00:15, 46.24it/s, loss=0.147, val/accuracy=0.945, val/loss=0.139, train/accuracy=0.943, train/loss=0.150]
Epoch 2:   9%|▉         | 72/782 [00:01<00:15, 46.23it/s, loss=0.15, val/accuracy=0.945, val/loss=0.139, train/accuracy=0.943, train/loss=0.150] 
Epoch 2:   9%|▉         | 73/782 [00:01<00:15, 46.21it/s, loss=0.15, val/accuracy=0.945, val/loss=0.139, train/accuracy=0.943, train/loss=0.150]
Epoch 2:   9%|▉         | 73/782 [00:01<00:15, 46.21it/s, loss=0.14, val/accuracy=0.945, val/loss=0.139, train/accuracy=0.943, train/loss=0.150]
Epoch 2:   9%|▉         | 74/782 [00:01<00:15, 46.13it/s, loss=0.14, val/accuracy=0.945, val/loss=0.139, train/accuracy=0.943, train/loss=0.150]
Epoch 2:   9%|▉         | 74/782 [00:01<00:15, 46.12it/s, loss=0.135, val/accuracy=0.945, val/loss=0.139, train/accuracy=0.943, train/loss=0.150]
Epoch 2:  10%|▉         | 75/782 [00:01<00:15, 46.13it/s, loss=0.135, val/accuracy=0.945, val/loss=0.139, train/accuracy=0.943, train/loss=0.150]
Epoch 2:  10%|▉         | 75/782 [00:01<00:15, 46.12it/s, loss=0.135, val/accuracy=0.945, val/loss=0.139, train/accuracy=0.943, train/loss=0.150]
Epoch 2:  10%|▉         | 76/782 [00:01<00:15, 46.11it/s, loss=0.135, val/accuracy=0.945, val/loss=0.139, train/accuracy=0.943, train/loss=0.150]
Epoch 2:  10%|▉         | 76/782 [00:01<00:15, 46.10it/s, loss=0.141, val/accuracy=0.945, val/loss=0.139, train/accuracy=0.943, train/loss=0.150]
Epoch 2:  10%|▉         | 77/782 [00:01<00:15, 46.07it/s, loss=0.141, val/accuracy=0.945, val/loss=0.139, train/accuracy=0.943, train/loss=0.150]
Epoch 2:  10%|▉         | 77/782 [00:01<00:15, 46.06it/s, loss=0.141, val/accuracy=0.945, val/loss=0.139, train/accuracy=0.943, train/loss=0.150]
Epoch 2:  10%|▉         | 78/782 [00:01<00:15, 46.05it/s, loss=0.141, val/accuracy=0.945, val/loss=0.139, train/accuracy=0.943, train/loss=0.150]
Epoch 2:  10%|▉         | 78/782 [00:01<00:15, 46.04it/s, loss=0.147, val/accuracy=0.945, val/loss=0.139, train/accuracy=0.943, train/loss=0.150]
Epoch 2:  10%|█         | 79/782 [00:01<00:15, 46.02it/s, loss=0.147, val/accuracy=0.945, val/loss=0.139, train/accuracy=0.943, train/loss=0.150]
Epoch 2:  10%|█         | 79/782 [00:01<00:15, 46.02it/s, loss=0.14, val/accuracy=0.945, val/loss=0.139, train/accuracy=0.943, train/loss=0.150] 
Epoch 2:  10%|█         | 80/782 [00:01<00:15, 46.00it/s, loss=0.14, val/accuracy=0.945, val/loss=0.139, train/accuracy=0.943, train/loss=0.150]
Epoch 2:  10%|█         | 80/782 [00:01<00:15, 45.99it/s, loss=0.138, val/accuracy=0.945, val/loss=0.139, train/accuracy=0.943, train/loss=0.150]
Epoch 2:  10%|█         | 81/782 [00:01<00:15, 45.97it/s, loss=0.138, val/accuracy=0.945, val/loss=0.139, train/accuracy=0.943, train/loss=0.150]
Epoch 2:  10%|█         | 81/782 [00:01<00:15, 45.97it/s, loss=0.138, val/accuracy=0.945, val/loss=0.139, train/accuracy=0.943, train/loss=0.150]
Epoch 2:  10%|█         | 82/782 [00:01<00:15, 45.95it/s, loss=0.138, val/accuracy=0.945, val/loss=0.139, train/accuracy=0.943, train/loss=0.150]
Epoch 2:  10%|█         | 82/782 [00:01<00:15, 45.94it/s, loss=0.138, val/accuracy=0.945, val/loss=0.139, train/accuracy=0.943, train/loss=0.150]
Epoch 2:  11%|█         | 83/782 [00:01<00:15, 45.89it/s, loss=0.138, val/accuracy=0.945, val/loss=0.139, train/accuracy=0.943, train/loss=0.150]
Epoch 2:  11%|█         | 83/782 [00:01<00:15, 45.89it/s, loss=0.139, val/accuracy=0.945, val/loss=0.139, train/accuracy=0.943, train/loss=0.150]
Epoch 2:  11%|█         | 84/782 [00:01<00:15, 45.81it/s, loss=0.139, val/accuracy=0.945, val/loss=0.139, train/accuracy=0.943, train/loss=0.150]
Epoch 2:  11%|█         | 84/782 [00:01<00:15, 45.81it/s, loss=0.142, val/accuracy=0.945, val/loss=0.139, train/accuracy=0.943, train/loss=0.150]
Epoch 2:  11%|█         | 85/782 [00:01<00:15, 45.82it/s, loss=0.142, val/accuracy=0.945, val/loss=0.139, train/accuracy=0.943, train/loss=0.150]
Epoch 2:  11%|█         | 85/782 [00:01<00:15, 45.82it/s, loss=0.143, val/accuracy=0.945, val/loss=0.139, train/accuracy=0.943, train/loss=0.150]
Epoch 2:  11%|█         | 86/782 [00:01<00:15, 45.88it/s, loss=0.143, val/accuracy=0.945, val/loss=0.139, train/accuracy=0.943, train/loss=0.150]
Epoch 2:  11%|█         | 86/782 [00:01<00:15, 45.88it/s, loss=0.147, val/accuracy=0.945, val/loss=0.139, train/accuracy=0.943, train/loss=0.150]
Epoch 2:  11%|█         | 87/782 [00:01<00:15, 45.97it/s, loss=0.147, val/accuracy=0.945, val/loss=0.139, train/accuracy=0.943, train/loss=0.150]
Epoch 2:  11%|█         | 87/782 [00:01<00:15, 45.96it/s, loss=0.15, val/accuracy=0.945, val/loss=0.139, train/accuracy=0.943, train/loss=0.150] 
Epoch 2:  11%|█▏        | 88/782 [00:01<00:15, 46.05it/s, loss=0.15, val/accuracy=0.945, val/loss=0.139, train/accuracy=0.943, train/loss=0.150]
Epoch 2:  11%|█▏        | 88/782 [00:01<00:15, 46.05it/s, loss=0.153, val/accuracy=0.945, val/loss=0.139, train/accuracy=0.943, train/loss=0.150]
Epoch 2:  11%|█▏        | 89/782 [00:01<00:15, 46.14it/s, loss=0.153, val/accuracy=0.945, val/loss=0.139, train/accuracy=0.943, train/loss=0.150]
Epoch 2:  11%|█▏        | 89/782 [00:01<00:15, 46.13it/s, loss=0.153, val/accuracy=0.945, val/loss=0.139, train/accuracy=0.943, train/loss=0.150]
Epoch 2:  12%|█▏        | 90/782 [00:01<00:14, 46.22it/s, loss=0.153, val/accuracy=0.945, val/loss=0.139, train/accuracy=0.943, train/loss=0.150]
Epoch 2:  12%|█▏        | 90/782 [00:01<00:14, 46.21it/s, loss=0.155, val/accuracy=0.945, val/loss=0.139, train/accuracy=0.943, train/loss=0.150]
Epoch 2:  12%|█▏        | 91/782 [00:01<00:14, 46.30it/s, loss=0.155, val/accuracy=0.945, val/loss=0.139, train/accuracy=0.943, train/loss=0.150]
Epoch 2:  12%|█▏        | 91/782 [00:01<00:14, 46.30it/s, loss=0.147, val/accuracy=0.945, val/loss=0.139, train/accuracy=0.943, train/loss=0.150]
Epoch 2:  12%|█▏        | 92/782 [00:01<00:14, 46.38it/s, loss=0.147, val/accuracy=0.945, val/loss=0.139, train/accuracy=0.943, train/loss=0.150]
Epoch 2:  12%|█▏        | 92/782 [00:01<00:14, 46.38it/s, loss=0.145, val/accuracy=0.945, val/loss=0.139, train/accuracy=0.943, train/loss=0.150]
Epoch 2:  12%|█▏        | 93/782 [00:02<00:14, 46.46it/s, loss=0.145, val/accuracy=0.945, val/loss=0.139, train/accuracy=0.943, train/loss=0.150]
Epoch 2:  12%|█▏        | 93/782 [00:02<00:14, 46.46it/s, loss=0.146, val/accuracy=0.945, val/loss=0.139, train/accuracy=0.943, train/loss=0.150]
Epoch 2:  12%|█▏        | 94/782 [00:02<00:14, 46.54it/s, loss=0.146, val/accuracy=0.945, val/loss=0.139, train/accuracy=0.943, train/loss=0.150]
Epoch 2:  12%|█▏        | 94/782 [00:02<00:14, 46.53it/s, loss=0.149, val/accuracy=0.945, val/loss=0.139, train/accuracy=0.943, train/loss=0.150]
Epoch 2:  12%|█▏        | 95/782 [00:02<00:14, 46.61it/s, loss=0.149, val/accuracy=0.945, val/loss=0.139, train/accuracy=0.943, train/loss=0.150]
Epoch 2:  12%|█▏        | 95/782 [00:02<00:14, 46.61it/s, loss=0.146, val/accuracy=0.945, val/loss=0.139, train/accuracy=0.943, train/loss=0.150]
Epoch 2:  12%|█▏        | 96/782 [00:02<00:14, 46.69it/s, loss=0.146, val/accuracy=0.945, val/loss=0.139, train/accuracy=0.943, train/loss=0.150]
Epoch 2:  12%|█▏        | 96/782 [00:02<00:14, 46.68it/s, loss=0.141, val/accuracy=0.945, val/loss=0.139, train/accuracy=0.943, train/loss=0.150]
Epoch 2:  12%|█▏        | 97/782 [00:02<00:14, 46.76it/s, loss=0.141, val/accuracy=0.945, val/loss=0.139, train/accuracy=0.943, train/loss=0.150]
Epoch 2:  12%|█▏        | 97/782 [00:02<00:14, 46.75it/s, loss=0.14, val/accuracy=0.945, val/loss=0.139, train/accuracy=0.943, train/loss=0.150] 
Epoch 2:  13%|█▎        | 98/782 [00:02<00:14, 46.83it/s, loss=0.14, val/accuracy=0.945, val/loss=0.139, train/accuracy=0.943, train/loss=0.150]
Epoch 2:  13%|█▎        | 98/782 [00:02<00:14, 46.82it/s, loss=0.134, val/accuracy=0.945, val/loss=0.139, train/accuracy=0.943, train/loss=0.150]
Epoch 2:  13%|█▎        | 99/782 [00:02<00:14, 46.84it/s, loss=0.134, val/accuracy=0.945, val/loss=0.139, train/accuracy=0.943, train/loss=0.150]
Epoch 2:  13%|█▎        | 99/782 [00:02<00:14, 46.83it/s, loss=0.136, val/accuracy=0.945, val/loss=0.139, train/accuracy=0.943, train/loss=0.150]
Epoch 2:  13%|█▎        | 100/782 [00:02<00:14, 46.82it/s, loss=0.136, val/accuracy=0.945, val/loss=0.139, train/accuracy=0.943, train/loss=0.150]
Epoch 2:  13%|█▎        | 100/782 [00:02<00:14, 46.81it/s, loss=0.14, val/accuracy=0.945, val/loss=0.139, train/accuracy=0.943, train/loss=0.150] 
Epoch 2:  13%|█▎        | 101/782 [00:02<00:14, 46.80it/s, loss=0.14, val/accuracy=0.945, val/loss=0.139, train/accuracy=0.943, train/loss=0.150]
Epoch 2:  13%|█▎        | 101/782 [00:02<00:14, 46.79it/s, loss=0.137, val/accuracy=0.945, val/loss=0.139, train/accuracy=0.943, train/loss=0.150]
Epoch 2:  13%|█▎        | 102/782 [00:02<00:14, 46.78it/s, loss=0.137, val/accuracy=0.945, val/loss=0.139, train/accuracy=0.943, train/loss=0.150]
Epoch 2:  13%|█▎        | 102/782 [00:02<00:14, 46.77it/s, loss=0.137, val/accuracy=0.945, val/loss=0.139, train/accuracy=0.943, train/loss=0.150]
Epoch 2:  13%|█▎        | 103/782 [00:02<00:14, 46.82it/s, loss=0.137, val/accuracy=0.945, val/loss=0.139, train/accuracy=0.943, train/loss=0.150]
Epoch 2:  13%|█▎        | 103/782 [00:02<00:14, 46.82it/s, loss=0.136, val/accuracy=0.945, val/loss=0.139, train/accuracy=0.943, train/loss=0.150]
Epoch 2:  13%|█▎        | 104/782 [00:02<00:14, 46.89it/s, loss=0.136, val/accuracy=0.945, val/loss=0.139, train/accuracy=0.943, train/loss=0.150]
Epoch 2:  13%|█▎        | 104/782 [00:02<00:14, 46.88it/s, loss=0.132, val/accuracy=0.945, val/loss=0.139, train/accuracy=0.943, train/loss=0.150]
Epoch 2:  13%|█▎        | 105/782 [00:02<00:14, 46.96it/s, loss=0.132, val/accuracy=0.945, val/loss=0.139, train/accuracy=0.943, train/loss=0.150]
Epoch 2:  13%|█▎        | 105/782 [00:02<00:14, 46.95it/s, loss=0.133, val/accuracy=0.945, val/loss=0.139, train/accuracy=0.943, train/loss=0.150]
Epoch 2:  14%|█▎        | 106/782 [00:02<00:14, 47.02it/s, loss=0.133, val/accuracy=0.945, val/loss=0.139, train/accuracy=0.943, train/loss=0.150]
Epoch 2:  14%|█▎        | 106/782 [00:02<00:14, 47.01it/s, loss=0.125, val/accuracy=0.945, val/loss=0.139, train/accuracy=0.943, train/loss=0.150]
Epoch 2:  14%|█▎        | 107/782 [00:02<00:14, 47.08it/s, loss=0.125, val/accuracy=0.945, val/loss=0.139, train/accuracy=0.943, train/loss=0.150]
Epoch 2:  14%|█▎        | 107/782 [00:02<00:14, 47.07it/s, loss=0.123, val/accuracy=0.945, val/loss=0.139, train/accuracy=0.943, train/loss=0.150]
Epoch 2:  14%|█▍        | 108/782 [00:02<00:14, 47.14it/s, loss=0.123, val/accuracy=0.945, val/loss=0.139, train/accuracy=0.943, train/loss=0.150]
Epoch 2:  14%|█▍        | 108/782 [00:02<00:14, 47.14it/s, loss=0.124, val/accuracy=0.945, val/loss=0.139, train/accuracy=0.943, train/loss=0.150]
Epoch 2:  14%|█▍        | 109/782 [00:02<00:14, 47.20it/s, loss=0.124, val/accuracy=0.945, val/loss=0.139, train/accuracy=0.943, train/loss=0.150]
Epoch 2:  14%|█▍        | 109/782 [00:02<00:14, 47.20it/s, loss=0.124, val/accuracy=0.945, val/loss=0.139, train/accuracy=0.943, train/loss=0.150]
Epoch 2:  14%|█▍        | 110/782 [00:02<00:14, 47.26it/s, loss=0.124, val/accuracy=0.945, val/loss=0.139, train/accuracy=0.943, train/loss=0.150]
Epoch 2:  14%|█▍        | 110/782 [00:02<00:14, 47.26it/s, loss=0.117, val/accuracy=0.945, val/loss=0.139, train/accuracy=0.943, train/loss=0.150]
Epoch 2:  14%|█▍        | 111/782 [00:02<00:14, 47.32it/s, loss=0.117, val/accuracy=0.945, val/loss=0.139, train/accuracy=0.943, train/loss=0.150]
Epoch 2:  14%|█▍        | 111/782 [00:02<00:14, 47.31it/s, loss=0.122, val/accuracy=0.945, val/loss=0.139, train/accuracy=0.943, train/loss=0.150]
Epoch 2:  14%|█▍        | 112/782 [00:02<00:14, 47.34it/s, loss=0.122, val/accuracy=0.945, val/loss=0.139, train/accuracy=0.943, train/loss=0.150]
Epoch 2:  14%|█▍        | 112/782 [00:02<00:14, 47.34it/s, loss=0.122, val/accuracy=0.945, val/loss=0.139, train/accuracy=0.943, train/loss=0.150]
Epoch 2:  14%|█▍        | 113/782 [00:02<00:14, 47.40it/s, loss=0.122, val/accuracy=0.945, val/loss=0.139, train/accuracy=0.943, train/loss=0.150]
Epoch 2:  14%|█▍        | 113/782 [00:02<00:14, 47.39it/s, loss=0.122, val/accuracy=0.945, val/loss=0.139, train/accuracy=0.943, train/loss=0.150]
Epoch 2:  15%|█▍        | 114/782 [00:02<00:14, 47.44it/s, loss=0.122, val/accuracy=0.945, val/loss=0.139, train/accuracy=0.943, train/loss=0.150]
Epoch 2:  15%|█▍        | 114/782 [00:02<00:14, 47.44it/s, loss=0.12, val/accuracy=0.945, val/loss=0.139, train/accuracy=0.943, train/loss=0.150] 
Epoch 2:  15%|█▍        | 115/782 [00:02<00:14, 47.50it/s, loss=0.12, val/accuracy=0.945, val/loss=0.139, train/accuracy=0.943, train/loss=0.150]
Epoch 2:  15%|█▍        | 115/782 [00:02<00:14, 47.49it/s, loss=0.122, val/accuracy=0.945, val/loss=0.139, train/accuracy=0.943, train/loss=0.150]
Epoch 2:  15%|█▍        | 116/782 [00:02<00:14, 47.55it/s, loss=0.122, val/accuracy=0.945, val/loss=0.139, train/accuracy=0.943, train/loss=0.150]
Epoch 2:  15%|█▍        | 116/782 [00:02<00:14, 47.54it/s, loss=0.124, val/accuracy=0.945, val/loss=0.139, train/accuracy=0.943, train/loss=0.150]
Epoch 2:  15%|█▍        | 117/782 [00:02<00:13, 47.60it/s, loss=0.124, val/accuracy=0.945, val/loss=0.139, train/accuracy=0.943, train/loss=0.150]
Epoch 2:  15%|█▍        | 117/782 [00:02<00:13, 47.59it/s, loss=0.124, val/accuracy=0.945, val/loss=0.139, train/accuracy=0.943, train/loss=0.150]
Epoch 2:  15%|█▌        | 118/782 [00:02<00:13, 47.65it/s, loss=0.124, val/accuracy=0.945, val/loss=0.139, train/accuracy=0.943, train/loss=0.150]
Epoch 2:  15%|█▌        | 118/782 [00:02<00:13, 47.65it/s, loss=0.133, val/accuracy=0.945, val/loss=0.139, train/accuracy=0.943, train/loss=0.150]
Epoch 2:  15%|█▌        | 119/782 [00:02<00:13, 47.70it/s, loss=0.133, val/accuracy=0.945, val/loss=0.139, train/accuracy=0.943, train/loss=0.150]
Epoch 2:  15%|█▌        | 119/782 [00:02<00:13, 47.69it/s, loss=0.134, val/accuracy=0.945, val/loss=0.139, train/accuracy=0.943, train/loss=0.150]
Epoch 2:  15%|█▌        | 120/782 [00:02<00:13, 47.75it/s, loss=0.134, val/accuracy=0.945, val/loss=0.139, train/accuracy=0.943, train/loss=0.150]
Epoch 2:  15%|█▌        | 120/782 [00:02<00:13, 47.74it/s, loss=0.131, val/accuracy=0.945, val/loss=0.139, train/accuracy=0.943, train/loss=0.150]
Epoch 2:  15%|█▌        | 121/782 [00:02<00:13, 47.80it/s, loss=0.131, val/accuracy=0.945, val/loss=0.139, train/accuracy=0.943, train/loss=0.150]
Epoch 2:  15%|█▌        | 121/782 [00:02<00:13, 47.79it/s, loss=0.133, val/accuracy=0.945, val/loss=0.139, train/accuracy=0.943, train/loss=0.150]
Epoch 2:  16%|█▌        | 122/782 [00:02<00:13, 47.85it/s, loss=0.133, val/accuracy=0.945, val/loss=0.139, train/accuracy=0.943, train/loss=0.150]
Epoch 2:  16%|█▌        | 122/782 [00:02<00:13, 47.84it/s, loss=0.134, val/accuracy=0.945, val/loss=0.139, train/accuracy=0.943, train/loss=0.150]
Epoch 2:  16%|█▌        | 123/782 [00:02<00:13, 47.89it/s, loss=0.134, val/accuracy=0.945, val/loss=0.139, train/accuracy=0.943, train/loss=0.150]
Epoch 2:  16%|█▌        | 123/782 [00:02<00:13, 47.89it/s, loss=0.133, val/accuracy=0.945, val/loss=0.139, train/accuracy=0.943, train/loss=0.150]
Epoch 2:  16%|█▌        | 124/782 [00:02<00:13, 47.94it/s, loss=0.133, val/accuracy=0.945, val/loss=0.139, train/accuracy=0.943, train/loss=0.150]
Epoch 2:  16%|█▌        | 124/782 [00:02<00:13, 47.94it/s, loss=0.134, val/accuracy=0.945, val/loss=0.139, train/accuracy=0.943, train/loss=0.150]
Epoch 2:  16%|█▌        | 125/782 [00:02<00:13, 47.99it/s, loss=0.134, val/accuracy=0.945, val/loss=0.139, train/accuracy=0.943, train/loss=0.150]
Epoch 2:  16%|█▌        | 125/782 [00:02<00:13, 47.98it/s, loss=0.133, val/accuracy=0.945, val/loss=0.139, train/accuracy=0.943, train/loss=0.150]
Epoch 2:  16%|█▌        | 126/782 [00:02<00:13, 48.03it/s, loss=0.133, val/accuracy=0.945, val/loss=0.139, train/accuracy=0.943, train/loss=0.150]
Epoch 2:  16%|█▌        | 126/782 [00:02<00:13, 48.03it/s, loss=0.133, val/accuracy=0.945, val/loss=0.139, train/accuracy=0.943, train/loss=0.150]
Epoch 2:  16%|█▌        | 127/782 [00:02<00:13, 48.08it/s, loss=0.133, val/accuracy=0.945, val/loss=0.139, train/accuracy=0.943, train/loss=0.150]
Epoch 2:  16%|█▌        | 127/782 [00:02<00:13, 48.08it/s, loss=0.134, val/accuracy=0.945, val/loss=0.139, train/accuracy=0.943, train/loss=0.150]
Epoch 2:  16%|█▋        | 128/782 [00:02<00:13, 48.12it/s, loss=0.134, val/accuracy=0.945, val/loss=0.139, train/accuracy=0.943, train/loss=0.150]
Epoch 2:  16%|█▋        | 128/782 [00:02<00:13, 48.12it/s, loss=0.131, val/accuracy=0.945, val/loss=0.139, train/accuracy=0.943, train/loss=0.150]
Epoch 2:  16%|█▋        | 129/782 [00:02<00:13, 48.17it/s, loss=0.131, val/accuracy=0.945, val/loss=0.139, train/accuracy=0.943, train/loss=0.150]
Epoch 2:  16%|█▋        | 129/782 [00:02<00:13, 48.16it/s, loss=0.126, val/accuracy=0.945, val/loss=0.139, train/accuracy=0.943, train/loss=0.150]
Epoch 2:  17%|█▋        | 130/782 [00:02<00:13, 48.21it/s, loss=0.126, val/accuracy=0.945, val/loss=0.139, train/accuracy=0.943, train/loss=0.150]
Epoch 2:  17%|█▋        | 130/782 [00:02<00:13, 48.20it/s, loss=0.135, val/accuracy=0.945, val/loss=0.139, train/accuracy=0.943, train/loss=0.150]
Epoch 2:  17%|█▋        | 131/782 [00:02<00:13, 48.25it/s, loss=0.135, val/accuracy=0.945, val/loss=0.139, train/accuracy=0.943, train/loss=0.150]
Epoch 2:  17%|█▋        | 131/782 [00:02<00:13, 48.25it/s, loss=0.136, val/accuracy=0.945, val/loss=0.139, train/accuracy=0.943, train/loss=0.150]
Epoch 2:  17%|█▋        | 132/782 [00:02<00:13, 48.29it/s, loss=0.136, val/accuracy=0.945, val/loss=0.139, train/accuracy=0.943, train/loss=0.150]
Epoch 2:  17%|█▋        | 132/782 [00:02<00:13, 48.29it/s, loss=0.137, val/accuracy=0.945, val/loss=0.139, train/accuracy=0.943, train/loss=0.150]
Epoch 2:  17%|█▋        | 133/782 [00:02<00:13, 48.33it/s, loss=0.137, val/accuracy=0.945, val/loss=0.139, train/accuracy=0.943, train/loss=0.150]
Epoch 2:  17%|█▋        | 133/782 [00:02<00:13, 48.32it/s, loss=0.137, val/accuracy=0.945, val/loss=0.139, train/accuracy=0.943, train/loss=0.150]
Epoch 2:  17%|█▋        | 134/782 [00:02<00:13, 48.37it/s, loss=0.137, val/accuracy=0.945, val/loss=0.139, train/accuracy=0.943, train/loss=0.150]
Epoch 2:  17%|█▋        | 134/782 [00:02<00:13, 48.37it/s, loss=0.144, val/accuracy=0.945, val/loss=0.139, train/accuracy=0.943, train/loss=0.150]
Epoch 2:  17%|█▋        | 135/782 [00:02<00:13, 48.41it/s, loss=0.144, val/accuracy=0.945, val/loss=0.139, train/accuracy=0.943, train/loss=0.150]
Epoch 2:  17%|█▋        | 135/782 [00:02<00:13, 48.41it/s, loss=0.145, val/accuracy=0.945, val/loss=0.139, train/accuracy=0.943, train/loss=0.150]
Epoch 2:  17%|█▋        | 136/782 [00:02<00:13, 48.45it/s, loss=0.145, val/accuracy=0.945, val/loss=0.139, train/accuracy=0.943, train/loss=0.150]
Epoch 2:  17%|█▋        | 136/782 [00:02<00:13, 48.45it/s, loss=0.142, val/accuracy=0.945, val/loss=0.139, train/accuracy=0.943, train/loss=0.150]
Epoch 2:  18%|█▊        | 137/782 [00:02<00:13, 48.49it/s, loss=0.142, val/accuracy=0.945, val/loss=0.139, train/accuracy=0.943, train/loss=0.150]
Epoch 2:  18%|█▊        | 137/782 [00:02<00:13, 48.49it/s, loss=0.144, val/accuracy=0.945, val/loss=0.139, train/accuracy=0.943, train/loss=0.150]
Epoch 2:  18%|█▊        | 138/782 [00:02<00:13, 48.53it/s, loss=0.144, val/accuracy=0.945, val/loss=0.139, train/accuracy=0.943, train/loss=0.150]
Epoch 2:  18%|█▊        | 138/782 [00:02<00:13, 48.53it/s, loss=0.139, val/accuracy=0.945, val/loss=0.139, train/accuracy=0.943, train/loss=0.150]
Epoch 2:  18%|█▊        | 139/782 [00:02<00:13, 48.57it/s, loss=0.139, val/accuracy=0.945, val/loss=0.139, train/accuracy=0.943, train/loss=0.150]
Epoch 2:  18%|█▊        | 139/782 [00:02<00:13, 48.57it/s, loss=0.138, val/accuracy=0.945, val/loss=0.139, train/accuracy=0.943, train/loss=0.150]
Epoch 2:  18%|█▊        | 140/782 [00:02<00:13, 48.61it/s, loss=0.138, val/accuracy=0.945, val/loss=0.139, train/accuracy=0.943, train/loss=0.150]
Epoch 2:  18%|█▊        | 140/782 [00:02<00:13, 48.60it/s, loss=0.136, val/accuracy=0.945, val/loss=0.139, train/accuracy=0.943, train/loss=0.150]
Epoch 2:  18%|█▊        | 141/782 [00:02<00:13, 48.64it/s, loss=0.136, val/accuracy=0.945, val/loss=0.139, train/accuracy=0.943, train/loss=0.150]
Epoch 2:  18%|█▊        | 141/782 [00:02<00:13, 48.64it/s, loss=0.137, val/accuracy=0.945, val/loss=0.139, train/accuracy=0.943, train/loss=0.150]
Epoch 2:  18%|█▊        | 142/782 [00:02<00:13, 48.68it/s, loss=0.137, val/accuracy=0.945, val/loss=0.139, train/accuracy=0.943, train/loss=0.150]
Epoch 2:  18%|█▊        | 142/782 [00:02<00:13, 48.68it/s, loss=0.135, val/accuracy=0.945, val/loss=0.139, train/accuracy=0.943, train/loss=0.150]
Epoch 2:  18%|█▊        | 143/782 [00:02<00:13, 48.72it/s, loss=0.135, val/accuracy=0.945, val/loss=0.139, train/accuracy=0.943, train/loss=0.150]
Epoch 2:  18%|█▊        | 143/782 [00:02<00:13, 48.72it/s, loss=0.134, val/accuracy=0.945, val/loss=0.139, train/accuracy=0.943, train/loss=0.150]
Epoch 2:  18%|█▊        | 144/782 [00:02<00:13, 48.76it/s, loss=0.134, val/accuracy=0.945, val/loss=0.139, train/accuracy=0.943, train/loss=0.150]
Epoch 2:  18%|█▊        | 144/782 [00:02<00:13, 48.75it/s, loss=0.134, val/accuracy=0.945, val/loss=0.139, train/accuracy=0.943, train/loss=0.150]
Epoch 2:  19%|█▊        | 145/782 [00:02<00:13, 48.79it/s, loss=0.134, val/accuracy=0.945, val/loss=0.139, train/accuracy=0.943, train/loss=0.150]
Epoch 2:  19%|█▊        | 145/782 [00:02<00:13, 48.79it/s, loss=0.133, val/accuracy=0.945, val/loss=0.139, train/accuracy=0.943, train/loss=0.150]
Epoch 2:  19%|█▊        | 146/782 [00:02<00:13, 48.83it/s, loss=0.133, val/accuracy=0.945, val/loss=0.139, train/accuracy=0.943, train/loss=0.150]
Epoch 2:  19%|█▊        | 146/782 [00:02<00:13, 48.82it/s, loss=0.135, val/accuracy=0.945, val/loss=0.139, train/accuracy=0.943, train/loss=0.150]
Epoch 2:  19%|█▉        | 147/782 [00:03<00:12, 48.86it/s, loss=0.135, val/accuracy=0.945, val/loss=0.139, train/accuracy=0.943, train/loss=0.150]
Epoch 2:  19%|█▉        | 147/782 [00:03<00:12, 48.86it/s, loss=0.136, val/accuracy=0.945, val/loss=0.139, train/accuracy=0.943, train/loss=0.150]
Epoch 2:  19%|█▉        | 148/782 [00:03<00:12, 48.90it/s, loss=0.136, val/accuracy=0.945, val/loss=0.139, train/accuracy=0.943, train/loss=0.150]
Epoch 2:  19%|█▉        | 148/782 [00:03<00:12, 48.89it/s, loss=0.141, val/accuracy=0.945, val/loss=0.139, train/accuracy=0.943, train/loss=0.150]
Epoch 2:  19%|█▉        | 149/782 [00:03<00:12, 48.93it/s, loss=0.141, val/accuracy=0.945, val/loss=0.139, train/accuracy=0.943, train/loss=0.150]
Epoch 2:  19%|█▉        | 149/782 [00:03<00:12, 48.93it/s, loss=0.145, val/accuracy=0.945, val/loss=0.139, train/accuracy=0.943, train/loss=0.150]
Epoch 2:  19%|█▉        | 150/782 [00:03<00:12, 48.96it/s, loss=0.145, val/accuracy=0.945, val/loss=0.139, train/accuracy=0.943, train/loss=0.150]
Epoch 2:  19%|█▉        | 150/782 [00:03<00:12, 48.96it/s, loss=0.141, val/accuracy=0.945, val/loss=0.139, train/accuracy=0.943, train/loss=0.150]
Epoch 2:  19%|█▉        | 151/782 [00:03<00:12, 48.98it/s, loss=0.141, val/accuracy=0.945, val/loss=0.139, train/accuracy=0.943, train/loss=0.150]
Epoch 2:  19%|█▉        | 151/782 [00:03<00:12, 48.98it/s, loss=0.136, val/accuracy=0.945, val/loss=0.139, train/accuracy=0.943, train/loss=0.150]
Epoch 2:  19%|█▉        | 152/782 [00:03<00:12, 49.02it/s, loss=0.136, val/accuracy=0.945, val/loss=0.139, train/accuracy=0.943, train/loss=0.150]
Epoch 2:  19%|█▉        | 152/782 [00:03<00:12, 49.01it/s, loss=0.134, val/accuracy=0.945, val/loss=0.139, train/accuracy=0.943, train/loss=0.150]
Epoch 2:  20%|█▉        | 153/782 [00:03<00:12, 49.05it/s, loss=0.134, val/accuracy=0.945, val/loss=0.139, train/accuracy=0.943, train/loss=0.150]
Epoch 2:  20%|█▉        | 153/782 [00:03<00:12, 49.05it/s, loss=0.132, val/accuracy=0.945, val/loss=0.139, train/accuracy=0.943, train/loss=0.150]
Epoch 2:  20%|█▉        | 154/782 [00:03<00:12, 49.09it/s, loss=0.132, val/accuracy=0.945, val/loss=0.139, train/accuracy=0.943, train/loss=0.150]
Epoch 2:  20%|█▉        | 154/782 [00:03<00:12, 49.08it/s, loss=0.126, val/accuracy=0.945, val/loss=0.139, train/accuracy=0.943, train/loss=0.150]
Epoch 2:  20%|█▉        | 155/782 [00:03<00:12, 49.12it/s, loss=0.126, val/accuracy=0.945, val/loss=0.139, train/accuracy=0.943, train/loss=0.150]
Epoch 2:  20%|█▉        | 155/782 [00:03<00:12, 49.11it/s, loss=0.127, val/accuracy=0.945, val/loss=0.139, train/accuracy=0.943, train/loss=0.150]
Epoch 2:  20%|█▉        | 156/782 [00:03<00:12, 49.15it/s, loss=0.127, val/accuracy=0.945, val/loss=0.139, train/accuracy=0.943, train/loss=0.150]
Epoch 2:  20%|█▉        | 156/782 [00:03<00:12, 49.14it/s, loss=0.133, val/accuracy=0.945, val/loss=0.139, train/accuracy=0.943, train/loss=0.150]
Epoch 2:  20%|██        | 157/782 [00:03<00:12, 49.18it/s, loss=0.133, val/accuracy=0.945, val/loss=0.139, train/accuracy=0.943, train/loss=0.150]
Epoch 2:  20%|██        | 157/782 [00:03<00:12, 49.18it/s, loss=0.131, val/accuracy=0.945, val/loss=0.139, train/accuracy=0.943, train/loss=0.150]
Epoch 2:  20%|██        | 158/782 [00:03<00:12, 49.21it/s, loss=0.131, val/accuracy=0.945, val/loss=0.139, train/accuracy=0.943, train/loss=0.150]
Epoch 2:  20%|██        | 158/782 [00:03<00:12, 49.21it/s, loss=0.13, val/accuracy=0.945, val/loss=0.139, train/accuracy=0.943, train/loss=0.150] 
Epoch 2:  20%|██        | 159/782 [00:03<00:12, 49.25it/s, loss=0.13, val/accuracy=0.945, val/loss=0.139, train/accuracy=0.943, train/loss=0.150]
Epoch 2:  20%|██        | 159/782 [00:03<00:12, 49.24it/s, loss=0.13, val/accuracy=0.945, val/loss=0.139, train/accuracy=0.943, train/loss=0.150]
Epoch 2:  20%|██        | 160/782 [00:03<00:12, 49.28it/s, loss=0.13, val/accuracy=0.945, val/loss=0.139, train/accuracy=0.943, train/loss=0.150]
Epoch 2:  20%|██        | 160/782 [00:03<00:12, 49.27it/s, loss=0.131, val/accuracy=0.945, val/loss=0.139, train/accuracy=0.943, train/loss=0.150]
Epoch 2:  21%|██        | 161/782 [00:03<00:12, 49.31it/s, loss=0.131, val/accuracy=0.945, val/loss=0.139, train/accuracy=0.943, train/loss=0.150]
Epoch 2:  21%|██        | 161/782 [00:03<00:12, 49.31it/s, loss=0.131, val/accuracy=0.945, val/loss=0.139, train/accuracy=0.943, train/loss=0.150]
Epoch 2:  21%|██        | 162/782 [00:03<00:12, 49.34it/s, loss=0.131, val/accuracy=0.945, val/loss=0.139, train/accuracy=0.943, train/loss=0.150]
Epoch 2:  21%|██        | 162/782 [00:03<00:12, 49.33it/s, loss=0.135, val/accuracy=0.945, val/loss=0.139, train/accuracy=0.943, train/loss=0.150]
Epoch 2:  21%|██        | 163/782 [00:03<00:12, 49.37it/s, loss=0.135, val/accuracy=0.945, val/loss=0.139, train/accuracy=0.943, train/loss=0.150]
Epoch 2:  21%|██        | 163/782 [00:03<00:12, 49.36it/s, loss=0.136, val/accuracy=0.945, val/loss=0.139, train/accuracy=0.943, train/loss=0.150]
Epoch 2:  21%|██        | 164/782 [00:03<00:12, 49.40it/s, loss=0.136, val/accuracy=0.945, val/loss=0.139, train/accuracy=0.943, train/loss=0.150]
Epoch 2:  21%|██        | 164/782 [00:03<00:12, 49.39it/s, loss=0.138, val/accuracy=0.945, val/loss=0.139, train/accuracy=0.943, train/loss=0.150]
Epoch 2:  21%|██        | 165/782 [00:03<00:12, 49.43it/s, loss=0.138, val/accuracy=0.945, val/loss=0.139, train/accuracy=0.943, train/loss=0.150]
Epoch 2:  21%|██        | 165/782 [00:03<00:12, 49.42it/s, loss=0.142, val/accuracy=0.945, val/loss=0.139, train/accuracy=0.943, train/loss=0.150]
Epoch 2:  21%|██        | 166/782 [00:03<00:12, 49.46it/s, loss=0.142, val/accuracy=0.945, val/loss=0.139, train/accuracy=0.943, train/loss=0.150]
Epoch 2:  21%|██        | 166/782 [00:03<00:12, 49.45it/s, loss=0.142, val/accuracy=0.945, val/loss=0.139, train/accuracy=0.943, train/loss=0.150]
Epoch 2:  21%|██▏       | 167/782 [00:03<00:12, 49.49it/s, loss=0.142, val/accuracy=0.945, val/loss=0.139, train/accuracy=0.943, train/loss=0.150]
Epoch 2:  21%|██▏       | 167/782 [00:03<00:12, 49.48it/s, loss=0.142, val/accuracy=0.945, val/loss=0.139, train/accuracy=0.943, train/loss=0.150]
Epoch 2:  21%|██▏       | 168/782 [00:03<00:12, 49.52it/s, loss=0.142, val/accuracy=0.945, val/loss=0.139, train/accuracy=0.943, train/loss=0.150]
Epoch 2:  21%|██▏       | 168/782 [00:03<00:12, 49.51it/s, loss=0.137, val/accuracy=0.945, val/loss=0.139, train/accuracy=0.943, train/loss=0.150]
Epoch 2:  22%|██▏       | 169/782 [00:03<00:12, 49.54it/s, loss=0.137, val/accuracy=0.945, val/loss=0.139, train/accuracy=0.943, train/loss=0.150]
Epoch 2:  22%|██▏       | 169/782 [00:03<00:12, 49.54it/s, loss=0.14, val/accuracy=0.945, val/loss=0.139, train/accuracy=0.943, train/loss=0.150] 
Epoch 2:  22%|██▏       | 170/782 [00:03<00:12, 49.57it/s, loss=0.14, val/accuracy=0.945, val/loss=0.139, train/accuracy=0.943, train/loss=0.150]
Epoch 2:  22%|██▏       | 170/782 [00:03<00:12, 49.57it/s, loss=0.138, val/accuracy=0.945, val/loss=0.139, train/accuracy=0.943, train/loss=0.150]
Epoch 2:  22%|██▏       | 171/782 [00:03<00:12, 49.60it/s, loss=0.138, val/accuracy=0.945, val/loss=0.139, train/accuracy=0.943, train/loss=0.150]
Epoch 2:  22%|██▏       | 171/782 [00:03<00:12, 49.60it/s, loss=0.142, val/accuracy=0.945, val/loss=0.139, train/accuracy=0.943, train/loss=0.150]
Epoch 2:  22%|██▏       | 172/782 [00:03<00:12, 49.63it/s, loss=0.142, val/accuracy=0.945, val/loss=0.139, train/accuracy=0.943, train/loss=0.150]
Epoch 2:  22%|██▏       | 172/782 [00:03<00:12, 49.62it/s, loss=0.142, val/accuracy=0.945, val/loss=0.139, train/accuracy=0.943, train/loss=0.150]
Epoch 2:  22%|██▏       | 173/782 [00:03<00:12, 49.65it/s, loss=0.142, val/accuracy=0.945, val/loss=0.139, train/accuracy=0.943, train/loss=0.150]
Epoch 2:  22%|██▏       | 173/782 [00:03<00:12, 49.65it/s, loss=0.144, val/accuracy=0.945, val/loss=0.139, train/accuracy=0.943, train/loss=0.150]
Epoch 2:  22%|██▏       | 174/782 [00:03<00:12, 49.68it/s, loss=0.144, val/accuracy=0.945, val/loss=0.139, train/accuracy=0.943, train/loss=0.150]
Epoch 2:  22%|██▏       | 174/782 [00:03<00:12, 49.68it/s, loss=0.143, val/accuracy=0.945, val/loss=0.139, train/accuracy=0.943, train/loss=0.150]
Epoch 2:  22%|██▏       | 175/782 [00:03<00:12, 49.71it/s, loss=0.143, val/accuracy=0.945, val/loss=0.139, train/accuracy=0.943, train/loss=0.150]
Epoch 2:  22%|██▏       | 175/782 [00:03<00:12, 49.70it/s, loss=0.139, val/accuracy=0.945, val/loss=0.139, train/accuracy=0.943, train/loss=0.150]
Epoch 2:  23%|██▎       | 176/782 [00:03<00:12, 49.73it/s, loss=0.139, val/accuracy=0.945, val/loss=0.139, train/accuracy=0.943, train/loss=0.150]
Epoch 2:  23%|██▎       | 176/782 [00:03<00:12, 49.73it/s, loss=0.133, val/accuracy=0.945, val/loss=0.139, train/accuracy=0.943, train/loss=0.150]
Epoch 2:  23%|██▎       | 177/782 [00:03<00:12, 49.76it/s, loss=0.133, val/accuracy=0.945, val/loss=0.139, train/accuracy=0.943, train/loss=0.150]
Epoch 2:  23%|██▎       | 177/782 [00:03<00:12, 49.75it/s, loss=0.135, val/accuracy=0.945, val/loss=0.139, train/accuracy=0.943, train/loss=0.150]
Epoch 2:  23%|██▎       | 178/782 [00:03<00:12, 49.78it/s, loss=0.135, val/accuracy=0.945, val/loss=0.139, train/accuracy=0.943, train/loss=0.150]
Epoch 2:  23%|██▎       | 178/782 [00:03<00:12, 49.78it/s, loss=0.135, val/accuracy=0.945, val/loss=0.139, train/accuracy=0.943, train/loss=0.150]
Epoch 2:  23%|██▎       | 179/782 [00:03<00:12, 49.81it/s, loss=0.135, val/accuracy=0.945, val/loss=0.139, train/accuracy=0.943, train/loss=0.150]
Epoch 2:  23%|██▎       | 179/782 [00:03<00:12, 49.80it/s, loss=0.135, val/accuracy=0.945, val/loss=0.139, train/accuracy=0.943, train/loss=0.150]
Epoch 2:  23%|██▎       | 180/782 [00:03<00:12, 49.83it/s, loss=0.135, val/accuracy=0.945, val/loss=0.139, train/accuracy=0.943, train/loss=0.150]
Epoch 2:  23%|██▎       | 180/782 [00:03<00:12, 49.83it/s, loss=0.14, val/accuracy=0.945, val/loss=0.139, train/accuracy=0.943, train/loss=0.150] 
Epoch 2:  23%|██▎       | 181/782 [00:03<00:12, 49.86it/s, loss=0.14, val/accuracy=0.945, val/loss=0.139, train/accuracy=0.943, train/loss=0.150]
Epoch 2:  23%|██▎       | 181/782 [00:03<00:12, 49.85it/s, loss=0.138, val/accuracy=0.945, val/loss=0.139, train/accuracy=0.943, train/loss=0.150]
Epoch 2:  23%|██▎       | 182/782 [00:03<00:12, 49.88it/s, loss=0.138, val/accuracy=0.945, val/loss=0.139, train/accuracy=0.943, train/loss=0.150]
Epoch 2:  23%|██▎       | 182/782 [00:03<00:12, 49.88it/s, loss=0.136, val/accuracy=0.945, val/loss=0.139, train/accuracy=0.943, train/loss=0.150]
Epoch 2:  23%|██▎       | 183/782 [00:03<00:12, 49.91it/s, loss=0.136, val/accuracy=0.945, val/loss=0.139, train/accuracy=0.943, train/loss=0.150]
Epoch 2:  23%|██▎       | 183/782 [00:03<00:12, 49.90it/s, loss=0.137, val/accuracy=0.945, val/loss=0.139, train/accuracy=0.943, train/loss=0.150]
Epoch 2:  24%|██▎       | 184/782 [00:03<00:11, 49.93it/s, loss=0.137, val/accuracy=0.945, val/loss=0.139, train/accuracy=0.943, train/loss=0.150]
Epoch 2:  24%|██▎       | 184/782 [00:03<00:11, 49.93it/s, loss=0.133, val/accuracy=0.945, val/loss=0.139, train/accuracy=0.943, train/loss=0.150]
Epoch 2:  24%|██▎       | 185/782 [00:03<00:11, 49.96it/s, loss=0.133, val/accuracy=0.945, val/loss=0.139, train/accuracy=0.943, train/loss=0.150]
Epoch 2:  24%|██▎       | 185/782 [00:03<00:11, 49.95it/s, loss=0.128, val/accuracy=0.945, val/loss=0.139, train/accuracy=0.943, train/loss=0.150]
Epoch 2:  24%|██▍       | 186/782 [00:03<00:11, 49.98it/s, loss=0.128, val/accuracy=0.945, val/loss=0.139, train/accuracy=0.943, train/loss=0.150]
Epoch 2:  24%|██▍       | 186/782 [00:03<00:11, 49.98it/s, loss=0.134, val/accuracy=0.945, val/loss=0.139, train/accuracy=0.943, train/loss=0.150]
Epoch 2:  24%|██▍       | 187/782 [00:03<00:11, 50.01it/s, loss=0.134, val/accuracy=0.945, val/loss=0.139, train/accuracy=0.943, train/loss=0.150]
Epoch 2:  24%|██▍       | 187/782 [00:03<00:11, 50.00it/s, loss=0.132, val/accuracy=0.945, val/loss=0.139, train/accuracy=0.943, train/loss=0.150]
Epoch 2:  24%|██▍       | 188/782 [00:03<00:11, 50.03it/s, loss=0.132, val/accuracy=0.945, val/loss=0.139, train/accuracy=0.943, train/loss=0.150]
Epoch 2:  24%|██▍       | 188/782 [00:03<00:11, 50.03it/s, loss=0.139, val/accuracy=0.945, val/loss=0.139, train/accuracy=0.943, train/loss=0.150]
Epoch 2:  24%|██▍       | 189/782 [00:03<00:11, 50.05it/s, loss=0.139, val/accuracy=0.945, val/loss=0.139, train/accuracy=0.943, train/loss=0.150]
Epoch 2:  24%|██▍       | 189/782 [00:03<00:11, 50.05it/s, loss=0.138, val/accuracy=0.945, val/loss=0.139, train/accuracy=0.943, train/loss=0.150]
Epoch 2:  24%|██▍       | 190/782 [00:03<00:11, 50.07it/s, loss=0.138, val/accuracy=0.945, val/loss=0.139, train/accuracy=0.943, train/loss=0.150]
Epoch 2:  24%|██▍       | 190/782 [00:03<00:11, 50.07it/s, loss=0.137, val/accuracy=0.945, val/loss=0.139, train/accuracy=0.943, train/loss=0.150]
Epoch 2:  24%|██▍       | 191/782 [00:03<00:11, 50.07it/s, loss=0.137, val/accuracy=0.945, val/loss=0.139, train/accuracy=0.943, train/loss=0.150]
Epoch 2:  24%|██▍       | 191/782 [00:03<00:11, 50.07it/s, loss=0.135, val/accuracy=0.945, val/loss=0.139, train/accuracy=0.943, train/loss=0.150]
Epoch 2:  25%|██▍       | 192/782 [00:03<00:11, 50.09it/s, loss=0.135, val/accuracy=0.945, val/loss=0.139, train/accuracy=0.943, train/loss=0.150]
Epoch 2:  25%|██▍       | 192/782 [00:03<00:11, 50.09it/s, loss=0.135, val/accuracy=0.945, val/loss=0.139, train/accuracy=0.943, train/loss=0.150]
Epoch 2:  25%|██▍       | 193/782 [00:03<00:11, 50.11it/s, loss=0.135, val/accuracy=0.945, val/loss=0.139, train/accuracy=0.943, train/loss=0.150]
Epoch 2:  25%|██▍       | 193/782 [00:03<00:11, 50.11it/s, loss=0.137, val/accuracy=0.945, val/loss=0.139, train/accuracy=0.943, train/loss=0.150]
Epoch 2:  25%|██▍       | 194/782 [00:03<00:11, 50.13it/s, loss=0.137, val/accuracy=0.945, val/loss=0.139, train/accuracy=0.943, train/loss=0.150]
Epoch 2:  25%|██▍       | 194/782 [00:03<00:11, 50.13it/s, loss=0.139, val/accuracy=0.945, val/loss=0.139, train/accuracy=0.943, train/loss=0.150]
Epoch 2:  25%|██▍       | 195/782 [00:03<00:11, 50.15it/s, loss=0.139, val/accuracy=0.945, val/loss=0.139, train/accuracy=0.943, train/loss=0.150]
Epoch 2:  25%|██▍       | 195/782 [00:03<00:11, 50.15it/s, loss=0.14, val/accuracy=0.945, val/loss=0.139, train/accuracy=0.943, train/loss=0.150] 
Epoch 2:  25%|██▌       | 196/782 [00:03<00:11, 50.16it/s, loss=0.14, val/accuracy=0.945, val/loss=0.139, train/accuracy=0.943, train/loss=0.150]
Epoch 2:  25%|██▌       | 196/782 [00:03<00:11, 50.16it/s, loss=0.14, val/accuracy=0.945, val/loss=0.139, train/accuracy=0.943, train/loss=0.150]
Epoch 2:  25%|██▌       | 197/782 [00:03<00:11, 50.18it/s, loss=0.14, val/accuracy=0.945, val/loss=0.139, train/accuracy=0.943, train/loss=0.150]
Epoch 2:  25%|██▌       | 197/782 [00:03<00:11, 50.18it/s, loss=0.138, val/accuracy=0.945, val/loss=0.139, train/accuracy=0.943, train/loss=0.150]
Epoch 2:  25%|██▌       | 198/782 [00:03<00:11, 50.20it/s, loss=0.138, val/accuracy=0.945, val/loss=0.139, train/accuracy=0.943, train/loss=0.150]
Epoch 2:  25%|██▌       | 198/782 [00:03<00:11, 50.20it/s, loss=0.134, val/accuracy=0.945, val/loss=0.139, train/accuracy=0.943, train/loss=0.150]
Epoch 2:  25%|██▌       | 199/782 [00:03<00:11, 50.22it/s, loss=0.134, val/accuracy=0.945, val/loss=0.139, train/accuracy=0.943, train/loss=0.150]
Epoch 2:  25%|██▌       | 199/782 [00:03<00:11, 50.22it/s, loss=0.136, val/accuracy=0.945, val/loss=0.139, train/accuracy=0.943, train/loss=0.150]
Epoch 2:  26%|██▌       | 200/782 [00:03<00:11, 50.24it/s, loss=0.136, val/accuracy=0.945, val/loss=0.139, train/accuracy=0.943, train/loss=0.150]
Epoch 2:  26%|██▌       | 200/782 [00:03<00:11, 50.24it/s, loss=0.131, val/accuracy=0.945, val/loss=0.139, train/accuracy=0.943, train/loss=0.150]
Epoch 2:  26%|██▌       | 201/782 [00:03<00:11, 50.26it/s, loss=0.131, val/accuracy=0.945, val/loss=0.139, train/accuracy=0.943, train/loss=0.150]
Epoch 2:  26%|██▌       | 201/782 [00:03<00:11, 50.26it/s, loss=0.13, val/accuracy=0.945, val/loss=0.139, train/accuracy=0.943, train/loss=0.150] 
Epoch 2:  26%|██▌       | 202/782 [00:04<00:11, 50.28it/s, loss=0.13, val/accuracy=0.945, val/loss=0.139, train/accuracy=0.943, train/loss=0.150]
Epoch 2:  26%|██▌       | 202/782 [00:04<00:11, 50.28it/s, loss=0.132, val/accuracy=0.945, val/loss=0.139, train/accuracy=0.943, train/loss=0.150]
Epoch 2:  26%|██▌       | 203/782 [00:04<00:11, 50.30it/s, loss=0.132, val/accuracy=0.945, val/loss=0.139, train/accuracy=0.943, train/loss=0.150]
Epoch 2:  26%|██▌       | 203/782 [00:04<00:11, 50.30it/s, loss=0.13, val/accuracy=0.945, val/loss=0.139, train/accuracy=0.943, train/loss=0.150] 
Epoch 2:  26%|██▌       | 204/782 [00:04<00:11, 50.32it/s, loss=0.13, val/accuracy=0.945, val/loss=0.139, train/accuracy=0.943, train/loss=0.150]
Epoch 2:  26%|██▌       | 204/782 [00:04<00:11, 50.32it/s, loss=0.132, val/accuracy=0.945, val/loss=0.139, train/accuracy=0.943, train/loss=0.150]
Epoch 2:  26%|██▌       | 205/782 [00:04<00:11, 50.34it/s, loss=0.132, val/accuracy=0.945, val/loss=0.139, train/accuracy=0.943, train/loss=0.150]
Epoch 2:  26%|██▌       | 205/782 [00:04<00:11, 50.34it/s, loss=0.133, val/accuracy=0.945, val/loss=0.139, train/accuracy=0.943, train/loss=0.150]
Epoch 2:  26%|██▋       | 206/782 [00:04<00:11, 50.36it/s, loss=0.133, val/accuracy=0.945, val/loss=0.139, train/accuracy=0.943, train/loss=0.150]
Epoch 2:  26%|██▋       | 206/782 [00:04<00:11, 50.35it/s, loss=0.127, val/accuracy=0.945, val/loss=0.139, train/accuracy=0.943, train/loss=0.150]
Epoch 2:  26%|██▋       | 207/782 [00:04<00:11, 50.38it/s, loss=0.127, val/accuracy=0.945, val/loss=0.139, train/accuracy=0.943, train/loss=0.150]
Epoch 2:  26%|██▋       | 207/782 [00:04<00:11, 50.37it/s, loss=0.126, val/accuracy=0.945, val/loss=0.139, train/accuracy=0.943, train/loss=0.150]
Epoch 2:  27%|██▋       | 208/782 [00:04<00:11, 50.40it/s, loss=0.126, val/accuracy=0.945, val/loss=0.139, train/accuracy=0.943, train/loss=0.150]
Epoch 2:  27%|██▋       | 208/782 [00:04<00:11, 50.39it/s, loss=0.119, val/accuracy=0.945, val/loss=0.139, train/accuracy=0.943, train/loss=0.150]
Epoch 2:  27%|██▋       | 209/782 [00:04<00:11, 50.41it/s, loss=0.119, val/accuracy=0.945, val/loss=0.139, train/accuracy=0.943, train/loss=0.150]
Epoch 2:  27%|██▋       | 209/782 [00:04<00:11, 50.41it/s, loss=0.12, val/accuracy=0.945, val/loss=0.139, train/accuracy=0.943, train/loss=0.150] 
Epoch 2:  27%|██▋       | 210/782 [00:04<00:11, 50.43it/s, loss=0.12, val/accuracy=0.945, val/loss=0.139, train/accuracy=0.943, train/loss=0.150]
Epoch 2:  27%|██▋       | 210/782 [00:04<00:11, 50.43it/s, loss=0.126, val/accuracy=0.945, val/loss=0.139, train/accuracy=0.943, train/loss=0.150]
Epoch 2:  27%|██▋       | 211/782 [00:04<00:11, 50.45it/s, loss=0.126, val/accuracy=0.945, val/loss=0.139, train/accuracy=0.943, train/loss=0.150]
Epoch 2:  27%|██▋       | 211/782 [00:04<00:11, 50.45it/s, loss=0.126, val/accuracy=0.945, val/loss=0.139, train/accuracy=0.943, train/loss=0.150]
Epoch 2:  27%|██▋       | 212/782 [00:04<00:11, 50.47it/s, loss=0.126, val/accuracy=0.945, val/loss=0.139, train/accuracy=0.943, train/loss=0.150]
Epoch 2:  27%|██▋       | 212/782 [00:04<00:11, 50.46it/s, loss=0.13, val/accuracy=0.945, val/loss=0.139, train/accuracy=0.943, train/loss=0.150] 
Epoch 2:  27%|██▋       | 213/782 [00:04<00:11, 50.49it/s, loss=0.13, val/accuracy=0.945, val/loss=0.139, train/accuracy=0.943, train/loss=0.150]
Epoch 2:  27%|██▋       | 213/782 [00:04<00:11, 50.48it/s, loss=0.127, val/accuracy=0.945, val/loss=0.139, train/accuracy=0.943, train/loss=0.150]
Epoch 2:  27%|██▋       | 214/782 [00:04<00:11, 50.50it/s, loss=0.127, val/accuracy=0.945, val/loss=0.139, train/accuracy=0.943, train/loss=0.150]
Epoch 2:  27%|██▋       | 214/782 [00:04<00:11, 50.50it/s, loss=0.124, val/accuracy=0.945, val/loss=0.139, train/accuracy=0.943, train/loss=0.150]
Epoch 2:  27%|██▋       | 215/782 [00:04<00:11, 50.52it/s, loss=0.124, val/accuracy=0.945, val/loss=0.139, train/accuracy=0.943, train/loss=0.150]
Epoch 2:  27%|██▋       | 215/782 [00:04<00:11, 50.52it/s, loss=0.126, val/accuracy=0.945, val/loss=0.139, train/accuracy=0.943, train/loss=0.150]
Epoch 2:  28%|██▊       | 216/782 [00:04<00:11, 50.54it/s, loss=0.126, val/accuracy=0.945, val/loss=0.139, train/accuracy=0.943, train/loss=0.150]
Epoch 2:  28%|██▊       | 216/782 [00:04<00:11, 50.54it/s, loss=0.125, val/accuracy=0.945, val/loss=0.139, train/accuracy=0.943, train/loss=0.150]
Epoch 2:  28%|██▊       | 217/782 [00:04<00:11, 50.56it/s, loss=0.125, val/accuracy=0.945, val/loss=0.139, train/accuracy=0.943, train/loss=0.150]
Epoch 2:  28%|██▊       | 217/782 [00:04<00:11, 50.55it/s, loss=0.124, val/accuracy=0.945, val/loss=0.139, train/accuracy=0.943, train/loss=0.150]
Epoch 2:  28%|██▊       | 218/782 [00:04<00:11, 50.58it/s, loss=0.124, val/accuracy=0.945, val/loss=0.139, train/accuracy=0.943, train/loss=0.150]
Epoch 2:  28%|██▊       | 218/782 [00:04<00:11, 50.57it/s, loss=0.127, val/accuracy=0.945, val/loss=0.139, train/accuracy=0.943, train/loss=0.150]
Epoch 2:  28%|██▊       | 219/782 [00:04<00:11, 50.59it/s, loss=0.127, val/accuracy=0.945, val/loss=0.139, train/accuracy=0.943, train/loss=0.150]
Epoch 2:  28%|██▊       | 219/782 [00:04<00:11, 50.59it/s, loss=0.128, val/accuracy=0.945, val/loss=0.139, train/accuracy=0.943, train/loss=0.150]
Epoch 2:  28%|██▊       | 220/782 [00:04<00:11, 50.61it/s, loss=0.128, val/accuracy=0.945, val/loss=0.139, train/accuracy=0.943, train/loss=0.150]
Epoch 2:  28%|██▊       | 220/782 [00:04<00:11, 50.60it/s, loss=0.127, val/accuracy=0.945, val/loss=0.139, train/accuracy=0.943, train/loss=0.150]
Epoch 2:  28%|██▊       | 221/782 [00:04<00:11, 50.62it/s, loss=0.127, val/accuracy=0.945, val/loss=0.139, train/accuracy=0.943, train/loss=0.150]
Epoch 2:  28%|██▊       | 221/782 [00:04<00:11, 50.62it/s, loss=0.128, val/accuracy=0.945, val/loss=0.139, train/accuracy=0.943, train/loss=0.150]
Epoch 2:  28%|██▊       | 222/782 [00:04<00:11, 50.64it/s, loss=0.128, val/accuracy=0.945, val/loss=0.139, train/accuracy=0.943, train/loss=0.150]
Epoch 2:  28%|██▊       | 222/782 [00:04<00:11, 50.64it/s, loss=0.131, val/accuracy=0.945, val/loss=0.139, train/accuracy=0.943, train/loss=0.150]
Epoch 2:  29%|██▊       | 223/782 [00:04<00:11, 50.66it/s, loss=0.131, val/accuracy=0.945, val/loss=0.139, train/accuracy=0.943, train/loss=0.150]
Epoch 2:  29%|██▊       | 223/782 [00:04<00:11, 50.65it/s, loss=0.128, val/accuracy=0.945, val/loss=0.139, train/accuracy=0.943, train/loss=0.150]
Epoch 2:  29%|██▊       | 224/782 [00:04<00:11, 50.67it/s, loss=0.128, val/accuracy=0.945, val/loss=0.139, train/accuracy=0.943, train/loss=0.150]
Epoch 2:  29%|██▊       | 224/782 [00:04<00:11, 50.67it/s, loss=0.129, val/accuracy=0.945, val/loss=0.139, train/accuracy=0.943, train/loss=0.150]
Epoch 2:  29%|██▉       | 225/782 [00:04<00:10, 50.69it/s, loss=0.129, val/accuracy=0.945, val/loss=0.139, train/accuracy=0.943, train/loss=0.150]
Epoch 2:  29%|██▉       | 225/782 [00:04<00:10, 50.69it/s, loss=0.136, val/accuracy=0.945, val/loss=0.139, train/accuracy=0.943, train/loss=0.150]
Epoch 2:  29%|██▉       | 226/782 [00:04<00:10, 50.71it/s, loss=0.136, val/accuracy=0.945, val/loss=0.139, train/accuracy=0.943, train/loss=0.150]
Epoch 2:  29%|██▉       | 226/782 [00:04<00:10, 50.71it/s, loss=0.144, val/accuracy=0.945, val/loss=0.139, train/accuracy=0.943, train/loss=0.150]
Epoch 2:  29%|██▉       | 227/782 [00:04<00:10, 50.72it/s, loss=0.144, val/accuracy=0.945, val/loss=0.139, train/accuracy=0.943, train/loss=0.150]
Epoch 2:  29%|██▉       | 227/782 [00:04<00:10, 50.72it/s, loss=0.149, val/accuracy=0.945, val/loss=0.139, train/accuracy=0.943, train/loss=0.150]
Epoch 2:  29%|██▉       | 228/782 [00:04<00:10, 50.74it/s, loss=0.149, val/accuracy=0.945, val/loss=0.139, train/accuracy=0.943, train/loss=0.150]
Epoch 2:  29%|██▉       | 228/782 [00:04<00:10, 50.74it/s, loss=0.148, val/accuracy=0.945, val/loss=0.139, train/accuracy=0.943, train/loss=0.150]
Epoch 2:  29%|██▉       | 229/782 [00:04<00:10, 50.75it/s, loss=0.148, val/accuracy=0.945, val/loss=0.139, train/accuracy=0.943, train/loss=0.150]
Epoch 2:  29%|██▉       | 229/782 [00:04<00:10, 50.75it/s, loss=0.145, val/accuracy=0.945, val/loss=0.139, train/accuracy=0.943, train/loss=0.150]
Epoch 2:  29%|██▉       | 230/782 [00:04<00:10, 50.77it/s, loss=0.145, val/accuracy=0.945, val/loss=0.139, train/accuracy=0.943, train/loss=0.150]
Epoch 2:  29%|██▉       | 230/782 [00:04<00:10, 50.77it/s, loss=0.142, val/accuracy=0.945, val/loss=0.139, train/accuracy=0.943, train/loss=0.150]
Epoch 2:  30%|██▉       | 231/782 [00:04<00:10, 50.79it/s, loss=0.142, val/accuracy=0.945, val/loss=0.139, train/accuracy=0.943, train/loss=0.150]
Epoch 2:  30%|██▉       | 231/782 [00:04<00:10, 50.78it/s, loss=0.142, val/accuracy=0.945, val/loss=0.139, train/accuracy=0.943, train/loss=0.150]
Epoch 2:  30%|██▉       | 232/782 [00:04<00:10, 50.80it/s, loss=0.142, val/accuracy=0.945, val/loss=0.139, train/accuracy=0.943, train/loss=0.150]
Epoch 2:  30%|██▉       | 232/782 [00:04<00:10, 50.80it/s, loss=0.139, val/accuracy=0.945, val/loss=0.139, train/accuracy=0.943, train/loss=0.150]
Epoch 2:  30%|██▉       | 233/782 [00:04<00:10, 50.82it/s, loss=0.139, val/accuracy=0.945, val/loss=0.139, train/accuracy=0.943, train/loss=0.150]
Epoch 2:  30%|██▉       | 233/782 [00:04<00:10, 50.82it/s, loss=0.146, val/accuracy=0.945, val/loss=0.139, train/accuracy=0.943, train/loss=0.150]
Epoch 2:  30%|██▉       | 234/782 [00:04<00:10, 50.81it/s, loss=0.146, val/accuracy=0.945, val/loss=0.139, train/accuracy=0.943, train/loss=0.150]
Epoch 2:  30%|██▉       | 234/782 [00:04<00:10, 50.81it/s, loss=0.148, val/accuracy=0.945, val/loss=0.139, train/accuracy=0.943, train/loss=0.150]
Epoch 2:  30%|███       | 235/782 [00:04<00:10, 50.82it/s, loss=0.148, val/accuracy=0.945, val/loss=0.139, train/accuracy=0.943, train/loss=0.150]
Epoch 2:  30%|███       | 235/782 [00:04<00:10, 50.82it/s, loss=0.144, val/accuracy=0.945, val/loss=0.139, train/accuracy=0.943, train/loss=0.150]
Epoch 2:  30%|███       | 236/782 [00:04<00:10, 50.84it/s, loss=0.144, val/accuracy=0.945, val/loss=0.139, train/accuracy=0.943, train/loss=0.150]
Epoch 2:  30%|███       | 236/782 [00:04<00:10, 50.83it/s, loss=0.147, val/accuracy=0.945, val/loss=0.139, train/accuracy=0.943, train/loss=0.150]
Epoch 2:  30%|███       | 237/782 [00:04<00:10, 50.85it/s, loss=0.147, val/accuracy=0.945, val/loss=0.139, train/accuracy=0.943, train/loss=0.150]
Epoch 2:  30%|███       | 237/782 [00:04<00:10, 50.85it/s, loss=0.15, val/accuracy=0.945, val/loss=0.139, train/accuracy=0.943, train/loss=0.150] 
Epoch 2:  30%|███       | 238/782 [00:04<00:10, 50.87it/s, loss=0.15, val/accuracy=0.945, val/loss=0.139, train/accuracy=0.943, train/loss=0.150]
Epoch 2:  30%|███       | 238/782 [00:04<00:10, 50.86it/s, loss=0.149, val/accuracy=0.945, val/loss=0.139, train/accuracy=0.943, train/loss=0.150]
Epoch 2:  31%|███       | 239/782 [00:04<00:10, 50.88it/s, loss=0.149, val/accuracy=0.945, val/loss=0.139, train/accuracy=0.943, train/loss=0.150]
Epoch 2:  31%|███       | 239/782 [00:04<00:10, 50.88it/s, loss=0.145, val/accuracy=0.945, val/loss=0.139, train/accuracy=0.943, train/loss=0.150]
Epoch 2:  31%|███       | 240/782 [00:04<00:10, 50.90it/s, loss=0.145, val/accuracy=0.945, val/loss=0.139, train/accuracy=0.943, train/loss=0.150]
Epoch 2:  31%|███       | 240/782 [00:04<00:10, 50.90it/s, loss=0.154, val/accuracy=0.945, val/loss=0.139, train/accuracy=0.943, train/loss=0.150]
Epoch 2:  31%|███       | 241/782 [00:04<00:10, 50.91it/s, loss=0.154, val/accuracy=0.945, val/loss=0.139, train/accuracy=0.943, train/loss=0.150]
Epoch 2:  31%|███       | 241/782 [00:04<00:10, 50.91it/s, loss=0.154, val/accuracy=0.945, val/loss=0.139, train/accuracy=0.943, train/loss=0.150]
Epoch 2:  31%|███       | 242/782 [00:04<00:10, 50.93it/s, loss=0.154, val/accuracy=0.945, val/loss=0.139, train/accuracy=0.943, train/loss=0.150]
Epoch 2:  31%|███       | 242/782 [00:04<00:10, 50.93it/s, loss=0.15, val/accuracy=0.945, val/loss=0.139, train/accuracy=0.943, train/loss=0.150] 
Epoch 2:  31%|███       | 243/782 [00:04<00:10, 50.94it/s, loss=0.15, val/accuracy=0.945, val/loss=0.139, train/accuracy=0.943, train/loss=0.150]
Epoch 2:  31%|███       | 243/782 [00:04<00:10, 50.94it/s, loss=0.154, val/accuracy=0.945, val/loss=0.139, train/accuracy=0.943, train/loss=0.150]
Epoch 2:  31%|███       | 244/782 [00:04<00:10, 50.96it/s, loss=0.154, val/accuracy=0.945, val/loss=0.139, train/accuracy=0.943, train/loss=0.150]
Epoch 2:  31%|███       | 244/782 [00:04<00:10, 50.96it/s, loss=0.154, val/accuracy=0.945, val/loss=0.139, train/accuracy=0.943, train/loss=0.150]
Epoch 2:  31%|███▏      | 245/782 [00:04<00:10, 50.97it/s, loss=0.154, val/accuracy=0.945, val/loss=0.139, train/accuracy=0.943, train/loss=0.150]
Epoch 2:  31%|███▏      | 245/782 [00:04<00:10, 50.97it/s, loss=0.148, val/accuracy=0.945, val/loss=0.139, train/accuracy=0.943, train/loss=0.150]
Epoch 2:  31%|███▏      | 246/782 [00:04<00:10, 50.99it/s, loss=0.148, val/accuracy=0.945, val/loss=0.139, train/accuracy=0.943, train/loss=0.150]
Epoch 2:  31%|███▏      | 246/782 [00:04<00:10, 50.98it/s, loss=0.14, val/accuracy=0.945, val/loss=0.139, train/accuracy=0.943, train/loss=0.150] 
Epoch 2:  32%|███▏      | 247/782 [00:04<00:10, 51.00it/s, loss=0.14, val/accuracy=0.945, val/loss=0.139, train/accuracy=0.943, train/loss=0.150]
Epoch 2:  32%|███▏      | 247/782 [00:04<00:10, 51.00it/s, loss=0.137, val/accuracy=0.945, val/loss=0.139, train/accuracy=0.943, train/loss=0.150]
Epoch 2:  32%|███▏      | 248/782 [00:04<00:10, 51.02it/s, loss=0.137, val/accuracy=0.945, val/loss=0.139, train/accuracy=0.943, train/loss=0.150]
Epoch 2:  32%|███▏      | 248/782 [00:04<00:10, 51.01it/s, loss=0.137, val/accuracy=0.945, val/loss=0.139, train/accuracy=0.943, train/loss=0.150]
Epoch 2:  32%|███▏      | 249/782 [00:04<00:10, 51.03it/s, loss=0.137, val/accuracy=0.945, val/loss=0.139, train/accuracy=0.943, train/loss=0.150]
Epoch 2:  32%|███▏      | 249/782 [00:04<00:10, 51.03it/s, loss=0.135, val/accuracy=0.945, val/loss=0.139, train/accuracy=0.943, train/loss=0.150]
Epoch 2:  32%|███▏      | 250/782 [00:04<00:10, 51.04it/s, loss=0.135, val/accuracy=0.945, val/loss=0.139, train/accuracy=0.943, train/loss=0.150]
Epoch 2:  32%|███▏      | 250/782 [00:04<00:10, 51.04it/s, loss=0.131, val/accuracy=0.945, val/loss=0.139, train/accuracy=0.943, train/loss=0.150]
Epoch 2:  32%|███▏      | 251/782 [00:04<00:10, 51.06it/s, loss=0.131, val/accuracy=0.945, val/loss=0.139, train/accuracy=0.943, train/loss=0.150]
Epoch 2:  32%|███▏      | 251/782 [00:04<00:10, 51.05it/s, loss=0.132, val/accuracy=0.945, val/loss=0.139, train/accuracy=0.943, train/loss=0.150]
Epoch 2:  32%|███▏      | 252/782 [00:04<00:10, 51.07it/s, loss=0.132, val/accuracy=0.945, val/loss=0.139, train/accuracy=0.943, train/loss=0.150]
Epoch 2:  32%|███▏      | 252/782 [00:04<00:10, 51.07it/s, loss=0.133, val/accuracy=0.945, val/loss=0.139, train/accuracy=0.943, train/loss=0.150]
Epoch 2:  32%|███▏      | 253/782 [00:04<00:10, 51.08it/s, loss=0.133, val/accuracy=0.945, val/loss=0.139, train/accuracy=0.943, train/loss=0.150]
Epoch 2:  32%|███▏      | 253/782 [00:04<00:10, 51.08it/s, loss=0.129, val/accuracy=0.945, val/loss=0.139, train/accuracy=0.943, train/loss=0.150]
Epoch 2:  32%|███▏      | 254/782 [00:04<00:10, 51.10it/s, loss=0.129, val/accuracy=0.945, val/loss=0.139, train/accuracy=0.943, train/loss=0.150]
Epoch 2:  32%|███▏      | 254/782 [00:04<00:10, 51.09it/s, loss=0.129, val/accuracy=0.945, val/loss=0.139, train/accuracy=0.943, train/loss=0.150]
Epoch 2:  33%|███▎      | 255/782 [00:04<00:10, 51.11it/s, loss=0.129, val/accuracy=0.945, val/loss=0.139, train/accuracy=0.943, train/loss=0.150]
Epoch 2:  33%|███▎      | 255/782 [00:04<00:10, 51.11it/s, loss=0.131, val/accuracy=0.945, val/loss=0.139, train/accuracy=0.943, train/loss=0.150]
Epoch 2:  33%|███▎      | 256/782 [00:05<00:10, 51.12it/s, loss=0.131, val/accuracy=0.945, val/loss=0.139, train/accuracy=0.943, train/loss=0.150]
Epoch 2:  33%|███▎      | 256/782 [00:05<00:10, 51.12it/s, loss=0.133, val/accuracy=0.945, val/loss=0.139, train/accuracy=0.943, train/loss=0.150]
Epoch 2:  33%|███▎      | 257/782 [00:05<00:10, 51.13it/s, loss=0.133, val/accuracy=0.945, val/loss=0.139, train/accuracy=0.943, train/loss=0.150]
Epoch 2:  33%|███▎      | 257/782 [00:05<00:10, 51.13it/s, loss=0.133, val/accuracy=0.945, val/loss=0.139, train/accuracy=0.943, train/loss=0.150]
Epoch 2:  33%|███▎      | 258/782 [00:05<00:10, 51.15it/s, loss=0.133, val/accuracy=0.945, val/loss=0.139, train/accuracy=0.943, train/loss=0.150]
Epoch 2:  33%|███▎      | 258/782 [00:05<00:10, 51.14it/s, loss=0.135, val/accuracy=0.945, val/loss=0.139, train/accuracy=0.943, train/loss=0.150]
Epoch 2:  33%|███▎      | 259/782 [00:05<00:10, 51.16it/s, loss=0.135, val/accuracy=0.945, val/loss=0.139, train/accuracy=0.943, train/loss=0.150]
Epoch 2:  33%|███▎      | 259/782 [00:05<00:10, 51.16it/s, loss=0.136, val/accuracy=0.945, val/loss=0.139, train/accuracy=0.943, train/loss=0.150]
Epoch 2:  33%|███▎      | 260/782 [00:05<00:10, 51.17it/s, loss=0.136, val/accuracy=0.945, val/loss=0.139, train/accuracy=0.943, train/loss=0.150]
Epoch 2:  33%|███▎      | 260/782 [00:05<00:10, 51.17it/s, loss=0.132, val/accuracy=0.945, val/loss=0.139, train/accuracy=0.943, train/loss=0.150]
Epoch 2:  33%|███▎      | 261/782 [00:05<00:10, 51.19it/s, loss=0.132, val/accuracy=0.945, val/loss=0.139, train/accuracy=0.943, train/loss=0.150]
Epoch 2:  33%|███▎      | 261/782 [00:05<00:10, 51.18it/s, loss=0.134, val/accuracy=0.945, val/loss=0.139, train/accuracy=0.943, train/loss=0.150]
Epoch 2:  34%|███▎      | 262/782 [00:05<00:10, 51.20it/s, loss=0.134, val/accuracy=0.945, val/loss=0.139, train/accuracy=0.943, train/loss=0.150]
Epoch 2:  34%|███▎      | 262/782 [00:05<00:10, 51.20it/s, loss=0.134, val/accuracy=0.945, val/loss=0.139, train/accuracy=0.943, train/loss=0.150]
Epoch 2:  34%|███▎      | 263/782 [00:05<00:10, 51.18it/s, loss=0.134, val/accuracy=0.945, val/loss=0.139, train/accuracy=0.943, train/loss=0.150]
Epoch 2:  34%|███▎      | 263/782 [00:05<00:10, 51.17it/s, loss=0.131, val/accuracy=0.945, val/loss=0.139, train/accuracy=0.943, train/loss=0.150]
Epoch 2:  34%|███▍      | 264/782 [00:05<00:10, 51.16it/s, loss=0.131, val/accuracy=0.945, val/loss=0.139, train/accuracy=0.943, train/loss=0.150]
Epoch 2:  34%|███▍      | 264/782 [00:05<00:10, 51.15it/s, loss=0.128, val/accuracy=0.945, val/loss=0.139, train/accuracy=0.943, train/loss=0.150]
Epoch 2:  34%|███▍      | 265/782 [00:05<00:10, 51.15it/s, loss=0.128, val/accuracy=0.945, val/loss=0.139, train/accuracy=0.943, train/loss=0.150]
Epoch 2:  34%|███▍      | 265/782 [00:05<00:10, 51.15it/s, loss=0.13, val/accuracy=0.945, val/loss=0.139, train/accuracy=0.943, train/loss=0.150] 
Epoch 2:  34%|███▍      | 266/782 [00:05<00:10, 51.16it/s, loss=0.13, val/accuracy=0.945, val/loss=0.139, train/accuracy=0.943, train/loss=0.150]
Epoch 2:  34%|███▍      | 266/782 [00:05<00:10, 51.15it/s, loss=0.134, val/accuracy=0.945, val/loss=0.139, train/accuracy=0.943, train/loss=0.150]
Epoch 2:  34%|███▍      | 267/782 [00:05<00:10, 51.16it/s, loss=0.134, val/accuracy=0.945, val/loss=0.139, train/accuracy=0.943, train/loss=0.150]
Epoch 2:  34%|███▍      | 267/782 [00:05<00:10, 51.16it/s, loss=0.136, val/accuracy=0.945, val/loss=0.139, train/accuracy=0.943, train/loss=0.150]
Epoch 2:  34%|███▍      | 268/782 [00:05<00:10, 51.16it/s, loss=0.136, val/accuracy=0.945, val/loss=0.139, train/accuracy=0.943, train/loss=0.150]
Epoch 2:  34%|███▍      | 268/782 [00:05<00:10, 51.16it/s, loss=0.137, val/accuracy=0.945, val/loss=0.139, train/accuracy=0.943, train/loss=0.150]
Epoch 2:  34%|███▍      | 269/782 [00:05<00:10, 51.17it/s, loss=0.137, val/accuracy=0.945, val/loss=0.139, train/accuracy=0.943, train/loss=0.150]
Epoch 2:  34%|███▍      | 269/782 [00:05<00:10, 51.17it/s, loss=0.138, val/accuracy=0.945, val/loss=0.139, train/accuracy=0.943, train/loss=0.150]
Epoch 2:  35%|███▍      | 270/782 [00:05<00:10, 51.18it/s, loss=0.138, val/accuracy=0.945, val/loss=0.139, train/accuracy=0.943, train/loss=0.150]
Epoch 2:  35%|███▍      | 270/782 [00:05<00:10, 51.17it/s, loss=0.139, val/accuracy=0.945, val/loss=0.139, train/accuracy=0.943, train/loss=0.150]
Epoch 2:  35%|███▍      | 271/782 [00:05<00:09, 51.18it/s, loss=0.139, val/accuracy=0.945, val/loss=0.139, train/accuracy=0.943, train/loss=0.150]
Epoch 2:  35%|███▍      | 271/782 [00:05<00:09, 51.18it/s, loss=0.14, val/accuracy=0.945, val/loss=0.139, train/accuracy=0.943, train/loss=0.150] 
Epoch 2:  35%|███▍      | 272/782 [00:05<00:09, 51.19it/s, loss=0.14, val/accuracy=0.945, val/loss=0.139, train/accuracy=0.943, train/loss=0.150]
Epoch 2:  35%|███▍      | 272/782 [00:05<00:09, 51.18it/s, loss=0.139, val/accuracy=0.945, val/loss=0.139, train/accuracy=0.943, train/loss=0.150]
Epoch 2:  35%|███▍      | 273/782 [00:05<00:09, 51.19it/s, loss=0.139, val/accuracy=0.945, val/loss=0.139, train/accuracy=0.943, train/loss=0.150]
Epoch 2:  35%|███▍      | 273/782 [00:05<00:09, 51.19it/s, loss=0.138, val/accuracy=0.945, val/loss=0.139, train/accuracy=0.943, train/loss=0.150]
Epoch 2:  35%|███▌      | 274/782 [00:05<00:09, 51.20it/s, loss=0.138, val/accuracy=0.945, val/loss=0.139, train/accuracy=0.943, train/loss=0.150]
Epoch 2:  35%|███▌      | 274/782 [00:05<00:09, 51.19it/s, loss=0.137, val/accuracy=0.945, val/loss=0.139, train/accuracy=0.943, train/loss=0.150]
Epoch 2:  35%|███▌      | 275/782 [00:05<00:09, 51.20it/s, loss=0.137, val/accuracy=0.945, val/loss=0.139, train/accuracy=0.943, train/loss=0.150]
Epoch 2:  35%|███▌      | 275/782 [00:05<00:09, 51.20it/s, loss=0.135, val/accuracy=0.945, val/loss=0.139, train/accuracy=0.943, train/loss=0.150]
Epoch 2:  35%|███▌      | 276/782 [00:05<00:09, 51.18it/s, loss=0.135, val/accuracy=0.945, val/loss=0.139, train/accuracy=0.943, train/loss=0.150]
Epoch 2:  35%|███▌      | 276/782 [00:05<00:09, 51.17it/s, loss=0.135, val/accuracy=0.945, val/loss=0.139, train/accuracy=0.943, train/loss=0.150]
Epoch 2:  35%|███▌      | 277/782 [00:05<00:09, 51.19it/s, loss=0.135, val/accuracy=0.945, val/loss=0.139, train/accuracy=0.943, train/loss=0.150]
Epoch 2:  35%|███▌      | 277/782 [00:05<00:09, 51.18it/s, loss=0.139, val/accuracy=0.945, val/loss=0.139, train/accuracy=0.943, train/loss=0.150]
Epoch 2:  36%|███▌      | 278/782 [00:05<00:09, 51.20it/s, loss=0.139, val/accuracy=0.945, val/loss=0.139, train/accuracy=0.943, train/loss=0.150]
Epoch 2:  36%|███▌      | 278/782 [00:05<00:09, 51.20it/s, loss=0.136, val/accuracy=0.945, val/loss=0.139, train/accuracy=0.943, train/loss=0.150]
Epoch 2:  36%|███▌      | 279/782 [00:05<00:09, 51.21it/s, loss=0.136, val/accuracy=0.945, val/loss=0.139, train/accuracy=0.943, train/loss=0.150]
Epoch 2:  36%|███▌      | 279/782 [00:05<00:09, 51.21it/s, loss=0.133, val/accuracy=0.945, val/loss=0.139, train/accuracy=0.943, train/loss=0.150]
Epoch 2:  36%|███▌      | 280/782 [00:05<00:09, 51.22it/s, loss=0.133, val/accuracy=0.945, val/loss=0.139, train/accuracy=0.943, train/loss=0.150]
Epoch 2:  36%|███▌      | 280/782 [00:05<00:09, 51.22it/s, loss=0.128, val/accuracy=0.945, val/loss=0.139, train/accuracy=0.943, train/loss=0.150]
Epoch 2:  36%|███▌      | 281/782 [00:05<00:09, 51.23it/s, loss=0.128, val/accuracy=0.945, val/loss=0.139, train/accuracy=0.943, train/loss=0.150]
Epoch 2:  36%|███▌      | 281/782 [00:05<00:09, 51.23it/s, loss=0.128, val/accuracy=0.945, val/loss=0.139, train/accuracy=0.943, train/loss=0.150]
Epoch 2:  36%|███▌      | 282/782 [00:05<00:09, 51.25it/s, loss=0.128, val/accuracy=0.945, val/loss=0.139, train/accuracy=0.943, train/loss=0.150]
Epoch 2:  36%|███▌      | 282/782 [00:05<00:09, 51.24it/s, loss=0.13, val/accuracy=0.945, val/loss=0.139, train/accuracy=0.943, train/loss=0.150] 
Epoch 2:  36%|███▌      | 283/782 [00:05<00:09, 51.26it/s, loss=0.13, val/accuracy=0.945, val/loss=0.139, train/accuracy=0.943, train/loss=0.150]
Epoch 2:  36%|███▌      | 283/782 [00:05<00:09, 51.26it/s, loss=0.132, val/accuracy=0.945, val/loss=0.139, train/accuracy=0.943, train/loss=0.150]
Epoch 2:  36%|███▋      | 284/782 [00:05<00:09, 51.27it/s, loss=0.132, val/accuracy=0.945, val/loss=0.139, train/accuracy=0.943, train/loss=0.150]
Epoch 2:  36%|███▋      | 284/782 [00:05<00:09, 51.27it/s, loss=0.13, val/accuracy=0.945, val/loss=0.139, train/accuracy=0.943, train/loss=0.150] 
Epoch 2:  36%|███▋      | 285/782 [00:05<00:09, 51.28it/s, loss=0.13, val/accuracy=0.945, val/loss=0.139, train/accuracy=0.943, train/loss=0.150]
Epoch 2:  36%|███▋      | 285/782 [00:05<00:09, 51.28it/s, loss=0.128, val/accuracy=0.945, val/loss=0.139, train/accuracy=0.943, train/loss=0.150]
Epoch 2:  37%|███▋      | 286/782 [00:05<00:09, 51.29it/s, loss=0.128, val/accuracy=0.945, val/loss=0.139, train/accuracy=0.943, train/loss=0.150]
Epoch 2:  37%|███▋      | 286/782 [00:05<00:09, 51.29it/s, loss=0.125, val/accuracy=0.945, val/loss=0.139, train/accuracy=0.943, train/loss=0.150]
Epoch 2:  37%|███▋      | 287/782 [00:05<00:09, 51.31it/s, loss=0.125, val/accuracy=0.945, val/loss=0.139, train/accuracy=0.943, train/loss=0.150]
Epoch 2:  37%|███▋      | 287/782 [00:05<00:09, 51.30it/s, loss=0.124, val/accuracy=0.945, val/loss=0.139, train/accuracy=0.943, train/loss=0.150]
Epoch 2:  37%|███▋      | 288/782 [00:05<00:09, 51.32it/s, loss=0.124, val/accuracy=0.945, val/loss=0.139, train/accuracy=0.943, train/loss=0.150]
Epoch 2:  37%|███▋      | 288/782 [00:05<00:09, 51.31it/s, loss=0.121, val/accuracy=0.945, val/loss=0.139, train/accuracy=0.943, train/loss=0.150]
Epoch 2:  37%|███▋      | 289/782 [00:05<00:09, 51.32it/s, loss=0.121, val/accuracy=0.945, val/loss=0.139, train/accuracy=0.943, train/loss=0.150]
Epoch 2:  37%|███▋      | 289/782 [00:05<00:09, 51.32it/s, loss=0.125, val/accuracy=0.945, val/loss=0.139, train/accuracy=0.943, train/loss=0.150]
Epoch 2:  37%|███▋      | 290/782 [00:05<00:09, 51.33it/s, loss=0.125, val/accuracy=0.945, val/loss=0.139, train/accuracy=0.943, train/loss=0.150]
Epoch 2:  37%|███▋      | 290/782 [00:05<00:09, 51.33it/s, loss=0.125, val/accuracy=0.945, val/loss=0.139, train/accuracy=0.943, train/loss=0.150]
Epoch 2:  37%|███▋      | 291/782 [00:05<00:09, 51.34it/s, loss=0.125, val/accuracy=0.945, val/loss=0.139, train/accuracy=0.943, train/loss=0.150]
Epoch 2:  37%|███▋      | 291/782 [00:05<00:09, 51.34it/s, loss=0.123, val/accuracy=0.945, val/loss=0.139, train/accuracy=0.943, train/loss=0.150]
Epoch 2:  37%|███▋      | 292/782 [00:05<00:09, 51.35it/s, loss=0.123, val/accuracy=0.945, val/loss=0.139, train/accuracy=0.943, train/loss=0.150]
Epoch 2:  37%|███▋      | 292/782 [00:05<00:09, 51.35it/s, loss=0.127, val/accuracy=0.945, val/loss=0.139, train/accuracy=0.943, train/loss=0.150]
Epoch 2:  37%|███▋      | 293/782 [00:05<00:09, 51.36it/s, loss=0.127, val/accuracy=0.945, val/loss=0.139, train/accuracy=0.943, train/loss=0.150]
Epoch 2:  37%|███▋      | 293/782 [00:05<00:09, 51.36it/s, loss=0.132, val/accuracy=0.945, val/loss=0.139, train/accuracy=0.943, train/loss=0.150]
Epoch 2:  38%|███▊      | 294/782 [00:05<00:09, 51.37it/s, loss=0.132, val/accuracy=0.945, val/loss=0.139, train/accuracy=0.943, train/loss=0.150]
Epoch 2:  38%|███▊      | 294/782 [00:05<00:09, 51.37it/s, loss=0.133, val/accuracy=0.945, val/loss=0.139, train/accuracy=0.943, train/loss=0.150]
Epoch 2:  38%|███▊      | 295/782 [00:05<00:09, 51.38it/s, loss=0.133, val/accuracy=0.945, val/loss=0.139, train/accuracy=0.943, train/loss=0.150]
Epoch 2:  38%|███▊      | 295/782 [00:05<00:09, 51.38it/s, loss=0.135, val/accuracy=0.945, val/loss=0.139, train/accuracy=0.943, train/loss=0.150]
Epoch 2:  38%|███▊      | 296/782 [00:05<00:09, 51.39it/s, loss=0.135, val/accuracy=0.945, val/loss=0.139, train/accuracy=0.943, train/loss=0.150]
Epoch 2:  38%|███▊      | 296/782 [00:05<00:09, 51.39it/s, loss=0.13, val/accuracy=0.945, val/loss=0.139, train/accuracy=0.943, train/loss=0.150] 
Epoch 2:  38%|███▊      | 297/782 [00:05<00:09, 51.40it/s, loss=0.13, val/accuracy=0.945, val/loss=0.139, train/accuracy=0.943, train/loss=0.150]
Epoch 2:  38%|███▊      | 297/782 [00:05<00:09, 51.40it/s, loss=0.128, val/accuracy=0.945, val/loss=0.139, train/accuracy=0.943, train/loss=0.150]
Epoch 2:  38%|███▊      | 298/782 [00:05<00:09, 51.41it/s, loss=0.128, val/accuracy=0.945, val/loss=0.139, train/accuracy=0.943, train/loss=0.150]
Epoch 2:  38%|███▊      | 298/782 [00:05<00:09, 51.41it/s, loss=0.132, val/accuracy=0.945, val/loss=0.139, train/accuracy=0.943, train/loss=0.150]
Epoch 2:  38%|███▊      | 299/782 [00:05<00:09, 51.42it/s, loss=0.132, val/accuracy=0.945, val/loss=0.139, train/accuracy=0.943, train/loss=0.150]
Epoch 2:  38%|███▊      | 299/782 [00:05<00:09, 51.41it/s, loss=0.133, val/accuracy=0.945, val/loss=0.139, train/accuracy=0.943, train/loss=0.150]
Epoch 2:  38%|███▊      | 300/782 [00:05<00:09, 51.43it/s, loss=0.133, val/accuracy=0.945, val/loss=0.139, train/accuracy=0.943, train/loss=0.150]
Epoch 2:  38%|███▊      | 300/782 [00:05<00:09, 51.42it/s, loss=0.134, val/accuracy=0.945, val/loss=0.139, train/accuracy=0.943, train/loss=0.150]
Epoch 2:  38%|███▊      | 301/782 [00:05<00:09, 51.44it/s, loss=0.134, val/accuracy=0.945, val/loss=0.139, train/accuracy=0.943, train/loss=0.150]
Epoch 2:  38%|███▊      | 301/782 [00:05<00:09, 51.43it/s, loss=0.131, val/accuracy=0.945, val/loss=0.139, train/accuracy=0.943, train/loss=0.150]
Epoch 2:  39%|███▊      | 302/782 [00:05<00:09, 51.45it/s, loss=0.131, val/accuracy=0.945, val/loss=0.139, train/accuracy=0.943, train/loss=0.150]
Epoch 2:  39%|███▊      | 302/782 [00:05<00:09, 51.44it/s, loss=0.13, val/accuracy=0.945, val/loss=0.139, train/accuracy=0.943, train/loss=0.150] 
Epoch 2:  39%|███▊      | 303/782 [00:05<00:09, 51.46it/s, loss=0.13, val/accuracy=0.945, val/loss=0.139, train/accuracy=0.943, train/loss=0.150]
Epoch 2:  39%|███▊      | 303/782 [00:05<00:09, 51.46it/s, loss=0.127, val/accuracy=0.945, val/loss=0.139, train/accuracy=0.943, train/loss=0.150]
Epoch 2:  39%|███▉      | 304/782 [00:05<00:09, 51.47it/s, loss=0.127, val/accuracy=0.945, val/loss=0.139, train/accuracy=0.943, train/loss=0.150]
Epoch 2:  39%|███▉      | 304/782 [00:05<00:09, 51.47it/s, loss=0.131, val/accuracy=0.945, val/loss=0.139, train/accuracy=0.943, train/loss=0.150]
Epoch 2:  39%|███▉      | 305/782 [00:05<00:09, 51.48it/s, loss=0.131, val/accuracy=0.945, val/loss=0.139, train/accuracy=0.943, train/loss=0.150]
Epoch 2:  39%|███▉      | 305/782 [00:05<00:09, 51.48it/s, loss=0.136, val/accuracy=0.945, val/loss=0.139, train/accuracy=0.943, train/loss=0.150]
Epoch 2:  39%|███▉      | 306/782 [00:05<00:09, 51.49it/s, loss=0.136, val/accuracy=0.945, val/loss=0.139, train/accuracy=0.943, train/loss=0.150]
Epoch 2:  39%|███▉      | 306/782 [00:05<00:09, 51.49it/s, loss=0.136, val/accuracy=0.945, val/loss=0.139, train/accuracy=0.943, train/loss=0.150]
Epoch 2:  39%|███▉      | 307/782 [00:05<00:09, 51.50it/s, loss=0.136, val/accuracy=0.945, val/loss=0.139, train/accuracy=0.943, train/loss=0.150]
Epoch 2:  39%|███▉      | 307/782 [00:05<00:09, 51.50it/s, loss=0.136, val/accuracy=0.945, val/loss=0.139, train/accuracy=0.943, train/loss=0.150]
Epoch 2:  39%|███▉      | 308/782 [00:05<00:09, 51.51it/s, loss=0.136, val/accuracy=0.945, val/loss=0.139, train/accuracy=0.943, train/loss=0.150]
Epoch 2:  39%|███▉      | 308/782 [00:05<00:09, 51.51it/s, loss=0.138, val/accuracy=0.945, val/loss=0.139, train/accuracy=0.943, train/loss=0.150]
Epoch 2:  40%|███▉      | 309/782 [00:05<00:09, 51.52it/s, loss=0.138, val/accuracy=0.945, val/loss=0.139, train/accuracy=0.943, train/loss=0.150]
Epoch 2:  40%|███▉      | 309/782 [00:05<00:09, 51.52it/s, loss=0.136, val/accuracy=0.945, val/loss=0.139, train/accuracy=0.943, train/loss=0.150]
Epoch 2:  40%|███▉      | 310/782 [00:06<00:09, 51.53it/s, loss=0.136, val/accuracy=0.945, val/loss=0.139, train/accuracy=0.943, train/loss=0.150]
Epoch 2:  40%|███▉      | 310/782 [00:06<00:09, 51.53it/s, loss=0.133, val/accuracy=0.945, val/loss=0.139, train/accuracy=0.943, train/loss=0.150]
Epoch 2:  40%|███▉      | 311/782 [00:06<00:09, 51.54it/s, loss=0.133, val/accuracy=0.945, val/loss=0.139, train/accuracy=0.943, train/loss=0.150]
Epoch 2:  40%|███▉      | 311/782 [00:06<00:09, 51.54it/s, loss=0.131, val/accuracy=0.945, val/loss=0.139, train/accuracy=0.943, train/loss=0.150]
Epoch 2:  40%|███▉      | 312/782 [00:06<00:09, 51.55it/s, loss=0.131, val/accuracy=0.945, val/loss=0.139, train/accuracy=0.943, train/loss=0.150]
Epoch 2:  40%|███▉      | 312/782 [00:06<00:09, 51.55it/s, loss=0.126, val/accuracy=0.945, val/loss=0.139, train/accuracy=0.943, train/loss=0.150]
Epoch 2:  40%|████      | 313/782 [00:06<00:09, 51.56it/s, loss=0.126, val/accuracy=0.945, val/loss=0.139, train/accuracy=0.943, train/loss=0.150]
Epoch 2:  40%|████      | 313/782 [00:06<00:09, 51.56it/s, loss=0.125, val/accuracy=0.945, val/loss=0.139, train/accuracy=0.943, train/loss=0.150]
Epoch 2:  40%|████      | 314/782 [00:06<00:09, 51.57it/s, loss=0.125, val/accuracy=0.945, val/loss=0.139, train/accuracy=0.943, train/loss=0.150]
Epoch 2:  40%|████      | 314/782 [00:06<00:09, 51.56it/s, loss=0.122, val/accuracy=0.945, val/loss=0.139, train/accuracy=0.943, train/loss=0.150]
Epoch 2:  40%|████      | 315/782 [00:06<00:09, 51.58it/s, loss=0.122, val/accuracy=0.945, val/loss=0.139, train/accuracy=0.943, train/loss=0.150]
Epoch 2:  40%|████      | 315/782 [00:06<00:09, 51.57it/s, loss=0.12, val/accuracy=0.945, val/loss=0.139, train/accuracy=0.943, train/loss=0.150] 
Epoch 2:  40%|████      | 316/782 [00:06<00:09, 51.59it/s, loss=0.12, val/accuracy=0.945, val/loss=0.139, train/accuracy=0.943, train/loss=0.150]
Epoch 2:  40%|████      | 316/782 [00:06<00:09, 51.58it/s, loss=0.123, val/accuracy=0.945, val/loss=0.139, train/accuracy=0.943, train/loss=0.150]
Epoch 2:  41%|████      | 317/782 [00:06<00:09, 51.59it/s, loss=0.123, val/accuracy=0.945, val/loss=0.139, train/accuracy=0.943, train/loss=0.150]
Epoch 2:  41%|████      | 317/782 [00:06<00:09, 51.59it/s, loss=0.12, val/accuracy=0.945, val/loss=0.139, train/accuracy=0.943, train/loss=0.150] 
Epoch 2:  41%|████      | 318/782 [00:06<00:08, 51.60it/s, loss=0.12, val/accuracy=0.945, val/loss=0.139, train/accuracy=0.943, train/loss=0.150]
Epoch 2:  41%|████      | 318/782 [00:06<00:08, 51.60it/s, loss=0.126, val/accuracy=0.945, val/loss=0.139, train/accuracy=0.943, train/loss=0.150]
Epoch 2:  41%|████      | 319/782 [00:06<00:08, 51.61it/s, loss=0.126, val/accuracy=0.945, val/loss=0.139, train/accuracy=0.943, train/loss=0.150]
Epoch 2:  41%|████      | 319/782 [00:06<00:08, 51.61it/s, loss=0.127, val/accuracy=0.945, val/loss=0.139, train/accuracy=0.943, train/loss=0.150]
Epoch 2:  41%|████      | 320/782 [00:06<00:08, 51.62it/s, loss=0.127, val/accuracy=0.945, val/loss=0.139, train/accuracy=0.943, train/loss=0.150]
Epoch 2:  41%|████      | 320/782 [00:06<00:08, 51.62it/s, loss=0.127, val/accuracy=0.945, val/loss=0.139, train/accuracy=0.943, train/loss=0.150]
Epoch 2:  41%|████      | 321/782 [00:06<00:08, 51.63it/s, loss=0.127, val/accuracy=0.945, val/loss=0.139, train/accuracy=0.943, train/loss=0.150]
Epoch 2:  41%|████      | 321/782 [00:06<00:08, 51.63it/s, loss=0.127, val/accuracy=0.945, val/loss=0.139, train/accuracy=0.943, train/loss=0.150]
Epoch 2:  41%|████      | 322/782 [00:06<00:08, 51.64it/s, loss=0.127, val/accuracy=0.945, val/loss=0.139, train/accuracy=0.943, train/loss=0.150]
Epoch 2:  41%|████      | 322/782 [00:06<00:08, 51.63it/s, loss=0.128, val/accuracy=0.945, val/loss=0.139, train/accuracy=0.943, train/loss=0.150]
Epoch 2:  41%|████▏     | 323/782 [00:06<00:08, 51.65it/s, loss=0.128, val/accuracy=0.945, val/loss=0.139, train/accuracy=0.943, train/loss=0.150]
Epoch 2:  41%|████▏     | 323/782 [00:06<00:08, 51.64it/s, loss=0.131, val/accuracy=0.945, val/loss=0.139, train/accuracy=0.943, train/loss=0.150]
Epoch 2:  41%|████▏     | 324/782 [00:06<00:08, 51.65it/s, loss=0.131, val/accuracy=0.945, val/loss=0.139, train/accuracy=0.943, train/loss=0.150]
Epoch 2:  41%|████▏     | 324/782 [00:06<00:08, 51.65it/s, loss=0.133, val/accuracy=0.945, val/loss=0.139, train/accuracy=0.943, train/loss=0.150]
Epoch 2:  42%|████▏     | 325/782 [00:06<00:08, 51.66it/s, loss=0.133, val/accuracy=0.945, val/loss=0.139, train/accuracy=0.943, train/loss=0.150]
Epoch 2:  42%|████▏     | 325/782 [00:06<00:08, 51.66it/s, loss=0.129, val/accuracy=0.945, val/loss=0.139, train/accuracy=0.943, train/loss=0.150]
Epoch 2:  42%|████▏     | 326/782 [00:06<00:08, 51.67it/s, loss=0.129, val/accuracy=0.945, val/loss=0.139, train/accuracy=0.943, train/loss=0.150]
Epoch 2:  42%|████▏     | 326/782 [00:06<00:08, 51.67it/s, loss=0.13, val/accuracy=0.945, val/loss=0.139, train/accuracy=0.943, train/loss=0.150] 
Epoch 2:  42%|████▏     | 327/782 [00:06<00:08, 51.68it/s, loss=0.13, val/accuracy=0.945, val/loss=0.139, train/accuracy=0.943, train/loss=0.150]
Epoch 2:  42%|████▏     | 327/782 [00:06<00:08, 51.68it/s, loss=0.13, val/accuracy=0.945, val/loss=0.139, train/accuracy=0.943, train/loss=0.150]
Epoch 2:  42%|████▏     | 328/782 [00:06<00:08, 51.69it/s, loss=0.13, val/accuracy=0.945, val/loss=0.139, train/accuracy=0.943, train/loss=0.150]
Epoch 2:  42%|████▏     | 328/782 [00:06<00:08, 51.69it/s, loss=0.13, val/accuracy=0.945, val/loss=0.139, train/accuracy=0.943, train/loss=0.150]
Epoch 2:  42%|████▏     | 329/782 [00:06<00:08, 51.70it/s, loss=0.13, val/accuracy=0.945, val/loss=0.139, train/accuracy=0.943, train/loss=0.150]
Epoch 2:  42%|████▏     | 329/782 [00:06<00:08, 51.70it/s, loss=0.128, val/accuracy=0.945, val/loss=0.139, train/accuracy=0.943, train/loss=0.150]
Epoch 2:  42%|████▏     | 330/782 [00:06<00:08, 51.71it/s, loss=0.128, val/accuracy=0.945, val/loss=0.139, train/accuracy=0.943, train/loss=0.150]
Epoch 2:  42%|████▏     | 330/782 [00:06<00:08, 51.71it/s, loss=0.133, val/accuracy=0.945, val/loss=0.139, train/accuracy=0.943, train/loss=0.150]
Epoch 2:  42%|████▏     | 331/782 [00:06<00:08, 51.72it/s, loss=0.133, val/accuracy=0.945, val/loss=0.139, train/accuracy=0.943, train/loss=0.150]
Epoch 2:  42%|████▏     | 331/782 [00:06<00:08, 51.72it/s, loss=0.135, val/accuracy=0.945, val/loss=0.139, train/accuracy=0.943, train/loss=0.150]
Epoch 2:  42%|████▏     | 332/782 [00:06<00:08, 51.73it/s, loss=0.135, val/accuracy=0.945, val/loss=0.139, train/accuracy=0.943, train/loss=0.150]
Epoch 2:  42%|████▏     | 332/782 [00:06<00:08, 51.73it/s, loss=0.137, val/accuracy=0.945, val/loss=0.139, train/accuracy=0.943, train/loss=0.150]
Epoch 2:  43%|████▎     | 333/782 [00:06<00:08, 51.74it/s, loss=0.137, val/accuracy=0.945, val/loss=0.139, train/accuracy=0.943, train/loss=0.150]
Epoch 2:  43%|████▎     | 333/782 [00:06<00:08, 51.74it/s, loss=0.131, val/accuracy=0.945, val/loss=0.139, train/accuracy=0.943, train/loss=0.150]
Epoch 2:  43%|████▎     | 334/782 [00:06<00:08, 51.75it/s, loss=0.131, val/accuracy=0.945, val/loss=0.139, train/accuracy=0.943, train/loss=0.150]
Epoch 2:  43%|████▎     | 334/782 [00:06<00:08, 51.74it/s, loss=0.135, val/accuracy=0.945, val/loss=0.139, train/accuracy=0.943, train/loss=0.150]
Epoch 2:  43%|████▎     | 335/782 [00:06<00:08, 51.75it/s, loss=0.135, val/accuracy=0.945, val/loss=0.139, train/accuracy=0.943, train/loss=0.150]
Epoch 2:  43%|████▎     | 335/782 [00:06<00:08, 51.75it/s, loss=0.136, val/accuracy=0.945, val/loss=0.139, train/accuracy=0.943, train/loss=0.150]
Epoch 2:  43%|████▎     | 336/782 [00:06<00:08, 51.76it/s, loss=0.136, val/accuracy=0.945, val/loss=0.139, train/accuracy=0.943, train/loss=0.150]
Epoch 2:  43%|████▎     | 336/782 [00:06<00:08, 51.76it/s, loss=0.133, val/accuracy=0.945, val/loss=0.139, train/accuracy=0.943, train/loss=0.150]
Epoch 2:  43%|████▎     | 337/782 [00:06<00:08, 51.77it/s, loss=0.133, val/accuracy=0.945, val/loss=0.139, train/accuracy=0.943, train/loss=0.150]
Epoch 2:  43%|████▎     | 337/782 [00:06<00:08, 51.77it/s, loss=0.132, val/accuracy=0.945, val/loss=0.139, train/accuracy=0.943, train/loss=0.150]
Epoch 2:  43%|████▎     | 338/782 [00:06<00:08, 51.78it/s, loss=0.132, val/accuracy=0.945, val/loss=0.139, train/accuracy=0.943, train/loss=0.150]
Epoch 2:  43%|████▎     | 338/782 [00:06<00:08, 51.78it/s, loss=0.125, val/accuracy=0.945, val/loss=0.139, train/accuracy=0.943, train/loss=0.150]
Epoch 2:  43%|████▎     | 339/782 [00:06<00:08, 51.79it/s, loss=0.125, val/accuracy=0.945, val/loss=0.139, train/accuracy=0.943, train/loss=0.150]
Epoch 2:  43%|████▎     | 339/782 [00:06<00:08, 51.79it/s, loss=0.125, val/accuracy=0.945, val/loss=0.139, train/accuracy=0.943, train/loss=0.150]
Epoch 2:  43%|████▎     | 340/782 [00:06<00:08, 51.80it/s, loss=0.125, val/accuracy=0.945, val/loss=0.139, train/accuracy=0.943, train/loss=0.150]
Epoch 2:  43%|████▎     | 340/782 [00:06<00:08, 51.80it/s, loss=0.127, val/accuracy=0.945, val/loss=0.139, train/accuracy=0.943, train/loss=0.150]
Epoch 2:  44%|████▎     | 341/782 [00:06<00:08, 51.81it/s, loss=0.127, val/accuracy=0.945, val/loss=0.139, train/accuracy=0.943, train/loss=0.150]
Epoch 2:  44%|████▎     | 341/782 [00:06<00:08, 51.81it/s, loss=0.132, val/accuracy=0.945, val/loss=0.139, train/accuracy=0.943, train/loss=0.150]
Epoch 2:  44%|████▎     | 342/782 [00:06<00:08, 51.82it/s, loss=0.132, val/accuracy=0.945, val/loss=0.139, train/accuracy=0.943, train/loss=0.150]
Epoch 2:  44%|████▎     | 342/782 [00:06<00:08, 51.82it/s, loss=0.132, val/accuracy=0.945, val/loss=0.139, train/accuracy=0.943, train/loss=0.150]
Epoch 2:  44%|████▍     | 343/782 [00:06<00:08, 51.83it/s, loss=0.132, val/accuracy=0.945, val/loss=0.139, train/accuracy=0.943, train/loss=0.150]
Epoch 2:  44%|████▍     | 343/782 [00:06<00:08, 51.82it/s, loss=0.13, val/accuracy=0.945, val/loss=0.139, train/accuracy=0.943, train/loss=0.150] 
Epoch 2:  44%|████▍     | 344/782 [00:06<00:08, 51.84it/s, loss=0.13, val/accuracy=0.945, val/loss=0.139, train/accuracy=0.943, train/loss=0.150]
Epoch 2:  44%|████▍     | 344/782 [00:06<00:08, 51.83it/s, loss=0.128, val/accuracy=0.945, val/loss=0.139, train/accuracy=0.943, train/loss=0.150]
Epoch 2:  44%|████▍     | 345/782 [00:06<00:08, 51.85it/s, loss=0.128, val/accuracy=0.945, val/loss=0.139, train/accuracy=0.943, train/loss=0.150]
Epoch 2:  44%|████▍     | 345/782 [00:06<00:08, 51.84it/s, loss=0.128, val/accuracy=0.945, val/loss=0.139, train/accuracy=0.943, train/loss=0.150]
Epoch 2:  44%|████▍     | 346/782 [00:06<00:08, 51.85it/s, loss=0.128, val/accuracy=0.945, val/loss=0.139, train/accuracy=0.943, train/loss=0.150]
Epoch 2:  44%|████▍     | 346/782 [00:06<00:08, 51.85it/s, loss=0.124, val/accuracy=0.945, val/loss=0.139, train/accuracy=0.943, train/loss=0.150]
Epoch 2:  44%|████▍     | 347/782 [00:06<00:08, 51.86it/s, loss=0.124, val/accuracy=0.945, val/loss=0.139, train/accuracy=0.943, train/loss=0.150]
Epoch 2:  44%|████▍     | 347/782 [00:06<00:08, 51.86it/s, loss=0.122, val/accuracy=0.945, val/loss=0.139, train/accuracy=0.943, train/loss=0.150]
Epoch 2:  45%|████▍     | 348/782 [00:06<00:08, 51.87it/s, loss=0.122, val/accuracy=0.945, val/loss=0.139, train/accuracy=0.943, train/loss=0.150]
Epoch 2:  45%|████▍     | 348/782 [00:06<00:08, 51.87it/s, loss=0.122, val/accuracy=0.945, val/loss=0.139, train/accuracy=0.943, train/loss=0.150]
Epoch 2:  45%|████▍     | 349/782 [00:06<00:08, 51.88it/s, loss=0.122, val/accuracy=0.945, val/loss=0.139, train/accuracy=0.943, train/loss=0.150]
Epoch 2:  45%|████▍     | 349/782 [00:06<00:08, 51.87it/s, loss=0.121, val/accuracy=0.945, val/loss=0.139, train/accuracy=0.943, train/loss=0.150]
Epoch 2:  45%|████▍     | 350/782 [00:06<00:08, 51.88it/s, loss=0.121, val/accuracy=0.945, val/loss=0.139, train/accuracy=0.943, train/loss=0.150]
Epoch 2:  45%|████▍     | 350/782 [00:06<00:08, 51.88it/s, loss=0.119, val/accuracy=0.945, val/loss=0.139, train/accuracy=0.943, train/loss=0.150]
Epoch 2:  45%|████▍     | 351/782 [00:06<00:08, 51.89it/s, loss=0.119, val/accuracy=0.945, val/loss=0.139, train/accuracy=0.943, train/loss=0.150]
Epoch 2:  45%|████▍     | 351/782 [00:06<00:08, 51.89it/s, loss=0.119, val/accuracy=0.945, val/loss=0.139, train/accuracy=0.943, train/loss=0.150]
Epoch 2:  45%|████▌     | 352/782 [00:06<00:08, 51.90it/s, loss=0.119, val/accuracy=0.945, val/loss=0.139, train/accuracy=0.943, train/loss=0.150]
Epoch 2:  45%|████▌     | 352/782 [00:06<00:08, 51.90it/s, loss=0.122, val/accuracy=0.945, val/loss=0.139, train/accuracy=0.943, train/loss=0.150]
Epoch 2:  45%|████▌     | 353/782 [00:06<00:08, 51.91it/s, loss=0.122, val/accuracy=0.945, val/loss=0.139, train/accuracy=0.943, train/loss=0.150]
Epoch 2:  45%|████▌     | 353/782 [00:06<00:08, 51.91it/s, loss=0.124, val/accuracy=0.945, val/loss=0.139, train/accuracy=0.943, train/loss=0.150]
Epoch 2:  45%|████▌     | 354/782 [00:06<00:08, 51.92it/s, loss=0.124, val/accuracy=0.945, val/loss=0.139, train/accuracy=0.943, train/loss=0.150]
Epoch 2:  45%|████▌     | 354/782 [00:06<00:08, 51.92it/s, loss=0.122, val/accuracy=0.945, val/loss=0.139, train/accuracy=0.943, train/loss=0.150]
Epoch 2:  45%|████▌     | 355/782 [00:06<00:08, 51.92it/s, loss=0.122, val/accuracy=0.945, val/loss=0.139, train/accuracy=0.943, train/loss=0.150]
Epoch 2:  45%|████▌     | 355/782 [00:06<00:08, 51.92it/s, loss=0.125, val/accuracy=0.945, val/loss=0.139, train/accuracy=0.943, train/loss=0.150]
Epoch 2:  46%|████▌     | 356/782 [00:06<00:08, 51.93it/s, loss=0.125, val/accuracy=0.945, val/loss=0.139, train/accuracy=0.943, train/loss=0.150]
Epoch 2:  46%|████▌     | 356/782 [00:06<00:08, 51.93it/s, loss=0.125, val/accuracy=0.945, val/loss=0.139, train/accuracy=0.943, train/loss=0.150]
Epoch 2:  46%|████▌     | 357/782 [00:06<00:08, 51.94it/s, loss=0.125, val/accuracy=0.945, val/loss=0.139, train/accuracy=0.943, train/loss=0.150]
Epoch 2:  46%|████▌     | 357/782 [00:06<00:08, 51.94it/s, loss=0.127, val/accuracy=0.945, val/loss=0.139, train/accuracy=0.943, train/loss=0.150]
Epoch 2:  46%|████▌     | 358/782 [00:06<00:08, 51.95it/s, loss=0.127, val/accuracy=0.945, val/loss=0.139, train/accuracy=0.943, train/loss=0.150]
Epoch 2:  46%|████▌     | 358/782 [00:06<00:08, 51.94it/s, loss=0.126, val/accuracy=0.945, val/loss=0.139, train/accuracy=0.943, train/loss=0.150]
Epoch 2:  46%|████▌     | 359/782 [00:06<00:08, 51.95it/s, loss=0.126, val/accuracy=0.945, val/loss=0.139, train/accuracy=0.943, train/loss=0.150]
Epoch 2:  46%|████▌     | 359/782 [00:06<00:08, 51.95it/s, loss=0.122, val/accuracy=0.945, val/loss=0.139, train/accuracy=0.943, train/loss=0.150]
Epoch 2:  46%|████▌     | 360/782 [00:06<00:08, 51.96it/s, loss=0.122, val/accuracy=0.945, val/loss=0.139, train/accuracy=0.943, train/loss=0.150]
Epoch 2:  46%|████▌     | 360/782 [00:06<00:08, 51.96it/s, loss=0.121, val/accuracy=0.945, val/loss=0.139, train/accuracy=0.943, train/loss=0.150]
Epoch 2:  46%|████▌     | 361/782 [00:06<00:08, 51.97it/s, loss=0.121, val/accuracy=0.945, val/loss=0.139, train/accuracy=0.943, train/loss=0.150]
Epoch 2:  46%|████▌     | 361/782 [00:06<00:08, 51.97it/s, loss=0.115, val/accuracy=0.945, val/loss=0.139, train/accuracy=0.943, train/loss=0.150]
Epoch 2:  46%|████▋     | 362/782 [00:06<00:08, 51.98it/s, loss=0.115, val/accuracy=0.945, val/loss=0.139, train/accuracy=0.943, train/loss=0.150]
Epoch 2:  46%|████▋     | 362/782 [00:06<00:08, 51.98it/s, loss=0.116, val/accuracy=0.945, val/loss=0.139, train/accuracy=0.943, train/loss=0.150]
Epoch 2:  46%|████▋     | 363/782 [00:06<00:08, 51.98it/s, loss=0.116, val/accuracy=0.945, val/loss=0.139, train/accuracy=0.943, train/loss=0.150]
Epoch 2:  46%|████▋     | 363/782 [00:06<00:08, 51.98it/s, loss=0.12, val/accuracy=0.945, val/loss=0.139, train/accuracy=0.943, train/loss=0.150] 
Epoch 2:  47%|████▋     | 364/782 [00:07<00:08, 51.99it/s, loss=0.12, val/accuracy=0.945, val/loss=0.139, train/accuracy=0.943, train/loss=0.150]
Epoch 2:  47%|████▋     | 364/782 [00:07<00:08, 51.99it/s, loss=0.117, val/accuracy=0.945, val/loss=0.139, train/accuracy=0.943, train/loss=0.150]
Epoch 2:  47%|████▋     | 365/782 [00:07<00:08, 52.00it/s, loss=0.117, val/accuracy=0.945, val/loss=0.139, train/accuracy=0.943, train/loss=0.150]
Epoch 2:  47%|████▋     | 365/782 [00:07<00:08, 51.99it/s, loss=0.121, val/accuracy=0.945, val/loss=0.139, train/accuracy=0.943, train/loss=0.150]
Epoch 2:  47%|████▋     | 366/782 [00:07<00:07, 52.00it/s, loss=0.121, val/accuracy=0.945, val/loss=0.139, train/accuracy=0.943, train/loss=0.150]
Epoch 2:  47%|████▋     | 366/782 [00:07<00:07, 52.00it/s, loss=0.123, val/accuracy=0.945, val/loss=0.139, train/accuracy=0.943, train/loss=0.150]
Epoch 2:  47%|████▋     | 367/782 [00:07<00:07, 52.01it/s, loss=0.123, val/accuracy=0.945, val/loss=0.139, train/accuracy=0.943, train/loss=0.150]
Epoch 2:  47%|████▋     | 367/782 [00:07<00:07, 52.01it/s, loss=0.121, val/accuracy=0.945, val/loss=0.139, train/accuracy=0.943, train/loss=0.150]
Epoch 2:  47%|████▋     | 368/782 [00:07<00:07, 52.02it/s, loss=0.121, val/accuracy=0.945, val/loss=0.139, train/accuracy=0.943, train/loss=0.150]
Epoch 2:  47%|████▋     | 368/782 [00:07<00:07, 52.02it/s, loss=0.127, val/accuracy=0.945, val/loss=0.139, train/accuracy=0.943, train/loss=0.150]
Epoch 2:  47%|████▋     | 369/782 [00:07<00:07, 52.03it/s, loss=0.127, val/accuracy=0.945, val/loss=0.139, train/accuracy=0.943, train/loss=0.150]
Epoch 2:  47%|████▋     | 369/782 [00:07<00:07, 52.02it/s, loss=0.128, val/accuracy=0.945, val/loss=0.139, train/accuracy=0.943, train/loss=0.150]
Epoch 2:  47%|████▋     | 370/782 [00:07<00:07, 52.03it/s, loss=0.128, val/accuracy=0.945, val/loss=0.139, train/accuracy=0.943, train/loss=0.150]
Epoch 2:  47%|████▋     | 370/782 [00:07<00:07, 52.03it/s, loss=0.129, val/accuracy=0.945, val/loss=0.139, train/accuracy=0.943, train/loss=0.150]
Epoch 2:  47%|████▋     | 371/782 [00:07<00:07, 52.04it/s, loss=0.129, val/accuracy=0.945, val/loss=0.139, train/accuracy=0.943, train/loss=0.150]
Epoch 2:  47%|████▋     | 371/782 [00:07<00:07, 52.04it/s, loss=0.13, val/accuracy=0.945, val/loss=0.139, train/accuracy=0.943, train/loss=0.150] 
Epoch 2:  48%|████▊     | 372/782 [00:07<00:07, 52.05it/s, loss=0.13, val/accuracy=0.945, val/loss=0.139, train/accuracy=0.943, train/loss=0.150]
Epoch 2:  48%|████▊     | 372/782 [00:07<00:07, 52.04it/s, loss=0.129, val/accuracy=0.945, val/loss=0.139, train/accuracy=0.943, train/loss=0.150]
Epoch 2:  48%|████▊     | 373/782 [00:07<00:07, 52.05it/s, loss=0.129, val/accuracy=0.945, val/loss=0.139, train/accuracy=0.943, train/loss=0.150]
Epoch 2:  48%|████▊     | 373/782 [00:07<00:07, 52.05it/s, loss=0.127, val/accuracy=0.945, val/loss=0.139, train/accuracy=0.943, train/loss=0.150]
Epoch 2:  48%|████▊     | 374/782 [00:07<00:07, 52.06it/s, loss=0.127, val/accuracy=0.945, val/loss=0.139, train/accuracy=0.943, train/loss=0.150]
Epoch 2:  48%|████▊     | 374/782 [00:07<00:07, 52.06it/s, loss=0.129, val/accuracy=0.945, val/loss=0.139, train/accuracy=0.943, train/loss=0.150]
Epoch 2:  48%|████▊     | 375/782 [00:07<00:07, 52.07it/s, loss=0.129, val/accuracy=0.945, val/loss=0.139, train/accuracy=0.943, train/loss=0.150]
Epoch 2:  48%|████▊     | 375/782 [00:07<00:07, 52.06it/s, loss=0.129, val/accuracy=0.945, val/loss=0.139, train/accuracy=0.943, train/loss=0.150]
Epoch 2:  48%|████▊     | 376/782 [00:07<00:07, 52.07it/s, loss=0.129, val/accuracy=0.945, val/loss=0.139, train/accuracy=0.943, train/loss=0.150]
Epoch 2:  48%|████▊     | 376/782 [00:07<00:07, 52.07it/s, loss=0.129, val/accuracy=0.945, val/loss=0.139, train/accuracy=0.943, train/loss=0.150]
Epoch 2:  48%|████▊     | 377/782 [00:07<00:07, 52.08it/s, loss=0.129, val/accuracy=0.945, val/loss=0.139, train/accuracy=0.943, train/loss=0.150]
Epoch 2:  48%|████▊     | 377/782 [00:07<00:07, 52.08it/s, loss=0.125, val/accuracy=0.945, val/loss=0.139, train/accuracy=0.943, train/loss=0.150]
Epoch 2:  48%|████▊     | 378/782 [00:07<00:07, 52.09it/s, loss=0.125, val/accuracy=0.945, val/loss=0.139, train/accuracy=0.943, train/loss=0.150]
Epoch 2:  48%|████▊     | 378/782 [00:07<00:07, 52.08it/s, loss=0.132, val/accuracy=0.945, val/loss=0.139, train/accuracy=0.943, train/loss=0.150]
Epoch 2:  48%|████▊     | 379/782 [00:07<00:07, 52.09it/s, loss=0.132, val/accuracy=0.945, val/loss=0.139, train/accuracy=0.943, train/loss=0.150]
Epoch 2:  48%|████▊     | 379/782 [00:07<00:07, 52.09it/s, loss=0.137, val/accuracy=0.945, val/loss=0.139, train/accuracy=0.943, train/loss=0.150]
Epoch 2:  49%|████▊     | 380/782 [00:07<00:07, 52.10it/s, loss=0.137, val/accuracy=0.945, val/loss=0.139, train/accuracy=0.943, train/loss=0.150]
Epoch 2:  49%|████▊     | 380/782 [00:07<00:07, 52.10it/s, loss=0.134, val/accuracy=0.945, val/loss=0.139, train/accuracy=0.943, train/loss=0.150]
Epoch 2:  49%|████▊     | 381/782 [00:07<00:07, 52.11it/s, loss=0.134, val/accuracy=0.945, val/loss=0.139, train/accuracy=0.943, train/loss=0.150]
Epoch 2:  49%|████▊     | 381/782 [00:07<00:07, 52.10it/s, loss=0.135, val/accuracy=0.945, val/loss=0.139, train/accuracy=0.943, train/loss=0.150]
Epoch 2:  49%|████▉     | 382/782 [00:07<00:07, 52.11it/s, loss=0.135, val/accuracy=0.945, val/loss=0.139, train/accuracy=0.943, train/loss=0.150]
Epoch 2:  49%|████▉     | 382/782 [00:07<00:07, 52.11it/s, loss=0.132, val/accuracy=0.945, val/loss=0.139, train/accuracy=0.943, train/loss=0.150]
Epoch 2:  49%|████▉     | 383/782 [00:07<00:07, 52.12it/s, loss=0.132, val/accuracy=0.945, val/loss=0.139, train/accuracy=0.943, train/loss=0.150]
Epoch 2:  49%|████▉     | 383/782 [00:07<00:07, 52.12it/s, loss=0.131, val/accuracy=0.945, val/loss=0.139, train/accuracy=0.943, train/loss=0.150]
Epoch 2:  49%|████▉     | 384/782 [00:07<00:07, 52.12it/s, loss=0.131, val/accuracy=0.945, val/loss=0.139, train/accuracy=0.943, train/loss=0.150]
Epoch 2:  49%|████▉     | 384/782 [00:07<00:07, 52.12it/s, loss=0.135, val/accuracy=0.945, val/loss=0.139, train/accuracy=0.943, train/loss=0.150]
Epoch 2:  49%|████▉     | 385/782 [00:07<00:07, 52.13it/s, loss=0.135, val/accuracy=0.945, val/loss=0.139, train/accuracy=0.943, train/loss=0.150]
Epoch 2:  49%|████▉     | 385/782 [00:07<00:07, 52.13it/s, loss=0.134, val/accuracy=0.945, val/loss=0.139, train/accuracy=0.943, train/loss=0.150]
Epoch 2:  49%|████▉     | 386/782 [00:07<00:07, 52.14it/s, loss=0.134, val/accuracy=0.945, val/loss=0.139, train/accuracy=0.943, train/loss=0.150]
Epoch 2:  49%|████▉     | 386/782 [00:07<00:07, 52.13it/s, loss=0.133, val/accuracy=0.945, val/loss=0.139, train/accuracy=0.943, train/loss=0.150]
Epoch 2:  49%|████▉     | 387/782 [00:07<00:07, 52.14it/s, loss=0.133, val/accuracy=0.945, val/loss=0.139, train/accuracy=0.943, train/loss=0.150]
Epoch 2:  49%|████▉     | 387/782 [00:07<00:07, 52.14it/s, loss=0.136, val/accuracy=0.945, val/loss=0.139, train/accuracy=0.943, train/loss=0.150]
Epoch 2:  50%|████▉     | 388/782 [00:07<00:07, 52.15it/s, loss=0.136, val/accuracy=0.945, val/loss=0.139, train/accuracy=0.943, train/loss=0.150]
Epoch 2:  50%|████▉     | 388/782 [00:07<00:07, 52.15it/s, loss=0.132, val/accuracy=0.945, val/loss=0.139, train/accuracy=0.943, train/loss=0.150]
Epoch 2:  50%|████▉     | 389/782 [00:07<00:07, 52.16it/s, loss=0.132, val/accuracy=0.945, val/loss=0.139, train/accuracy=0.943, train/loss=0.150]
Epoch 2:  50%|████▉     | 389/782 [00:07<00:07, 52.16it/s, loss=0.134, val/accuracy=0.945, val/loss=0.139, train/accuracy=0.943, train/loss=0.150]
Epoch 2:  50%|████▉     | 390/782 [00:07<00:07, 52.17it/s, loss=0.134, val/accuracy=0.945, val/loss=0.139, train/accuracy=0.943, train/loss=0.150]
Epoch 2:  50%|████▉     | 390/782 [00:07<00:07, 52.16it/s, loss=0.131, val/accuracy=0.945, val/loss=0.139, train/accuracy=0.943, train/loss=0.150]
Epoch 2:  50%|█████     | 391/782 [00:07<00:07, 52.17it/s, loss=0.131, val/accuracy=0.945, val/loss=0.139, train/accuracy=0.943, train/loss=0.150]
Epoch 2:  50%|█████     | 391/782 [00:07<00:07, 52.17it/s, loss=0.128, val/accuracy=0.945, val/loss=0.139, train/accuracy=0.943, train/loss=0.150]
Epoch 2:  50%|█████     | 392/782 [00:07<00:07, 52.18it/s, loss=0.128, val/accuracy=0.945, val/loss=0.139, train/accuracy=0.943, train/loss=0.150]
Epoch 2:  50%|█████     | 392/782 [00:07<00:07, 52.18it/s, loss=0.127, val/accuracy=0.945, val/loss=0.139, train/accuracy=0.943, train/loss=0.150]
Epoch 2:  50%|█████     | 393/782 [00:07<00:07, 52.18it/s, loss=0.127, val/accuracy=0.945, val/loss=0.139, train/accuracy=0.943, train/loss=0.150]
Epoch 2:  50%|█████     | 393/782 [00:07<00:07, 52.18it/s, loss=0.13, val/accuracy=0.945, val/loss=0.139, train/accuracy=0.943, train/loss=0.150] 
Epoch 2:  50%|█████     | 394/782 [00:07<00:07, 52.19it/s, loss=0.13, val/accuracy=0.945, val/loss=0.139, train/accuracy=0.943, train/loss=0.150]
Epoch 2:  50%|█████     | 394/782 [00:07<00:07, 52.19it/s, loss=0.127, val/accuracy=0.945, val/loss=0.139, train/accuracy=0.943, train/loss=0.150]
Epoch 2:  51%|█████     | 395/782 [00:07<00:07, 52.20it/s, loss=0.127, val/accuracy=0.945, val/loss=0.139, train/accuracy=0.943, train/loss=0.150]
Epoch 2:  51%|█████     | 395/782 [00:07<00:07, 52.19it/s, loss=0.124, val/accuracy=0.945, val/loss=0.139, train/accuracy=0.943, train/loss=0.150]
Epoch 2:  51%|█████     | 396/782 [00:07<00:07, 52.20it/s, loss=0.124, val/accuracy=0.945, val/loss=0.139, train/accuracy=0.943, train/loss=0.150]
Epoch 2:  51%|█████     | 396/782 [00:07<00:07, 52.20it/s, loss=0.124, val/accuracy=0.945, val/loss=0.139, train/accuracy=0.943, train/loss=0.150]
Epoch 2:  51%|█████     | 397/782 [00:07<00:07, 52.21it/s, loss=0.124, val/accuracy=0.945, val/loss=0.139, train/accuracy=0.943, train/loss=0.150]
Epoch 2:  51%|█████     | 397/782 [00:07<00:07, 52.21it/s, loss=0.128, val/accuracy=0.945, val/loss=0.139, train/accuracy=0.943, train/loss=0.150]
Epoch 2:  51%|█████     | 398/782 [00:07<00:07, 52.22it/s, loss=0.128, val/accuracy=0.945, val/loss=0.139, train/accuracy=0.943, train/loss=0.150]
Epoch 2:  51%|█████     | 398/782 [00:07<00:07, 52.21it/s, loss=0.124, val/accuracy=0.945, val/loss=0.139, train/accuracy=0.943, train/loss=0.150]
Epoch 2:  51%|█████     | 399/782 [00:07<00:07, 52.22it/s, loss=0.124, val/accuracy=0.945, val/loss=0.139, train/accuracy=0.943, train/loss=0.150]
Epoch 2:  51%|█████     | 399/782 [00:07<00:07, 52.22it/s, loss=0.122, val/accuracy=0.945, val/loss=0.139, train/accuracy=0.943, train/loss=0.150]
Epoch 2:  51%|█████     | 400/782 [00:07<00:07, 52.23it/s, loss=0.122, val/accuracy=0.945, val/loss=0.139, train/accuracy=0.943, train/loss=0.150]
Epoch 2:  51%|█████     | 400/782 [00:07<00:07, 52.23it/s, loss=0.124, val/accuracy=0.945, val/loss=0.139, train/accuracy=0.943, train/loss=0.150]
Epoch 2:  51%|█████▏    | 401/782 [00:07<00:07, 52.24it/s, loss=0.124, val/accuracy=0.945, val/loss=0.139, train/accuracy=0.943, train/loss=0.150]
Epoch 2:  51%|█████▏    | 401/782 [00:07<00:07, 52.24it/s, loss=0.125, val/accuracy=0.945, val/loss=0.139, train/accuracy=0.943, train/loss=0.150]
Epoch 2:  51%|█████▏    | 402/782 [00:07<00:07, 52.24it/s, loss=0.125, val/accuracy=0.945, val/loss=0.139, train/accuracy=0.943, train/loss=0.150]
Epoch 2:  51%|█████▏    | 402/782 [00:07<00:07, 52.23it/s, loss=0.127, val/accuracy=0.945, val/loss=0.139, train/accuracy=0.943, train/loss=0.150]
Epoch 2:  52%|█████▏    | 403/782 [00:07<00:07, 52.24it/s, loss=0.127, val/accuracy=0.945, val/loss=0.139, train/accuracy=0.943, train/loss=0.150]
Epoch 2:  52%|█████▏    | 403/782 [00:07<00:07, 52.24it/s, loss=0.126, val/accuracy=0.945, val/loss=0.139, train/accuracy=0.943, train/loss=0.150]
Epoch 2:  52%|█████▏    | 404/782 [00:07<00:07, 52.25it/s, loss=0.126, val/accuracy=0.945, val/loss=0.139, train/accuracy=0.943, train/loss=0.150]
Epoch 2:  52%|█████▏    | 404/782 [00:07<00:07, 52.24it/s, loss=0.125, val/accuracy=0.945, val/loss=0.139, train/accuracy=0.943, train/loss=0.150]
Epoch 2:  52%|█████▏    | 405/782 [00:07<00:07, 52.25it/s, loss=0.125, val/accuracy=0.945, val/loss=0.139, train/accuracy=0.943, train/loss=0.150]
Epoch 2:  52%|█████▏    | 405/782 [00:07<00:07, 52.25it/s, loss=0.123, val/accuracy=0.945, val/loss=0.139, train/accuracy=0.943, train/loss=0.150]
Epoch 2:  52%|█████▏    | 406/782 [00:07<00:07, 52.26it/s, loss=0.123, val/accuracy=0.945, val/loss=0.139, train/accuracy=0.943, train/loss=0.150]
Epoch 2:  52%|█████▏    | 406/782 [00:07<00:07, 52.26it/s, loss=0.127, val/accuracy=0.945, val/loss=0.139, train/accuracy=0.943, train/loss=0.150]
Epoch 2:  52%|█████▏    | 407/782 [00:07<00:07, 52.26it/s, loss=0.127, val/accuracy=0.945, val/loss=0.139, train/accuracy=0.943, train/loss=0.150]
Epoch 2:  52%|█████▏    | 407/782 [00:07<00:07, 52.26it/s, loss=0.127, val/accuracy=0.945, val/loss=0.139, train/accuracy=0.943, train/loss=0.150]
Epoch 2:  52%|█████▏    | 408/782 [00:07<00:07, 52.27it/s, loss=0.127, val/accuracy=0.945, val/loss=0.139, train/accuracy=0.943, train/loss=0.150]
Epoch 2:  52%|█████▏    | 408/782 [00:07<00:07, 52.27it/s, loss=0.128, val/accuracy=0.945, val/loss=0.139, train/accuracy=0.943, train/loss=0.150]
Epoch 2:  52%|█████▏    | 409/782 [00:07<00:07, 52.27it/s, loss=0.128, val/accuracy=0.945, val/loss=0.139, train/accuracy=0.943, train/loss=0.150]
Epoch 2:  52%|█████▏    | 409/782 [00:07<00:07, 52.27it/s, loss=0.126, val/accuracy=0.945, val/loss=0.139, train/accuracy=0.943, train/loss=0.150]
Epoch 2:  52%|█████▏    | 410/782 [00:07<00:07, 52.28it/s, loss=0.126, val/accuracy=0.945, val/loss=0.139, train/accuracy=0.943, train/loss=0.150]
Epoch 2:  52%|█████▏    | 410/782 [00:07<00:07, 52.28it/s, loss=0.127, val/accuracy=0.945, val/loss=0.139, train/accuracy=0.943, train/loss=0.150]
Epoch 2:  53%|█████▎    | 411/782 [00:07<00:07, 52.29it/s, loss=0.127, val/accuracy=0.945, val/loss=0.139, train/accuracy=0.943, train/loss=0.150]
Epoch 2:  53%|█████▎    | 411/782 [00:07<00:07, 52.29it/s, loss=0.13, val/accuracy=0.945, val/loss=0.139, train/accuracy=0.943, train/loss=0.150] 
Epoch 2:  53%|█████▎    | 412/782 [00:07<00:07, 52.29it/s, loss=0.13, val/accuracy=0.945, val/loss=0.139, train/accuracy=0.943, train/loss=0.150]
Epoch 2:  53%|█████▎    | 412/782 [00:07<00:07, 52.29it/s, loss=0.13, val/accuracy=0.945, val/loss=0.139, train/accuracy=0.943, train/loss=0.150]
Epoch 2:  53%|█████▎    | 413/782 [00:07<00:07, 52.30it/s, loss=0.13, val/accuracy=0.945, val/loss=0.139, train/accuracy=0.943, train/loss=0.150]
Epoch 2:  53%|█████▎    | 413/782 [00:07<00:07, 52.30it/s, loss=0.125, val/accuracy=0.945, val/loss=0.139, train/accuracy=0.943, train/loss=0.150]
Epoch 2:  53%|█████▎    | 414/782 [00:07<00:07, 52.30it/s, loss=0.125, val/accuracy=0.945, val/loss=0.139, train/accuracy=0.943, train/loss=0.150]
Epoch 2:  53%|█████▎    | 414/782 [00:07<00:07, 52.30it/s, loss=0.128, val/accuracy=0.945, val/loss=0.139, train/accuracy=0.943, train/loss=0.150]
Epoch 2:  53%|█████▎    | 415/782 [00:07<00:07, 52.31it/s, loss=0.128, val/accuracy=0.945, val/loss=0.139, train/accuracy=0.943, train/loss=0.150]
Epoch 2:  53%|█████▎    | 415/782 [00:07<00:07, 52.31it/s, loss=0.134, val/accuracy=0.945, val/loss=0.139, train/accuracy=0.943, train/loss=0.150]
Epoch 2:  53%|█████▎    | 416/782 [00:07<00:06, 52.32it/s, loss=0.134, val/accuracy=0.945, val/loss=0.139, train/accuracy=0.943, train/loss=0.150]
Epoch 2:  53%|█████▎    | 416/782 [00:07<00:06, 52.32it/s, loss=0.131, val/accuracy=0.945, val/loss=0.139, train/accuracy=0.943, train/loss=0.150]
Epoch 2:  53%|█████▎    | 417/782 [00:07<00:06, 52.32it/s, loss=0.131, val/accuracy=0.945, val/loss=0.139, train/accuracy=0.943, train/loss=0.150]
Epoch 2:  53%|█████▎    | 417/782 [00:07<00:06, 52.32it/s, loss=0.129, val/accuracy=0.945, val/loss=0.139, train/accuracy=0.943, train/loss=0.150]
Epoch 2:  53%|█████▎    | 418/782 [00:07<00:06, 52.33it/s, loss=0.129, val/accuracy=0.945, val/loss=0.139, train/accuracy=0.943, train/loss=0.150]
Epoch 2:  53%|█████▎    | 418/782 [00:07<00:06, 52.33it/s, loss=0.127, val/accuracy=0.945, val/loss=0.139, train/accuracy=0.943, train/loss=0.150]
Epoch 2:  54%|█████▎    | 419/782 [00:08<00:06, 52.34it/s, loss=0.127, val/accuracy=0.945, val/loss=0.139, train/accuracy=0.943, train/loss=0.150]
Epoch 2:  54%|█████▎    | 419/782 [00:08<00:06, 52.33it/s, loss=0.127, val/accuracy=0.945, val/loss=0.139, train/accuracy=0.943, train/loss=0.150]
Epoch 2:  54%|█████▎    | 420/782 [00:08<00:06, 52.34it/s, loss=0.127, val/accuracy=0.945, val/loss=0.139, train/accuracy=0.943, train/loss=0.150]
Epoch 2:  54%|█████▎    | 420/782 [00:08<00:06, 52.34it/s, loss=0.127, val/accuracy=0.945, val/loss=0.139, train/accuracy=0.943, train/loss=0.150]
Epoch 2:  54%|█████▍    | 421/782 [00:08<00:06, 52.35it/s, loss=0.127, val/accuracy=0.945, val/loss=0.139, train/accuracy=0.943, train/loss=0.150]
Epoch 2:  54%|█████▍    | 421/782 [00:08<00:06, 52.35it/s, loss=0.124, val/accuracy=0.945, val/loss=0.139, train/accuracy=0.943, train/loss=0.150]
Epoch 2:  54%|█████▍    | 422/782 [00:08<00:06, 52.35it/s, loss=0.124, val/accuracy=0.945, val/loss=0.139, train/accuracy=0.943, train/loss=0.150]
Epoch 2:  54%|█████▍    | 422/782 [00:08<00:06, 52.35it/s, loss=0.122, val/accuracy=0.945, val/loss=0.139, train/accuracy=0.943, train/loss=0.150]
Epoch 2:  54%|█████▍    | 423/782 [00:08<00:06, 52.36it/s, loss=0.122, val/accuracy=0.945, val/loss=0.139, train/accuracy=0.943, train/loss=0.150]
Epoch 2:  54%|█████▍    | 423/782 [00:08<00:06, 52.36it/s, loss=0.121, val/accuracy=0.945, val/loss=0.139, train/accuracy=0.943, train/loss=0.150]
Epoch 2:  54%|█████▍    | 424/782 [00:08<00:06, 52.37it/s, loss=0.121, val/accuracy=0.945, val/loss=0.139, train/accuracy=0.943, train/loss=0.150]
Epoch 2:  54%|█████▍    | 424/782 [00:08<00:06, 52.37it/s, loss=0.119, val/accuracy=0.945, val/loss=0.139, train/accuracy=0.943, train/loss=0.150]
Epoch 2:  54%|█████▍    | 425/782 [00:08<00:06, 52.37it/s, loss=0.119, val/accuracy=0.945, val/loss=0.139, train/accuracy=0.943, train/loss=0.150]
Epoch 2:  54%|█████▍    | 425/782 [00:08<00:06, 52.37it/s, loss=0.121, val/accuracy=0.945, val/loss=0.139, train/accuracy=0.943, train/loss=0.150]
Epoch 2:  54%|█████▍    | 426/782 [00:08<00:06, 52.36it/s, loss=0.121, val/accuracy=0.945, val/loss=0.139, train/accuracy=0.943, train/loss=0.150]
Epoch 2:  54%|█████▍    | 426/782 [00:08<00:06, 52.36it/s, loss=0.121, val/accuracy=0.945, val/loss=0.139, train/accuracy=0.943, train/loss=0.150]
Epoch 2:  55%|█████▍    | 427/782 [00:08<00:06, 52.36it/s, loss=0.121, val/accuracy=0.945, val/loss=0.139, train/accuracy=0.943, train/loss=0.150]
Epoch 2:  55%|█████▍    | 427/782 [00:08<00:06, 52.36it/s, loss=0.122, val/accuracy=0.945, val/loss=0.139, train/accuracy=0.943, train/loss=0.150]
Epoch 2:  55%|█████▍    | 428/782 [00:08<00:06, 52.37it/s, loss=0.122, val/accuracy=0.945, val/loss=0.139, train/accuracy=0.943, train/loss=0.150]
Epoch 2:  55%|█████▍    | 428/782 [00:08<00:06, 52.37it/s, loss=0.119, val/accuracy=0.945, val/loss=0.139, train/accuracy=0.943, train/loss=0.150]
Epoch 2:  55%|█████▍    | 429/782 [00:08<00:06, 52.37it/s, loss=0.119, val/accuracy=0.945, val/loss=0.139, train/accuracy=0.943, train/loss=0.150]
Epoch 2:  55%|█████▍    | 429/782 [00:08<00:06, 52.37it/s, loss=0.122, val/accuracy=0.945, val/loss=0.139, train/accuracy=0.943, train/loss=0.150]
Epoch 2:  55%|█████▍    | 430/782 [00:08<00:06, 52.38it/s, loss=0.122, val/accuracy=0.945, val/loss=0.139, train/accuracy=0.943, train/loss=0.150]
Epoch 2:  55%|█████▍    | 430/782 [00:08<00:06, 52.37it/s, loss=0.124, val/accuracy=0.945, val/loss=0.139, train/accuracy=0.943, train/loss=0.150]
Epoch 2:  55%|█████▌    | 431/782 [00:08<00:06, 52.38it/s, loss=0.124, val/accuracy=0.945, val/loss=0.139, train/accuracy=0.943, train/loss=0.150]
Epoch 2:  55%|█████▌    | 431/782 [00:08<00:06, 52.38it/s, loss=0.12, val/accuracy=0.945, val/loss=0.139, train/accuracy=0.943, train/loss=0.150] 
Epoch 2:  55%|█████▌    | 432/782 [00:08<00:06, 52.39it/s, loss=0.12, val/accuracy=0.945, val/loss=0.139, train/accuracy=0.943, train/loss=0.150]
Epoch 2:  55%|█████▌    | 432/782 [00:08<00:06, 52.38it/s, loss=0.118, val/accuracy=0.945, val/loss=0.139, train/accuracy=0.943, train/loss=0.150]
Epoch 2:  55%|█████▌    | 433/782 [00:08<00:06, 52.39it/s, loss=0.118, val/accuracy=0.945, val/loss=0.139, train/accuracy=0.943, train/loss=0.150]
Epoch 2:  55%|█████▌    | 433/782 [00:08<00:06, 52.39it/s, loss=0.12, val/accuracy=0.945, val/loss=0.139, train/accuracy=0.943, train/loss=0.150] 
Epoch 2:  55%|█████▌    | 434/782 [00:08<00:06, 52.39it/s, loss=0.12, val/accuracy=0.945, val/loss=0.139, train/accuracy=0.943, train/loss=0.150]
Epoch 2:  55%|█████▌    | 434/782 [00:08<00:06, 52.39it/s, loss=0.116, val/accuracy=0.945, val/loss=0.139, train/accuracy=0.943, train/loss=0.150]
Epoch 2:  56%|█████▌    | 435/782 [00:08<00:06, 52.40it/s, loss=0.116, val/accuracy=0.945, val/loss=0.139, train/accuracy=0.943, train/loss=0.150]
Epoch 2:  56%|█████▌    | 435/782 [00:08<00:06, 52.40it/s, loss=0.113, val/accuracy=0.945, val/loss=0.139, train/accuracy=0.943, train/loss=0.150]
Epoch 2:  56%|█████▌    | 436/782 [00:08<00:06, 52.40it/s, loss=0.113, val/accuracy=0.945, val/loss=0.139, train/accuracy=0.943, train/loss=0.150]
Epoch 2:  56%|█████▌    | 436/782 [00:08<00:06, 52.40it/s, loss=0.116, val/accuracy=0.945, val/loss=0.139, train/accuracy=0.943, train/loss=0.150]
Epoch 2:  56%|█████▌    | 437/782 [00:08<00:06, 52.41it/s, loss=0.116, val/accuracy=0.945, val/loss=0.139, train/accuracy=0.943, train/loss=0.150]
Epoch 2:  56%|█████▌    | 437/782 [00:08<00:06, 52.41it/s, loss=0.118, val/accuracy=0.945, val/loss=0.139, train/accuracy=0.943, train/loss=0.150]
Epoch 2:  56%|█████▌    | 438/782 [00:08<00:06, 52.41it/s, loss=0.118, val/accuracy=0.945, val/loss=0.139, train/accuracy=0.943, train/loss=0.150]
Epoch 2:  56%|█████▌    | 438/782 [00:08<00:06, 52.41it/s, loss=0.123, val/accuracy=0.945, val/loss=0.139, train/accuracy=0.943, train/loss=0.150]
Epoch 2:  56%|█████▌    | 439/782 [00:08<00:06, 52.42it/s, loss=0.123, val/accuracy=0.945, val/loss=0.139, train/accuracy=0.943, train/loss=0.150]
Epoch 2:  56%|█████▌    | 439/782 [00:08<00:06, 52.41it/s, loss=0.12, val/accuracy=0.945, val/loss=0.139, train/accuracy=0.943, train/loss=0.150] 
Epoch 2:  56%|█████▋    | 440/782 [00:08<00:06, 52.42it/s, loss=0.12, val/accuracy=0.945, val/loss=0.139, train/accuracy=0.943, train/loss=0.150]
Epoch 2:  56%|█████▋    | 440/782 [00:08<00:06, 52.42it/s, loss=0.121, val/accuracy=0.945, val/loss=0.139, train/accuracy=0.943, train/loss=0.150]
Epoch 2:  56%|█████▋    | 441/782 [00:08<00:06, 52.43it/s, loss=0.121, val/accuracy=0.945, val/loss=0.139, train/accuracy=0.943, train/loss=0.150]
Epoch 2:  56%|█████▋    | 441/782 [00:08<00:06, 52.42it/s, loss=0.12, val/accuracy=0.945, val/loss=0.139, train/accuracy=0.943, train/loss=0.150] 
Epoch 2:  57%|█████▋    | 442/782 [00:08<00:06, 52.43it/s, loss=0.12, val/accuracy=0.945, val/loss=0.139, train/accuracy=0.943, train/loss=0.150]
Epoch 2:  57%|█████▋    | 442/782 [00:08<00:06, 52.43it/s, loss=0.124, val/accuracy=0.945, val/loss=0.139, train/accuracy=0.943, train/loss=0.150]
Epoch 2:  57%|█████▋    | 443/782 [00:08<00:06, 52.43it/s, loss=0.124, val/accuracy=0.945, val/loss=0.139, train/accuracy=0.943, train/loss=0.150]
Epoch 2:  57%|█████▋    | 443/782 [00:08<00:06, 52.43it/s, loss=0.124, val/accuracy=0.945, val/loss=0.139, train/accuracy=0.943, train/loss=0.150]
Epoch 2:  57%|█████▋    | 444/782 [00:08<00:06, 52.44it/s, loss=0.124, val/accuracy=0.945, val/loss=0.139, train/accuracy=0.943, train/loss=0.150]
Epoch 2:  57%|█████▋    | 444/782 [00:08<00:06, 52.44it/s, loss=0.126, val/accuracy=0.945, val/loss=0.139, train/accuracy=0.943, train/loss=0.150]
Epoch 2:  57%|█████▋    | 445/782 [00:08<00:06, 52.44it/s, loss=0.126, val/accuracy=0.945, val/loss=0.139, train/accuracy=0.943, train/loss=0.150]
Epoch 2:  57%|█████▋    | 445/782 [00:08<00:06, 52.44it/s, loss=0.123, val/accuracy=0.945, val/loss=0.139, train/accuracy=0.943, train/loss=0.150]
Epoch 2:  57%|█████▋    | 446/782 [00:08<00:06, 52.45it/s, loss=0.123, val/accuracy=0.945, val/loss=0.139, train/accuracy=0.943, train/loss=0.150]
Epoch 2:  57%|█████▋    | 446/782 [00:08<00:06, 52.45it/s, loss=0.12, val/accuracy=0.945, val/loss=0.139, train/accuracy=0.943, train/loss=0.150] 
Epoch 2:  57%|█████▋    | 447/782 [00:08<00:06, 52.45it/s, loss=0.12, val/accuracy=0.945, val/loss=0.139, train/accuracy=0.943, train/loss=0.150]
Epoch 2:  57%|█████▋    | 447/782 [00:08<00:06, 52.45it/s, loss=0.118, val/accuracy=0.945, val/loss=0.139, train/accuracy=0.943, train/loss=0.150]
Epoch 2:  57%|█████▋    | 448/782 [00:08<00:06, 52.46it/s, loss=0.118, val/accuracy=0.945, val/loss=0.139, train/accuracy=0.943, train/loss=0.150]
Epoch 2:  57%|█████▋    | 448/782 [00:08<00:06, 52.46it/s, loss=0.121, val/accuracy=0.945, val/loss=0.139, train/accuracy=0.943, train/loss=0.150]
Epoch 2:  57%|█████▋    | 449/782 [00:08<00:06, 52.46it/s, loss=0.121, val/accuracy=0.945, val/loss=0.139, train/accuracy=0.943, train/loss=0.150]
Epoch 2:  57%|█████▋    | 449/782 [00:08<00:06, 52.46it/s, loss=0.12, val/accuracy=0.945, val/loss=0.139, train/accuracy=0.943, train/loss=0.150] 
Epoch 2:  58%|█████▊    | 450/782 [00:08<00:06, 52.47it/s, loss=0.12, val/accuracy=0.945, val/loss=0.139, train/accuracy=0.943, train/loss=0.150]
Epoch 2:  58%|█████▊    | 450/782 [00:08<00:06, 52.46it/s, loss=0.119, val/accuracy=0.945, val/loss=0.139, train/accuracy=0.943, train/loss=0.150]
Epoch 2:  58%|█████▊    | 451/782 [00:08<00:06, 52.47it/s, loss=0.119, val/accuracy=0.945, val/loss=0.139, train/accuracy=0.943, train/loss=0.150]
Epoch 2:  58%|█████▊    | 451/782 [00:08<00:06, 52.47it/s, loss=0.125, val/accuracy=0.945, val/loss=0.139, train/accuracy=0.943, train/loss=0.150]
Epoch 2:  58%|█████▊    | 452/782 [00:08<00:06, 52.48it/s, loss=0.125, val/accuracy=0.945, val/loss=0.139, train/accuracy=0.943, train/loss=0.150]
Epoch 2:  58%|█████▊    | 452/782 [00:08<00:06, 52.47it/s, loss=0.127, val/accuracy=0.945, val/loss=0.139, train/accuracy=0.943, train/loss=0.150]
Epoch 2:  58%|█████▊    | 453/782 [00:08<00:06, 52.48it/s, loss=0.127, val/accuracy=0.945, val/loss=0.139, train/accuracy=0.943, train/loss=0.150]
Epoch 2:  58%|█████▊    | 453/782 [00:08<00:06, 52.48it/s, loss=0.131, val/accuracy=0.945, val/loss=0.139, train/accuracy=0.943, train/loss=0.150]
Epoch 2:  58%|█████▊    | 454/782 [00:08<00:06, 52.49it/s, loss=0.131, val/accuracy=0.945, val/loss=0.139, train/accuracy=0.943, train/loss=0.150]
Epoch 2:  58%|█████▊    | 454/782 [00:08<00:06, 52.48it/s, loss=0.132, val/accuracy=0.945, val/loss=0.139, train/accuracy=0.943, train/loss=0.150]
Epoch 2:  58%|█████▊    | 455/782 [00:08<00:06, 52.49it/s, loss=0.132, val/accuracy=0.945, val/loss=0.139, train/accuracy=0.943, train/loss=0.150]
Epoch 2:  58%|█████▊    | 455/782 [00:08<00:06, 52.49it/s, loss=0.133, val/accuracy=0.945, val/loss=0.139, train/accuracy=0.943, train/loss=0.150]
Epoch 2:  58%|█████▊    | 456/782 [00:08<00:06, 52.50it/s, loss=0.133, val/accuracy=0.945, val/loss=0.139, train/accuracy=0.943, train/loss=0.150]
Epoch 2:  58%|█████▊    | 456/782 [00:08<00:06, 52.49it/s, loss=0.133, val/accuracy=0.945, val/loss=0.139, train/accuracy=0.943, train/loss=0.150]
Epoch 2:  58%|█████▊    | 457/782 [00:08<00:06, 52.50it/s, loss=0.133, val/accuracy=0.945, val/loss=0.139, train/accuracy=0.943, train/loss=0.150]
Epoch 2:  58%|█████▊    | 457/782 [00:08<00:06, 52.50it/s, loss=0.129, val/accuracy=0.945, val/loss=0.139, train/accuracy=0.943, train/loss=0.150]
Epoch 2:  59%|█████▊    | 458/782 [00:08<00:06, 52.51it/s, loss=0.129, val/accuracy=0.945, val/loss=0.139, train/accuracy=0.943, train/loss=0.150]
Epoch 2:  59%|█████▊    | 458/782 [00:08<00:06, 52.50it/s, loss=0.123, val/accuracy=0.945, val/loss=0.139, train/accuracy=0.943, train/loss=0.150]
Epoch 2:  59%|█████▊    | 459/782 [00:08<00:06, 52.51it/s, loss=0.123, val/accuracy=0.945, val/loss=0.139, train/accuracy=0.943, train/loss=0.150]
Epoch 2:  59%|█████▊    | 459/782 [00:08<00:06, 52.51it/s, loss=0.125, val/accuracy=0.945, val/loss=0.139, train/accuracy=0.943, train/loss=0.150]
Epoch 2:  59%|█████▉    | 460/782 [00:08<00:06, 52.52it/s, loss=0.125, val/accuracy=0.945, val/loss=0.139, train/accuracy=0.943, train/loss=0.150]
Epoch 2:  59%|█████▉    | 460/782 [00:08<00:06, 52.51it/s, loss=0.123, val/accuracy=0.945, val/loss=0.139, train/accuracy=0.943, train/loss=0.150]
Epoch 2:  59%|█████▉    | 461/782 [00:08<00:06, 52.52it/s, loss=0.123, val/accuracy=0.945, val/loss=0.139, train/accuracy=0.943, train/loss=0.150]
Epoch 2:  59%|█████▉    | 461/782 [00:08<00:06, 52.52it/s, loss=0.13, val/accuracy=0.945, val/loss=0.139, train/accuracy=0.943, train/loss=0.150] 
Epoch 2:  59%|█████▉    | 462/782 [00:08<00:06, 52.53it/s, loss=0.13, val/accuracy=0.945, val/loss=0.139, train/accuracy=0.943, train/loss=0.150]
Epoch 2:  59%|█████▉    | 462/782 [00:08<00:06, 52.52it/s, loss=0.129, val/accuracy=0.945, val/loss=0.139, train/accuracy=0.943, train/loss=0.150]
Epoch 2:  59%|█████▉    | 463/782 [00:08<00:06, 52.53it/s, loss=0.129, val/accuracy=0.945, val/loss=0.139, train/accuracy=0.943, train/loss=0.150]
Epoch 2:  59%|█████▉    | 463/782 [00:08<00:06, 52.53it/s, loss=0.124, val/accuracy=0.945, val/loss=0.139, train/accuracy=0.943, train/loss=0.150]
Epoch 2:  59%|█████▉    | 464/782 [00:08<00:06, 52.54it/s, loss=0.124, val/accuracy=0.945, val/loss=0.139, train/accuracy=0.943, train/loss=0.150]
Epoch 2:  59%|█████▉    | 464/782 [00:08<00:06, 52.53it/s, loss=0.122, val/accuracy=0.945, val/loss=0.139, train/accuracy=0.943, train/loss=0.150]
Epoch 2:  59%|█████▉    | 465/782 [00:08<00:06, 52.54it/s, loss=0.122, val/accuracy=0.945, val/loss=0.139, train/accuracy=0.943, train/loss=0.150]
Epoch 2:  59%|█████▉    | 465/782 [00:08<00:06, 52.54it/s, loss=0.122, val/accuracy=0.945, val/loss=0.139, train/accuracy=0.943, train/loss=0.150]
Epoch 2:  60%|█████▉    | 466/782 [00:08<00:06, 52.54it/s, loss=0.122, val/accuracy=0.945, val/loss=0.139, train/accuracy=0.943, train/loss=0.150]
Epoch 2:  60%|█████▉    | 466/782 [00:08<00:06, 52.54it/s, loss=0.122, val/accuracy=0.945, val/loss=0.139, train/accuracy=0.943, train/loss=0.150]
Epoch 2:  60%|█████▉    | 467/782 [00:08<00:05, 52.55it/s, loss=0.122, val/accuracy=0.945, val/loss=0.139, train/accuracy=0.943, train/loss=0.150]
Epoch 2:  60%|█████▉    | 467/782 [00:08<00:05, 52.55it/s, loss=0.124, val/accuracy=0.945, val/loss=0.139, train/accuracy=0.943, train/loss=0.150]
Epoch 2:  60%|█████▉    | 468/782 [00:08<00:05, 52.55it/s, loss=0.124, val/accuracy=0.945, val/loss=0.139, train/accuracy=0.943, train/loss=0.150]
Epoch 2:  60%|█████▉    | 468/782 [00:08<00:05, 52.55it/s, loss=0.123, val/accuracy=0.945, val/loss=0.139, train/accuracy=0.943, train/loss=0.150]
Epoch 2:  60%|█████▉    | 469/782 [00:08<00:05, 52.56it/s, loss=0.123, val/accuracy=0.945, val/loss=0.139, train/accuracy=0.943, train/loss=0.150]
Epoch 2:  60%|█████▉    | 469/782 [00:08<00:05, 52.55it/s, loss=0.126, val/accuracy=0.945, val/loss=0.139, train/accuracy=0.943, train/loss=0.150]
Epoch 2:  60%|██████    | 470/782 [00:08<00:05, 52.56it/s, loss=0.126, val/accuracy=0.945, val/loss=0.139, train/accuracy=0.943, train/loss=0.150]
Epoch 2:  60%|██████    | 470/782 [00:08<00:05, 52.56it/s, loss=0.127, val/accuracy=0.945, val/loss=0.139, train/accuracy=0.943, train/loss=0.150]
Epoch 2:  60%|██████    | 471/782 [00:08<00:05, 52.56it/s, loss=0.127, val/accuracy=0.945, val/loss=0.139, train/accuracy=0.943, train/loss=0.150]
Epoch 2:  60%|██████    | 471/782 [00:08<00:05, 52.56it/s, loss=0.123, val/accuracy=0.945, val/loss=0.139, train/accuracy=0.943, train/loss=0.150]
Epoch 2:  60%|██████    | 472/782 [00:08<00:05, 52.57it/s, loss=0.123, val/accuracy=0.945, val/loss=0.139, train/accuracy=0.943, train/loss=0.150]
Epoch 2:  60%|██████    | 472/782 [00:08<00:05, 52.57it/s, loss=0.12, val/accuracy=0.945, val/loss=0.139, train/accuracy=0.943, train/loss=0.150] 
Epoch 2:  60%|██████    | 473/782 [00:08<00:05, 52.57it/s, loss=0.12, val/accuracy=0.945, val/loss=0.139, train/accuracy=0.943, train/loss=0.150]
Epoch 2:  60%|██████    | 473/782 [00:08<00:05, 52.57it/s, loss=0.116, val/accuracy=0.945, val/loss=0.139, train/accuracy=0.943, train/loss=0.150]
Epoch 2:  61%|██████    | 474/782 [00:09<00:05, 52.58it/s, loss=0.116, val/accuracy=0.945, val/loss=0.139, train/accuracy=0.943, train/loss=0.150]
Epoch 2:  61%|██████    | 474/782 [00:09<00:05, 52.58it/s, loss=0.117, val/accuracy=0.945, val/loss=0.139, train/accuracy=0.943, train/loss=0.150]
Epoch 2:  61%|██████    | 475/782 [00:09<00:05, 52.58it/s, loss=0.117, val/accuracy=0.945, val/loss=0.139, train/accuracy=0.943, train/loss=0.150]
Epoch 2:  61%|██████    | 475/782 [00:09<00:05, 52.58it/s, loss=0.118, val/accuracy=0.945, val/loss=0.139, train/accuracy=0.943, train/loss=0.150]
Epoch 2:  61%|██████    | 476/782 [00:09<00:05, 52.59it/s, loss=0.118, val/accuracy=0.945, val/loss=0.139, train/accuracy=0.943, train/loss=0.150]
Epoch 2:  61%|██████    | 476/782 [00:09<00:05, 52.59it/s, loss=0.117, val/accuracy=0.945, val/loss=0.139, train/accuracy=0.943, train/loss=0.150]
Epoch 2:  61%|██████    | 477/782 [00:09<00:05, 52.59it/s, loss=0.117, val/accuracy=0.945, val/loss=0.139, train/accuracy=0.943, train/loss=0.150]
Epoch 2:  61%|██████    | 477/782 [00:09<00:05, 52.59it/s, loss=0.118, val/accuracy=0.945, val/loss=0.139, train/accuracy=0.943, train/loss=0.150]
Epoch 2:  61%|██████    | 478/782 [00:09<00:05, 52.59it/s, loss=0.118, val/accuracy=0.945, val/loss=0.139, train/accuracy=0.943, train/loss=0.150]
Epoch 2:  61%|██████    | 478/782 [00:09<00:05, 52.59it/s, loss=0.119, val/accuracy=0.945, val/loss=0.139, train/accuracy=0.943, train/loss=0.150]
Epoch 2:  61%|██████▏   | 479/782 [00:09<00:05, 52.60it/s, loss=0.119, val/accuracy=0.945, val/loss=0.139, train/accuracy=0.943, train/loss=0.150]
Epoch 2:  61%|██████▏   | 479/782 [00:09<00:05, 52.60it/s, loss=0.124, val/accuracy=0.945, val/loss=0.139, train/accuracy=0.943, train/loss=0.150]
Epoch 2:  61%|██████▏   | 480/782 [00:09<00:05, 52.60it/s, loss=0.124, val/accuracy=0.945, val/loss=0.139, train/accuracy=0.943, train/loss=0.150]
Epoch 2:  61%|██████▏   | 480/782 [00:09<00:05, 52.60it/s, loss=0.126, val/accuracy=0.945, val/loss=0.139, train/accuracy=0.943, train/loss=0.150]
Epoch 2:  62%|██████▏   | 481/782 [00:09<00:05, 52.61it/s, loss=0.126, val/accuracy=0.945, val/loss=0.139, train/accuracy=0.943, train/loss=0.150]
Epoch 2:  62%|██████▏   | 481/782 [00:09<00:05, 52.60it/s, loss=0.123, val/accuracy=0.945, val/loss=0.139, train/accuracy=0.943, train/loss=0.150]
Epoch 2:  62%|██████▏   | 482/782 [00:09<00:05, 52.61it/s, loss=0.123, val/accuracy=0.945, val/loss=0.139, train/accuracy=0.943, train/loss=0.150]
Epoch 2:  62%|██████▏   | 482/782 [00:09<00:05, 52.61it/s, loss=0.123, val/accuracy=0.945, val/loss=0.139, train/accuracy=0.943, train/loss=0.150]
Epoch 2:  62%|██████▏   | 483/782 [00:09<00:05, 52.61it/s, loss=0.123, val/accuracy=0.945, val/loss=0.139, train/accuracy=0.943, train/loss=0.150]
Epoch 2:  62%|██████▏   | 483/782 [00:09<00:05, 52.61it/s, loss=0.127, val/accuracy=0.945, val/loss=0.139, train/accuracy=0.943, train/loss=0.150]
Epoch 2:  62%|██████▏   | 484/782 [00:09<00:05, 52.62it/s, loss=0.127, val/accuracy=0.945, val/loss=0.139, train/accuracy=0.943, train/loss=0.150]
Epoch 2:  62%|██████▏   | 484/782 [00:09<00:05, 52.61it/s, loss=0.129, val/accuracy=0.945, val/loss=0.139, train/accuracy=0.943, train/loss=0.150]
Epoch 2:  62%|██████▏   | 485/782 [00:09<00:05, 52.62it/s, loss=0.129, val/accuracy=0.945, val/loss=0.139, train/accuracy=0.943, train/loss=0.150]
Epoch 2:  62%|██████▏   | 485/782 [00:09<00:05, 52.62it/s, loss=0.127, val/accuracy=0.945, val/loss=0.139, train/accuracy=0.943, train/loss=0.150]
Epoch 2:  62%|██████▏   | 486/782 [00:09<00:05, 52.62it/s, loss=0.127, val/accuracy=0.945, val/loss=0.139, train/accuracy=0.943, train/loss=0.150]
Epoch 2:  62%|██████▏   | 486/782 [00:09<00:05, 52.62it/s, loss=0.131, val/accuracy=0.945, val/loss=0.139, train/accuracy=0.943, train/loss=0.150]
Epoch 2:  62%|██████▏   | 487/782 [00:09<00:05, 52.63it/s, loss=0.131, val/accuracy=0.945, val/loss=0.139, train/accuracy=0.943, train/loss=0.150]
Epoch 2:  62%|██████▏   | 487/782 [00:09<00:05, 52.63it/s, loss=0.131, val/accuracy=0.945, val/loss=0.139, train/accuracy=0.943, train/loss=0.150]
Epoch 2:  62%|██████▏   | 488/782 [00:09<00:05, 52.63it/s, loss=0.131, val/accuracy=0.945, val/loss=0.139, train/accuracy=0.943, train/loss=0.150]
Epoch 2:  62%|██████▏   | 488/782 [00:09<00:05, 52.63it/s, loss=0.129, val/accuracy=0.945, val/loss=0.139, train/accuracy=0.943, train/loss=0.150]
Epoch 2:  63%|██████▎   | 489/782 [00:09<00:05, 52.63it/s, loss=0.129, val/accuracy=0.945, val/loss=0.139, train/accuracy=0.943, train/loss=0.150]
Epoch 2:  63%|██████▎   | 489/782 [00:09<00:05, 52.63it/s, loss=0.126, val/accuracy=0.945, val/loss=0.139, train/accuracy=0.943, train/loss=0.150]
Epoch 2:  63%|██████▎   | 490/782 [00:09<00:05, 52.64it/s, loss=0.126, val/accuracy=0.945, val/loss=0.139, train/accuracy=0.943, train/loss=0.150]
Epoch 2:  63%|██████▎   | 490/782 [00:09<00:05, 52.64it/s, loss=0.125, val/accuracy=0.945, val/loss=0.139, train/accuracy=0.943, train/loss=0.150]
Epoch 2:  63%|██████▎   | 491/782 [00:09<00:05, 52.64it/s, loss=0.125, val/accuracy=0.945, val/loss=0.139, train/accuracy=0.943, train/loss=0.150]
Epoch 2:  63%|██████▎   | 491/782 [00:09<00:05, 52.64it/s, loss=0.127, val/accuracy=0.945, val/loss=0.139, train/accuracy=0.943, train/loss=0.150]
Epoch 2:  63%|██████▎   | 492/782 [00:09<00:05, 52.65it/s, loss=0.127, val/accuracy=0.945, val/loss=0.139, train/accuracy=0.943, train/loss=0.150]
Epoch 2:  63%|██████▎   | 492/782 [00:09<00:05, 52.65it/s, loss=0.128, val/accuracy=0.945, val/loss=0.139, train/accuracy=0.943, train/loss=0.150]
Epoch 2:  63%|██████▎   | 493/782 [00:09<00:05, 52.65it/s, loss=0.128, val/accuracy=0.945, val/loss=0.139, train/accuracy=0.943, train/loss=0.150]
Epoch 2:  63%|██████▎   | 493/782 [00:09<00:05, 52.65it/s, loss=0.13, val/accuracy=0.945, val/loss=0.139, train/accuracy=0.943, train/loss=0.150] 
Epoch 2:  63%|██████▎   | 494/782 [00:09<00:05, 52.66it/s, loss=0.13, val/accuracy=0.945, val/loss=0.139, train/accuracy=0.943, train/loss=0.150]
Epoch 2:  63%|██████▎   | 494/782 [00:09<00:05, 52.65it/s, loss=0.129, val/accuracy=0.945, val/loss=0.139, train/accuracy=0.943, train/loss=0.150]
Epoch 2:  63%|██████▎   | 495/782 [00:09<00:05, 52.66it/s, loss=0.129, val/accuracy=0.945, val/loss=0.139, train/accuracy=0.943, train/loss=0.150]
Epoch 2:  63%|██████▎   | 495/782 [00:09<00:05, 52.66it/s, loss=0.127, val/accuracy=0.945, val/loss=0.139, train/accuracy=0.943, train/loss=0.150]
Epoch 2:  63%|██████▎   | 496/782 [00:09<00:05, 52.66it/s, loss=0.127, val/accuracy=0.945, val/loss=0.139, train/accuracy=0.943, train/loss=0.150]
Epoch 2:  63%|██████▎   | 496/782 [00:09<00:05, 52.66it/s, loss=0.128, val/accuracy=0.945, val/loss=0.139, train/accuracy=0.943, train/loss=0.150]
Epoch 2:  64%|██████▎   | 497/782 [00:09<00:05, 52.67it/s, loss=0.128, val/accuracy=0.945, val/loss=0.139, train/accuracy=0.943, train/loss=0.150]
Epoch 2:  64%|██████▎   | 497/782 [00:09<00:05, 52.67it/s, loss=0.134, val/accuracy=0.945, val/loss=0.139, train/accuracy=0.943, train/loss=0.150]
Epoch 2:  64%|██████▎   | 498/782 [00:09<00:05, 52.67it/s, loss=0.134, val/accuracy=0.945, val/loss=0.139, train/accuracy=0.943, train/loss=0.150]
Epoch 2:  64%|██████▎   | 498/782 [00:09<00:05, 52.67it/s, loss=0.133, val/accuracy=0.945, val/loss=0.139, train/accuracy=0.943, train/loss=0.150]
Epoch 2:  64%|██████▍   | 499/782 [00:09<00:05, 52.68it/s, loss=0.133, val/accuracy=0.945, val/loss=0.139, train/accuracy=0.943, train/loss=0.150]
Epoch 2:  64%|██████▍   | 499/782 [00:09<00:05, 52.68it/s, loss=0.125, val/accuracy=0.945, val/loss=0.139, train/accuracy=0.943, train/loss=0.150]
Epoch 2:  64%|██████▍   | 500/782 [00:09<00:05, 52.68it/s, loss=0.125, val/accuracy=0.945, val/loss=0.139, train/accuracy=0.943, train/loss=0.150]
Epoch 2:  64%|██████▍   | 500/782 [00:09<00:05, 52.68it/s, loss=0.126, val/accuracy=0.945, val/loss=0.139, train/accuracy=0.943, train/loss=0.150]
Epoch 2:  64%|██████▍   | 501/782 [00:09<00:05, 52.68it/s, loss=0.126, val/accuracy=0.945, val/loss=0.139, train/accuracy=0.943, train/loss=0.150]
Epoch 2:  64%|██████▍   | 501/782 [00:09<00:05, 52.68it/s, loss=0.126, val/accuracy=0.945, val/loss=0.139, train/accuracy=0.943, train/loss=0.150]
Epoch 2:  64%|██████▍   | 502/782 [00:09<00:05, 52.69it/s, loss=0.126, val/accuracy=0.945, val/loss=0.139, train/accuracy=0.943, train/loss=0.150]
Epoch 2:  64%|██████▍   | 502/782 [00:09<00:05, 52.69it/s, loss=0.123, val/accuracy=0.945, val/loss=0.139, train/accuracy=0.943, train/loss=0.150]
Epoch 2:  64%|██████▍   | 503/782 [00:09<00:05, 52.69it/s, loss=0.123, val/accuracy=0.945, val/loss=0.139, train/accuracy=0.943, train/loss=0.150]
Epoch 2:  64%|██████▍   | 503/782 [00:09<00:05, 52.69it/s, loss=0.121, val/accuracy=0.945, val/loss=0.139, train/accuracy=0.943, train/loss=0.150]
Epoch 2:  64%|██████▍   | 504/782 [00:09<00:05, 52.70it/s, loss=0.121, val/accuracy=0.945, val/loss=0.139, train/accuracy=0.943, train/loss=0.150]
Epoch 2:  64%|██████▍   | 504/782 [00:09<00:05, 52.69it/s, loss=0.124, val/accuracy=0.945, val/loss=0.139, train/accuracy=0.943, train/loss=0.150]
Epoch 2:  65%|██████▍   | 505/782 [00:09<00:05, 52.70it/s, loss=0.124, val/accuracy=0.945, val/loss=0.139, train/accuracy=0.943, train/loss=0.150]
Epoch 2:  65%|██████▍   | 505/782 [00:09<00:05, 52.70it/s, loss=0.127, val/accuracy=0.945, val/loss=0.139, train/accuracy=0.943, train/loss=0.150]
Epoch 2:  65%|██████▍   | 506/782 [00:09<00:05, 52.70it/s, loss=0.127, val/accuracy=0.945, val/loss=0.139, train/accuracy=0.943, train/loss=0.150]
Epoch 2:  65%|██████▍   | 506/782 [00:09<00:05, 52.70it/s, loss=0.128, val/accuracy=0.945, val/loss=0.139, train/accuracy=0.943, train/loss=0.150]
Epoch 2:  65%|██████▍   | 507/782 [00:09<00:05, 52.71it/s, loss=0.128, val/accuracy=0.945, val/loss=0.139, train/accuracy=0.943, train/loss=0.150]
Epoch 2:  65%|██████▍   | 507/782 [00:09<00:05, 52.71it/s, loss=0.125, val/accuracy=0.945, val/loss=0.139, train/accuracy=0.943, train/loss=0.150]
Epoch 2:  65%|██████▍   | 508/782 [00:09<00:05, 52.71it/s, loss=0.125, val/accuracy=0.945, val/loss=0.139, train/accuracy=0.943, train/loss=0.150]
Epoch 2:  65%|██████▍   | 508/782 [00:09<00:05, 52.71it/s, loss=0.127, val/accuracy=0.945, val/loss=0.139, train/accuracy=0.943, train/loss=0.150]
Epoch 2:  65%|██████▌   | 509/782 [00:09<00:05, 52.71it/s, loss=0.127, val/accuracy=0.945, val/loss=0.139, train/accuracy=0.943, train/loss=0.150]
Epoch 2:  65%|██████▌   | 509/782 [00:09<00:05, 52.71it/s, loss=0.127, val/accuracy=0.945, val/loss=0.139, train/accuracy=0.943, train/loss=0.150]
Epoch 2:  65%|██████▌   | 510/782 [00:09<00:05, 52.72it/s, loss=0.127, val/accuracy=0.945, val/loss=0.139, train/accuracy=0.943, train/loss=0.150]
Epoch 2:  65%|██████▌   | 510/782 [00:09<00:05, 52.72it/s, loss=0.127, val/accuracy=0.945, val/loss=0.139, train/accuracy=0.943, train/loss=0.150]
Epoch 2:  65%|██████▌   | 511/782 [00:09<00:05, 52.72it/s, loss=0.127, val/accuracy=0.945, val/loss=0.139, train/accuracy=0.943, train/loss=0.150]
Epoch 2:  65%|██████▌   | 511/782 [00:09<00:05, 52.72it/s, loss=0.124, val/accuracy=0.945, val/loss=0.139, train/accuracy=0.943, train/loss=0.150]
Epoch 2:  65%|██████▌   | 512/782 [00:09<00:05, 52.73it/s, loss=0.124, val/accuracy=0.945, val/loss=0.139, train/accuracy=0.943, train/loss=0.150]
Epoch 2:  65%|██████▌   | 512/782 [00:09<00:05, 52.72it/s, loss=0.122, val/accuracy=0.945, val/loss=0.139, train/accuracy=0.943, train/loss=0.150]
Epoch 2:  66%|██████▌   | 513/782 [00:09<00:05, 52.73it/s, loss=0.122, val/accuracy=0.945, val/loss=0.139, train/accuracy=0.943, train/loss=0.150]
Epoch 2:  66%|██████▌   | 513/782 [00:09<00:05, 52.73it/s, loss=0.12, val/accuracy=0.945, val/loss=0.139, train/accuracy=0.943, train/loss=0.150] 
Epoch 2:  66%|██████▌   | 514/782 [00:09<00:05, 52.73it/s, loss=0.12, val/accuracy=0.945, val/loss=0.139, train/accuracy=0.943, train/loss=0.150]
Epoch 2:  66%|██████▌   | 514/782 [00:09<00:05, 52.73it/s, loss=0.123, val/accuracy=0.945, val/loss=0.139, train/accuracy=0.943, train/loss=0.150]
Epoch 2:  66%|██████▌   | 515/782 [00:09<00:05, 52.74it/s, loss=0.123, val/accuracy=0.945, val/loss=0.139, train/accuracy=0.943, train/loss=0.150]
Epoch 2:  66%|██████▌   | 515/782 [00:09<00:05, 52.74it/s, loss=0.129, val/accuracy=0.945, val/loss=0.139, train/accuracy=0.943, train/loss=0.150]
Epoch 2:  66%|██████▌   | 516/782 [00:09<00:05, 52.74it/s, loss=0.129, val/accuracy=0.945, val/loss=0.139, train/accuracy=0.943, train/loss=0.150]
Epoch 2:  66%|██████▌   | 516/782 [00:09<00:05, 52.74it/s, loss=0.127, val/accuracy=0.945, val/loss=0.139, train/accuracy=0.943, train/loss=0.150]
Epoch 2:  66%|██████▌   | 517/782 [00:09<00:05, 52.75it/s, loss=0.127, val/accuracy=0.945, val/loss=0.139, train/accuracy=0.943, train/loss=0.150]
Epoch 2:  66%|██████▌   | 517/782 [00:09<00:05, 52.74it/s, loss=0.122, val/accuracy=0.945, val/loss=0.139, train/accuracy=0.943, train/loss=0.150]
Epoch 2:  66%|██████▌   | 518/782 [00:09<00:05, 52.75it/s, loss=0.122, val/accuracy=0.945, val/loss=0.139, train/accuracy=0.943, train/loss=0.150]
Epoch 2:  66%|██████▌   | 518/782 [00:09<00:05, 52.75it/s, loss=0.122, val/accuracy=0.945, val/loss=0.139, train/accuracy=0.943, train/loss=0.150]
Epoch 2:  66%|██████▋   | 519/782 [00:09<00:04, 52.75it/s, loss=0.122, val/accuracy=0.945, val/loss=0.139, train/accuracy=0.943, train/loss=0.150]
Epoch 2:  66%|██████▋   | 519/782 [00:09<00:04, 52.75it/s, loss=0.125, val/accuracy=0.945, val/loss=0.139, train/accuracy=0.943, train/loss=0.150]
Epoch 2:  66%|██████▋   | 520/782 [00:09<00:04, 52.76it/s, loss=0.125, val/accuracy=0.945, val/loss=0.139, train/accuracy=0.943, train/loss=0.150]
Epoch 2:  66%|██████▋   | 520/782 [00:09<00:04, 52.76it/s, loss=0.125, val/accuracy=0.945, val/loss=0.139, train/accuracy=0.943, train/loss=0.150]
Epoch 2:  67%|██████▋   | 521/782 [00:09<00:04, 52.76it/s, loss=0.125, val/accuracy=0.945, val/loss=0.139, train/accuracy=0.943, train/loss=0.150]
Epoch 2:  67%|██████▋   | 521/782 [00:09<00:04, 52.76it/s, loss=0.128, val/accuracy=0.945, val/loss=0.139, train/accuracy=0.943, train/loss=0.150]
Epoch 2:  67%|██████▋   | 522/782 [00:09<00:04, 52.77it/s, loss=0.128, val/accuracy=0.945, val/loss=0.139, train/accuracy=0.943, train/loss=0.150]
Epoch 2:  67%|██████▋   | 522/782 [00:09<00:04, 52.77it/s, loss=0.132, val/accuracy=0.945, val/loss=0.139, train/accuracy=0.943, train/loss=0.150]
Epoch 2:  67%|██████▋   | 523/782 [00:09<00:04, 52.77it/s, loss=0.132, val/accuracy=0.945, val/loss=0.139, train/accuracy=0.943, train/loss=0.150]
Epoch 2:  67%|██████▋   | 523/782 [00:09<00:04, 52.77it/s, loss=0.133, val/accuracy=0.945, val/loss=0.139, train/accuracy=0.943, train/loss=0.150]
Epoch 2:  67%|██████▋   | 524/782 [00:09<00:04, 52.78it/s, loss=0.133, val/accuracy=0.945, val/loss=0.139, train/accuracy=0.943, train/loss=0.150]
Epoch 2:  67%|██████▋   | 524/782 [00:09<00:04, 52.77it/s, loss=0.128, val/accuracy=0.945, val/loss=0.139, train/accuracy=0.943, train/loss=0.150]
Epoch 2:  67%|██████▋   | 525/782 [00:09<00:04, 52.78it/s, loss=0.128, val/accuracy=0.945, val/loss=0.139, train/accuracy=0.943, train/loss=0.150]
Epoch 2:  67%|██████▋   | 525/782 [00:09<00:04, 52.78it/s, loss=0.126, val/accuracy=0.945, val/loss=0.139, train/accuracy=0.943, train/loss=0.150]
Epoch 2:  67%|██████▋   | 526/782 [00:09<00:04, 52.78it/s, loss=0.126, val/accuracy=0.945, val/loss=0.139, train/accuracy=0.943, train/loss=0.150]
Epoch 2:  67%|██████▋   | 526/782 [00:09<00:04, 52.78it/s, loss=0.123, val/accuracy=0.945, val/loss=0.139, train/accuracy=0.943, train/loss=0.150]
Epoch 2:  67%|██████▋   | 527/782 [00:09<00:04, 52.79it/s, loss=0.123, val/accuracy=0.945, val/loss=0.139, train/accuracy=0.943, train/loss=0.150]
Epoch 2:  67%|██████▋   | 527/782 [00:09<00:04, 52.79it/s, loss=0.126, val/accuracy=0.945, val/loss=0.139, train/accuracy=0.943, train/loss=0.150]
Epoch 2:  68%|██████▊   | 528/782 [00:10<00:04, 52.79it/s, loss=0.126, val/accuracy=0.945, val/loss=0.139, train/accuracy=0.943, train/loss=0.150]
Epoch 2:  68%|██████▊   | 528/782 [00:10<00:04, 52.79it/s, loss=0.122, val/accuracy=0.945, val/loss=0.139, train/accuracy=0.943, train/loss=0.150]
Epoch 2:  68%|██████▊   | 529/782 [00:10<00:04, 52.80it/s, loss=0.122, val/accuracy=0.945, val/loss=0.139, train/accuracy=0.943, train/loss=0.150]
Epoch 2:  68%|██████▊   | 529/782 [00:10<00:04, 52.80it/s, loss=0.122, val/accuracy=0.945, val/loss=0.139, train/accuracy=0.943, train/loss=0.150]
Epoch 2:  68%|██████▊   | 530/782 [00:10<00:04, 52.80it/s, loss=0.122, val/accuracy=0.945, val/loss=0.139, train/accuracy=0.943, train/loss=0.150]
Epoch 2:  68%|██████▊   | 530/782 [00:10<00:04, 52.80it/s, loss=0.126, val/accuracy=0.945, val/loss=0.139, train/accuracy=0.943, train/loss=0.150]
Epoch 2:  68%|██████▊   | 531/782 [00:10<00:04, 52.81it/s, loss=0.126, val/accuracy=0.945, val/loss=0.139, train/accuracy=0.943, train/loss=0.150]
Epoch 2:  68%|██████▊   | 531/782 [00:10<00:04, 52.80it/s, loss=0.129, val/accuracy=0.945, val/loss=0.139, train/accuracy=0.943, train/loss=0.150]
Epoch 2:  68%|██████▊   | 532/782 [00:10<00:04, 52.81it/s, loss=0.129, val/accuracy=0.945, val/loss=0.139, train/accuracy=0.943, train/loss=0.150]
Epoch 2:  68%|██████▊   | 532/782 [00:10<00:04, 52.81it/s, loss=0.13, val/accuracy=0.945, val/loss=0.139, train/accuracy=0.943, train/loss=0.150] 
Epoch 2:  68%|██████▊   | 533/782 [00:10<00:04, 52.81it/s, loss=0.13, val/accuracy=0.945, val/loss=0.139, train/accuracy=0.943, train/loss=0.150]
Epoch 2:  68%|██████▊   | 533/782 [00:10<00:04, 52.81it/s, loss=0.13, val/accuracy=0.945, val/loss=0.139, train/accuracy=0.943, train/loss=0.150]
Epoch 2:  68%|██████▊   | 534/782 [00:10<00:04, 52.82it/s, loss=0.13, val/accuracy=0.945, val/loss=0.139, train/accuracy=0.943, train/loss=0.150]
Epoch 2:  68%|██████▊   | 534/782 [00:10<00:04, 52.82it/s, loss=0.129, val/accuracy=0.945, val/loss=0.139, train/accuracy=0.943, train/loss=0.150]
Epoch 2:  68%|██████▊   | 535/782 [00:10<00:04, 52.82it/s, loss=0.129, val/accuracy=0.945, val/loss=0.139, train/accuracy=0.943, train/loss=0.150]
Epoch 2:  68%|██████▊   | 535/782 [00:10<00:04, 52.82it/s, loss=0.123, val/accuracy=0.945, val/loss=0.139, train/accuracy=0.943, train/loss=0.150]
Epoch 2:  69%|██████▊   | 536/782 [00:10<00:04, 52.83it/s, loss=0.123, val/accuracy=0.945, val/loss=0.139, train/accuracy=0.943, train/loss=0.150]
Epoch 2:  69%|██████▊   | 536/782 [00:10<00:04, 52.82it/s, loss=0.124, val/accuracy=0.945, val/loss=0.139, train/accuracy=0.943, train/loss=0.150]
Epoch 2:  69%|██████▊   | 537/782 [00:10<00:04, 52.83it/s, loss=0.124, val/accuracy=0.945, val/loss=0.139, train/accuracy=0.943, train/loss=0.150]
Epoch 2:  69%|██████▊   | 537/782 [00:10<00:04, 52.83it/s, loss=0.119, val/accuracy=0.945, val/loss=0.139, train/accuracy=0.943, train/loss=0.150]
Epoch 2:  69%|██████▉   | 538/782 [00:10<00:04, 52.83it/s, loss=0.119, val/accuracy=0.945, val/loss=0.139, train/accuracy=0.943, train/loss=0.150]
Epoch 2:  69%|██████▉   | 538/782 [00:10<00:04, 52.83it/s, loss=0.12, val/accuracy=0.945, val/loss=0.139, train/accuracy=0.943, train/loss=0.150] 
Epoch 2:  69%|██████▉   | 539/782 [00:10<00:04, 52.84it/s, loss=0.12, val/accuracy=0.945, val/loss=0.139, train/accuracy=0.943, train/loss=0.150]
Epoch 2:  69%|██████▉   | 539/782 [00:10<00:04, 52.84it/s, loss=0.122, val/accuracy=0.945, val/loss=0.139, train/accuracy=0.943, train/loss=0.150]
Epoch 2:  69%|██████▉   | 540/782 [00:10<00:04, 52.84it/s, loss=0.122, val/accuracy=0.945, val/loss=0.139, train/accuracy=0.943, train/loss=0.150]
Epoch 2:  69%|██████▉   | 540/782 [00:10<00:04, 52.84it/s, loss=0.121, val/accuracy=0.945, val/loss=0.139, train/accuracy=0.943, train/loss=0.150]
Epoch 2:  69%|██████▉   | 541/782 [00:10<00:04, 52.85it/s, loss=0.121, val/accuracy=0.945, val/loss=0.139, train/accuracy=0.943, train/loss=0.150]
Epoch 2:  69%|██████▉   | 541/782 [00:10<00:04, 52.84it/s, loss=0.114, val/accuracy=0.945, val/loss=0.139, train/accuracy=0.943, train/loss=0.150]
Epoch 2:  69%|██████▉   | 542/782 [00:10<00:04, 52.85it/s, loss=0.114, val/accuracy=0.945, val/loss=0.139, train/accuracy=0.943, train/loss=0.150]
Epoch 2:  69%|██████▉   | 542/782 [00:10<00:04, 52.85it/s, loss=0.114, val/accuracy=0.945, val/loss=0.139, train/accuracy=0.943, train/loss=0.150]
Epoch 2:  69%|██████▉   | 543/782 [00:10<00:04, 52.85it/s, loss=0.114, val/accuracy=0.945, val/loss=0.139, train/accuracy=0.943, train/loss=0.150]
Epoch 2:  69%|██████▉   | 543/782 [00:10<00:04, 52.85it/s, loss=0.113, val/accuracy=0.945, val/loss=0.139, train/accuracy=0.943, train/loss=0.150]
Epoch 2:  70%|██████▉   | 544/782 [00:10<00:04, 52.86it/s, loss=0.113, val/accuracy=0.945, val/loss=0.139, train/accuracy=0.943, train/loss=0.150]
Epoch 2:  70%|██████▉   | 544/782 [00:10<00:04, 52.86it/s, loss=0.11, val/accuracy=0.945, val/loss=0.139, train/accuracy=0.943, train/loss=0.150] 
Epoch 2:  70%|██████▉   | 545/782 [00:10<00:04, 52.86it/s, loss=0.11, val/accuracy=0.945, val/loss=0.139, train/accuracy=0.943, train/loss=0.150]
Epoch 2:  70%|██████▉   | 545/782 [00:10<00:04, 52.86it/s, loss=0.11, val/accuracy=0.945, val/loss=0.139, train/accuracy=0.943, train/loss=0.150]
Epoch 2:  70%|██████▉   | 546/782 [00:10<00:04, 52.86it/s, loss=0.11, val/accuracy=0.945, val/loss=0.139, train/accuracy=0.943, train/loss=0.150]
Epoch 2:  70%|██████▉   | 546/782 [00:10<00:04, 52.86it/s, loss=0.109, val/accuracy=0.945, val/loss=0.139, train/accuracy=0.943, train/loss=0.150]
Epoch 2:  70%|██████▉   | 547/782 [00:10<00:04, 52.87it/s, loss=0.109, val/accuracy=0.945, val/loss=0.139, train/accuracy=0.943, train/loss=0.150]
Epoch 2:  70%|██████▉   | 547/782 [00:10<00:04, 52.86it/s, loss=0.108, val/accuracy=0.945, val/loss=0.139, train/accuracy=0.943, train/loss=0.150]
Epoch 2:  70%|███████   | 548/782 [00:10<00:04, 52.87it/s, loss=0.108, val/accuracy=0.945, val/loss=0.139, train/accuracy=0.943, train/loss=0.150]
Epoch 2:  70%|███████   | 548/782 [00:10<00:04, 52.87it/s, loss=0.11, val/accuracy=0.945, val/loss=0.139, train/accuracy=0.943, train/loss=0.150] 
Epoch 2:  70%|███████   | 549/782 [00:10<00:04, 52.87it/s, loss=0.11, val/accuracy=0.945, val/loss=0.139, train/accuracy=0.943, train/loss=0.150]
Epoch 2:  70%|███████   | 549/782 [00:10<00:04, 52.87it/s, loss=0.109, val/accuracy=0.945, val/loss=0.139, train/accuracy=0.943, train/loss=0.150]
Epoch 2:  70%|███████   | 550/782 [00:10<00:04, 52.88it/s, loss=0.109, val/accuracy=0.945, val/loss=0.139, train/accuracy=0.943, train/loss=0.150]
Epoch 2:  70%|███████   | 550/782 [00:10<00:04, 52.88it/s, loss=0.109, val/accuracy=0.945, val/loss=0.139, train/accuracy=0.943, train/loss=0.150]
Epoch 2:  70%|███████   | 551/782 [00:10<00:04, 52.88it/s, loss=0.109, val/accuracy=0.945, val/loss=0.139, train/accuracy=0.943, train/loss=0.150]
Epoch 2:  70%|███████   | 551/782 [00:10<00:04, 52.88it/s, loss=0.108, val/accuracy=0.945, val/loss=0.139, train/accuracy=0.943, train/loss=0.150]
Epoch 2:  71%|███████   | 552/782 [00:10<00:04, 52.88it/s, loss=0.108, val/accuracy=0.945, val/loss=0.139, train/accuracy=0.943, train/loss=0.150]
Epoch 2:  71%|███████   | 552/782 [00:10<00:04, 52.88it/s, loss=0.11, val/accuracy=0.945, val/loss=0.139, train/accuracy=0.943, train/loss=0.150] 
Epoch 2:  71%|███████   | 553/782 [00:10<00:04, 52.89it/s, loss=0.11, val/accuracy=0.945, val/loss=0.139, train/accuracy=0.943, train/loss=0.150]
Epoch 2:  71%|███████   | 553/782 [00:10<00:04, 52.89it/s, loss=0.109, val/accuracy=0.945, val/loss=0.139, train/accuracy=0.943, train/loss=0.150]
Epoch 2:  71%|███████   | 554/782 [00:10<00:04, 52.89it/s, loss=0.109, val/accuracy=0.945, val/loss=0.139, train/accuracy=0.943, train/loss=0.150]
Epoch 2:  71%|███████   | 554/782 [00:10<00:04, 52.89it/s, loss=0.106, val/accuracy=0.945, val/loss=0.139, train/accuracy=0.943, train/loss=0.150]
Epoch 2:  71%|███████   | 555/782 [00:10<00:04, 52.89it/s, loss=0.106, val/accuracy=0.945, val/loss=0.139, train/accuracy=0.943, train/loss=0.150]
Epoch 2:  71%|███████   | 555/782 [00:10<00:04, 52.89it/s, loss=0.107, val/accuracy=0.945, val/loss=0.139, train/accuracy=0.943, train/loss=0.150]
Epoch 2:  71%|███████   | 556/782 [00:10<00:04, 52.90it/s, loss=0.107, val/accuracy=0.945, val/loss=0.139, train/accuracy=0.943, train/loss=0.150]
Epoch 2:  71%|███████   | 556/782 [00:10<00:04, 52.90it/s, loss=0.107, val/accuracy=0.945, val/loss=0.139, train/accuracy=0.943, train/loss=0.150]
Epoch 2:  71%|███████   | 557/782 [00:10<00:04, 52.89it/s, loss=0.107, val/accuracy=0.945, val/loss=0.139, train/accuracy=0.943, train/loss=0.150]
Epoch 2:  71%|███████   | 557/782 [00:10<00:04, 52.89it/s, loss=0.111, val/accuracy=0.945, val/loss=0.139, train/accuracy=0.943, train/loss=0.150]
Epoch 2:  71%|███████▏  | 558/782 [00:10<00:04, 52.89it/s, loss=0.111, val/accuracy=0.945, val/loss=0.139, train/accuracy=0.943, train/loss=0.150]
Epoch 2:  71%|███████▏  | 558/782 [00:10<00:04, 52.89it/s, loss=0.112, val/accuracy=0.945, val/loss=0.139, train/accuracy=0.943, train/loss=0.150]
Epoch 2:  71%|███████▏  | 559/782 [00:10<00:04, 52.89it/s, loss=0.112, val/accuracy=0.945, val/loss=0.139, train/accuracy=0.943, train/loss=0.150]
Epoch 2:  71%|███████▏  | 559/782 [00:10<00:04, 52.89it/s, loss=0.108, val/accuracy=0.945, val/loss=0.139, train/accuracy=0.943, train/loss=0.150]
Epoch 2:  72%|███████▏  | 560/782 [00:10<00:04, 52.90it/s, loss=0.108, val/accuracy=0.945, val/loss=0.139, train/accuracy=0.943, train/loss=0.150]
Epoch 2:  72%|███████▏  | 560/782 [00:10<00:04, 52.90it/s, loss=0.107, val/accuracy=0.945, val/loss=0.139, train/accuracy=0.943, train/loss=0.150]
Epoch 2:  72%|███████▏  | 561/782 [00:10<00:04, 52.90it/s, loss=0.107, val/accuracy=0.945, val/loss=0.139, train/accuracy=0.943, train/loss=0.150]
Epoch 2:  72%|███████▏  | 561/782 [00:10<00:04, 52.90it/s, loss=0.112, val/accuracy=0.945, val/loss=0.139, train/accuracy=0.943, train/loss=0.150]
Epoch 2:  72%|███████▏  | 562/782 [00:10<00:04, 52.90it/s, loss=0.112, val/accuracy=0.945, val/loss=0.139, train/accuracy=0.943, train/loss=0.150]
Epoch 2:  72%|███████▏  | 562/782 [00:10<00:04, 52.90it/s, loss=0.109, val/accuracy=0.945, val/loss=0.139, train/accuracy=0.943, train/loss=0.150]
Epoch 2:  72%|███████▏  | 563/782 [00:10<00:04, 52.91it/s, loss=0.109, val/accuracy=0.945, val/loss=0.139, train/accuracy=0.943, train/loss=0.150]
Epoch 2:  72%|███████▏  | 563/782 [00:10<00:04, 52.91it/s, loss=0.114, val/accuracy=0.945, val/loss=0.139, train/accuracy=0.943, train/loss=0.150]
Epoch 2:  72%|███████▏  | 564/782 [00:10<00:04, 52.91it/s, loss=0.114, val/accuracy=0.945, val/loss=0.139, train/accuracy=0.943, train/loss=0.150]
Epoch 2:  72%|███████▏  | 564/782 [00:10<00:04, 52.91it/s, loss=0.114, val/accuracy=0.945, val/loss=0.139, train/accuracy=0.943, train/loss=0.150]
Epoch 2:  72%|███████▏  | 565/782 [00:10<00:04, 52.91it/s, loss=0.114, val/accuracy=0.945, val/loss=0.139, train/accuracy=0.943, train/loss=0.150]
Epoch 2:  72%|███████▏  | 565/782 [00:10<00:04, 52.91it/s, loss=0.113, val/accuracy=0.945, val/loss=0.139, train/accuracy=0.943, train/loss=0.150]
Epoch 2:  72%|███████▏  | 566/782 [00:10<00:04, 52.92it/s, loss=0.113, val/accuracy=0.945, val/loss=0.139, train/accuracy=0.943, train/loss=0.150]
Epoch 2:  72%|███████▏  | 566/782 [00:10<00:04, 52.92it/s, loss=0.114, val/accuracy=0.945, val/loss=0.139, train/accuracy=0.943, train/loss=0.150]
Epoch 2:  73%|███████▎  | 567/782 [00:10<00:04, 52.92it/s, loss=0.114, val/accuracy=0.945, val/loss=0.139, train/accuracy=0.943, train/loss=0.150]
Epoch 2:  73%|███████▎  | 567/782 [00:10<00:04, 52.92it/s, loss=0.113, val/accuracy=0.945, val/loss=0.139, train/accuracy=0.943, train/loss=0.150]
Epoch 2:  73%|███████▎  | 568/782 [00:10<00:04, 52.93it/s, loss=0.113, val/accuracy=0.945, val/loss=0.139, train/accuracy=0.943, train/loss=0.150]
Epoch 2:  73%|███████▎  | 568/782 [00:10<00:04, 52.92it/s, loss=0.113, val/accuracy=0.945, val/loss=0.139, train/accuracy=0.943, train/loss=0.150]
Epoch 2:  73%|███████▎  | 569/782 [00:10<00:04, 52.93it/s, loss=0.113, val/accuracy=0.945, val/loss=0.139, train/accuracy=0.943, train/loss=0.150]
Epoch 2:  73%|███████▎  | 569/782 [00:10<00:04, 52.93it/s, loss=0.115, val/accuracy=0.945, val/loss=0.139, train/accuracy=0.943, train/loss=0.150]
Epoch 2:  73%|███████▎  | 570/782 [00:10<00:04, 52.93it/s, loss=0.115, val/accuracy=0.945, val/loss=0.139, train/accuracy=0.943, train/loss=0.150]
Epoch 2:  73%|███████▎  | 570/782 [00:10<00:04, 52.93it/s, loss=0.11, val/accuracy=0.945, val/loss=0.139, train/accuracy=0.943, train/loss=0.150] 
Epoch 2:  73%|███████▎  | 571/782 [00:10<00:03, 52.93it/s, loss=0.11, val/accuracy=0.945, val/loss=0.139, train/accuracy=0.943, train/loss=0.150]
Epoch 2:  73%|███████▎  | 571/782 [00:10<00:03, 52.93it/s, loss=0.111, val/accuracy=0.945, val/loss=0.139, train/accuracy=0.943, train/loss=0.150]
Epoch 2:  73%|███████▎  | 572/782 [00:10<00:03, 52.94it/s, loss=0.111, val/accuracy=0.945, val/loss=0.139, train/accuracy=0.943, train/loss=0.150]
Epoch 2:  73%|███████▎  | 572/782 [00:10<00:03, 52.94it/s, loss=0.11, val/accuracy=0.945, val/loss=0.139, train/accuracy=0.943, train/loss=0.150] 
Epoch 2:  73%|███████▎  | 573/782 [00:10<00:03, 52.94it/s, loss=0.11, val/accuracy=0.945, val/loss=0.139, train/accuracy=0.943, train/loss=0.150]
Epoch 2:  73%|███████▎  | 573/782 [00:10<00:03, 52.94it/s, loss=0.11, val/accuracy=0.945, val/loss=0.139, train/accuracy=0.943, train/loss=0.150]
Epoch 2:  73%|███████▎  | 574/782 [00:10<00:03, 52.94it/s, loss=0.11, val/accuracy=0.945, val/loss=0.139, train/accuracy=0.943, train/loss=0.150]
Epoch 2:  73%|███████▎  | 574/782 [00:10<00:03, 52.94it/s, loss=0.113, val/accuracy=0.945, val/loss=0.139, train/accuracy=0.943, train/loss=0.150]
Epoch 2:  74%|███████▎  | 575/782 [00:10<00:03, 52.95it/s, loss=0.113, val/accuracy=0.945, val/loss=0.139, train/accuracy=0.943, train/loss=0.150]
Epoch 2:  74%|███████▎  | 575/782 [00:10<00:03, 52.95it/s, loss=0.113, val/accuracy=0.945, val/loss=0.139, train/accuracy=0.943, train/loss=0.150]
Epoch 2:  74%|███████▎  | 576/782 [00:10<00:03, 52.95it/s, loss=0.113, val/accuracy=0.945, val/loss=0.139, train/accuracy=0.943, train/loss=0.150]
Epoch 2:  74%|███████▎  | 576/782 [00:10<00:03, 52.95it/s, loss=0.113, val/accuracy=0.945, val/loss=0.139, train/accuracy=0.943, train/loss=0.150]
Epoch 2:  74%|███████▍  | 577/782 [00:10<00:03, 52.95it/s, loss=0.113, val/accuracy=0.945, val/loss=0.139, train/accuracy=0.943, train/loss=0.150]
Epoch 2:  74%|███████▍  | 577/782 [00:10<00:03, 52.95it/s, loss=0.114, val/accuracy=0.945, val/loss=0.139, train/accuracy=0.943, train/loss=0.150]
Epoch 2:  74%|███████▍  | 578/782 [00:10<00:03, 52.96it/s, loss=0.114, val/accuracy=0.945, val/loss=0.139, train/accuracy=0.943, train/loss=0.150]
Epoch 2:  74%|███████▍  | 578/782 [00:10<00:03, 52.96it/s, loss=0.122, val/accuracy=0.945, val/loss=0.139, train/accuracy=0.943, train/loss=0.150]
Epoch 2:  74%|███████▍  | 579/782 [00:10<00:03, 52.96it/s, loss=0.122, val/accuracy=0.945, val/loss=0.139, train/accuracy=0.943, train/loss=0.150]
Epoch 2:  74%|███████▍  | 579/782 [00:10<00:03, 52.96it/s, loss=0.121, val/accuracy=0.945, val/loss=0.139, train/accuracy=0.943, train/loss=0.150]
Epoch 2:  74%|███████▍  | 580/782 [00:10<00:03, 52.96it/s, loss=0.121, val/accuracy=0.945, val/loss=0.139, train/accuracy=0.943, train/loss=0.150]
Epoch 2:  74%|███████▍  | 580/782 [00:10<00:03, 52.96it/s, loss=0.122, val/accuracy=0.945, val/loss=0.139, train/accuracy=0.943, train/loss=0.150]
Epoch 2:  74%|███████▍  | 581/782 [00:10<00:03, 52.96it/s, loss=0.122, val/accuracy=0.945, val/loss=0.139, train/accuracy=0.943, train/loss=0.150]
Epoch 2:  74%|███████▍  | 581/782 [00:10<00:03, 52.96it/s, loss=0.118, val/accuracy=0.945, val/loss=0.139, train/accuracy=0.943, train/loss=0.150]
Epoch 2:  74%|███████▍  | 582/782 [00:10<00:03, 52.97it/s, loss=0.118, val/accuracy=0.945, val/loss=0.139, train/accuracy=0.943, train/loss=0.150]
Epoch 2:  74%|███████▍  | 582/782 [00:10<00:03, 52.97it/s, loss=0.124, val/accuracy=0.945, val/loss=0.139, train/accuracy=0.943, train/loss=0.150]
Epoch 2:  75%|███████▍  | 583/782 [00:11<00:03, 52.97it/s, loss=0.124, val/accuracy=0.945, val/loss=0.139, train/accuracy=0.943, train/loss=0.150]
Epoch 2:  75%|███████▍  | 583/782 [00:11<00:03, 52.97it/s, loss=0.121, val/accuracy=0.945, val/loss=0.139, train/accuracy=0.943, train/loss=0.150]
Epoch 2:  75%|███████▍  | 584/782 [00:11<00:03, 52.94it/s, loss=0.121, val/accuracy=0.945, val/loss=0.139, train/accuracy=0.943, train/loss=0.150]
Epoch 2:  75%|███████▍  | 584/782 [00:11<00:03, 52.94it/s, loss=0.126, val/accuracy=0.945, val/loss=0.139, train/accuracy=0.943, train/loss=0.150]
Epoch 2:  75%|███████▍  | 585/782 [00:11<00:03, 52.91it/s, loss=0.126, val/accuracy=0.945, val/loss=0.139, train/accuracy=0.943, train/loss=0.150]
Epoch 2:  75%|███████▍  | 585/782 [00:11<00:03, 52.91it/s, loss=0.131, val/accuracy=0.945, val/loss=0.139, train/accuracy=0.943, train/loss=0.150]
Epoch 2:  75%|███████▍  | 586/782 [00:11<00:03, 52.91it/s, loss=0.131, val/accuracy=0.945, val/loss=0.139, train/accuracy=0.943, train/loss=0.150]
Epoch 2:  75%|███████▍  | 586/782 [00:11<00:03, 52.90it/s, loss=0.131, val/accuracy=0.945, val/loss=0.139, train/accuracy=0.943, train/loss=0.150]

Validation: 0it [00:00, ?it/s][A

Validation:   0%|          | 0/196 [00:00<?, ?it/s][A

Validation DataLoader 0:   0%|          | 0/196 [00:00<?, ?it/s][A

Validation DataLoader 0:   1%|          | 1/196 [00:00<00:01, 131.28it/s][A
Epoch 2:  75%|███████▌  | 587/782 [00:11<00:03, 52.28it/s, loss=0.131, val/accuracy=0.945, val/loss=0.139, train/accuracy=0.943, train/loss=0.150]

Validation DataLoader 0:   1%|          | 2/196 [00:00<00:02, 91.94it/s] [A
Epoch 2:  75%|███████▌  | 588/782 [00:11<00:03, 52.31it/s, loss=0.131, val/accuracy=0.945, val/loss=0.139, train/accuracy=0.943, train/loss=0.150]

Validation DataLoader 0:   2%|▏         | 3/196 [00:00<00:02, 75.94it/s][A
Epoch 2:  75%|███████▌  | 589/782 [00:11<00:03, 52.31it/s, loss=0.131, val/accuracy=0.945, val/loss=0.139, train/accuracy=0.943, train/loss=0.150]

Validation DataLoader 0:   2%|▏         | 4/196 [00:00<00:02, 70.02it/s][A
Epoch 2:  75%|███████▌  | 590/782 [00:11<00:03, 52.32it/s, loss=0.131, val/accuracy=0.945, val/loss=0.139, train/accuracy=0.943, train/loss=0.150]

Validation DataLoader 0:   3%|▎         | 5/196 [00:00<00:02, 67.00it/s][A
Epoch 2:  76%|███████▌  | 591/782 [00:11<00:03, 52.33it/s, loss=0.131, val/accuracy=0.945, val/loss=0.139, train/accuracy=0.943, train/loss=0.150]

Validation DataLoader 0:   3%|▎         | 6/196 [00:00<00:02, 64.96it/s][A
Epoch 2:  76%|███████▌  | 592/782 [00:11<00:03, 52.34it/s, loss=0.131, val/accuracy=0.945, val/loss=0.139, train/accuracy=0.943, train/loss=0.150]

Validation DataLoader 0:   4%|▎         | 7/196 [00:00<00:02, 66.75it/s][A
Epoch 2:  76%|███████▌  | 593/782 [00:11<00:03, 52.37it/s, loss=0.131, val/accuracy=0.945, val/loss=0.139, train/accuracy=0.943, train/loss=0.150]

Validation DataLoader 0:   4%|▍         | 8/196 [00:00<00:02, 63.04it/s][A
Epoch 2:  76%|███████▌  | 594/782 [00:11<00:03, 52.35it/s, loss=0.131, val/accuracy=0.945, val/loss=0.139, train/accuracy=0.943, train/loss=0.150]

Validation DataLoader 0:   5%|▍         | 9/196 [00:00<00:02, 64.46it/s][A
Epoch 2:  76%|███████▌  | 595/782 [00:11<00:03, 52.38it/s, loss=0.131, val/accuracy=0.945, val/loss=0.139, train/accuracy=0.943, train/loss=0.150]

Validation DataLoader 0:   5%|▌         | 10/196 [00:00<00:03, 61.69it/s][A
Epoch 2:  76%|███████▌  | 596/782 [00:11<00:03, 52.37it/s, loss=0.131, val/accuracy=0.945, val/loss=0.139, train/accuracy=0.943, train/loss=0.150]

Validation DataLoader 0:   6%|▌         | 11/196 [00:00<00:03, 61.25it/s][A
Epoch 2:  76%|███████▋  | 597/782 [00:11<00:03, 52.37it/s, loss=0.131, val/accuracy=0.945, val/loss=0.139, train/accuracy=0.943, train/loss=0.150]

Validation DataLoader 0:   6%|▌         | 12/196 [00:00<00:02, 63.16it/s][A
Epoch 2:  76%|███████▋  | 598/782 [00:11<00:03, 52.41it/s, loss=0.131, val/accuracy=0.945, val/loss=0.139, train/accuracy=0.943, train/loss=0.150]

Validation DataLoader 0:   7%|▋         | 13/196 [00:00<00:03, 60.49it/s][A
Epoch 2:  77%|███████▋  | 599/782 [00:11<00:03, 52.39it/s, loss=0.131, val/accuracy=0.945, val/loss=0.139, train/accuracy=0.943, train/loss=0.150]

Validation DataLoader 0:   7%|▋         | 14/196 [00:00<00:03, 60.17it/s][A
Epoch 2:  77%|███████▋  | 600/782 [00:11<00:03, 52.39it/s, loss=0.131, val/accuracy=0.945, val/loss=0.139, train/accuracy=0.943, train/loss=0.150]

Validation DataLoader 0:   8%|▊         | 15/196 [00:00<00:03, 59.95it/s][A
Epoch 2:  77%|███████▋  | 601/782 [00:11<00:03, 52.40it/s, loss=0.131, val/accuracy=0.945, val/loss=0.139, train/accuracy=0.943, train/loss=0.150]

Validation DataLoader 0:   8%|▊         | 16/196 [00:00<00:02, 60.36it/s][A
Epoch 2:  77%|███████▋  | 602/782 [00:11<00:03, 52.42it/s, loss=0.131, val/accuracy=0.945, val/loss=0.139, train/accuracy=0.943, train/loss=0.150]

Validation DataLoader 0:   9%|▊         | 17/196 [00:00<00:03, 59.47it/s][A
Epoch 2:  77%|███████▋  | 603/782 [00:11<00:03, 52.41it/s, loss=0.131, val/accuracy=0.945, val/loss=0.139, train/accuracy=0.943, train/loss=0.150]

Validation DataLoader 0:   9%|▉         | 18/196 [00:00<00:02, 60.30it/s][A
Epoch 2:  77%|███████▋  | 604/782 [00:11<00:03, 52.44it/s, loss=0.131, val/accuracy=0.945, val/loss=0.139, train/accuracy=0.943, train/loss=0.150]

Validation DataLoader 0:  10%|▉         | 19/196 [00:00<00:02, 59.28it/s][A
Epoch 2:  77%|███████▋  | 605/782 [00:11<00:03, 52.43it/s, loss=0.131, val/accuracy=0.945, val/loss=0.139, train/accuracy=0.943, train/loss=0.150]

Validation DataLoader 0:  10%|█         | 20/196 [00:00<00:02, 60.27it/s][A
Epoch 2:  77%|███████▋  | 606/782 [00:11<00:03, 52.46it/s, loss=0.131, val/accuracy=0.945, val/loss=0.139, train/accuracy=0.943, train/loss=0.150]

Validation DataLoader 0:  11%|█         | 21/196 [00:00<00:02, 59.18it/s][A
Epoch 2:  78%|███████▊  | 607/782 [00:11<00:03, 52.44it/s, loss=0.131, val/accuracy=0.945, val/loss=0.139, train/accuracy=0.943, train/loss=0.150]

Validation DataLoader 0:  11%|█         | 22/196 [00:00<00:02, 60.20it/s][A
Epoch 2:  78%|███████▊  | 608/782 [00:11<00:03, 52.48it/s, loss=0.131, val/accuracy=0.945, val/loss=0.139, train/accuracy=0.943, train/loss=0.150]

Validation DataLoader 0:  12%|█▏        | 23/196 [00:00<00:02, 59.02it/s][A
Epoch 2:  78%|███████▊  | 609/782 [00:11<00:03, 52.46it/s, loss=0.131, val/accuracy=0.945, val/loss=0.139, train/accuracy=0.943, train/loss=0.150]

Validation DataLoader 0:  12%|█▏        | 24/196 [00:00<00:02, 59.73it/s][A
Epoch 2:  78%|███████▊  | 610/782 [00:11<00:03, 52.49it/s, loss=0.131, val/accuracy=0.945, val/loss=0.139, train/accuracy=0.943, train/loss=0.150]

Validation DataLoader 0:  13%|█▎        | 25/196 [00:00<00:02, 58.87it/s][A
Epoch 2:  78%|███████▊  | 611/782 [00:11<00:03, 52.47it/s, loss=0.131, val/accuracy=0.945, val/loss=0.139, train/accuracy=0.943, train/loss=0.150]

Validation DataLoader 0:  13%|█▎        | 26/196 [00:00<00:02, 58.83it/s][A
Epoch 2:  78%|███████▊  | 612/782 [00:11<00:03, 52.48it/s, loss=0.131, val/accuracy=0.945, val/loss=0.139, train/accuracy=0.943, train/loss=0.150]

Validation DataLoader 0:  14%|█▍        | 27/196 [00:00<00:02, 58.72it/s][A
Epoch 2:  78%|███████▊  | 613/782 [00:11<00:03, 52.49it/s, loss=0.131, val/accuracy=0.945, val/loss=0.139, train/accuracy=0.943, train/loss=0.150]

Validation DataLoader 0:  14%|█▍        | 28/196 [00:00<00:02, 58.67it/s][A
Epoch 2:  79%|███████▊  | 614/782 [00:11<00:03, 52.49it/s, loss=0.131, val/accuracy=0.945, val/loss=0.139, train/accuracy=0.943, train/loss=0.150]

Validation DataLoader 0:  15%|█▍        | 29/196 [00:00<00:02, 59.26it/s][A
Epoch 2:  79%|███████▊  | 615/782 [00:11<00:03, 52.53it/s, loss=0.131, val/accuracy=0.945, val/loss=0.139, train/accuracy=0.943, train/loss=0.150]

Validation DataLoader 0:  15%|█▌        | 30/196 [00:00<00:02, 58.54it/s][A
Epoch 2:  79%|███████▉  | 616/782 [00:11<00:03, 52.51it/s, loss=0.131, val/accuracy=0.945, val/loss=0.139, train/accuracy=0.943, train/loss=0.150]

Validation DataLoader 0:  16%|█▌        | 31/196 [00:00<00:02, 58.53it/s][A
Epoch 2:  79%|███████▉  | 617/782 [00:11<00:03, 52.51it/s, loss=0.131, val/accuracy=0.945, val/loss=0.139, train/accuracy=0.943, train/loss=0.150]

Validation DataLoader 0:  16%|█▋        | 32/196 [00:00<00:02, 59.12it/s][A
Epoch 2:  79%|███████▉  | 618/782 [00:11<00:03, 52.55it/s, loss=0.131, val/accuracy=0.945, val/loss=0.139, train/accuracy=0.943, train/loss=0.150]

Validation DataLoader 0:  17%|█▋        | 33/196 [00:00<00:02, 58.45it/s][A
Epoch 2:  79%|███████▉  | 619/782 [00:11<00:03, 52.53it/s, loss=0.131, val/accuracy=0.945, val/loss=0.139, train/accuracy=0.943, train/loss=0.150]

Validation DataLoader 0:  17%|█▋        | 34/196 [00:00<00:02, 58.90it/s][A
Epoch 2:  79%|███████▉  | 620/782 [00:11<00:03, 52.56it/s, loss=0.131, val/accuracy=0.945, val/loss=0.139, train/accuracy=0.943, train/loss=0.150]

Validation DataLoader 0:  18%|█▊        | 35/196 [00:00<00:02, 58.44it/s][A
Epoch 2:  79%|███████▉  | 621/782 [00:11<00:03, 52.55it/s, loss=0.131, val/accuracy=0.945, val/loss=0.139, train/accuracy=0.943, train/loss=0.150]

Validation DataLoader 0:  18%|█▊        | 36/196 [00:00<00:02, 59.10it/s][A
Epoch 2:  80%|███████▉  | 622/782 [00:11<00:03, 52.58it/s, loss=0.131, val/accuracy=0.945, val/loss=0.139, train/accuracy=0.943, train/loss=0.150]

Validation DataLoader 0:  19%|█▉        | 37/196 [00:00<00:02, 58.44it/s][A
Epoch 2:  80%|███████▉  | 623/782 [00:11<00:03, 52.56it/s, loss=0.131, val/accuracy=0.945, val/loss=0.139, train/accuracy=0.943, train/loss=0.150]

Validation DataLoader 0:  19%|█▉        | 38/196 [00:00<00:02, 59.07it/s][A
Epoch 2:  80%|███████▉  | 624/782 [00:11<00:03, 52.60it/s, loss=0.131, val/accuracy=0.945, val/loss=0.139, train/accuracy=0.943, train/loss=0.150]

Validation DataLoader 0:  20%|█▉        | 39/196 [00:00<00:02, 58.45it/s][A
Epoch 2:  80%|███████▉  | 625/782 [00:11<00:02, 52.58it/s, loss=0.131, val/accuracy=0.945, val/loss=0.139, train/accuracy=0.943, train/loss=0.150]

Validation DataLoader 0:  20%|██        | 40/196 [00:00<00:02, 59.00it/s][A
Epoch 2:  80%|████████  | 626/782 [00:11<00:02, 52.62it/s, loss=0.131, val/accuracy=0.945, val/loss=0.139, train/accuracy=0.943, train/loss=0.150]

Validation DataLoader 0:  21%|██        | 41/196 [00:00<00:02, 58.46it/s][A
Epoch 2:  80%|████████  | 627/782 [00:11<00:02, 52.60it/s, loss=0.131, val/accuracy=0.945, val/loss=0.139, train/accuracy=0.943, train/loss=0.150]

Validation DataLoader 0:  21%|██▏       | 42/196 [00:00<00:02, 59.07it/s][A
Epoch 2:  80%|████████  | 628/782 [00:11<00:02, 52.64it/s, loss=0.131, val/accuracy=0.945, val/loss=0.139, train/accuracy=0.943, train/loss=0.150]

Validation DataLoader 0:  22%|██▏       | 43/196 [00:00<00:02, 58.47it/s][A
Epoch 2:  80%|████████  | 629/782 [00:11<00:02, 52.61it/s, loss=0.131, val/accuracy=0.945, val/loss=0.139, train/accuracy=0.943, train/loss=0.150]

Validation DataLoader 0:  22%|██▏       | 44/196 [00:00<00:02, 59.12it/s][A
Epoch 2:  81%|████████  | 630/782 [00:11<00:02, 52.66it/s, loss=0.131, val/accuracy=0.945, val/loss=0.139, train/accuracy=0.943, train/loss=0.150]

Validation DataLoader 0:  23%|██▎       | 45/196 [00:00<00:02, 59.12it/s][A
Epoch 2:  81%|████████  | 631/782 [00:11<00:02, 52.67it/s, loss=0.131, val/accuracy=0.945, val/loss=0.139, train/accuracy=0.943, train/loss=0.150]

Validation DataLoader 0:  23%|██▎       | 46/196 [00:00<00:02, 58.45it/s][A
Epoch 2:  81%|████████  | 632/782 [00:12<00:02, 52.64it/s, loss=0.131, val/accuracy=0.945, val/loss=0.139, train/accuracy=0.943, train/loss=0.150]

Validation DataLoader 0:  24%|██▍       | 47/196 [00:00<00:02, 58.75it/s][A
Epoch 2:  81%|████████  | 633/782 [00:12<00:02, 52.67it/s, loss=0.131, val/accuracy=0.945, val/loss=0.139, train/accuracy=0.943, train/loss=0.150]

Validation DataLoader 0:  24%|██▍       | 48/196 [00:00<00:02, 58.87it/s][A
Epoch 2:  81%|████████  | 634/782 [00:12<00:02, 52.68it/s, loss=0.131, val/accuracy=0.945, val/loss=0.139, train/accuracy=0.943, train/loss=0.150]

Validation DataLoader 0:  25%|██▌       | 49/196 [00:00<00:02, 58.45it/s][A
Epoch 2:  81%|████████  | 635/782 [00:12<00:02, 52.66it/s, loss=0.131, val/accuracy=0.945, val/loss=0.139, train/accuracy=0.943, train/loss=0.150]

Validation DataLoader 0:  26%|██▌       | 50/196 [00:00<00:02, 58.99it/s][A
Epoch 2:  81%|████████▏ | 636/782 [00:12<00:02, 52.71it/s, loss=0.131, val/accuracy=0.945, val/loss=0.139, train/accuracy=0.943, train/loss=0.150]

Validation DataLoader 0:  26%|██▌       | 51/196 [00:00<00:02, 58.42it/s][A
Epoch 2:  81%|████████▏ | 637/782 [00:12<00:02, 52.68it/s, loss=0.131, val/accuracy=0.945, val/loss=0.139, train/accuracy=0.943, train/loss=0.150]

Validation DataLoader 0:  27%|██▋       | 52/196 [00:00<00:02, 58.79it/s][A
Epoch 2:  82%|████████▏ | 638/782 [00:12<00:02, 52.71it/s, loss=0.131, val/accuracy=0.945, val/loss=0.139, train/accuracy=0.943, train/loss=0.150]

Validation DataLoader 0:  27%|██▋       | 53/196 [00:00<00:02, 58.44it/s][A
Epoch 2:  82%|████████▏ | 639/782 [00:12<00:02, 52.70it/s, loss=0.131, val/accuracy=0.945, val/loss=0.139, train/accuracy=0.943, train/loss=0.150]

Validation DataLoader 0:  28%|██▊       | 54/196 [00:00<00:02, 58.62it/s][A
Epoch 2:  82%|████████▏ | 640/782 [00:12<00:02, 52.72it/s, loss=0.131, val/accuracy=0.945, val/loss=0.139, train/accuracy=0.943, train/loss=0.150]

Validation DataLoader 0:  28%|██▊       | 55/196 [00:00<00:02, 58.42it/s][A
Epoch 2:  82%|████████▏ | 641/782 [00:12<00:02, 52.71it/s, loss=0.131, val/accuracy=0.945, val/loss=0.139, train/accuracy=0.943, train/loss=0.150]

Validation DataLoader 0:  29%|██▊       | 56/196 [00:00<00:02, 58.59it/s][A
Epoch 2:  82%|████████▏ | 642/782 [00:12<00:02, 52.73it/s, loss=0.131, val/accuracy=0.945, val/loss=0.139, train/accuracy=0.943, train/loss=0.150]

Validation DataLoader 0:  29%|██▉       | 57/196 [00:00<00:02, 59.06it/s][A
Epoch 2:  82%|████████▏ | 643/782 [00:12<00:02, 52.77it/s, loss=0.131, val/accuracy=0.945, val/loss=0.139, train/accuracy=0.943, train/loss=0.150]

Validation DataLoader 0:  30%|██▉       | 58/196 [00:00<00:02, 58.40it/s][A
Epoch 2:  82%|████████▏ | 644/782 [00:12<00:02, 52.73it/s, loss=0.131, val/accuracy=0.945, val/loss=0.139, train/accuracy=0.943, train/loss=0.150]

Validation DataLoader 0:  30%|███       | 59/196 [00:01<00:02, 58.81it/s][A
Epoch 2:  82%|████████▏ | 645/782 [00:12<00:02, 52.77it/s, loss=0.131, val/accuracy=0.945, val/loss=0.139, train/accuracy=0.943, train/loss=0.150]

Validation DataLoader 0:  31%|███       | 60/196 [00:01<00:02, 58.38it/s][A
Epoch 2:  83%|████████▎ | 646/782 [00:12<00:02, 52.75it/s, loss=0.131, val/accuracy=0.945, val/loss=0.139, train/accuracy=0.943, train/loss=0.150]

Validation DataLoader 0:  31%|███       | 61/196 [00:01<00:02, 58.69it/s][A
Epoch 2:  83%|████████▎ | 647/782 [00:12<00:02, 52.78it/s, loss=0.131, val/accuracy=0.945, val/loss=0.139, train/accuracy=0.943, train/loss=0.150]

Validation DataLoader 0:  32%|███▏      | 62/196 [00:01<00:02, 58.39it/s][A
Epoch 2:  83%|████████▎ | 648/782 [00:12<00:02, 52.76it/s, loss=0.131, val/accuracy=0.945, val/loss=0.139, train/accuracy=0.943, train/loss=0.150]

Validation DataLoader 0:  32%|███▏      | 63/196 [00:01<00:02, 58.84it/s][A
Epoch 2:  83%|████████▎ | 649/782 [00:12<00:02, 52.81it/s, loss=0.131, val/accuracy=0.945, val/loss=0.139, train/accuracy=0.943, train/loss=0.150]

Validation DataLoader 0:  33%|███▎      | 64/196 [00:01<00:02, 58.40it/s][A
Epoch 2:  83%|████████▎ | 650/782 [00:12<00:02, 52.78it/s, loss=0.131, val/accuracy=0.945, val/loss=0.139, train/accuracy=0.943, train/loss=0.150]

Validation DataLoader 0:  33%|███▎      | 65/196 [00:01<00:02, 58.38it/s][A
Epoch 2:  83%|████████▎ | 651/782 [00:12<00:02, 52.79it/s, loss=0.131, val/accuracy=0.945, val/loss=0.139, train/accuracy=0.943, train/loss=0.150]

Validation DataLoader 0:  34%|███▎      | 66/196 [00:01<00:02, 58.36it/s][A
Epoch 2:  83%|████████▎ | 652/782 [00:12<00:02, 52.79it/s, loss=0.131, val/accuracy=0.945, val/loss=0.139, train/accuracy=0.943, train/loss=0.150]

Validation DataLoader 0:  34%|███▍      | 67/196 [00:01<00:02, 58.34it/s][A
Epoch 2:  84%|████████▎ | 653/782 [00:12<00:02, 52.80it/s, loss=0.131, val/accuracy=0.945, val/loss=0.139, train/accuracy=0.943, train/loss=0.150]

Validation DataLoader 0:  35%|███▍      | 68/196 [00:01<00:02, 58.60it/s][A
Epoch 2:  84%|████████▎ | 654/782 [00:12<00:02, 52.83it/s, loss=0.131, val/accuracy=0.945, val/loss=0.139, train/accuracy=0.943, train/loss=0.150]

Validation DataLoader 0:  35%|███▌      | 69/196 [00:01<00:02, 58.31it/s][A
Epoch 2:  84%|████████▍ | 655/782 [00:12<00:02, 52.81it/s, loss=0.131, val/accuracy=0.945, val/loss=0.139, train/accuracy=0.943, train/loss=0.150]

Validation DataLoader 0:  36%|███▌      | 70/196 [00:01<00:02, 58.30it/s][A
Epoch 2:  84%|████████▍ | 656/782 [00:12<00:02, 52.82it/s, loss=0.131, val/accuracy=0.945, val/loss=0.139, train/accuracy=0.943, train/loss=0.150]

Validation DataLoader 0:  36%|███▌      | 71/196 [00:01<00:02, 58.21it/s][A
Epoch 2:  84%|████████▍ | 657/782 [00:12<00:02, 52.82it/s, loss=0.131, val/accuracy=0.945, val/loss=0.139, train/accuracy=0.943, train/loss=0.150]

Validation DataLoader 0:  37%|███▋      | 72/196 [00:01<00:02, 58.19it/s][A
Epoch 2:  84%|████████▍ | 658/782 [00:12<00:02, 52.82it/s, loss=0.131, val/accuracy=0.945, val/loss=0.139, train/accuracy=0.943, train/loss=0.150]

Validation DataLoader 0:  37%|███▋      | 73/196 [00:01<00:02, 58.29it/s][A
Epoch 2:  84%|████████▍ | 659/782 [00:12<00:02, 52.84it/s, loss=0.131, val/accuracy=0.945, val/loss=0.139, train/accuracy=0.943, train/loss=0.150]

Validation DataLoader 0:  38%|███▊      | 74/196 [00:01<00:02, 58.17it/s][A
Epoch 2:  84%|████████▍ | 660/782 [00:12<00:02, 52.84it/s, loss=0.131, val/accuracy=0.945, val/loss=0.139, train/accuracy=0.943, train/loss=0.150]

Validation DataLoader 0:  38%|███▊      | 75/196 [00:01<00:02, 58.48it/s][A
Epoch 2:  85%|████████▍ | 661/782 [00:12<00:02, 52.87it/s, loss=0.131, val/accuracy=0.945, val/loss=0.139, train/accuracy=0.943, train/loss=0.150]

Validation DataLoader 0:  39%|███▉      | 76/196 [00:01<00:02, 58.15it/s][A
Epoch 2:  85%|████████▍ | 662/782 [00:12<00:02, 52.85it/s, loss=0.131, val/accuracy=0.945, val/loss=0.139, train/accuracy=0.943, train/loss=0.150]

Validation DataLoader 0:  39%|███▉      | 77/196 [00:01<00:02, 58.13it/s][A
Epoch 2:  85%|████████▍ | 663/782 [00:12<00:02, 52.85it/s, loss=0.131, val/accuracy=0.945, val/loss=0.139, train/accuracy=0.943, train/loss=0.150]

Validation DataLoader 0:  40%|███▉      | 78/196 [00:01<00:02, 58.12it/s][A
Epoch 2:  85%|████████▍ | 664/782 [00:12<00:02, 52.86it/s, loss=0.131, val/accuracy=0.945, val/loss=0.139, train/accuracy=0.943, train/loss=0.150]

Validation DataLoader 0:  40%|████      | 79/196 [00:01<00:02, 58.18it/s][A
Epoch 2:  85%|████████▌ | 665/782 [00:12<00:02, 52.87it/s, loss=0.131, val/accuracy=0.945, val/loss=0.139, train/accuracy=0.943, train/loss=0.150]

Validation DataLoader 0:  41%|████      | 80/196 [00:01<00:01, 58.47it/s][A
Epoch 2:  85%|████████▌ | 666/782 [00:12<00:02, 52.91it/s, loss=0.131, val/accuracy=0.945, val/loss=0.139, train/accuracy=0.943, train/loss=0.150]

Validation DataLoader 0:  41%|████▏     | 81/196 [00:01<00:01, 58.09it/s][A
Epoch 2:  85%|████████▌ | 667/782 [00:12<00:02, 52.88it/s, loss=0.131, val/accuracy=0.945, val/loss=0.139, train/accuracy=0.943, train/loss=0.150]

Validation DataLoader 0:  42%|████▏     | 82/196 [00:01<00:01, 58.43it/s][A
Epoch 2:  85%|████████▌ | 668/782 [00:12<00:02, 52.92it/s, loss=0.131, val/accuracy=0.945, val/loss=0.139, train/accuracy=0.943, train/loss=0.150]

Validation DataLoader 0:  42%|████▏     | 83/196 [00:01<00:01, 58.10it/s][A
Epoch 2:  86%|████████▌ | 669/782 [00:12<00:02, 52.89it/s, loss=0.131, val/accuracy=0.945, val/loss=0.139, train/accuracy=0.943, train/loss=0.150]

Validation DataLoader 0:  43%|████▎     | 84/196 [00:01<00:01, 58.33it/s][A
Epoch 2:  86%|████████▌ | 670/782 [00:12<00:02, 52.93it/s, loss=0.131, val/accuracy=0.945, val/loss=0.139, train/accuracy=0.943, train/loss=0.150]

Validation DataLoader 0:  43%|████▎     | 85/196 [00:01<00:01, 58.02it/s][A
Epoch 2:  86%|████████▌ | 671/782 [00:12<00:02, 52.90it/s, loss=0.131, val/accuracy=0.945, val/loss=0.139, train/accuracy=0.943, train/loss=0.150]

Validation DataLoader 0:  44%|████▍     | 86/196 [00:01<00:01, 58.01it/s][A
Epoch 2:  86%|████████▌ | 672/782 [00:12<00:02, 52.91it/s, loss=0.131, val/accuracy=0.945, val/loss=0.139, train/accuracy=0.943, train/loss=0.150]

Validation DataLoader 0:  44%|████▍     | 87/196 [00:01<00:01, 58.02it/s][A
Epoch 2:  86%|████████▌ | 673/782 [00:12<00:02, 52.91it/s, loss=0.131, val/accuracy=0.945, val/loss=0.139, train/accuracy=0.943, train/loss=0.150]

Validation DataLoader 0:  45%|████▍     | 88/196 [00:01<00:01, 58.01it/s][A
Epoch 2:  86%|████████▌ | 674/782 [00:12<00:02, 52.92it/s, loss=0.131, val/accuracy=0.945, val/loss=0.139, train/accuracy=0.943, train/loss=0.150]

Validation DataLoader 0:  45%|████▌     | 89/196 [00:01<00:01, 58.01it/s][A
Epoch 2:  86%|████████▋ | 675/782 [00:12<00:02, 52.93it/s, loss=0.131, val/accuracy=0.945, val/loss=0.139, train/accuracy=0.943, train/loss=0.150]

Validation DataLoader 0:  46%|████▌     | 90/196 [00:01<00:01, 58.02it/s][A
Epoch 2:  86%|████████▋ | 676/782 [00:12<00:02, 52.93it/s, loss=0.131, val/accuracy=0.945, val/loss=0.139, train/accuracy=0.943, train/loss=0.150]

Validation DataLoader 0:  46%|████▋     | 91/196 [00:01<00:01, 58.02it/s][A
Epoch 2:  87%|████████▋ | 677/782 [00:12<00:01, 52.94it/s, loss=0.131, val/accuracy=0.945, val/loss=0.139, train/accuracy=0.943, train/loss=0.150]

Validation DataLoader 0:  47%|████▋     | 92/196 [00:01<00:01, 58.03it/s][A
Epoch 2:  87%|████████▋ | 678/782 [00:12<00:01, 52.95it/s, loss=0.131, val/accuracy=0.945, val/loss=0.139, train/accuracy=0.943, train/loss=0.150]

Validation DataLoader 0:  47%|████▋     | 93/196 [00:01<00:01, 58.00it/s][A
Epoch 2:  87%|████████▋ | 679/782 [00:12<00:01, 52.95it/s, loss=0.131, val/accuracy=0.945, val/loss=0.139, train/accuracy=0.943, train/loss=0.150]

Validation DataLoader 0:  48%|████▊     | 94/196 [00:01<00:01, 58.08it/s][A
Epoch 2:  87%|████████▋ | 680/782 [00:12<00:01, 52.97it/s, loss=0.131, val/accuracy=0.945, val/loss=0.139, train/accuracy=0.943, train/loss=0.150]

Validation DataLoader 0:  48%|████▊     | 95/196 [00:01<00:01, 57.98it/s][A
Epoch 2:  87%|████████▋ | 681/782 [00:12<00:01, 52.96it/s, loss=0.131, val/accuracy=0.945, val/loss=0.139, train/accuracy=0.943, train/loss=0.150]

Validation DataLoader 0:  49%|████▉     | 96/196 [00:01<00:01, 58.21it/s][A
Epoch 2:  87%|████████▋ | 682/782 [00:12<00:01, 53.00it/s, loss=0.131, val/accuracy=0.945, val/loss=0.139, train/accuracy=0.943, train/loss=0.150]

Validation DataLoader 0:  49%|████▉     | 97/196 [00:01<00:01, 57.96it/s][A
Epoch 2:  87%|████████▋ | 683/782 [00:12<00:01, 52.98it/s, loss=0.131, val/accuracy=0.945, val/loss=0.139, train/accuracy=0.943, train/loss=0.150]

Validation DataLoader 0:  50%|█████     | 98/196 [00:01<00:01, 58.21it/s][A
Epoch 2:  87%|████████▋ | 684/782 [00:12<00:01, 53.01it/s, loss=0.131, val/accuracy=0.945, val/loss=0.139, train/accuracy=0.943, train/loss=0.150]

Validation DataLoader 0:  51%|█████     | 99/196 [00:01<00:01, 57.95it/s][A
Epoch 2:  88%|████████▊ | 685/782 [00:12<00:01, 52.99it/s, loss=0.131, val/accuracy=0.945, val/loss=0.139, train/accuracy=0.943, train/loss=0.150]

Validation DataLoader 0:  51%|█████     | 100/196 [00:01<00:01, 57.88it/s][A
Epoch 2:  88%|████████▊ | 686/782 [00:12<00:01, 52.99it/s, loss=0.131, val/accuracy=0.945, val/loss=0.139, train/accuracy=0.943, train/loss=0.150]

Validation DataLoader 0:  52%|█████▏    | 101/196 [00:01<00:01, 57.86it/s][A
Epoch 2:  88%|████████▊ | 687/782 [00:12<00:01, 52.99it/s, loss=0.131, val/accuracy=0.945, val/loss=0.139, train/accuracy=0.943, train/loss=0.150]

Validation DataLoader 0:  52%|█████▏    | 102/196 [00:01<00:01, 57.85it/s][A
Epoch 2:  88%|████████▊ | 688/782 [00:12<00:01, 52.99it/s, loss=0.131, val/accuracy=0.945, val/loss=0.139, train/accuracy=0.943, train/loss=0.150]

Validation DataLoader 0:  53%|█████▎    | 103/196 [00:01<00:01, 57.86it/s][A
Epoch 2:  88%|████████▊ | 689/782 [00:12<00:01, 53.00it/s, loss=0.131, val/accuracy=0.945, val/loss=0.139, train/accuracy=0.943, train/loss=0.150]

Validation DataLoader 0:  53%|█████▎    | 104/196 [00:01<00:01, 57.84it/s][A
Epoch 2:  88%|████████▊ | 690/782 [00:13<00:01, 53.01it/s, loss=0.131, val/accuracy=0.945, val/loss=0.139, train/accuracy=0.943, train/loss=0.150]

Validation DataLoader 0:  54%|█████▎    | 105/196 [00:01<00:01, 57.85it/s][A
Epoch 2:  88%|████████▊ | 691/782 [00:13<00:01, 53.01it/s, loss=0.131, val/accuracy=0.945, val/loss=0.139, train/accuracy=0.943, train/loss=0.150]

Validation DataLoader 0:  54%|█████▍    | 106/196 [00:01<00:01, 57.85it/s][A
Epoch 2:  88%|████████▊ | 692/782 [00:13<00:01, 53.02it/s, loss=0.131, val/accuracy=0.945, val/loss=0.139, train/accuracy=0.943, train/loss=0.150]

Validation DataLoader 0:  55%|█████▍    | 107/196 [00:01<00:01, 57.86it/s][A
Epoch 2:  89%|████████▊ | 693/782 [00:13<00:01, 53.03it/s, loss=0.131, val/accuracy=0.945, val/loss=0.139, train/accuracy=0.943, train/loss=0.150]

Validation DataLoader 0:  55%|█████▌    | 108/196 [00:01<00:01, 57.85it/s][A
Epoch 2:  89%|████████▊ | 694/782 [00:13<00:01, 53.03it/s, loss=0.131, val/accuracy=0.945, val/loss=0.139, train/accuracy=0.943, train/loss=0.150]

Validation DataLoader 0:  56%|█████▌    | 109/196 [00:01<00:01, 57.85it/s][A
Epoch 2:  89%|████████▉ | 695/782 [00:13<00:01, 53.04it/s, loss=0.131, val/accuracy=0.945, val/loss=0.139, train/accuracy=0.943, train/loss=0.150]

Validation DataLoader 0:  56%|█████▌    | 110/196 [00:01<00:01, 57.86it/s][A
Epoch 2:  89%|████████▉ | 696/782 [00:13<00:01, 53.05it/s, loss=0.131, val/accuracy=0.945, val/loss=0.139, train/accuracy=0.943, train/loss=0.150]

Validation DataLoader 0:  57%|█████▋    | 111/196 [00:01<00:01, 57.86it/s][A
Epoch 2:  89%|████████▉ | 697/782 [00:13<00:01, 53.05it/s, loss=0.131, val/accuracy=0.945, val/loss=0.139, train/accuracy=0.943, train/loss=0.150]

Validation DataLoader 0:  57%|█████▋    | 112/196 [00:01<00:01, 57.86it/s][A
Epoch 2:  89%|████████▉ | 698/782 [00:13<00:01, 53.06it/s, loss=0.131, val/accuracy=0.945, val/loss=0.139, train/accuracy=0.943, train/loss=0.150]

Validation DataLoader 0:  58%|█████▊    | 113/196 [00:01<00:01, 57.88it/s][A
Epoch 2:  89%|████████▉ | 699/782 [00:13<00:01, 53.07it/s, loss=0.131, val/accuracy=0.945, val/loss=0.139, train/accuracy=0.943, train/loss=0.150]

Validation DataLoader 0:  58%|█████▊    | 114/196 [00:01<00:01, 57.87it/s][A
Epoch 2:  90%|████████▉ | 700/782 [00:13<00:01, 53.07it/s, loss=0.131, val/accuracy=0.945, val/loss=0.139, train/accuracy=0.943, train/loss=0.150]

Validation DataLoader 0:  59%|█████▊    | 115/196 [00:01<00:01, 57.87it/s][A
Epoch 2:  90%|████████▉ | 701/782 [00:13<00:01, 53.08it/s, loss=0.131, val/accuracy=0.945, val/loss=0.139, train/accuracy=0.943, train/loss=0.150]

Validation DataLoader 0:  59%|█████▉    | 116/196 [00:02<00:01, 57.88it/s][A
Epoch 2:  90%|████████▉ | 702/782 [00:13<00:01, 53.09it/s, loss=0.131, val/accuracy=0.945, val/loss=0.139, train/accuracy=0.943, train/loss=0.150]

Validation DataLoader 0:  60%|█████▉    | 117/196 [00:02<00:01, 57.80it/s][A
Epoch 2:  90%|████████▉ | 703/782 [00:13<00:01, 53.08it/s, loss=0.131, val/accuracy=0.945, val/loss=0.139, train/accuracy=0.943, train/loss=0.150]

Validation DataLoader 0:  60%|██████    | 118/196 [00:02<00:01, 57.79it/s][A
Epoch 2:  90%|█████████ | 704/782 [00:13<00:01, 53.09it/s, loss=0.131, val/accuracy=0.945, val/loss=0.139, train/accuracy=0.943, train/loss=0.150]

Validation DataLoader 0:  61%|██████    | 119/196 [00:02<00:01, 57.81it/s][A
Epoch 2:  90%|█████████ | 705/782 [00:13<00:01, 53.10it/s, loss=0.131, val/accuracy=0.945, val/loss=0.139, train/accuracy=0.943, train/loss=0.150]

Validation DataLoader 0:  61%|██████    | 120/196 [00:02<00:01, 57.80it/s][A
Epoch 2:  90%|█████████ | 706/782 [00:13<00:01, 53.10it/s, loss=0.131, val/accuracy=0.945, val/loss=0.139, train/accuracy=0.943, train/loss=0.150]

Validation DataLoader 0:  62%|██████▏   | 121/196 [00:02<00:01, 57.81it/s][A
Epoch 2:  90%|█████████ | 707/782 [00:13<00:01, 53.11it/s, loss=0.131, val/accuracy=0.945, val/loss=0.139, train/accuracy=0.943, train/loss=0.150]

Validation DataLoader 0:  62%|██████▏   | 122/196 [00:02<00:01, 57.83it/s][A
Epoch 2:  91%|█████████ | 708/782 [00:13<00:01, 53.12it/s, loss=0.131, val/accuracy=0.945, val/loss=0.139, train/accuracy=0.943, train/loss=0.150]

Validation DataLoader 0:  63%|██████▎   | 123/196 [00:02<00:01, 57.83it/s][A
Epoch 2:  91%|█████████ | 709/782 [00:13<00:01, 53.12it/s, loss=0.131, val/accuracy=0.945, val/loss=0.139, train/accuracy=0.943, train/loss=0.150]

Validation DataLoader 0:  63%|██████▎   | 124/196 [00:02<00:01, 57.84it/s][A
Epoch 2:  91%|█████████ | 710/782 [00:13<00:01, 53.13it/s, loss=0.131, val/accuracy=0.945, val/loss=0.139, train/accuracy=0.943, train/loss=0.150]

Validation DataLoader 0:  64%|██████▍   | 125/196 [00:02<00:01, 57.84it/s][A
Epoch 2:  91%|█████████ | 711/782 [00:13<00:01, 53.14it/s, loss=0.131, val/accuracy=0.945, val/loss=0.139, train/accuracy=0.943, train/loss=0.150]

Validation DataLoader 0:  64%|██████▍   | 126/196 [00:02<00:01, 57.85it/s][A
Epoch 2:  91%|█████████ | 712/782 [00:13<00:01, 53.14it/s, loss=0.131, val/accuracy=0.945, val/loss=0.139, train/accuracy=0.943, train/loss=0.150]

Validation DataLoader 0:  65%|██████▍   | 127/196 [00:02<00:01, 57.86it/s][A
Epoch 2:  91%|█████████ | 713/782 [00:13<00:01, 53.15it/s, loss=0.131, val/accuracy=0.945, val/loss=0.139, train/accuracy=0.943, train/loss=0.150]

Validation DataLoader 0:  65%|██████▌   | 128/196 [00:02<00:01, 57.86it/s][A
Epoch 2:  91%|█████████▏| 714/782 [00:13<00:01, 53.16it/s, loss=0.131, val/accuracy=0.945, val/loss=0.139, train/accuracy=0.943, train/loss=0.150]

Validation DataLoader 0:  66%|██████▌   | 129/196 [00:02<00:01, 57.87it/s][A
Epoch 2:  91%|█████████▏| 715/782 [00:13<00:01, 53.17it/s, loss=0.131, val/accuracy=0.945, val/loss=0.139, train/accuracy=0.943, train/loss=0.150]

Validation DataLoader 0:  66%|██████▋   | 130/196 [00:02<00:01, 57.87it/s][A
Epoch 2:  92%|█████████▏| 716/782 [00:13<00:01, 53.17it/s, loss=0.131, val/accuracy=0.945, val/loss=0.139, train/accuracy=0.943, train/loss=0.150]

Validation DataLoader 0:  67%|██████▋   | 131/196 [00:02<00:01, 57.88it/s][A
Epoch 2:  92%|█████████▏| 717/782 [00:13<00:01, 53.18it/s, loss=0.131, val/accuracy=0.945, val/loss=0.139, train/accuracy=0.943, train/loss=0.150]

Validation DataLoader 0:  67%|██████▋   | 132/196 [00:02<00:01, 57.88it/s][A
Epoch 2:  92%|█████████▏| 718/782 [00:13<00:01, 53.19it/s, loss=0.131, val/accuracy=0.945, val/loss=0.139, train/accuracy=0.943, train/loss=0.150]

Validation DataLoader 0:  68%|██████▊   | 133/196 [00:02<00:01, 57.89it/s][A
Epoch 2:  92%|█████████▏| 719/782 [00:13<00:01, 53.19it/s, loss=0.131, val/accuracy=0.945, val/loss=0.139, train/accuracy=0.943, train/loss=0.150]

Validation DataLoader 0:  68%|██████▊   | 134/196 [00:02<00:01, 57.89it/s][A
Epoch 2:  92%|█████████▏| 720/782 [00:13<00:01, 53.20it/s, loss=0.131, val/accuracy=0.945, val/loss=0.139, train/accuracy=0.943, train/loss=0.150]

Validation DataLoader 0:  69%|██████▉   | 135/196 [00:02<00:01, 57.90it/s][A
Epoch 2:  92%|█████████▏| 721/782 [00:13<00:01, 53.21it/s, loss=0.131, val/accuracy=0.945, val/loss=0.139, train/accuracy=0.943, train/loss=0.150]

Validation DataLoader 0:  69%|██████▉   | 136/196 [00:02<00:01, 57.89it/s][A
Epoch 2:  92%|█████████▏| 722/782 [00:13<00:01, 53.21it/s, loss=0.131, val/accuracy=0.945, val/loss=0.139, train/accuracy=0.943, train/loss=0.150]

Validation DataLoader 0:  70%|██████▉   | 137/196 [00:02<00:01, 57.90it/s][A
Epoch 2:  92%|█████████▏| 723/782 [00:13<00:01, 53.22it/s, loss=0.131, val/accuracy=0.945, val/loss=0.139, train/accuracy=0.943, train/loss=0.150]

Validation DataLoader 0:  70%|███████   | 138/196 [00:02<00:01, 57.89it/s][A
Epoch 2:  93%|█████████▎| 724/782 [00:13<00:01, 53.22it/s, loss=0.131, val/accuracy=0.945, val/loss=0.139, train/accuracy=0.943, train/loss=0.150]

Validation DataLoader 0:  71%|███████   | 139/196 [00:02<00:00, 57.90it/s][A
Epoch 2:  93%|█████████▎| 725/782 [00:13<00:01, 53.23it/s, loss=0.131, val/accuracy=0.945, val/loss=0.139, train/accuracy=0.943, train/loss=0.150]

Validation DataLoader 0:  71%|███████▏  | 140/196 [00:02<00:00, 57.89it/s][A
Epoch 2:  93%|█████████▎| 726/782 [00:13<00:01, 53.24it/s, loss=0.131, val/accuracy=0.945, val/loss=0.139, train/accuracy=0.943, train/loss=0.150]

Validation DataLoader 0:  72%|███████▏  | 141/196 [00:02<00:00, 57.90it/s][A
Epoch 2:  93%|█████████▎| 727/782 [00:13<00:01, 53.24it/s, loss=0.131, val/accuracy=0.945, val/loss=0.139, train/accuracy=0.943, train/loss=0.150]

Validation DataLoader 0:  72%|███████▏  | 142/196 [00:02<00:00, 57.90it/s][A
Epoch 2:  93%|█████████▎| 728/782 [00:13<00:01, 53.25it/s, loss=0.131, val/accuracy=0.945, val/loss=0.139, train/accuracy=0.943, train/loss=0.150]

Validation DataLoader 0:  73%|███████▎  | 143/196 [00:02<00:00, 57.90it/s][A
Epoch 2:  93%|█████████▎| 729/782 [00:13<00:00, 53.25it/s, loss=0.131, val/accuracy=0.945, val/loss=0.139, train/accuracy=0.943, train/loss=0.150]

Validation DataLoader 0:  73%|███████▎  | 144/196 [00:02<00:00, 57.91it/s][A
Epoch 2:  93%|█████████▎| 730/782 [00:13<00:00, 53.26it/s, loss=0.131, val/accuracy=0.945, val/loss=0.139, train/accuracy=0.943, train/loss=0.150]

Validation DataLoader 0:  74%|███████▍  | 145/196 [00:02<00:00, 57.91it/s][A
Epoch 2:  93%|█████████▎| 731/782 [00:13<00:00, 53.27it/s, loss=0.131, val/accuracy=0.945, val/loss=0.139, train/accuracy=0.943, train/loss=0.150]

Validation DataLoader 0:  74%|███████▍  | 146/196 [00:02<00:00, 57.92it/s][A
Epoch 2:  94%|█████████▎| 732/782 [00:13<00:00, 53.27it/s, loss=0.131, val/accuracy=0.945, val/loss=0.139, train/accuracy=0.943, train/loss=0.150]

Validation DataLoader 0:  75%|███████▌  | 147/196 [00:02<00:00, 57.92it/s][A
Epoch 2:  94%|█████████▎| 733/782 [00:13<00:00, 53.28it/s, loss=0.131, val/accuracy=0.945, val/loss=0.139, train/accuracy=0.943, train/loss=0.150]

Validation DataLoader 0:  76%|███████▌  | 148/196 [00:02<00:00, 57.93it/s][A
Epoch 2:  94%|█████████▍| 734/782 [00:13<00:00, 53.29it/s, loss=0.131, val/accuracy=0.945, val/loss=0.139, train/accuracy=0.943, train/loss=0.150]

Validation DataLoader 0:  76%|███████▌  | 149/196 [00:02<00:00, 57.93it/s][A
Epoch 2:  94%|█████████▍| 735/782 [00:13<00:00, 53.29it/s, loss=0.131, val/accuracy=0.945, val/loss=0.139, train/accuracy=0.943, train/loss=0.150]

Validation DataLoader 0:  77%|███████▋  | 150/196 [00:02<00:00, 57.94it/s][A
Epoch 2:  94%|█████████▍| 736/782 [00:13<00:00, 53.30it/s, loss=0.131, val/accuracy=0.945, val/loss=0.139, train/accuracy=0.943, train/loss=0.150]

Validation DataLoader 0:  77%|███████▋  | 151/196 [00:02<00:00, 57.90it/s][A
Epoch 2:  94%|█████████▍| 737/782 [00:13<00:00, 53.30it/s, loss=0.131, val/accuracy=0.945, val/loss=0.139, train/accuracy=0.943, train/loss=0.150]

Validation DataLoader 0:  78%|███████▊  | 152/196 [00:02<00:00, 57.91it/s][A
Epoch 2:  94%|█████████▍| 738/782 [00:13<00:00, 53.31it/s, loss=0.131, val/accuracy=0.945, val/loss=0.139, train/accuracy=0.943, train/loss=0.150]

Validation DataLoader 0:  78%|███████▊  | 153/196 [00:02<00:00, 57.90it/s][A
Epoch 2:  95%|█████████▍| 739/782 [00:13<00:00, 53.31it/s, loss=0.131, val/accuracy=0.945, val/loss=0.139, train/accuracy=0.943, train/loss=0.150]

Validation DataLoader 0:  79%|███████▊  | 154/196 [00:02<00:00, 57.91it/s][A
Epoch 2:  95%|█████████▍| 740/782 [00:13<00:00, 53.32it/s, loss=0.131, val/accuracy=0.945, val/loss=0.139, train/accuracy=0.943, train/loss=0.150]

Validation DataLoader 0:  79%|███████▉  | 155/196 [00:02<00:00, 57.83it/s][A
Epoch 2:  95%|█████████▍| 741/782 [00:13<00:00, 53.31it/s, loss=0.131, val/accuracy=0.945, val/loss=0.139, train/accuracy=0.943, train/loss=0.150]

Validation DataLoader 0:  80%|███████▉  | 156/196 [00:02<00:00, 57.86it/s][A
Epoch 2:  95%|█████████▍| 742/782 [00:13<00:00, 53.32it/s, loss=0.131, val/accuracy=0.945, val/loss=0.139, train/accuracy=0.943, train/loss=0.150]

Validation DataLoader 0:  80%|████████  | 157/196 [00:02<00:00, 57.88it/s][A
Epoch 2:  95%|█████████▌| 743/782 [00:13<00:00, 53.33it/s, loss=0.131, val/accuracy=0.945, val/loss=0.139, train/accuracy=0.943, train/loss=0.150]

Validation DataLoader 0:  81%|████████  | 158/196 [00:02<00:00, 57.91it/s][A
Epoch 2:  95%|█████████▌| 744/782 [00:13<00:00, 53.34it/s, loss=0.131, val/accuracy=0.945, val/loss=0.139, train/accuracy=0.943, train/loss=0.150]

Validation DataLoader 0:  81%|████████  | 159/196 [00:02<00:00, 57.90it/s][A
Epoch 2:  95%|█████████▌| 745/782 [00:13<00:00, 53.35it/s, loss=0.131, val/accuracy=0.945, val/loss=0.139, train/accuracy=0.943, train/loss=0.150]

Validation DataLoader 0:  82%|████████▏ | 160/196 [00:02<00:00, 57.90it/s][A
Epoch 2:  95%|█████████▌| 746/782 [00:13<00:00, 53.35it/s, loss=0.131, val/accuracy=0.945, val/loss=0.139, train/accuracy=0.943, train/loss=0.150]

Validation DataLoader 0:  82%|████████▏ | 161/196 [00:02<00:00, 57.91it/s][A
Epoch 2:  96%|█████████▌| 747/782 [00:13<00:00, 53.36it/s, loss=0.131, val/accuracy=0.945, val/loss=0.139, train/accuracy=0.943, train/loss=0.150]

Validation DataLoader 0:  83%|████████▎ | 162/196 [00:02<00:00, 57.91it/s][A
Epoch 2:  96%|█████████▌| 748/782 [00:14<00:00, 53.37it/s, loss=0.131, val/accuracy=0.945, val/loss=0.139, train/accuracy=0.943, train/loss=0.150]

Validation DataLoader 0:  83%|████████▎ | 163/196 [00:02<00:00, 57.92it/s][A
Epoch 2:  96%|█████████▌| 749/782 [00:14<00:00, 53.37it/s, loss=0.131, val/accuracy=0.945, val/loss=0.139, train/accuracy=0.943, train/loss=0.150]

Validation DataLoader 0:  84%|████████▎ | 164/196 [00:02<00:00, 57.92it/s][A
Epoch 2:  96%|█████████▌| 750/782 [00:14<00:00, 53.38it/s, loss=0.131, val/accuracy=0.945, val/loss=0.139, train/accuracy=0.943, train/loss=0.150]

Validation DataLoader 0:  84%|████████▍ | 165/196 [00:02<00:00, 57.92it/s][A
Epoch 2:  96%|█████████▌| 751/782 [00:14<00:00, 53.38it/s, loss=0.131, val/accuracy=0.945, val/loss=0.139, train/accuracy=0.943, train/loss=0.150]

Validation DataLoader 0:  85%|████████▍ | 166/196 [00:02<00:00, 57.92it/s][A
Epoch 2:  96%|█████████▌| 752/782 [00:14<00:00, 53.39it/s, loss=0.131, val/accuracy=0.945, val/loss=0.139, train/accuracy=0.943, train/loss=0.150]

Validation DataLoader 0:  85%|████████▌ | 167/196 [00:02<00:00, 57.93it/s][A
Epoch 2:  96%|█████████▋| 753/782 [00:14<00:00, 53.40it/s, loss=0.131, val/accuracy=0.945, val/loss=0.139, train/accuracy=0.943, train/loss=0.150]

Validation DataLoader 0:  86%|████████▌ | 168/196 [00:02<00:00, 57.92it/s][A
Epoch 2:  96%|█████████▋| 754/782 [00:14<00:00, 53.40it/s, loss=0.131, val/accuracy=0.945, val/loss=0.139, train/accuracy=0.943, train/loss=0.150]

Validation DataLoader 0:  86%|████████▌ | 169/196 [00:02<00:00, 57.93it/s][A
Epoch 2:  97%|█████████▋| 755/782 [00:14<00:00, 53.41it/s, loss=0.131, val/accuracy=0.945, val/loss=0.139, train/accuracy=0.943, train/loss=0.150]

Validation DataLoader 0:  87%|████████▋ | 170/196 [00:02<00:00, 57.93it/s][A
Epoch 2:  97%|█████████▋| 756/782 [00:14<00:00, 53.41it/s, loss=0.131, val/accuracy=0.945, val/loss=0.139, train/accuracy=0.943, train/loss=0.150]

Validation DataLoader 0:  87%|████████▋ | 171/196 [00:02<00:00, 57.93it/s][A
Epoch 2:  97%|█████████▋| 757/782 [00:14<00:00, 53.42it/s, loss=0.131, val/accuracy=0.945, val/loss=0.139, train/accuracy=0.943, train/loss=0.150]

Validation DataLoader 0:  88%|████████▊ | 172/196 [00:02<00:00, 57.93it/s][A
Epoch 2:  97%|█████████▋| 758/782 [00:14<00:00, 53.42it/s, loss=0.131, val/accuracy=0.945, val/loss=0.139, train/accuracy=0.943, train/loss=0.150]

Validation DataLoader 0:  88%|████████▊ | 173/196 [00:02<00:00, 57.93it/s][A
Epoch 2:  97%|█████████▋| 759/782 [00:14<00:00, 53.43it/s, loss=0.131, val/accuracy=0.945, val/loss=0.139, train/accuracy=0.943, train/loss=0.150]

Validation DataLoader 0:  89%|████████▉ | 174/196 [00:03<00:00, 57.94it/s][A
Epoch 2:  97%|█████████▋| 760/782 [00:14<00:00, 53.44it/s, loss=0.131, val/accuracy=0.945, val/loss=0.139, train/accuracy=0.943, train/loss=0.150]

Validation DataLoader 0:  89%|████████▉ | 175/196 [00:03<00:00, 57.94it/s][A
Epoch 2:  97%|█████████▋| 761/782 [00:14<00:00, 53.44it/s, loss=0.131, val/accuracy=0.945, val/loss=0.139, train/accuracy=0.943, train/loss=0.150]

Validation DataLoader 0:  90%|████████▉ | 176/196 [00:03<00:00, 57.94it/s][A
Epoch 2:  97%|█████████▋| 762/782 [00:14<00:00, 53.45it/s, loss=0.131, val/accuracy=0.945, val/loss=0.139, train/accuracy=0.943, train/loss=0.150]

Validation DataLoader 0:  90%|█████████ | 177/196 [00:03<00:00, 57.94it/s][A
Epoch 2:  98%|█████████▊| 763/782 [00:14<00:00, 53.45it/s, loss=0.131, val/accuracy=0.945, val/loss=0.139, train/accuracy=0.943, train/loss=0.150]

Validation DataLoader 0:  91%|█████████ | 178/196 [00:03<00:00, 57.94it/s][A
Epoch 2:  98%|█████████▊| 764/782 [00:14<00:00, 53.46it/s, loss=0.131, val/accuracy=0.945, val/loss=0.139, train/accuracy=0.943, train/loss=0.150]

Validation DataLoader 0:  91%|█████████▏| 179/196 [00:03<00:00, 57.95it/s][A
Epoch 2:  98%|█████████▊| 765/782 [00:14<00:00, 53.47it/s, loss=0.131, val/accuracy=0.945, val/loss=0.139, train/accuracy=0.943, train/loss=0.150]

Validation DataLoader 0:  92%|█████████▏| 180/196 [00:03<00:00, 57.92it/s][A
Epoch 2:  98%|█████████▊| 766/782 [00:14<00:00, 53.47it/s, loss=0.131, val/accuracy=0.945, val/loss=0.139, train/accuracy=0.943, train/loss=0.150]

Validation DataLoader 0:  92%|█████████▏| 181/196 [00:03<00:00, 57.93it/s][A
Epoch 2:  98%|█████████▊| 767/782 [00:14<00:00, 53.47it/s, loss=0.131, val/accuracy=0.945, val/loss=0.139, train/accuracy=0.943, train/loss=0.150]

Validation DataLoader 0:  93%|█████████▎| 182/196 [00:03<00:00, 57.93it/s][A
Epoch 2:  98%|█████████▊| 768/782 [00:14<00:00, 53.48it/s, loss=0.131, val/accuracy=0.945, val/loss=0.139, train/accuracy=0.943, train/loss=0.150]

Validation DataLoader 0:  93%|█████████▎| 183/196 [00:03<00:00, 57.94it/s][A
Epoch 2:  98%|█████████▊| 769/782 [00:14<00:00, 53.49it/s, loss=0.131, val/accuracy=0.945, val/loss=0.139, train/accuracy=0.943, train/loss=0.150]

Validation DataLoader 0:  94%|█████████▍| 184/196 [00:03<00:00, 57.94it/s][A
Epoch 2:  98%|█████████▊| 770/782 [00:14<00:00, 53.49it/s, loss=0.131, val/accuracy=0.945, val/loss=0.139, train/accuracy=0.943, train/loss=0.150]

Validation DataLoader 0:  94%|█████████▍| 185/196 [00:03<00:00, 57.95it/s][A
Epoch 2:  99%|█████████▊| 771/782 [00:14<00:00, 53.50it/s, loss=0.131, val/accuracy=0.945, val/loss=0.139, train/accuracy=0.943, train/loss=0.150]

Validation DataLoader 0:  95%|█████████▍| 186/196 [00:03<00:00, 57.95it/s][A
Epoch 2:  99%|█████████▊| 772/782 [00:14<00:00, 53.50it/s, loss=0.131, val/accuracy=0.945, val/loss=0.139, train/accuracy=0.943, train/loss=0.150]

Validation DataLoader 0:  95%|█████████▌| 187/196 [00:03<00:00, 57.96it/s][A
Epoch 2:  99%|█████████▉| 773/782 [00:14<00:00, 53.51it/s, loss=0.131, val/accuracy=0.945, val/loss=0.139, train/accuracy=0.943, train/loss=0.150]

Validation DataLoader 0:  96%|█████████▌| 188/196 [00:03<00:00, 57.96it/s][A
Epoch 2:  99%|█████████▉| 774/782 [00:14<00:00, 53.52it/s, loss=0.131, val/accuracy=0.945, val/loss=0.139, train/accuracy=0.943, train/loss=0.150]

Validation DataLoader 0:  96%|█████████▋| 189/196 [00:03<00:00, 57.96it/s][A
Epoch 2:  99%|█████████▉| 775/782 [00:14<00:00, 53.52it/s, loss=0.131, val/accuracy=0.945, val/loss=0.139, train/accuracy=0.943, train/loss=0.150]

Validation DataLoader 0:  97%|█████████▋| 190/196 [00:03<00:00, 57.96it/s][A
Epoch 2:  99%|█████████▉| 776/782 [00:14<00:00, 53.53it/s, loss=0.131, val/accuracy=0.945, val/loss=0.139, train/accuracy=0.943, train/loss=0.150]

Validation DataLoader 0:  97%|█████████▋| 191/196 [00:03<00:00, 57.97it/s][A
Epoch 2:  99%|█████████▉| 777/782 [00:14<00:00, 53.53it/s, loss=0.131, val/accuracy=0.945, val/loss=0.139, train/accuracy=0.943, train/loss=0.150]

Validation DataLoader 0:  98%|█████████▊| 192/196 [00:03<00:00, 57.97it/s][A
Epoch 2:  99%|█████████▉| 778/782 [00:14<00:00, 53.54it/s, loss=0.131, val/accuracy=0.945, val/loss=0.139, train/accuracy=0.943, train/loss=0.150]

Validation DataLoader 0:  98%|█████████▊| 193/196 [00:03<00:00, 57.97it/s][A
Epoch 2: 100%|█████████▉| 779/782 [00:14<00:00, 53.54it/s, loss=0.131, val/accuracy=0.945, val/loss=0.139, train/accuracy=0.943, train/loss=0.150]

Validation DataLoader 0:  99%|█████████▉| 194/196 [00:03<00:00, 57.97it/s][A
Epoch 2: 100%|█████████▉| 780/782 [00:14<00:00, 53.55it/s, loss=0.131, val/accuracy=0.945, val/loss=0.139, train/accuracy=0.943, train/loss=0.150]

Validation DataLoader 0:  99%|█████████▉| 195/196 [00:03<00:00, 58.17it/s][A
Epoch 2: 100%|█████████▉| 781/782 [00:14<00:00, 53.60it/s, loss=0.131, val/accuracy=0.945, val/loss=0.139, train/accuracy=0.943, train/loss=0.150]

Validation DataLoader 0: 100%|██████████| 196/196 [00:03<00:00, 58.38it/s][A
Epoch 2: 100%|██████████| 782/782 [00:14<00:00, 53.65it/s, loss=0.131, val/accuracy=0.945, val/loss=0.139, train/accuracy=0.943, train/loss=0.150]
Epoch 2: 100%|██████████| 782/782 [00:14<00:00, 53.64it/s, loss=0.131, val/accuracy=0.955, val/loss=0.117, train/accuracy=0.943, train/loss=0.150]

                                                                          [A
Epoch 2: 100%|██████████| 782/782 [00:14<00:00, 53.62it/s, loss=0.131, val/accuracy=0.955, val/loss=0.117, train/accuracy=0.951, train/loss=0.130]Epoch 2, global step 1758: 'val/accuracy' reached 0.95540 (best 0.95540), saving model to '/home/cxo147/hyena-dna/results/genomic_benchmark_demo_human_or_worm_20251020_212705/checkpoints/val/accuracy.ckpt' as top 1

Epoch 2:   0%|          | 0/782 [00:00<?, ?it/s, loss=0.131, val/accuracy=0.955, val/loss=0.117, train/accuracy=0.951, train/loss=0.130]          
Epoch 3:   0%|          | 0/782 [00:00<?, ?it/s, loss=0.131, val/accuracy=0.955, val/loss=0.117, train/accuracy=0.951, train/loss=0.130]
Epoch 3:   0%|          | 1/782 [00:00<02:11,  5.92it/s, loss=0.131, val/accuracy=0.955, val/loss=0.117, train/accuracy=0.951, train/loss=0.130]
Epoch 3:   0%|          | 1/782 [00:00<02:12,  5.88it/s, loss=0.13, val/accuracy=0.955, val/loss=0.117, train/accuracy=0.951, train/loss=0.130] 
Epoch 3:   0%|          | 2/782 [00:00<01:13, 10.55it/s, loss=0.13, val/accuracy=0.955, val/loss=0.117, train/accuracy=0.951, train/loss=0.130]
Epoch 3:   0%|          | 2/782 [00:00<01:14, 10.54it/s, loss=0.128, val/accuracy=0.955, val/loss=0.117, train/accuracy=0.951, train/loss=0.130]
Epoch 3:   0%|          | 3/782 [00:00<00:56, 13.85it/s, loss=0.128, val/accuracy=0.955, val/loss=0.117, train/accuracy=0.951, train/loss=0.130]
Epoch 3:   0%|          | 3/782 [00:00<00:56, 13.83it/s, loss=0.129, val/accuracy=0.955, val/loss=0.117, train/accuracy=0.951, train/loss=0.130]
Epoch 3:   1%|          | 4/782 [00:00<00:47, 16.38it/s, loss=0.129, val/accuracy=0.955, val/loss=0.117, train/accuracy=0.951, train/loss=0.130]
Epoch 3:   1%|          | 4/782 [00:00<00:47, 16.37it/s, loss=0.133, val/accuracy=0.955, val/loss=0.117, train/accuracy=0.951, train/loss=0.130]
Epoch 3:   1%|          | 5/782 [00:00<00:40, 18.97it/s, loss=0.133, val/accuracy=0.955, val/loss=0.117, train/accuracy=0.951, train/loss=0.130]
Epoch 3:   1%|          | 5/782 [00:00<00:40, 18.95it/s, loss=0.132, val/accuracy=0.955, val/loss=0.117, train/accuracy=0.951, train/loss=0.130]
Epoch 3:   1%|          | 6/782 [00:00<00:36, 21.20it/s, loss=0.132, val/accuracy=0.955, val/loss=0.117, train/accuracy=0.951, train/loss=0.130]
Epoch 3:   1%|          | 6/782 [00:00<00:36, 21.18it/s, loss=0.135, val/accuracy=0.955, val/loss=0.117, train/accuracy=0.951, train/loss=0.130]
Epoch 3:   1%|          | 7/782 [00:00<00:33, 23.16it/s, loss=0.135, val/accuracy=0.955, val/loss=0.117, train/accuracy=0.951, train/loss=0.130]
Epoch 3:   1%|          | 7/782 [00:00<00:33, 23.14it/s, loss=0.137, val/accuracy=0.955, val/loss=0.117, train/accuracy=0.951, train/loss=0.130]
Epoch 3:   1%|          | 8/782 [00:00<00:31, 24.88it/s, loss=0.137, val/accuracy=0.955, val/loss=0.117, train/accuracy=0.951, train/loss=0.130]
Epoch 3:   1%|          | 8/782 [00:00<00:31, 24.86it/s, loss=0.135, val/accuracy=0.955, val/loss=0.117, train/accuracy=0.951, train/loss=0.130]
Epoch 3:   1%|          | 9/782 [00:00<00:29, 26.40it/s, loss=0.135, val/accuracy=0.955, val/loss=0.117, train/accuracy=0.951, train/loss=0.130]
Epoch 3:   1%|          | 9/782 [00:00<00:29, 26.38it/s, loss=0.135, val/accuracy=0.955, val/loss=0.117, train/accuracy=0.951, train/loss=0.130]
Epoch 3:   1%|▏         | 10/782 [00:00<00:27, 27.76it/s, loss=0.135, val/accuracy=0.955, val/loss=0.117, train/accuracy=0.951, train/loss=0.130]
Epoch 3:   1%|▏         | 10/782 [00:00<00:27, 27.74it/s, loss=0.133, val/accuracy=0.955, val/loss=0.117, train/accuracy=0.951, train/loss=0.130]
Epoch 3:   1%|▏         | 11/782 [00:00<00:26, 28.98it/s, loss=0.133, val/accuracy=0.955, val/loss=0.117, train/accuracy=0.951, train/loss=0.130]
Epoch 3:   1%|▏         | 11/782 [00:00<00:26, 28.96it/s, loss=0.131, val/accuracy=0.955, val/loss=0.117, train/accuracy=0.951, train/loss=0.130]
Epoch 3:   2%|▏         | 12/782 [00:00<00:25, 30.13it/s, loss=0.131, val/accuracy=0.955, val/loss=0.117, train/accuracy=0.951, train/loss=0.130]
Epoch 3:   2%|▏         | 12/782 [00:00<00:25, 30.11it/s, loss=0.122, val/accuracy=0.955, val/loss=0.117, train/accuracy=0.951, train/loss=0.130]
Epoch 3:   2%|▏         | 13/782 [00:00<00:24, 31.17it/s, loss=0.122, val/accuracy=0.955, val/loss=0.117, train/accuracy=0.951, train/loss=0.130]
Epoch 3:   2%|▏         | 13/782 [00:00<00:24, 31.15it/s, loss=0.122, val/accuracy=0.955, val/loss=0.117, train/accuracy=0.951, train/loss=0.130]
Epoch 3:   2%|▏         | 14/782 [00:00<00:23, 32.12it/s, loss=0.122, val/accuracy=0.955, val/loss=0.117, train/accuracy=0.951, train/loss=0.130]
Epoch 3:   2%|▏         | 14/782 [00:00<00:23, 32.11it/s, loss=0.122, val/accuracy=0.955, val/loss=0.117, train/accuracy=0.951, train/loss=0.130]
Epoch 3:   2%|▏         | 15/782 [00:00<00:23, 33.01it/s, loss=0.122, val/accuracy=0.955, val/loss=0.117, train/accuracy=0.951, train/loss=0.130]
Epoch 3:   2%|▏         | 15/782 [00:00<00:23, 32.99it/s, loss=0.121, val/accuracy=0.955, val/loss=0.117, train/accuracy=0.951, train/loss=0.130]
Epoch 3:   2%|▏         | 16/782 [00:00<00:22, 33.82it/s, loss=0.121, val/accuracy=0.955, val/loss=0.117, train/accuracy=0.951, train/loss=0.130]
Epoch 3:   2%|▏         | 16/782 [00:00<00:22, 33.80it/s, loss=0.115, val/accuracy=0.955, val/loss=0.117, train/accuracy=0.951, train/loss=0.130]
Epoch 3:   2%|▏         | 17/782 [00:00<00:22, 34.57it/s, loss=0.115, val/accuracy=0.955, val/loss=0.117, train/accuracy=0.951, train/loss=0.130]
Epoch 3:   2%|▏         | 17/782 [00:00<00:22, 34.55it/s, loss=0.111, val/accuracy=0.955, val/loss=0.117, train/accuracy=0.951, train/loss=0.130]
Epoch 3:   2%|▏         | 18/782 [00:00<00:21, 35.27it/s, loss=0.111, val/accuracy=0.955, val/loss=0.117, train/accuracy=0.951, train/loss=0.130]
Epoch 3:   2%|▏         | 18/782 [00:00<00:21, 35.25it/s, loss=0.11, val/accuracy=0.955, val/loss=0.117, train/accuracy=0.951, train/loss=0.130] 
Epoch 3:   2%|▏         | 19/782 [00:00<00:21, 35.91it/s, loss=0.11, val/accuracy=0.955, val/loss=0.117, train/accuracy=0.951, train/loss=0.130]
Epoch 3:   2%|▏         | 19/782 [00:00<00:21, 35.89it/s, loss=0.109, val/accuracy=0.955, val/loss=0.117, train/accuracy=0.951, train/loss=0.130]
Epoch 3:   3%|▎         | 20/782 [00:00<00:20, 36.51it/s, loss=0.109, val/accuracy=0.955, val/loss=0.117, train/accuracy=0.951, train/loss=0.130]
Epoch 3:   3%|▎         | 20/782 [00:00<00:20, 36.49it/s, loss=0.111, val/accuracy=0.955, val/loss=0.117, train/accuracy=0.951, train/loss=0.130]
Epoch 3:   3%|▎         | 21/782 [00:00<00:20, 37.07it/s, loss=0.111, val/accuracy=0.955, val/loss=0.117, train/accuracy=0.951, train/loss=0.130]
Epoch 3:   3%|▎         | 21/782 [00:00<00:20, 37.06it/s, loss=0.11, val/accuracy=0.955, val/loss=0.117, train/accuracy=0.951, train/loss=0.130] 
Epoch 3:   3%|▎         | 22/782 [00:00<00:20, 37.61it/s, loss=0.11, val/accuracy=0.955, val/loss=0.117, train/accuracy=0.951, train/loss=0.130]
Epoch 3:   3%|▎         | 22/782 [00:00<00:20, 37.60it/s, loss=0.117, val/accuracy=0.955, val/loss=0.117, train/accuracy=0.951, train/loss=0.130]
Epoch 3:   3%|▎         | 23/782 [00:00<00:19, 38.13it/s, loss=0.117, val/accuracy=0.955, val/loss=0.117, train/accuracy=0.951, train/loss=0.130]
Epoch 3:   3%|▎         | 23/782 [00:00<00:19, 38.11it/s, loss=0.117, val/accuracy=0.955, val/loss=0.117, train/accuracy=0.951, train/loss=0.130]
Epoch 3:   3%|▎         | 24/782 [00:00<00:19, 38.61it/s, loss=0.117, val/accuracy=0.955, val/loss=0.117, train/accuracy=0.951, train/loss=0.130]
Epoch 3:   3%|▎         | 24/782 [00:00<00:19, 38.60it/s, loss=0.114, val/accuracy=0.955, val/loss=0.117, train/accuracy=0.951, train/loss=0.130]
Epoch 3:   3%|▎         | 25/782 [00:00<00:19, 39.07it/s, loss=0.114, val/accuracy=0.955, val/loss=0.117, train/accuracy=0.951, train/loss=0.130]
Epoch 3:   3%|▎         | 25/782 [00:00<00:19, 39.05it/s, loss=0.114, val/accuracy=0.955, val/loss=0.117, train/accuracy=0.951, train/loss=0.130]
Epoch 3:   3%|▎         | 26/782 [00:00<00:19, 39.51it/s, loss=0.114, val/accuracy=0.955, val/loss=0.117, train/accuracy=0.951, train/loss=0.130]
Epoch 3:   3%|▎         | 26/782 [00:00<00:19, 39.49it/s, loss=0.11, val/accuracy=0.955, val/loss=0.117, train/accuracy=0.951, train/loss=0.130] 
Epoch 3:   3%|▎         | 27/782 [00:00<00:18, 39.92it/s, loss=0.11, val/accuracy=0.955, val/loss=0.117, train/accuracy=0.951, train/loss=0.130]
Epoch 3:   3%|▎         | 27/782 [00:00<00:18, 39.91it/s, loss=0.108, val/accuracy=0.955, val/loss=0.117, train/accuracy=0.951, train/loss=0.130]
Epoch 3:   4%|▎         | 28/782 [00:00<00:18, 40.31it/s, loss=0.108, val/accuracy=0.955, val/loss=0.117, train/accuracy=0.951, train/loss=0.130]
Epoch 3:   4%|▎         | 28/782 [00:00<00:18, 40.30it/s, loss=0.113, val/accuracy=0.955, val/loss=0.117, train/accuracy=0.951, train/loss=0.130]
Epoch 3:   4%|▎         | 29/782 [00:00<00:18, 40.69it/s, loss=0.113, val/accuracy=0.955, val/loss=0.117, train/accuracy=0.951, train/loss=0.130]
Epoch 3:   4%|▎         | 29/782 [00:00<00:18, 40.68it/s, loss=0.113, val/accuracy=0.955, val/loss=0.117, train/accuracy=0.951, train/loss=0.130]
Epoch 3:   4%|▍         | 30/782 [00:00<00:18, 41.05it/s, loss=0.113, val/accuracy=0.955, val/loss=0.117, train/accuracy=0.951, train/loss=0.130]
Epoch 3:   4%|▍         | 30/782 [00:00<00:18, 41.04it/s, loss=0.114, val/accuracy=0.955, val/loss=0.117, train/accuracy=0.951, train/loss=0.130]
Epoch 3:   4%|▍         | 31/782 [00:00<00:18, 41.33it/s, loss=0.114, val/accuracy=0.955, val/loss=0.117, train/accuracy=0.951, train/loss=0.130]
Epoch 3:   4%|▍         | 31/782 [00:00<00:18, 41.31it/s, loss=0.11, val/accuracy=0.955, val/loss=0.117, train/accuracy=0.951, train/loss=0.130] 
Epoch 3:   4%|▍         | 32/782 [00:00<00:18, 41.65it/s, loss=0.11, val/accuracy=0.955, val/loss=0.117, train/accuracy=0.951, train/loss=0.130]
Epoch 3:   4%|▍         | 32/782 [00:00<00:18, 41.64it/s, loss=0.113, val/accuracy=0.955, val/loss=0.117, train/accuracy=0.951, train/loss=0.130]
Epoch 3:   4%|▍         | 33/782 [00:00<00:17, 41.95it/s, loss=0.113, val/accuracy=0.955, val/loss=0.117, train/accuracy=0.951, train/loss=0.130]
Epoch 3:   4%|▍         | 33/782 [00:00<00:17, 41.94it/s, loss=0.116, val/accuracy=0.955, val/loss=0.117, train/accuracy=0.951, train/loss=0.130]
Epoch 3:   4%|▍         | 34/782 [00:00<00:17, 42.25it/s, loss=0.116, val/accuracy=0.955, val/loss=0.117, train/accuracy=0.951, train/loss=0.130]
Epoch 3:   4%|▍         | 34/782 [00:00<00:17, 42.23it/s, loss=0.116, val/accuracy=0.955, val/loss=0.117, train/accuracy=0.951, train/loss=0.130]
Epoch 3:   4%|▍         | 35/782 [00:00<00:17, 42.53it/s, loss=0.116, val/accuracy=0.955, val/loss=0.117, train/accuracy=0.951, train/loss=0.130]
Epoch 3:   4%|▍         | 35/782 [00:00<00:17, 42.52it/s, loss=0.12, val/accuracy=0.955, val/loss=0.117, train/accuracy=0.951, train/loss=0.130] 
Epoch 3:   5%|▍         | 36/782 [00:00<00:17, 42.80it/s, loss=0.12, val/accuracy=0.955, val/loss=0.117, train/accuracy=0.951, train/loss=0.130]
Epoch 3:   5%|▍         | 36/782 [00:00<00:17, 42.79it/s, loss=0.122, val/accuracy=0.955, val/loss=0.117, train/accuracy=0.951, train/loss=0.130]
Epoch 3:   5%|▍         | 37/782 [00:00<00:17, 43.06it/s, loss=0.122, val/accuracy=0.955, val/loss=0.117, train/accuracy=0.951, train/loss=0.130]
Epoch 3:   5%|▍         | 37/782 [00:00<00:17, 43.05it/s, loss=0.124, val/accuracy=0.955, val/loss=0.117, train/accuracy=0.951, train/loss=0.130]
Epoch 3:   5%|▍         | 38/782 [00:00<00:17, 43.31it/s, loss=0.124, val/accuracy=0.955, val/loss=0.117, train/accuracy=0.951, train/loss=0.130]
Epoch 3:   5%|▍         | 38/782 [00:00<00:17, 43.30it/s, loss=0.125, val/accuracy=0.955, val/loss=0.117, train/accuracy=0.951, train/loss=0.130]
Epoch 3:   5%|▍         | 39/782 [00:00<00:17, 43.55it/s, loss=0.125, val/accuracy=0.955, val/loss=0.117, train/accuracy=0.951, train/loss=0.130]
Epoch 3:   5%|▍         | 39/782 [00:00<00:17, 43.53it/s, loss=0.125, val/accuracy=0.955, val/loss=0.117, train/accuracy=0.951, train/loss=0.130]
Epoch 3:   5%|▌         | 40/782 [00:00<00:16, 43.78it/s, loss=0.125, val/accuracy=0.955, val/loss=0.117, train/accuracy=0.951, train/loss=0.130]
Epoch 3:   5%|▌         | 40/782 [00:00<00:16, 43.77it/s, loss=0.121, val/accuracy=0.955, val/loss=0.117, train/accuracy=0.951, train/loss=0.130]
Epoch 3:   5%|▌         | 41/782 [00:00<00:16, 43.99it/s, loss=0.121, val/accuracy=0.955, val/loss=0.117, train/accuracy=0.951, train/loss=0.130]
Epoch 3:   5%|▌         | 41/782 [00:00<00:16, 43.98it/s, loss=0.122, val/accuracy=0.955, val/loss=0.117, train/accuracy=0.951, train/loss=0.130]
Epoch 3:   5%|▌         | 42/782 [00:00<00:16, 44.20it/s, loss=0.122, val/accuracy=0.955, val/loss=0.117, train/accuracy=0.951, train/loss=0.130]
Epoch 3:   5%|▌         | 42/782 [00:00<00:16, 44.19it/s, loss=0.116, val/accuracy=0.955, val/loss=0.117, train/accuracy=0.951, train/loss=0.130]
Epoch 3:   5%|▌         | 43/782 [00:00<00:16, 44.40it/s, loss=0.116, val/accuracy=0.955, val/loss=0.117, train/accuracy=0.951, train/loss=0.130]
Epoch 3:   5%|▌         | 43/782 [00:00<00:16, 44.39it/s, loss=0.117, val/accuracy=0.955, val/loss=0.117, train/accuracy=0.951, train/loss=0.130]
Epoch 3:   6%|▌         | 44/782 [00:00<00:16, 44.60it/s, loss=0.117, val/accuracy=0.955, val/loss=0.117, train/accuracy=0.951, train/loss=0.130]
Epoch 3:   6%|▌         | 44/782 [00:00<00:16, 44.58it/s, loss=0.117, val/accuracy=0.955, val/loss=0.117, train/accuracy=0.951, train/loss=0.130]
Epoch 3:   6%|▌         | 45/782 [00:01<00:16, 44.79it/s, loss=0.117, val/accuracy=0.955, val/loss=0.117, train/accuracy=0.951, train/loss=0.130]
Epoch 3:   6%|▌         | 45/782 [00:01<00:16, 44.78it/s, loss=0.116, val/accuracy=0.955, val/loss=0.117, train/accuracy=0.951, train/loss=0.130]
Epoch 3:   6%|▌         | 46/782 [00:01<00:16, 44.97it/s, loss=0.116, val/accuracy=0.955, val/loss=0.117, train/accuracy=0.951, train/loss=0.130]
Epoch 3:   6%|▌         | 46/782 [00:01<00:16, 44.96it/s, loss=0.118, val/accuracy=0.955, val/loss=0.117, train/accuracy=0.951, train/loss=0.130]
Epoch 3:   6%|▌         | 47/782 [00:01<00:16, 45.14it/s, loss=0.118, val/accuracy=0.955, val/loss=0.117, train/accuracy=0.951, train/loss=0.130]
Epoch 3:   6%|▌         | 47/782 [00:01<00:16, 45.13it/s, loss=0.117, val/accuracy=0.955, val/loss=0.117, train/accuracy=0.951, train/loss=0.130]
Epoch 3:   6%|▌         | 48/782 [00:01<00:16, 45.30it/s, loss=0.117, val/accuracy=0.955, val/loss=0.117, train/accuracy=0.951, train/loss=0.130]
Epoch 3:   6%|▌         | 48/782 [00:01<00:16, 45.29it/s, loss=0.112, val/accuracy=0.955, val/loss=0.117, train/accuracy=0.951, train/loss=0.130]
Epoch 3:   6%|▋         | 49/782 [00:01<00:16, 45.46it/s, loss=0.112, val/accuracy=0.955, val/loss=0.117, train/accuracy=0.951, train/loss=0.130]
Epoch 3:   6%|▋         | 49/782 [00:01<00:16, 45.45it/s, loss=0.111, val/accuracy=0.955, val/loss=0.117, train/accuracy=0.951, train/loss=0.130]
Epoch 3:   6%|▋         | 50/782 [00:01<00:16, 45.62it/s, loss=0.111, val/accuracy=0.955, val/loss=0.117, train/accuracy=0.951, train/loss=0.130]
Epoch 3:   6%|▋         | 50/782 [00:01<00:16, 45.61it/s, loss=0.113, val/accuracy=0.955, val/loss=0.117, train/accuracy=0.951, train/loss=0.130]
Epoch 3:   7%|▋         | 51/782 [00:01<00:15, 45.77it/s, loss=0.113, val/accuracy=0.955, val/loss=0.117, train/accuracy=0.951, train/loss=0.130]
Epoch 3:   7%|▋         | 51/782 [00:01<00:15, 45.76it/s, loss=0.121, val/accuracy=0.955, val/loss=0.117, train/accuracy=0.951, train/loss=0.130]
Epoch 3:   7%|▋         | 52/782 [00:01<00:15, 45.92it/s, loss=0.121, val/accuracy=0.955, val/loss=0.117, train/accuracy=0.951, train/loss=0.130]
Epoch 3:   7%|▋         | 52/782 [00:01<00:15, 45.91it/s, loss=0.12, val/accuracy=0.955, val/loss=0.117, train/accuracy=0.951, train/loss=0.130] 
Epoch 3:   7%|▋         | 53/782 [00:01<00:15, 46.06it/s, loss=0.12, val/accuracy=0.955, val/loss=0.117, train/accuracy=0.951, train/loss=0.130]
Epoch 3:   7%|▋         | 53/782 [00:01<00:15, 46.05it/s, loss=0.116, val/accuracy=0.955, val/loss=0.117, train/accuracy=0.951, train/loss=0.130]
Epoch 3:   7%|▋         | 54/782 [00:01<00:15, 46.20it/s, loss=0.116, val/accuracy=0.955, val/loss=0.117, train/accuracy=0.951, train/loss=0.130]
Epoch 3:   7%|▋         | 54/782 [00:01<00:15, 46.19it/s, loss=0.117, val/accuracy=0.955, val/loss=0.117, train/accuracy=0.951, train/loss=0.130]
Epoch 3:   7%|▋         | 55/782 [00:01<00:15, 46.32it/s, loss=0.117, val/accuracy=0.955, val/loss=0.117, train/accuracy=0.951, train/loss=0.130]
Epoch 3:   7%|▋         | 55/782 [00:01<00:15, 46.31it/s, loss=0.113, val/accuracy=0.955, val/loss=0.117, train/accuracy=0.951, train/loss=0.130]
Epoch 3:   7%|▋         | 56/782 [00:01<00:15, 46.45it/s, loss=0.113, val/accuracy=0.955, val/loss=0.117, train/accuracy=0.951, train/loss=0.130]
Epoch 3:   7%|▋         | 56/782 [00:01<00:15, 46.45it/s, loss=0.113, val/accuracy=0.955, val/loss=0.117, train/accuracy=0.951, train/loss=0.130]
Epoch 3:   7%|▋         | 57/782 [00:01<00:15, 46.59it/s, loss=0.113, val/accuracy=0.955, val/loss=0.117, train/accuracy=0.951, train/loss=0.130]
Epoch 3:   7%|▋         | 57/782 [00:01<00:15, 46.58it/s, loss=0.117, val/accuracy=0.955, val/loss=0.117, train/accuracy=0.951, train/loss=0.130]
Epoch 3:   7%|▋         | 58/782 [00:01<00:15, 46.71it/s, loss=0.117, val/accuracy=0.955, val/loss=0.117, train/accuracy=0.951, train/loss=0.130]
Epoch 3:   7%|▋         | 58/782 [00:01<00:15, 46.70it/s, loss=0.116, val/accuracy=0.955, val/loss=0.117, train/accuracy=0.951, train/loss=0.130]
Epoch 3:   8%|▊         | 59/782 [00:01<00:15, 46.84it/s, loss=0.116, val/accuracy=0.955, val/loss=0.117, train/accuracy=0.951, train/loss=0.130]
Epoch 3:   8%|▊         | 59/782 [00:01<00:15, 46.83it/s, loss=0.115, val/accuracy=0.955, val/loss=0.117, train/accuracy=0.951, train/loss=0.130]
Epoch 3:   8%|▊         | 60/782 [00:01<00:15, 46.96it/s, loss=0.115, val/accuracy=0.955, val/loss=0.117, train/accuracy=0.951, train/loss=0.130]
Epoch 3:   8%|▊         | 60/782 [00:01<00:15, 46.95it/s, loss=0.115, val/accuracy=0.955, val/loss=0.117, train/accuracy=0.951, train/loss=0.130]
Epoch 3:   8%|▊         | 61/782 [00:01<00:15, 47.07it/s, loss=0.115, val/accuracy=0.955, val/loss=0.117, train/accuracy=0.951, train/loss=0.130]
Epoch 3:   8%|▊         | 61/782 [00:01<00:15, 47.06it/s, loss=0.115, val/accuracy=0.955, val/loss=0.117, train/accuracy=0.951, train/loss=0.130]
Epoch 3:   8%|▊         | 62/782 [00:01<00:15, 47.18it/s, loss=0.115, val/accuracy=0.955, val/loss=0.117, train/accuracy=0.951, train/loss=0.130]
Epoch 3:   8%|▊         | 62/782 [00:01<00:15, 47.17it/s, loss=0.116, val/accuracy=0.955, val/loss=0.117, train/accuracy=0.951, train/loss=0.130]
Epoch 3:   8%|▊         | 63/782 [00:01<00:15, 47.28it/s, loss=0.116, val/accuracy=0.955, val/loss=0.117, train/accuracy=0.951, train/loss=0.130]
Epoch 3:   8%|▊         | 63/782 [00:01<00:15, 47.27it/s, loss=0.113, val/accuracy=0.955, val/loss=0.117, train/accuracy=0.951, train/loss=0.130]
Epoch 3:   8%|▊         | 64/782 [00:01<00:15, 47.39it/s, loss=0.113, val/accuracy=0.955, val/loss=0.117, train/accuracy=0.951, train/loss=0.130]
Epoch 3:   8%|▊         | 64/782 [00:01<00:15, 47.38it/s, loss=0.112, val/accuracy=0.955, val/loss=0.117, train/accuracy=0.951, train/loss=0.130]
Epoch 3:   8%|▊         | 65/782 [00:01<00:15, 47.49it/s, loss=0.112, val/accuracy=0.955, val/loss=0.117, train/accuracy=0.951, train/loss=0.130]
Epoch 3:   8%|▊         | 65/782 [00:01<00:15, 47.48it/s, loss=0.11, val/accuracy=0.955, val/loss=0.117, train/accuracy=0.951, train/loss=0.130] 
Epoch 3:   8%|▊         | 66/782 [00:01<00:15, 47.59it/s, loss=0.11, val/accuracy=0.955, val/loss=0.117, train/accuracy=0.951, train/loss=0.130]
Epoch 3:   8%|▊         | 66/782 [00:01<00:15, 47.58it/s, loss=0.11, val/accuracy=0.955, val/loss=0.117, train/accuracy=0.951, train/loss=0.130]
Epoch 3:   9%|▊         | 67/782 [00:01<00:14, 47.69it/s, loss=0.11, val/accuracy=0.955, val/loss=0.117, train/accuracy=0.951, train/loss=0.130]
Epoch 3:   9%|▊         | 67/782 [00:01<00:14, 47.68it/s, loss=0.11, val/accuracy=0.955, val/loss=0.117, train/accuracy=0.951, train/loss=0.130]
Epoch 3:   9%|▊         | 68/782 [00:01<00:14, 47.79it/s, loss=0.11, val/accuracy=0.955, val/loss=0.117, train/accuracy=0.951, train/loss=0.130]
Epoch 3:   9%|▊         | 68/782 [00:01<00:14, 47.78it/s, loss=0.11, val/accuracy=0.955, val/loss=0.117, train/accuracy=0.951, train/loss=0.130]
Epoch 3:   9%|▉         | 69/782 [00:01<00:14, 47.88it/s, loss=0.11, val/accuracy=0.955, val/loss=0.117, train/accuracy=0.951, train/loss=0.130]
Epoch 3:   9%|▉         | 69/782 [00:01<00:14, 47.87it/s, loss=0.11, val/accuracy=0.955, val/loss=0.117, train/accuracy=0.951, train/loss=0.130]
Epoch 3:   9%|▉         | 70/782 [00:01<00:14, 47.96it/s, loss=0.11, val/accuracy=0.955, val/loss=0.117, train/accuracy=0.951, train/loss=0.130]
Epoch 3:   9%|▉         | 70/782 [00:01<00:14, 47.95it/s, loss=0.111, val/accuracy=0.955, val/loss=0.117, train/accuracy=0.951, train/loss=0.130]
Epoch 3:   9%|▉         | 71/782 [00:01<00:14, 48.02it/s, loss=0.111, val/accuracy=0.955, val/loss=0.117, train/accuracy=0.951, train/loss=0.130]
Epoch 3:   9%|▉         | 71/782 [00:01<00:14, 48.01it/s, loss=0.108, val/accuracy=0.955, val/loss=0.117, train/accuracy=0.951, train/loss=0.130]
Epoch 3:   9%|▉         | 72/782 [00:01<00:14, 48.10it/s, loss=0.108, val/accuracy=0.955, val/loss=0.117, train/accuracy=0.951, train/loss=0.130]
Epoch 3:   9%|▉         | 72/782 [00:01<00:14, 48.10it/s, loss=0.108, val/accuracy=0.955, val/loss=0.117, train/accuracy=0.951, train/loss=0.130]
Epoch 3:   9%|▉         | 73/782 [00:01<00:14, 48.18it/s, loss=0.108, val/accuracy=0.955, val/loss=0.117, train/accuracy=0.951, train/loss=0.130]
Epoch 3:   9%|▉         | 73/782 [00:01<00:14, 48.18it/s, loss=0.108, val/accuracy=0.955, val/loss=0.117, train/accuracy=0.951, train/loss=0.130]
Epoch 3:   9%|▉         | 74/782 [00:01<00:14, 48.27it/s, loss=0.108, val/accuracy=0.955, val/loss=0.117, train/accuracy=0.951, train/loss=0.130]
Epoch 3:   9%|▉         | 74/782 [00:01<00:14, 48.26it/s, loss=0.106, val/accuracy=0.955, val/loss=0.117, train/accuracy=0.951, train/loss=0.130]
Epoch 3:  10%|▉         | 75/782 [00:01<00:14, 48.35it/s, loss=0.106, val/accuracy=0.955, val/loss=0.117, train/accuracy=0.951, train/loss=0.130]
Epoch 3:  10%|▉         | 75/782 [00:01<00:14, 48.34it/s, loss=0.108, val/accuracy=0.955, val/loss=0.117, train/accuracy=0.951, train/loss=0.130]
Epoch 3:  10%|▉         | 76/782 [00:01<00:14, 48.43it/s, loss=0.108, val/accuracy=0.955, val/loss=0.117, train/accuracy=0.951, train/loss=0.130]
Epoch 3:  10%|▉         | 76/782 [00:01<00:14, 48.42it/s, loss=0.107, val/accuracy=0.955, val/loss=0.117, train/accuracy=0.951, train/loss=0.130]
Epoch 3:  10%|▉         | 77/782 [00:01<00:14, 48.50it/s, loss=0.107, val/accuracy=0.955, val/loss=0.117, train/accuracy=0.951, train/loss=0.130]
Epoch 3:  10%|▉         | 77/782 [00:01<00:14, 48.50it/s, loss=0.102, val/accuracy=0.955, val/loss=0.117, train/accuracy=0.951, train/loss=0.130]
Epoch 3:  10%|▉         | 78/782 [00:01<00:14, 48.58it/s, loss=0.102, val/accuracy=0.955, val/loss=0.117, train/accuracy=0.951, train/loss=0.130]
Epoch 3:  10%|▉         | 78/782 [00:01<00:14, 48.57it/s, loss=0.1, val/accuracy=0.955, val/loss=0.117, train/accuracy=0.951, train/loss=0.130]  
Epoch 3:  10%|█         | 79/782 [00:01<00:14, 48.65it/s, loss=0.1, val/accuracy=0.955, val/loss=0.117, train/accuracy=0.951, train/loss=0.130]
Epoch 3:  10%|█         | 79/782 [00:01<00:14, 48.65it/s, loss=0.0995, val/accuracy=0.955, val/loss=0.117, train/accuracy=0.951, train/loss=0.130]
Epoch 3:  10%|█         | 80/782 [00:01<00:14, 48.72it/s, loss=0.0995, val/accuracy=0.955, val/loss=0.117, train/accuracy=0.951, train/loss=0.130]
Epoch 3:  10%|█         | 80/782 [00:01<00:14, 48.71it/s, loss=0.1, val/accuracy=0.955, val/loss=0.117, train/accuracy=0.951, train/loss=0.130]   
Epoch 3:  10%|█         | 81/782 [00:01<00:14, 48.79it/s, loss=0.1, val/accuracy=0.955, val/loss=0.117, train/accuracy=0.951, train/loss=0.130]
Epoch 3:  10%|█         | 81/782 [00:01<00:14, 48.78it/s, loss=0.101, val/accuracy=0.955, val/loss=0.117, train/accuracy=0.951, train/loss=0.130]
Epoch 3:  10%|█         | 82/782 [00:01<00:14, 48.85it/s, loss=0.101, val/accuracy=0.955, val/loss=0.117, train/accuracy=0.951, train/loss=0.130]
Epoch 3:  10%|█         | 82/782 [00:01<00:14, 48.85it/s, loss=0.101, val/accuracy=0.955, val/loss=0.117, train/accuracy=0.951, train/loss=0.130]
Epoch 3:  11%|█         | 83/782 [00:01<00:14, 48.91it/s, loss=0.101, val/accuracy=0.955, val/loss=0.117, train/accuracy=0.951, train/loss=0.130]
Epoch 3:  11%|█         | 83/782 [00:01<00:14, 48.91it/s, loss=0.102, val/accuracy=0.955, val/loss=0.117, train/accuracy=0.951, train/loss=0.130]
Epoch 3:  11%|█         | 84/782 [00:01<00:14, 48.96it/s, loss=0.102, val/accuracy=0.955, val/loss=0.117, train/accuracy=0.951, train/loss=0.130]
Epoch 3:  11%|█         | 84/782 [00:01<00:14, 48.95it/s, loss=0.0999, val/accuracy=0.955, val/loss=0.117, train/accuracy=0.951, train/loss=0.130]
Epoch 3:  11%|█         | 85/782 [00:01<00:14, 49.01it/s, loss=0.0999, val/accuracy=0.955, val/loss=0.117, train/accuracy=0.951, train/loss=0.130]
Epoch 3:  11%|█         | 85/782 [00:01<00:14, 49.00it/s, loss=0.107, val/accuracy=0.955, val/loss=0.117, train/accuracy=0.951, train/loss=0.130] 
Epoch 3:  11%|█         | 86/782 [00:01<00:14, 49.06it/s, loss=0.107, val/accuracy=0.955, val/loss=0.117, train/accuracy=0.951, train/loss=0.130]
Epoch 3:  11%|█         | 86/782 [00:01<00:14, 49.05it/s, loss=0.108, val/accuracy=0.955, val/loss=0.117, train/accuracy=0.951, train/loss=0.130]
Epoch 3:  11%|█         | 87/782 [00:01<00:14, 49.12it/s, loss=0.108, val/accuracy=0.955, val/loss=0.117, train/accuracy=0.951, train/loss=0.130]
Epoch 3:  11%|█         | 87/782 [00:01<00:14, 49.11it/s, loss=0.107, val/accuracy=0.955, val/loss=0.117, train/accuracy=0.951, train/loss=0.130]
Epoch 3:  11%|█▏        | 88/782 [00:01<00:14, 49.17it/s, loss=0.107, val/accuracy=0.955, val/loss=0.117, train/accuracy=0.951, train/loss=0.130]
Epoch 3:  11%|█▏        | 88/782 [00:01<00:14, 49.17it/s, loss=0.107, val/accuracy=0.955, val/loss=0.117, train/accuracy=0.951, train/loss=0.130]
Epoch 3:  11%|█▏        | 89/782 [00:01<00:14, 49.23it/s, loss=0.107, val/accuracy=0.955, val/loss=0.117, train/accuracy=0.951, train/loss=0.130]
Epoch 3:  11%|█▏        | 89/782 [00:01<00:14, 49.23it/s, loss=0.105, val/accuracy=0.955, val/loss=0.117, train/accuracy=0.951, train/loss=0.130]
Epoch 3:  12%|█▏        | 90/782 [00:01<00:14, 49.29it/s, loss=0.105, val/accuracy=0.955, val/loss=0.117, train/accuracy=0.951, train/loss=0.130]
Epoch 3:  12%|█▏        | 90/782 [00:01<00:14, 49.29it/s, loss=0.106, val/accuracy=0.955, val/loss=0.117, train/accuracy=0.951, train/loss=0.130]
Epoch 3:  12%|█▏        | 91/782 [00:01<00:14, 49.35it/s, loss=0.106, val/accuracy=0.955, val/loss=0.117, train/accuracy=0.951, train/loss=0.130]
Epoch 3:  12%|█▏        | 91/782 [00:01<00:14, 49.34it/s, loss=0.103, val/accuracy=0.955, val/loss=0.117, train/accuracy=0.951, train/loss=0.130]
Epoch 3:  12%|█▏        | 92/782 [00:01<00:13, 49.40it/s, loss=0.103, val/accuracy=0.955, val/loss=0.117, train/accuracy=0.951, train/loss=0.130]
Epoch 3:  12%|█▏        | 92/782 [00:01<00:13, 49.40it/s, loss=0.104, val/accuracy=0.955, val/loss=0.117, train/accuracy=0.951, train/loss=0.130]
Epoch 3:  12%|█▏        | 93/782 [00:01<00:13, 49.46it/s, loss=0.104, val/accuracy=0.955, val/loss=0.117, train/accuracy=0.951, train/loss=0.130]
Epoch 3:  12%|█▏        | 93/782 [00:01<00:13, 49.45it/s, loss=0.106, val/accuracy=0.955, val/loss=0.117, train/accuracy=0.951, train/loss=0.130]
Epoch 3:  12%|█▏        | 94/782 [00:01<00:13, 49.52it/s, loss=0.106, val/accuracy=0.955, val/loss=0.117, train/accuracy=0.951, train/loss=0.130]
Epoch 3:  12%|█▏        | 94/782 [00:01<00:13, 49.51it/s, loss=0.109, val/accuracy=0.955, val/loss=0.117, train/accuracy=0.951, train/loss=0.130]
Epoch 3:  12%|█▏        | 95/782 [00:01<00:13, 49.57it/s, loss=0.109, val/accuracy=0.955, val/loss=0.117, train/accuracy=0.951, train/loss=0.130]
Epoch 3:  12%|█▏        | 95/782 [00:01<00:13, 49.56it/s, loss=0.11, val/accuracy=0.955, val/loss=0.117, train/accuracy=0.951, train/loss=0.130] 
Epoch 3:  12%|█▏        | 96/782 [00:01<00:13, 49.62it/s, loss=0.11, val/accuracy=0.955, val/loss=0.117, train/accuracy=0.951, train/loss=0.130]
Epoch 3:  12%|█▏        | 96/782 [00:01<00:13, 49.61it/s, loss=0.108, val/accuracy=0.955, val/loss=0.117, train/accuracy=0.951, train/loss=0.130]
Epoch 3:  12%|█▏        | 97/782 [00:01<00:13, 49.67it/s, loss=0.108, val/accuracy=0.955, val/loss=0.117, train/accuracy=0.951, train/loss=0.130]
Epoch 3:  12%|█▏        | 97/782 [00:01<00:13, 49.67it/s, loss=0.111, val/accuracy=0.955, val/loss=0.117, train/accuracy=0.951, train/loss=0.130]
Epoch 3:  13%|█▎        | 98/782 [00:01<00:13, 49.72it/s, loss=0.111, val/accuracy=0.955, val/loss=0.117, train/accuracy=0.951, train/loss=0.130]
Epoch 3:  13%|█▎        | 98/782 [00:01<00:13, 49.71it/s, loss=0.113, val/accuracy=0.955, val/loss=0.117, train/accuracy=0.951, train/loss=0.130]
Epoch 3:  13%|█▎        | 99/782 [00:01<00:13, 49.77it/s, loss=0.113, val/accuracy=0.955, val/loss=0.117, train/accuracy=0.951, train/loss=0.130]
Epoch 3:  13%|█▎        | 99/782 [00:01<00:13, 49.76it/s, loss=0.118, val/accuracy=0.955, val/loss=0.117, train/accuracy=0.951, train/loss=0.130]
Epoch 3:  13%|█▎        | 100/782 [00:02<00:13, 49.81it/s, loss=0.118, val/accuracy=0.955, val/loss=0.117, train/accuracy=0.951, train/loss=0.130]
Epoch 3:  13%|█▎        | 100/782 [00:02<00:13, 49.80it/s, loss=0.118, val/accuracy=0.955, val/loss=0.117, train/accuracy=0.951, train/loss=0.130]
Epoch 3:  13%|█▎        | 101/782 [00:02<00:13, 49.81it/s, loss=0.118, val/accuracy=0.955, val/loss=0.117, train/accuracy=0.951, train/loss=0.130]
Epoch 3:  13%|█▎        | 101/782 [00:02<00:13, 49.80it/s, loss=0.123, val/accuracy=0.955, val/loss=0.117, train/accuracy=0.951, train/loss=0.130]
Epoch 3:  13%|█▎        | 102/782 [00:02<00:13, 49.85it/s, loss=0.123, val/accuracy=0.955, val/loss=0.117, train/accuracy=0.951, train/loss=0.130]
Epoch 3:  13%|█▎        | 102/782 [00:02<00:13, 49.85it/s, loss=0.12, val/accuracy=0.955, val/loss=0.117, train/accuracy=0.951, train/loss=0.130] 
Epoch 3:  13%|█▎        | 103/782 [00:02<00:13, 49.89it/s, loss=0.12, val/accuracy=0.955, val/loss=0.117, train/accuracy=0.951, train/loss=0.130]
Epoch 3:  13%|█▎        | 103/782 [00:02<00:13, 49.89it/s, loss=0.118, val/accuracy=0.955, val/loss=0.117, train/accuracy=0.951, train/loss=0.130]
Epoch 3:  13%|█▎        | 104/782 [00:02<00:13, 49.94it/s, loss=0.118, val/accuracy=0.955, val/loss=0.117, train/accuracy=0.951, train/loss=0.130]
Epoch 3:  13%|█▎        | 104/782 [00:02<00:13, 49.93it/s, loss=0.122, val/accuracy=0.955, val/loss=0.117, train/accuracy=0.951, train/loss=0.130]
Epoch 3:  13%|█▎        | 105/782 [00:02<00:13, 49.98it/s, loss=0.122, val/accuracy=0.955, val/loss=0.117, train/accuracy=0.951, train/loss=0.130]
Epoch 3:  13%|█▎        | 105/782 [00:02<00:13, 49.97it/s, loss=0.121, val/accuracy=0.955, val/loss=0.117, train/accuracy=0.951, train/loss=0.130]
Epoch 3:  14%|█▎        | 106/782 [00:02<00:13, 50.02it/s, loss=0.121, val/accuracy=0.955, val/loss=0.117, train/accuracy=0.951, train/loss=0.130]
Epoch 3:  14%|█▎        | 106/782 [00:02<00:13, 50.01it/s, loss=0.121, val/accuracy=0.955, val/loss=0.117, train/accuracy=0.951, train/loss=0.130]
Epoch 3:  14%|█▎        | 107/782 [00:02<00:13, 50.06it/s, loss=0.121, val/accuracy=0.955, val/loss=0.117, train/accuracy=0.951, train/loss=0.130]
Epoch 3:  14%|█▎        | 107/782 [00:02<00:13, 50.05it/s, loss=0.127, val/accuracy=0.955, val/loss=0.117, train/accuracy=0.951, train/loss=0.130]
Epoch 3:  14%|█▍        | 108/782 [00:02<00:13, 50.10it/s, loss=0.127, val/accuracy=0.955, val/loss=0.117, train/accuracy=0.951, train/loss=0.130]
Epoch 3:  14%|█▍        | 108/782 [00:02<00:13, 50.09it/s, loss=0.127, val/accuracy=0.955, val/loss=0.117, train/accuracy=0.951, train/loss=0.130]
Epoch 3:  14%|█▍        | 109/782 [00:02<00:13, 50.14it/s, loss=0.127, val/accuracy=0.955, val/loss=0.117, train/accuracy=0.951, train/loss=0.130]
Epoch 3:  14%|█▍        | 109/782 [00:02<00:13, 50.13it/s, loss=0.13, val/accuracy=0.955, val/loss=0.117, train/accuracy=0.951, train/loss=0.130] 
Epoch 3:  14%|█▍        | 110/782 [00:02<00:13, 50.17it/s, loss=0.13, val/accuracy=0.955, val/loss=0.117, train/accuracy=0.951, train/loss=0.130]
Epoch 3:  14%|█▍        | 110/782 [00:02<00:13, 50.17it/s, loss=0.13, val/accuracy=0.955, val/loss=0.117, train/accuracy=0.951, train/loss=0.130]
Epoch 3:  14%|█▍        | 111/782 [00:02<00:13, 50.20it/s, loss=0.13, val/accuracy=0.955, val/loss=0.117, train/accuracy=0.951, train/loss=0.130]
Epoch 3:  14%|█▍        | 111/782 [00:02<00:13, 50.19it/s, loss=0.126, val/accuracy=0.955, val/loss=0.117, train/accuracy=0.951, train/loss=0.130]
Epoch 3:  14%|█▍        | 112/782 [00:02<00:13, 50.23it/s, loss=0.126, val/accuracy=0.955, val/loss=0.117, train/accuracy=0.951, train/loss=0.130]
Epoch 3:  14%|█▍        | 112/782 [00:02<00:13, 50.23it/s, loss=0.124, val/accuracy=0.955, val/loss=0.117, train/accuracy=0.951, train/loss=0.130]
Epoch 3:  14%|█▍        | 113/782 [00:02<00:13, 50.26it/s, loss=0.124, val/accuracy=0.955, val/loss=0.117, train/accuracy=0.951, train/loss=0.130]
Epoch 3:  14%|█▍        | 113/782 [00:02<00:13, 50.26it/s, loss=0.126, val/accuracy=0.955, val/loss=0.117, train/accuracy=0.951, train/loss=0.130]
Epoch 3:  15%|█▍        | 114/782 [00:02<00:13, 50.30it/s, loss=0.126, val/accuracy=0.955, val/loss=0.117, train/accuracy=0.951, train/loss=0.130]
Epoch 3:  15%|█▍        | 114/782 [00:02<00:13, 50.29it/s, loss=0.126, val/accuracy=0.955, val/loss=0.117, train/accuracy=0.951, train/loss=0.130]
Epoch 3:  15%|█▍        | 115/782 [00:02<00:13, 50.33it/s, loss=0.126, val/accuracy=0.955, val/loss=0.117, train/accuracy=0.951, train/loss=0.130]
Epoch 3:  15%|█▍        | 115/782 [00:02<00:13, 50.33it/s, loss=0.127, val/accuracy=0.955, val/loss=0.117, train/accuracy=0.951, train/loss=0.130]
Epoch 3:  15%|█▍        | 116/782 [00:02<00:13, 50.37it/s, loss=0.127, val/accuracy=0.955, val/loss=0.117, train/accuracy=0.951, train/loss=0.130]
Epoch 3:  15%|█▍        | 116/782 [00:02<00:13, 50.37it/s, loss=0.13, val/accuracy=0.955, val/loss=0.117, train/accuracy=0.951, train/loss=0.130] 
Epoch 3:  15%|█▍        | 117/782 [00:02<00:13, 50.40it/s, loss=0.13, val/accuracy=0.955, val/loss=0.117, train/accuracy=0.951, train/loss=0.130]
Epoch 3:  15%|█▍        | 117/782 [00:02<00:13, 50.40it/s, loss=0.128, val/accuracy=0.955, val/loss=0.117, train/accuracy=0.951, train/loss=0.130]
Epoch 3:  15%|█▌        | 118/782 [00:02<00:13, 50.44it/s, loss=0.128, val/accuracy=0.955, val/loss=0.117, train/accuracy=0.951, train/loss=0.130]
Epoch 3:  15%|█▌        | 118/782 [00:02<00:13, 50.43it/s, loss=0.127, val/accuracy=0.955, val/loss=0.117, train/accuracy=0.951, train/loss=0.130]
Epoch 3:  15%|█▌        | 119/782 [00:02<00:13, 50.47it/s, loss=0.127, val/accuracy=0.955, val/loss=0.117, train/accuracy=0.951, train/loss=0.130]
Epoch 3:  15%|█▌        | 119/782 [00:02<00:13, 50.47it/s, loss=0.122, val/accuracy=0.955, val/loss=0.117, train/accuracy=0.951, train/loss=0.130]
Epoch 3:  15%|█▌        | 120/782 [00:02<00:13, 50.51it/s, loss=0.122, val/accuracy=0.955, val/loss=0.117, train/accuracy=0.951, train/loss=0.130]
Epoch 3:  15%|█▌        | 120/782 [00:02<00:13, 50.50it/s, loss=0.124, val/accuracy=0.955, val/loss=0.117, train/accuracy=0.951, train/loss=0.130]
Epoch 3:  15%|█▌        | 121/782 [00:02<00:13, 50.54it/s, loss=0.124, val/accuracy=0.955, val/loss=0.117, train/accuracy=0.951, train/loss=0.130]
Epoch 3:  15%|█▌        | 121/782 [00:02<00:13, 50.53it/s, loss=0.122, val/accuracy=0.955, val/loss=0.117, train/accuracy=0.951, train/loss=0.130]
Epoch 3:  16%|█▌        | 122/782 [00:02<00:13, 50.57it/s, loss=0.122, val/accuracy=0.955, val/loss=0.117, train/accuracy=0.951, train/loss=0.130]
Epoch 3:  16%|█▌        | 122/782 [00:02<00:13, 50.56it/s, loss=0.121, val/accuracy=0.955, val/loss=0.117, train/accuracy=0.951, train/loss=0.130]
Epoch 3:  16%|█▌        | 123/782 [00:02<00:13, 50.60it/s, loss=0.121, val/accuracy=0.955, val/loss=0.117, train/accuracy=0.951, train/loss=0.130]
Epoch 3:  16%|█▌        | 123/782 [00:02<00:13, 50.60it/s, loss=0.123, val/accuracy=0.955, val/loss=0.117, train/accuracy=0.951, train/loss=0.130]
Epoch 3:  16%|█▌        | 124/782 [00:02<00:12, 50.63it/s, loss=0.123, val/accuracy=0.955, val/loss=0.117, train/accuracy=0.951, train/loss=0.130]
Epoch 3:  16%|█▌        | 124/782 [00:02<00:12, 50.63it/s, loss=0.119, val/accuracy=0.955, val/loss=0.117, train/accuracy=0.951, train/loss=0.130]
Epoch 3:  16%|█▌        | 125/782 [00:02<00:12, 50.66it/s, loss=0.119, val/accuracy=0.955, val/loss=0.117, train/accuracy=0.951, train/loss=0.130]
Epoch 3:  16%|█▌        | 125/782 [00:02<00:12, 50.66it/s, loss=0.116, val/accuracy=0.955, val/loss=0.117, train/accuracy=0.951, train/loss=0.130]
Epoch 3:  16%|█▌        | 126/782 [00:02<00:12, 50.70it/s, loss=0.116, val/accuracy=0.955, val/loss=0.117, train/accuracy=0.951, train/loss=0.130]
Epoch 3:  16%|█▌        | 126/782 [00:02<00:12, 50.69it/s, loss=0.116, val/accuracy=0.955, val/loss=0.117, train/accuracy=0.951, train/loss=0.130]
Epoch 3:  16%|█▌        | 127/782 [00:02<00:12, 50.73it/s, loss=0.116, val/accuracy=0.955, val/loss=0.117, train/accuracy=0.951, train/loss=0.130]
Epoch 3:  16%|█▌        | 127/782 [00:02<00:12, 50.72it/s, loss=0.115, val/accuracy=0.955, val/loss=0.117, train/accuracy=0.951, train/loss=0.130]
Epoch 3:  16%|█▋        | 128/782 [00:02<00:12, 50.76it/s, loss=0.115, val/accuracy=0.955, val/loss=0.117, train/accuracy=0.951, train/loss=0.130]
Epoch 3:  16%|█▋        | 128/782 [00:02<00:12, 50.75it/s, loss=0.118, val/accuracy=0.955, val/loss=0.117, train/accuracy=0.951, train/loss=0.130]
Epoch 3:  16%|█▋        | 129/782 [00:02<00:12, 50.79it/s, loss=0.118, val/accuracy=0.955, val/loss=0.117, train/accuracy=0.951, train/loss=0.130]
Epoch 3:  16%|█▋        | 129/782 [00:02<00:12, 50.78it/s, loss=0.118, val/accuracy=0.955, val/loss=0.117, train/accuracy=0.951, train/loss=0.130]
Epoch 3:  17%|█▋        | 130/782 [00:02<00:12, 50.82it/s, loss=0.118, val/accuracy=0.955, val/loss=0.117, train/accuracy=0.951, train/loss=0.130]
Epoch 3:  17%|█▋        | 130/782 [00:02<00:12, 50.81it/s, loss=0.113, val/accuracy=0.955, val/loss=0.117, train/accuracy=0.951, train/loss=0.130]
Epoch 3:  17%|█▋        | 131/782 [00:02<00:12, 50.84it/s, loss=0.113, val/accuracy=0.955, val/loss=0.117, train/accuracy=0.951, train/loss=0.130]
Epoch 3:  17%|█▋        | 131/782 [00:02<00:12, 50.84it/s, loss=0.115, val/accuracy=0.955, val/loss=0.117, train/accuracy=0.951, train/loss=0.130]
Epoch 3:  17%|█▋        | 132/782 [00:02<00:12, 50.87it/s, loss=0.115, val/accuracy=0.955, val/loss=0.117, train/accuracy=0.951, train/loss=0.130]
Epoch 3:  17%|█▋        | 132/782 [00:02<00:12, 50.87it/s, loss=0.116, val/accuracy=0.955, val/loss=0.117, train/accuracy=0.951, train/loss=0.130]
Epoch 3:  17%|█▋        | 133/782 [00:02<00:12, 50.90it/s, loss=0.116, val/accuracy=0.955, val/loss=0.117, train/accuracy=0.951, train/loss=0.130]
Epoch 3:  17%|█▋        | 133/782 [00:02<00:12, 50.89it/s, loss=0.114, val/accuracy=0.955, val/loss=0.117, train/accuracy=0.951, train/loss=0.130]
Epoch 3:  17%|█▋        | 134/782 [00:02<00:12, 50.92it/s, loss=0.114, val/accuracy=0.955, val/loss=0.117, train/accuracy=0.951, train/loss=0.130]
Epoch 3:  17%|█▋        | 134/782 [00:02<00:12, 50.92it/s, loss=0.115, val/accuracy=0.955, val/loss=0.117, train/accuracy=0.951, train/loss=0.130]
Epoch 3:  17%|█▋        | 135/782 [00:02<00:12, 50.95it/s, loss=0.115, val/accuracy=0.955, val/loss=0.117, train/accuracy=0.951, train/loss=0.130]
Epoch 3:  17%|█▋        | 135/782 [00:02<00:12, 50.94it/s, loss=0.112, val/accuracy=0.955, val/loss=0.117, train/accuracy=0.951, train/loss=0.130]
Epoch 3:  17%|█▋        | 136/782 [00:02<00:12, 50.97it/s, loss=0.112, val/accuracy=0.955, val/loss=0.117, train/accuracy=0.951, train/loss=0.130]
Epoch 3:  17%|█▋        | 136/782 [00:02<00:12, 50.97it/s, loss=0.108, val/accuracy=0.955, val/loss=0.117, train/accuracy=0.951, train/loss=0.130]
Epoch 3:  18%|█▊        | 137/782 [00:02<00:12, 51.00it/s, loss=0.108, val/accuracy=0.955, val/loss=0.117, train/accuracy=0.951, train/loss=0.130]
Epoch 3:  18%|█▊        | 137/782 [00:02<00:12, 50.99it/s, loss=0.112, val/accuracy=0.955, val/loss=0.117, train/accuracy=0.951, train/loss=0.130]
Epoch 3:  18%|█▊        | 138/782 [00:02<00:12, 51.02it/s, loss=0.112, val/accuracy=0.955, val/loss=0.117, train/accuracy=0.951, train/loss=0.130]
Epoch 3:  18%|█▊        | 138/782 [00:02<00:12, 51.02it/s, loss=0.114, val/accuracy=0.955, val/loss=0.117, train/accuracy=0.951, train/loss=0.130]
Epoch 3:  18%|█▊        | 139/782 [00:02<00:12, 51.04it/s, loss=0.114, val/accuracy=0.955, val/loss=0.117, train/accuracy=0.951, train/loss=0.130]
Epoch 3:  18%|█▊        | 139/782 [00:02<00:12, 51.04it/s, loss=0.114, val/accuracy=0.955, val/loss=0.117, train/accuracy=0.951, train/loss=0.130]
Epoch 3:  18%|█▊        | 140/782 [00:02<00:12, 51.07it/s, loss=0.114, val/accuracy=0.955, val/loss=0.117, train/accuracy=0.951, train/loss=0.130]
Epoch 3:  18%|█▊        | 140/782 [00:02<00:12, 51.06it/s, loss=0.114, val/accuracy=0.955, val/loss=0.117, train/accuracy=0.951, train/loss=0.130]
Epoch 3:  18%|█▊        | 141/782 [00:02<00:12, 51.09it/s, loss=0.114, val/accuracy=0.955, val/loss=0.117, train/accuracy=0.951, train/loss=0.130]
Epoch 3:  18%|█▊        | 141/782 [00:02<00:12, 51.09it/s, loss=0.111, val/accuracy=0.955, val/loss=0.117, train/accuracy=0.951, train/loss=0.130]
Epoch 3:  18%|█▊        | 142/782 [00:02<00:12, 51.11it/s, loss=0.111, val/accuracy=0.955, val/loss=0.117, train/accuracy=0.951, train/loss=0.130]
Epoch 3:  18%|█▊        | 142/782 [00:02<00:12, 51.11it/s, loss=0.115, val/accuracy=0.955, val/loss=0.117, train/accuracy=0.951, train/loss=0.130]
Epoch 3:  18%|█▊        | 143/782 [00:02<00:12, 51.14it/s, loss=0.115, val/accuracy=0.955, val/loss=0.117, train/accuracy=0.951, train/loss=0.130]
Epoch 3:  18%|█▊        | 143/782 [00:02<00:12, 51.14it/s, loss=0.113, val/accuracy=0.955, val/loss=0.117, train/accuracy=0.951, train/loss=0.130]
Epoch 3:  18%|█▊        | 144/782 [00:02<00:12, 51.17it/s, loss=0.113, val/accuracy=0.955, val/loss=0.117, train/accuracy=0.951, train/loss=0.130]
Epoch 3:  18%|█▊        | 144/782 [00:02<00:12, 51.16it/s, loss=0.116, val/accuracy=0.955, val/loss=0.117, train/accuracy=0.951, train/loss=0.130]
Epoch 3:  19%|█▊        | 145/782 [00:02<00:12, 51.19it/s, loss=0.116, val/accuracy=0.955, val/loss=0.117, train/accuracy=0.951, train/loss=0.130]
Epoch 3:  19%|█▊        | 145/782 [00:02<00:12, 51.19it/s, loss=0.116, val/accuracy=0.955, val/loss=0.117, train/accuracy=0.951, train/loss=0.130]
Epoch 3:  19%|█▊        | 146/782 [00:02<00:12, 51.22it/s, loss=0.116, val/accuracy=0.955, val/loss=0.117, train/accuracy=0.951, train/loss=0.130]
Epoch 3:  19%|█▊        | 146/782 [00:02<00:12, 51.21it/s, loss=0.115, val/accuracy=0.955, val/loss=0.117, train/accuracy=0.951, train/loss=0.130]
Epoch 3:  19%|█▉        | 147/782 [00:02<00:12, 51.24it/s, loss=0.115, val/accuracy=0.955, val/loss=0.117, train/accuracy=0.951, train/loss=0.130]
Epoch 3:  19%|█▉        | 147/782 [00:02<00:12, 51.24it/s, loss=0.112, val/accuracy=0.955, val/loss=0.117, train/accuracy=0.951, train/loss=0.130]
Epoch 3:  19%|█▉        | 148/782 [00:02<00:12, 51.27it/s, loss=0.112, val/accuracy=0.955, val/loss=0.117, train/accuracy=0.951, train/loss=0.130]
Epoch 3:  19%|█▉        | 148/782 [00:02<00:12, 51.26it/s, loss=0.112, val/accuracy=0.955, val/loss=0.117, train/accuracy=0.951, train/loss=0.130]
Epoch 3:  19%|█▉        | 149/782 [00:02<00:12, 51.29it/s, loss=0.112, val/accuracy=0.955, val/loss=0.117, train/accuracy=0.951, train/loss=0.130]
Epoch 3:  19%|█▉        | 149/782 [00:02<00:12, 51.28it/s, loss=0.109, val/accuracy=0.955, val/loss=0.117, train/accuracy=0.951, train/loss=0.130]
Epoch 3:  19%|█▉        | 150/782 [00:02<00:12, 51.31it/s, loss=0.109, val/accuracy=0.955, val/loss=0.117, train/accuracy=0.951, train/loss=0.130]
Epoch 3:  19%|█▉        | 150/782 [00:02<00:12, 51.30it/s, loss=0.114, val/accuracy=0.955, val/loss=0.117, train/accuracy=0.951, train/loss=0.130]
Epoch 3:  19%|█▉        | 151/782 [00:02<00:12, 51.31it/s, loss=0.114, val/accuracy=0.955, val/loss=0.117, train/accuracy=0.951, train/loss=0.130]
Epoch 3:  19%|█▉        | 151/782 [00:02<00:12, 51.31it/s, loss=0.115, val/accuracy=0.955, val/loss=0.117, train/accuracy=0.951, train/loss=0.130]
Epoch 3:  19%|█▉        | 152/782 [00:02<00:12, 51.33it/s, loss=0.115, val/accuracy=0.955, val/loss=0.117, train/accuracy=0.951, train/loss=0.130]
Epoch 3:  19%|█▉        | 152/782 [00:02<00:12, 51.33it/s, loss=0.116, val/accuracy=0.955, val/loss=0.117, train/accuracy=0.951, train/loss=0.130]
Epoch 3:  20%|█▉        | 153/782 [00:02<00:12, 51.35it/s, loss=0.116, val/accuracy=0.955, val/loss=0.117, train/accuracy=0.951, train/loss=0.130]
Epoch 3:  20%|█▉        | 153/782 [00:02<00:12, 51.35it/s, loss=0.119, val/accuracy=0.955, val/loss=0.117, train/accuracy=0.951, train/loss=0.130]
Epoch 3:  20%|█▉        | 154/782 [00:02<00:12, 51.38it/s, loss=0.119, val/accuracy=0.955, val/loss=0.117, train/accuracy=0.951, train/loss=0.130]
Epoch 3:  20%|█▉        | 154/782 [00:02<00:12, 51.37it/s, loss=0.117, val/accuracy=0.955, val/loss=0.117, train/accuracy=0.951, train/loss=0.130]
Epoch 3:  20%|█▉        | 155/782 [00:03<00:12, 51.40it/s, loss=0.117, val/accuracy=0.955, val/loss=0.117, train/accuracy=0.951, train/loss=0.130]
Epoch 3:  20%|█▉        | 155/782 [00:03<00:12, 51.39it/s, loss=0.118, val/accuracy=0.955, val/loss=0.117, train/accuracy=0.951, train/loss=0.130]
Epoch 3:  20%|█▉        | 156/782 [00:03<00:12, 51.42it/s, loss=0.118, val/accuracy=0.955, val/loss=0.117, train/accuracy=0.951, train/loss=0.130]
Epoch 3:  20%|█▉        | 156/782 [00:03<00:12, 51.41it/s, loss=0.122, val/accuracy=0.955, val/loss=0.117, train/accuracy=0.951, train/loss=0.130]
Epoch 3:  20%|██        | 157/782 [00:03<00:12, 51.44it/s, loss=0.122, val/accuracy=0.955, val/loss=0.117, train/accuracy=0.951, train/loss=0.130]
Epoch 3:  20%|██        | 157/782 [00:03<00:12, 51.43it/s, loss=0.116, val/accuracy=0.955, val/loss=0.117, train/accuracy=0.951, train/loss=0.130]
Epoch 3:  20%|██        | 158/782 [00:03<00:12, 51.46it/s, loss=0.116, val/accuracy=0.955, val/loss=0.117, train/accuracy=0.951, train/loss=0.130]
Epoch 3:  20%|██        | 158/782 [00:03<00:12, 51.45it/s, loss=0.112, val/accuracy=0.955, val/loss=0.117, train/accuracy=0.951, train/loss=0.130]
Epoch 3:  20%|██        | 159/782 [00:03<00:12, 51.47it/s, loss=0.112, val/accuracy=0.955, val/loss=0.117, train/accuracy=0.951, train/loss=0.130]
Epoch 3:  20%|██        | 159/782 [00:03<00:12, 51.47it/s, loss=0.11, val/accuracy=0.955, val/loss=0.117, train/accuracy=0.951, train/loss=0.130] 
Epoch 3:  20%|██        | 160/782 [00:03<00:12, 51.49it/s, loss=0.11, val/accuracy=0.955, val/loss=0.117, train/accuracy=0.951, train/loss=0.130]
Epoch 3:  20%|██        | 160/782 [00:03<00:12, 51.49it/s, loss=0.11, val/accuracy=0.955, val/loss=0.117, train/accuracy=0.951, train/loss=0.130]
Epoch 3:  21%|██        | 161/782 [00:03<00:12, 51.51it/s, loss=0.11, val/accuracy=0.955, val/loss=0.117, train/accuracy=0.951, train/loss=0.130]
Epoch 3:  21%|██        | 161/782 [00:03<00:12, 51.51it/s, loss=0.11, val/accuracy=0.955, val/loss=0.117, train/accuracy=0.951, train/loss=0.130]
Epoch 3:  21%|██        | 162/782 [00:03<00:12, 51.53it/s, loss=0.11, val/accuracy=0.955, val/loss=0.117, train/accuracy=0.951, train/loss=0.130]
Epoch 3:  21%|██        | 162/782 [00:03<00:12, 51.52it/s, loss=0.109, val/accuracy=0.955, val/loss=0.117, train/accuracy=0.951, train/loss=0.130]
Epoch 3:  21%|██        | 163/782 [00:03<00:12, 51.55it/s, loss=0.109, val/accuracy=0.955, val/loss=0.117, train/accuracy=0.951, train/loss=0.130]
Epoch 3:  21%|██        | 163/782 [00:03<00:12, 51.54it/s, loss=0.112, val/accuracy=0.955, val/loss=0.117, train/accuracy=0.951, train/loss=0.130]
Epoch 3:  21%|██        | 164/782 [00:03<00:11, 51.56it/s, loss=0.112, val/accuracy=0.955, val/loss=0.117, train/accuracy=0.951, train/loss=0.130]
Epoch 3:  21%|██        | 164/782 [00:03<00:11, 51.56it/s, loss=0.111, val/accuracy=0.955, val/loss=0.117, train/accuracy=0.951, train/loss=0.130]
Epoch 3:  21%|██        | 165/782 [00:03<00:11, 51.58it/s, loss=0.111, val/accuracy=0.955, val/loss=0.117, train/accuracy=0.951, train/loss=0.130]
Epoch 3:  21%|██        | 165/782 [00:03<00:11, 51.58it/s, loss=0.111, val/accuracy=0.955, val/loss=0.117, train/accuracy=0.951, train/loss=0.130]
Epoch 3:  21%|██        | 166/782 [00:03<00:11, 51.60it/s, loss=0.111, val/accuracy=0.955, val/loss=0.117, train/accuracy=0.951, train/loss=0.130]
Epoch 3:  21%|██        | 166/782 [00:03<00:11, 51.59it/s, loss=0.113, val/accuracy=0.955, val/loss=0.117, train/accuracy=0.951, train/loss=0.130]
Epoch 3:  21%|██▏       | 167/782 [00:03<00:11, 51.62it/s, loss=0.113, val/accuracy=0.955, val/loss=0.117, train/accuracy=0.951, train/loss=0.130]
Epoch 3:  21%|██▏       | 167/782 [00:03<00:11, 51.61it/s, loss=0.112, val/accuracy=0.955, val/loss=0.117, train/accuracy=0.951, train/loss=0.130]
Epoch 3:  21%|██▏       | 168/782 [00:03<00:11, 51.64it/s, loss=0.112, val/accuracy=0.955, val/loss=0.117, train/accuracy=0.951, train/loss=0.130]
Epoch 3:  21%|██▏       | 168/782 [00:03<00:11, 51.63it/s, loss=0.109, val/accuracy=0.955, val/loss=0.117, train/accuracy=0.951, train/loss=0.130]
Epoch 3:  22%|██▏       | 169/782 [00:03<00:11, 51.65it/s, loss=0.109, val/accuracy=0.955, val/loss=0.117, train/accuracy=0.951, train/loss=0.130]
Epoch 3:  22%|██▏       | 169/782 [00:03<00:11, 51.65it/s, loss=0.11, val/accuracy=0.955, val/loss=0.117, train/accuracy=0.951, train/loss=0.130] 
Epoch 3:  22%|██▏       | 170/782 [00:03<00:11, 51.67it/s, loss=0.11, val/accuracy=0.955, val/loss=0.117, train/accuracy=0.951, train/loss=0.130]
Epoch 3:  22%|██▏       | 170/782 [00:03<00:11, 51.67it/s, loss=0.113, val/accuracy=0.955, val/loss=0.117, train/accuracy=0.951, train/loss=0.130]
Epoch 3:  22%|██▏       | 171/782 [00:03<00:11, 51.69it/s, loss=0.113, val/accuracy=0.955, val/loss=0.117, train/accuracy=0.951, train/loss=0.130]
Epoch 3:  22%|██▏       | 171/782 [00:03<00:11, 51.68it/s, loss=0.114, val/accuracy=0.955, val/loss=0.117, train/accuracy=0.951, train/loss=0.130]
Epoch 3:  22%|██▏       | 172/782 [00:03<00:11, 51.71it/s, loss=0.114, val/accuracy=0.955, val/loss=0.117, train/accuracy=0.951, train/loss=0.130]
Epoch 3:  22%|██▏       | 172/782 [00:03<00:11, 51.70it/s, loss=0.113, val/accuracy=0.955, val/loss=0.117, train/accuracy=0.951, train/loss=0.130]
Epoch 3:  22%|██▏       | 173/782 [00:03<00:11, 51.72it/s, loss=0.113, val/accuracy=0.955, val/loss=0.117, train/accuracy=0.951, train/loss=0.130]
Epoch 3:  22%|██▏       | 173/782 [00:03<00:11, 51.72it/s, loss=0.109, val/accuracy=0.955, val/loss=0.117, train/accuracy=0.951, train/loss=0.130]
Epoch 3:  22%|██▏       | 174/782 [00:03<00:11, 51.74it/s, loss=0.109, val/accuracy=0.955, val/loss=0.117, train/accuracy=0.951, train/loss=0.130]
Epoch 3:  22%|██▏       | 174/782 [00:03<00:11, 51.74it/s, loss=0.109, val/accuracy=0.955, val/loss=0.117, train/accuracy=0.951, train/loss=0.130]
Epoch 3:  22%|██▏       | 175/782 [00:03<00:11, 51.76it/s, loss=0.109, val/accuracy=0.955, val/loss=0.117, train/accuracy=0.951, train/loss=0.130]
Epoch 3:  22%|██▏       | 175/782 [00:03<00:11, 51.75it/s, loss=0.108, val/accuracy=0.955, val/loss=0.117, train/accuracy=0.951, train/loss=0.130]
Epoch 3:  23%|██▎       | 176/782 [00:03<00:11, 51.78it/s, loss=0.108, val/accuracy=0.955, val/loss=0.117, train/accuracy=0.951, train/loss=0.130]
Epoch 3:  23%|██▎       | 176/782 [00:03<00:11, 51.77it/s, loss=0.105, val/accuracy=0.955, val/loss=0.117, train/accuracy=0.951, train/loss=0.130]
Epoch 3:  23%|██▎       | 177/782 [00:03<00:11, 51.79it/s, loss=0.105, val/accuracy=0.955, val/loss=0.117, train/accuracy=0.951, train/loss=0.130]
Epoch 3:  23%|██▎       | 177/782 [00:03<00:11, 51.79it/s, loss=0.109, val/accuracy=0.955, val/loss=0.117, train/accuracy=0.951, train/loss=0.130]
Epoch 3:  23%|██▎       | 178/782 [00:03<00:11, 51.81it/s, loss=0.109, val/accuracy=0.955, val/loss=0.117, train/accuracy=0.951, train/loss=0.130]
Epoch 3:  23%|██▎       | 178/782 [00:03<00:11, 51.80it/s, loss=0.111, val/accuracy=0.955, val/loss=0.117, train/accuracy=0.951, train/loss=0.130]
Epoch 3:  23%|██▎       | 179/782 [00:03<00:11, 51.82it/s, loss=0.111, val/accuracy=0.955, val/loss=0.117, train/accuracy=0.951, train/loss=0.130]
Epoch 3:  23%|██▎       | 179/782 [00:03<00:11, 51.82it/s, loss=0.114, val/accuracy=0.955, val/loss=0.117, train/accuracy=0.951, train/loss=0.130]
Epoch 3:  23%|██▎       | 180/782 [00:03<00:11, 51.84it/s, loss=0.114, val/accuracy=0.955, val/loss=0.117, train/accuracy=0.951, train/loss=0.130]
Epoch 3:  23%|██▎       | 180/782 [00:03<00:11, 51.83it/s, loss=0.111, val/accuracy=0.955, val/loss=0.117, train/accuracy=0.951, train/loss=0.130]
Epoch 3:  23%|██▎       | 181/782 [00:03<00:11, 51.85it/s, loss=0.111, val/accuracy=0.955, val/loss=0.117, train/accuracy=0.951, train/loss=0.130]
Epoch 3:  23%|██▎       | 181/782 [00:03<00:11, 51.85it/s, loss=0.113, val/accuracy=0.955, val/loss=0.117, train/accuracy=0.951, train/loss=0.130]
Epoch 3:  23%|██▎       | 182/782 [00:03<00:11, 51.87it/s, loss=0.113, val/accuracy=0.955, val/loss=0.117, train/accuracy=0.951, train/loss=0.130]
Epoch 3:  23%|██▎       | 182/782 [00:03<00:11, 51.86it/s, loss=0.11, val/accuracy=0.955, val/loss=0.117, train/accuracy=0.951, train/loss=0.130] 
Epoch 3:  23%|██▎       | 183/782 [00:03<00:11, 51.88it/s, loss=0.11, val/accuracy=0.955, val/loss=0.117, train/accuracy=0.951, train/loss=0.130]
Epoch 3:  23%|██▎       | 183/782 [00:03<00:11, 51.88it/s, loss=0.109, val/accuracy=0.955, val/loss=0.117, train/accuracy=0.951, train/loss=0.130]
Epoch 3:  24%|██▎       | 184/782 [00:03<00:11, 51.90it/s, loss=0.109, val/accuracy=0.955, val/loss=0.117, train/accuracy=0.951, train/loss=0.130]
Epoch 3:  24%|██▎       | 184/782 [00:03<00:11, 51.90it/s, loss=0.109, val/accuracy=0.955, val/loss=0.117, train/accuracy=0.951, train/loss=0.130]
Epoch 3:  24%|██▎       | 185/782 [00:03<00:11, 51.92it/s, loss=0.109, val/accuracy=0.955, val/loss=0.117, train/accuracy=0.951, train/loss=0.130]
Epoch 3:  24%|██▎       | 185/782 [00:03<00:11, 51.91it/s, loss=0.11, val/accuracy=0.955, val/loss=0.117, train/accuracy=0.951, train/loss=0.130] 
Epoch 3:  24%|██▍       | 186/782 [00:03<00:11, 51.93it/s, loss=0.11, val/accuracy=0.955, val/loss=0.117, train/accuracy=0.951, train/loss=0.130]
Epoch 3:  24%|██▍       | 186/782 [00:03<00:11, 51.93it/s, loss=0.107, val/accuracy=0.955, val/loss=0.117, train/accuracy=0.951, train/loss=0.130]
Epoch 3:  24%|██▍       | 187/782 [00:03<00:11, 51.95it/s, loss=0.107, val/accuracy=0.955, val/loss=0.117, train/accuracy=0.951, train/loss=0.130]
Epoch 3:  24%|██▍       | 187/782 [00:03<00:11, 51.94it/s, loss=0.107, val/accuracy=0.955, val/loss=0.117, train/accuracy=0.951, train/loss=0.130]
Epoch 3:  24%|██▍       | 188/782 [00:03<00:11, 51.96it/s, loss=0.107, val/accuracy=0.955, val/loss=0.117, train/accuracy=0.951, train/loss=0.130]
Epoch 3:  24%|██▍       | 188/782 [00:03<00:11, 51.96it/s, loss=0.111, val/accuracy=0.955, val/loss=0.117, train/accuracy=0.951, train/loss=0.130]
Epoch 3:  24%|██▍       | 189/782 [00:03<00:11, 51.98it/s, loss=0.111, val/accuracy=0.955, val/loss=0.117, train/accuracy=0.951, train/loss=0.130]
Epoch 3:  24%|██▍       | 189/782 [00:03<00:11, 51.98it/s, loss=0.115, val/accuracy=0.955, val/loss=0.117, train/accuracy=0.951, train/loss=0.130]
Epoch 3:  24%|██▍       | 190/782 [00:03<00:11, 52.00it/s, loss=0.115, val/accuracy=0.955, val/loss=0.117, train/accuracy=0.951, train/loss=0.130]
Epoch 3:  24%|██▍       | 190/782 [00:03<00:11, 51.99it/s, loss=0.11, val/accuracy=0.955, val/loss=0.117, train/accuracy=0.951, train/loss=0.130] 
Epoch 3:  24%|██▍       | 191/782 [00:03<00:11, 51.97it/s, loss=0.11, val/accuracy=0.955, val/loss=0.117, train/accuracy=0.951, train/loss=0.130]
Epoch 3:  24%|██▍       | 191/782 [00:03<00:11, 51.97it/s, loss=0.112, val/accuracy=0.955, val/loss=0.117, train/accuracy=0.951, train/loss=0.130]
Epoch 3:  25%|██▍       | 192/782 [00:03<00:11, 51.98it/s, loss=0.112, val/accuracy=0.955, val/loss=0.117, train/accuracy=0.951, train/loss=0.130]
Epoch 3:  25%|██▍       | 192/782 [00:03<00:11, 51.98it/s, loss=0.11, val/accuracy=0.955, val/loss=0.117, train/accuracy=0.951, train/loss=0.130] 
Epoch 3:  25%|██▍       | 193/782 [00:03<00:11, 51.99it/s, loss=0.11, val/accuracy=0.955, val/loss=0.117, train/accuracy=0.951, train/loss=0.130]
Epoch 3:  25%|██▍       | 193/782 [00:03<00:11, 51.99it/s, loss=0.115, val/accuracy=0.955, val/loss=0.117, train/accuracy=0.951, train/loss=0.130]
Epoch 3:  25%|██▍       | 194/782 [00:03<00:11, 52.01it/s, loss=0.115, val/accuracy=0.955, val/loss=0.117, train/accuracy=0.951, train/loss=0.130]
Epoch 3:  25%|██▍       | 194/782 [00:03<00:11, 52.01it/s, loss=0.114, val/accuracy=0.955, val/loss=0.117, train/accuracy=0.951, train/loss=0.130]
Epoch 3:  25%|██▍       | 195/782 [00:03<00:11, 52.02it/s, loss=0.114, val/accuracy=0.955, val/loss=0.117, train/accuracy=0.951, train/loss=0.130]
Epoch 3:  25%|██▍       | 195/782 [00:03<00:11, 52.02it/s, loss=0.113, val/accuracy=0.955, val/loss=0.117, train/accuracy=0.951, train/loss=0.130]
Epoch 3:  25%|██▌       | 196/782 [00:03<00:11, 52.02it/s, loss=0.113, val/accuracy=0.955, val/loss=0.117, train/accuracy=0.951, train/loss=0.130]
Epoch 3:  25%|██▌       | 196/782 [00:03<00:11, 52.02it/s, loss=0.112, val/accuracy=0.955, val/loss=0.117, train/accuracy=0.951, train/loss=0.130]
Epoch 3:  25%|██▌       | 197/782 [00:03<00:11, 52.04it/s, loss=0.112, val/accuracy=0.955, val/loss=0.117, train/accuracy=0.951, train/loss=0.130]
Epoch 3:  25%|██▌       | 197/782 [00:03<00:11, 52.03it/s, loss=0.111, val/accuracy=0.955, val/loss=0.117, train/accuracy=0.951, train/loss=0.130]
Epoch 3:  25%|██▌       | 198/782 [00:03<00:11, 52.05it/s, loss=0.111, val/accuracy=0.955, val/loss=0.117, train/accuracy=0.951, train/loss=0.130]
Epoch 3:  25%|██▌       | 198/782 [00:03<00:11, 52.05it/s, loss=0.11, val/accuracy=0.955, val/loss=0.117, train/accuracy=0.951, train/loss=0.130] 
Epoch 3:  25%|██▌       | 199/782 [00:03<00:11, 52.06it/s, loss=0.11, val/accuracy=0.955, val/loss=0.117, train/accuracy=0.951, train/loss=0.130]
Epoch 3:  25%|██▌       | 199/782 [00:03<00:11, 52.06it/s, loss=0.109, val/accuracy=0.955, val/loss=0.117, train/accuracy=0.951, train/loss=0.130]
Epoch 3:  26%|██▌       | 200/782 [00:03<00:11, 52.08it/s, loss=0.109, val/accuracy=0.955, val/loss=0.117, train/accuracy=0.951, train/loss=0.130]
Epoch 3:  26%|██▌       | 200/782 [00:03<00:11, 52.08it/s, loss=0.112, val/accuracy=0.955, val/loss=0.117, train/accuracy=0.951, train/loss=0.130]
Epoch 3:  26%|██▌       | 201/782 [00:03<00:11, 52.09it/s, loss=0.112, val/accuracy=0.955, val/loss=0.117, train/accuracy=0.951, train/loss=0.130]
Epoch 3:  26%|██▌       | 201/782 [00:03<00:11, 52.09it/s, loss=0.113, val/accuracy=0.955, val/loss=0.117, train/accuracy=0.951, train/loss=0.130]
Epoch 3:  26%|██▌       | 202/782 [00:03<00:11, 52.11it/s, loss=0.113, val/accuracy=0.955, val/loss=0.117, train/accuracy=0.951, train/loss=0.130]
Epoch 3:  26%|██▌       | 202/782 [00:03<00:11, 52.10it/s, loss=0.113, val/accuracy=0.955, val/loss=0.117, train/accuracy=0.951, train/loss=0.130]
Epoch 3:  26%|██▌       | 203/782 [00:03<00:11, 52.12it/s, loss=0.113, val/accuracy=0.955, val/loss=0.117, train/accuracy=0.951, train/loss=0.130]
Epoch 3:  26%|██▌       | 203/782 [00:03<00:11, 52.12it/s, loss=0.111, val/accuracy=0.955, val/loss=0.117, train/accuracy=0.951, train/loss=0.130]
Epoch 3:  26%|██▌       | 204/782 [00:03<00:11, 52.14it/s, loss=0.111, val/accuracy=0.955, val/loss=0.117, train/accuracy=0.951, train/loss=0.130]
Epoch 3:  26%|██▌       | 204/782 [00:03<00:11, 52.13it/s, loss=0.111, val/accuracy=0.955, val/loss=0.117, train/accuracy=0.951, train/loss=0.130]
Epoch 3:  26%|██▌       | 205/782 [00:03<00:11, 52.15it/s, loss=0.111, val/accuracy=0.955, val/loss=0.117, train/accuracy=0.951, train/loss=0.130]
Epoch 3:  26%|██▌       | 205/782 [00:03<00:11, 52.15it/s, loss=0.111, val/accuracy=0.955, val/loss=0.117, train/accuracy=0.951, train/loss=0.130]
Epoch 3:  26%|██▋       | 206/782 [00:03<00:11, 52.16it/s, loss=0.111, val/accuracy=0.955, val/loss=0.117, train/accuracy=0.951, train/loss=0.130]
Epoch 3:  26%|██▋       | 206/782 [00:03<00:11, 52.16it/s, loss=0.11, val/accuracy=0.955, val/loss=0.117, train/accuracy=0.951, train/loss=0.130] 
Epoch 3:  26%|██▋       | 207/782 [00:03<00:11, 52.18it/s, loss=0.11, val/accuracy=0.955, val/loss=0.117, train/accuracy=0.951, train/loss=0.130]
Epoch 3:  26%|██▋       | 207/782 [00:03<00:11, 52.17it/s, loss=0.109, val/accuracy=0.955, val/loss=0.117, train/accuracy=0.951, train/loss=0.130]
Epoch 3:  27%|██▋       | 208/782 [00:03<00:10, 52.19it/s, loss=0.109, val/accuracy=0.955, val/loss=0.117, train/accuracy=0.951, train/loss=0.130]
Epoch 3:  27%|██▋       | 208/782 [00:03<00:10, 52.19it/s, loss=0.107, val/accuracy=0.955, val/loss=0.117, train/accuracy=0.951, train/loss=0.130]
Epoch 3:  27%|██▋       | 209/782 [00:04<00:10, 52.21it/s, loss=0.107, val/accuracy=0.955, val/loss=0.117, train/accuracy=0.951, train/loss=0.130]
Epoch 3:  27%|██▋       | 209/782 [00:04<00:10, 52.20it/s, loss=0.104, val/accuracy=0.955, val/loss=0.117, train/accuracy=0.951, train/loss=0.130]
Epoch 3:  27%|██▋       | 210/782 [00:04<00:10, 52.22it/s, loss=0.104, val/accuracy=0.955, val/loss=0.117, train/accuracy=0.951, train/loss=0.130]
Epoch 3:  27%|██▋       | 210/782 [00:04<00:10, 52.22it/s, loss=0.104, val/accuracy=0.955, val/loss=0.117, train/accuracy=0.951, train/loss=0.130]
Epoch 3:  27%|██▋       | 211/782 [00:04<00:10, 52.23it/s, loss=0.104, val/accuracy=0.955, val/loss=0.117, train/accuracy=0.951, train/loss=0.130]
Epoch 3:  27%|██▋       | 211/782 [00:04<00:10, 52.23it/s, loss=0.101, val/accuracy=0.955, val/loss=0.117, train/accuracy=0.951, train/loss=0.130]
Epoch 3:  27%|██▋       | 212/782 [00:04<00:10, 52.25it/s, loss=0.101, val/accuracy=0.955, val/loss=0.117, train/accuracy=0.951, train/loss=0.130]
Epoch 3:  27%|██▋       | 212/782 [00:04<00:10, 52.24it/s, loss=0.1, val/accuracy=0.955, val/loss=0.117, train/accuracy=0.951, train/loss=0.130]  
Epoch 3:  27%|██▋       | 213/782 [00:04<00:10, 52.26it/s, loss=0.1, val/accuracy=0.955, val/loss=0.117, train/accuracy=0.951, train/loss=0.130]
Epoch 3:  27%|██▋       | 213/782 [00:04<00:10, 52.25it/s, loss=0.0963, val/accuracy=0.955, val/loss=0.117, train/accuracy=0.951, train/loss=0.130]
Epoch 3:  27%|██▋       | 214/782 [00:04<00:10, 52.27it/s, loss=0.0963, val/accuracy=0.955, val/loss=0.117, train/accuracy=0.951, train/loss=0.130]
Epoch 3:  27%|██▋       | 214/782 [00:04<00:10, 52.27it/s, loss=0.0977, val/accuracy=0.955, val/loss=0.117, train/accuracy=0.951, train/loss=0.130]
Epoch 3:  27%|██▋       | 215/782 [00:04<00:10, 52.28it/s, loss=0.0977, val/accuracy=0.955, val/loss=0.117, train/accuracy=0.951, train/loss=0.130]
Epoch 3:  27%|██▋       | 215/782 [00:04<00:10, 52.28it/s, loss=0.0989, val/accuracy=0.955, val/loss=0.117, train/accuracy=0.951, train/loss=0.130]
Epoch 3:  28%|██▊       | 216/782 [00:04<00:10, 52.30it/s, loss=0.0989, val/accuracy=0.955, val/loss=0.117, train/accuracy=0.951, train/loss=0.130]
Epoch 3:  28%|██▊       | 216/782 [00:04<00:10, 52.29it/s, loss=0.1, val/accuracy=0.955, val/loss=0.117, train/accuracy=0.951, train/loss=0.130]   
Epoch 3:  28%|██▊       | 217/782 [00:04<00:10, 52.31it/s, loss=0.1, val/accuracy=0.955, val/loss=0.117, train/accuracy=0.951, train/loss=0.130]
Epoch 3:  28%|██▊       | 217/782 [00:04<00:10, 52.31it/s, loss=0.0996, val/accuracy=0.955, val/loss=0.117, train/accuracy=0.951, train/loss=0.130]
Epoch 3:  28%|██▊       | 218/782 [00:04<00:10, 52.32it/s, loss=0.0996, val/accuracy=0.955, val/loss=0.117, train/accuracy=0.951, train/loss=0.130]
Epoch 3:  28%|██▊       | 218/782 [00:04<00:10, 52.32it/s, loss=0.101, val/accuracy=0.955, val/loss=0.117, train/accuracy=0.951, train/loss=0.130] 
Epoch 3:  28%|██▊       | 219/782 [00:04<00:10, 52.34it/s, loss=0.101, val/accuracy=0.955, val/loss=0.117, train/accuracy=0.951, train/loss=0.130]
Epoch 3:  28%|██▊       | 219/782 [00:04<00:10, 52.33it/s, loss=0.104, val/accuracy=0.955, val/loss=0.117, train/accuracy=0.951, train/loss=0.130]
Epoch 3:  28%|██▊       | 220/782 [00:04<00:10, 52.35it/s, loss=0.104, val/accuracy=0.955, val/loss=0.117, train/accuracy=0.951, train/loss=0.130]
Epoch 3:  28%|██▊       | 220/782 [00:04<00:10, 52.35it/s, loss=0.108, val/accuracy=0.955, val/loss=0.117, train/accuracy=0.951, train/loss=0.130]
Epoch 3:  28%|██▊       | 221/782 [00:04<00:10, 52.36it/s, loss=0.108, val/accuracy=0.955, val/loss=0.117, train/accuracy=0.951, train/loss=0.130]
Epoch 3:  28%|██▊       | 221/782 [00:04<00:10, 52.35it/s, loss=0.107, val/accuracy=0.955, val/loss=0.117, train/accuracy=0.951, train/loss=0.130]
Epoch 3:  28%|██▊       | 222/782 [00:04<00:10, 52.37it/s, loss=0.107, val/accuracy=0.955, val/loss=0.117, train/accuracy=0.951, train/loss=0.130]
Epoch 3:  28%|██▊       | 222/782 [00:04<00:10, 52.37it/s, loss=0.109, val/accuracy=0.955, val/loss=0.117, train/accuracy=0.951, train/loss=0.130]
Epoch 3:  29%|██▊       | 223/782 [00:04<00:10, 52.38it/s, loss=0.109, val/accuracy=0.955, val/loss=0.117, train/accuracy=0.951, train/loss=0.130]
Epoch 3:  29%|██▊       | 223/782 [00:04<00:10, 52.38it/s, loss=0.116, val/accuracy=0.955, val/loss=0.117, train/accuracy=0.951, train/loss=0.130]
Epoch 3:  29%|██▊       | 224/782 [00:04<00:10, 52.39it/s, loss=0.116, val/accuracy=0.955, val/loss=0.117, train/accuracy=0.951, train/loss=0.130]
Epoch 3:  29%|██▊       | 224/782 [00:04<00:10, 52.39it/s, loss=0.116, val/accuracy=0.955, val/loss=0.117, train/accuracy=0.951, train/loss=0.130]
Epoch 3:  29%|██▉       | 225/782 [00:04<00:10, 52.40it/s, loss=0.116, val/accuracy=0.955, val/loss=0.117, train/accuracy=0.951, train/loss=0.130]
Epoch 3:  29%|██▉       | 225/782 [00:04<00:10, 52.40it/s, loss=0.119, val/accuracy=0.955, val/loss=0.117, train/accuracy=0.951, train/loss=0.130]
Epoch 3:  29%|██▉       | 226/782 [00:04<00:10, 52.41it/s, loss=0.119, val/accuracy=0.955, val/loss=0.117, train/accuracy=0.951, train/loss=0.130]
Epoch 3:  29%|██▉       | 226/782 [00:04<00:10, 52.41it/s, loss=0.122, val/accuracy=0.955, val/loss=0.117, train/accuracy=0.951, train/loss=0.130]
Epoch 3:  29%|██▉       | 227/782 [00:04<00:10, 52.42it/s, loss=0.122, val/accuracy=0.955, val/loss=0.117, train/accuracy=0.951, train/loss=0.130]
Epoch 3:  29%|██▉       | 227/782 [00:04<00:10, 52.42it/s, loss=0.125, val/accuracy=0.955, val/loss=0.117, train/accuracy=0.951, train/loss=0.130]
Epoch 3:  29%|██▉       | 228/782 [00:04<00:10, 52.43it/s, loss=0.125, val/accuracy=0.955, val/loss=0.117, train/accuracy=0.951, train/loss=0.130]
Epoch 3:  29%|██▉       | 228/782 [00:04<00:10, 52.43it/s, loss=0.126, val/accuracy=0.955, val/loss=0.117, train/accuracy=0.951, train/loss=0.130]
Epoch 3:  29%|██▉       | 229/782 [00:04<00:10, 52.44it/s, loss=0.126, val/accuracy=0.955, val/loss=0.117, train/accuracy=0.951, train/loss=0.130]
Epoch 3:  29%|██▉       | 229/782 [00:04<00:10, 52.44it/s, loss=0.131, val/accuracy=0.955, val/loss=0.117, train/accuracy=0.951, train/loss=0.130]
Epoch 3:  29%|██▉       | 230/782 [00:04<00:10, 52.45it/s, loss=0.131, val/accuracy=0.955, val/loss=0.117, train/accuracy=0.951, train/loss=0.130]
Epoch 3:  29%|██▉       | 230/782 [00:04<00:10, 52.45it/s, loss=0.13, val/accuracy=0.955, val/loss=0.117, train/accuracy=0.951, train/loss=0.130] 
Epoch 3:  30%|██▉       | 231/782 [00:04<00:10, 52.46it/s, loss=0.13, val/accuracy=0.955, val/loss=0.117, train/accuracy=0.951, train/loss=0.130]
Epoch 3:  30%|██▉       | 231/782 [00:04<00:10, 52.46it/s, loss=0.13, val/accuracy=0.955, val/loss=0.117, train/accuracy=0.951, train/loss=0.130]
Epoch 3:  30%|██▉       | 232/782 [00:04<00:10, 52.47it/s, loss=0.13, val/accuracy=0.955, val/loss=0.117, train/accuracy=0.951, train/loss=0.130]
Epoch 3:  30%|██▉       | 232/782 [00:04<00:10, 52.47it/s, loss=0.136, val/accuracy=0.955, val/loss=0.117, train/accuracy=0.951, train/loss=0.130]
Epoch 3:  30%|██▉       | 233/782 [00:04<00:10, 52.48it/s, loss=0.136, val/accuracy=0.955, val/loss=0.117, train/accuracy=0.951, train/loss=0.130]
Epoch 3:  30%|██▉       | 233/782 [00:04<00:10, 52.48it/s, loss=0.137, val/accuracy=0.955, val/loss=0.117, train/accuracy=0.951, train/loss=0.130]
Epoch 3:  30%|██▉       | 234/782 [00:04<00:10, 52.49it/s, loss=0.137, val/accuracy=0.955, val/loss=0.117, train/accuracy=0.951, train/loss=0.130]
Epoch 3:  30%|██▉       | 234/782 [00:04<00:10, 52.49it/s, loss=0.137, val/accuracy=0.955, val/loss=0.117, train/accuracy=0.951, train/loss=0.130]
Epoch 3:  30%|███       | 235/782 [00:04<00:10, 52.50it/s, loss=0.137, val/accuracy=0.955, val/loss=0.117, train/accuracy=0.951, train/loss=0.130]
Epoch 3:  30%|███       | 235/782 [00:04<00:10, 52.50it/s, loss=0.135, val/accuracy=0.955, val/loss=0.117, train/accuracy=0.951, train/loss=0.130]
Epoch 3:  30%|███       | 236/782 [00:04<00:10, 52.51it/s, loss=0.135, val/accuracy=0.955, val/loss=0.117, train/accuracy=0.951, train/loss=0.130]
Epoch 3:  30%|███       | 236/782 [00:04<00:10, 52.51it/s, loss=0.137, val/accuracy=0.955, val/loss=0.117, train/accuracy=0.951, train/loss=0.130]
Epoch 3:  30%|███       | 237/782 [00:04<00:10, 52.52it/s, loss=0.137, val/accuracy=0.955, val/loss=0.117, train/accuracy=0.951, train/loss=0.130]
Epoch 3:  30%|███       | 237/782 [00:04<00:10, 52.52it/s, loss=0.135, val/accuracy=0.955, val/loss=0.117, train/accuracy=0.951, train/loss=0.130]
Epoch 3:  30%|███       | 238/782 [00:04<00:10, 52.53it/s, loss=0.135, val/accuracy=0.955, val/loss=0.117, train/accuracy=0.951, train/loss=0.130]
Epoch 3:  30%|███       | 238/782 [00:04<00:10, 52.53it/s, loss=0.138, val/accuracy=0.955, val/loss=0.117, train/accuracy=0.951, train/loss=0.130]
Epoch 3:  31%|███       | 239/782 [00:04<00:10, 52.53it/s, loss=0.138, val/accuracy=0.955, val/loss=0.117, train/accuracy=0.951, train/loss=0.130]
Epoch 3:  31%|███       | 239/782 [00:04<00:10, 52.53it/s, loss=0.134, val/accuracy=0.955, val/loss=0.117, train/accuracy=0.951, train/loss=0.130]
Epoch 3:  31%|███       | 240/782 [00:04<00:10, 52.54it/s, loss=0.134, val/accuracy=0.955, val/loss=0.117, train/accuracy=0.951, train/loss=0.130]
Epoch 3:  31%|███       | 240/782 [00:04<00:10, 52.54it/s, loss=0.131, val/accuracy=0.955, val/loss=0.117, train/accuracy=0.951, train/loss=0.130]
Epoch 3:  31%|███       | 241/782 [00:04<00:10, 52.55it/s, loss=0.131, val/accuracy=0.955, val/loss=0.117, train/accuracy=0.951, train/loss=0.130]
Epoch 3:  31%|███       | 241/782 [00:04<00:10, 52.55it/s, loss=0.131, val/accuracy=0.955, val/loss=0.117, train/accuracy=0.951, train/loss=0.130]
Epoch 3:  31%|███       | 242/782 [00:04<00:10, 52.56it/s, loss=0.131, val/accuracy=0.955, val/loss=0.117, train/accuracy=0.951, train/loss=0.130]
Epoch 3:  31%|███       | 242/782 [00:04<00:10, 52.56it/s, loss=0.129, val/accuracy=0.955, val/loss=0.117, train/accuracy=0.951, train/loss=0.130]
Epoch 3:  31%|███       | 243/782 [00:04<00:10, 52.57it/s, loss=0.129, val/accuracy=0.955, val/loss=0.117, train/accuracy=0.951, train/loss=0.130]
Epoch 3:  31%|███       | 243/782 [00:04<00:10, 52.57it/s, loss=0.12, val/accuracy=0.955, val/loss=0.117, train/accuracy=0.951, train/loss=0.130] 
Epoch 3:  31%|███       | 244/782 [00:04<00:10, 52.58it/s, loss=0.12, val/accuracy=0.955, val/loss=0.117, train/accuracy=0.951, train/loss=0.130]
Epoch 3:  31%|███       | 244/782 [00:04<00:10, 52.58it/s, loss=0.118, val/accuracy=0.955, val/loss=0.117, train/accuracy=0.951, train/loss=0.130]
Epoch 3:  31%|███▏      | 245/782 [00:04<00:10, 52.59it/s, loss=0.118, val/accuracy=0.955, val/loss=0.117, train/accuracy=0.951, train/loss=0.130]
Epoch 3:  31%|███▏      | 245/782 [00:04<00:10, 52.58it/s, loss=0.119, val/accuracy=0.955, val/loss=0.117, train/accuracy=0.951, train/loss=0.130]
Epoch 3:  31%|███▏      | 246/782 [00:04<00:10, 52.60it/s, loss=0.119, val/accuracy=0.955, val/loss=0.117, train/accuracy=0.951, train/loss=0.130]
Epoch 3:  31%|███▏      | 246/782 [00:04<00:10, 52.59it/s, loss=0.119, val/accuracy=0.955, val/loss=0.117, train/accuracy=0.951, train/loss=0.130]
Epoch 3:  32%|███▏      | 247/782 [00:04<00:10, 52.60it/s, loss=0.119, val/accuracy=0.955, val/loss=0.117, train/accuracy=0.951, train/loss=0.130]
Epoch 3:  32%|███▏      | 247/782 [00:04<00:10, 52.60it/s, loss=0.116, val/accuracy=0.955, val/loss=0.117, train/accuracy=0.951, train/loss=0.130]
Epoch 3:  32%|███▏      | 248/782 [00:04<00:10, 52.61it/s, loss=0.116, val/accuracy=0.955, val/loss=0.117, train/accuracy=0.951, train/loss=0.130]
Epoch 3:  32%|███▏      | 248/782 [00:04<00:10, 52.61it/s, loss=0.113, val/accuracy=0.955, val/loss=0.117, train/accuracy=0.951, train/loss=0.130]
Epoch 3:  32%|███▏      | 249/782 [00:04<00:10, 52.62it/s, loss=0.113, val/accuracy=0.955, val/loss=0.117, train/accuracy=0.951, train/loss=0.130]
Epoch 3:  32%|███▏      | 249/782 [00:04<00:10, 52.62it/s, loss=0.113, val/accuracy=0.955, val/loss=0.117, train/accuracy=0.951, train/loss=0.130]
Epoch 3:  32%|███▏      | 250/782 [00:04<00:10, 52.63it/s, loss=0.113, val/accuracy=0.955, val/loss=0.117, train/accuracy=0.951, train/loss=0.130]
Epoch 3:  32%|███▏      | 250/782 [00:04<00:10, 52.63it/s, loss=0.112, val/accuracy=0.955, val/loss=0.117, train/accuracy=0.951, train/loss=0.130]
Epoch 3:  32%|███▏      | 251/782 [00:04<00:10, 52.64it/s, loss=0.112, val/accuracy=0.955, val/loss=0.117, train/accuracy=0.951, train/loss=0.130]
Epoch 3:  32%|███▏      | 251/782 [00:04<00:10, 52.64it/s, loss=0.116, val/accuracy=0.955, val/loss=0.117, train/accuracy=0.951, train/loss=0.130]
Epoch 3:  32%|███▏      | 252/782 [00:04<00:10, 52.65it/s, loss=0.116, val/accuracy=0.955, val/loss=0.117, train/accuracy=0.951, train/loss=0.130]
Epoch 3:  32%|███▏      | 252/782 [00:04<00:10, 52.64it/s, loss=0.114, val/accuracy=0.955, val/loss=0.117, train/accuracy=0.951, train/loss=0.130]
Epoch 3:  32%|███▏      | 253/782 [00:04<00:10, 52.65it/s, loss=0.114, val/accuracy=0.955, val/loss=0.117, train/accuracy=0.951, train/loss=0.130]
Epoch 3:  32%|███▏      | 253/782 [00:04<00:10, 52.65it/s, loss=0.114, val/accuracy=0.955, val/loss=0.117, train/accuracy=0.951, train/loss=0.130]
Epoch 3:  32%|███▏      | 254/782 [00:04<00:10, 52.66it/s, loss=0.114, val/accuracy=0.955, val/loss=0.117, train/accuracy=0.951, train/loss=0.130]
Epoch 3:  32%|███▏      | 254/782 [00:04<00:10, 52.66it/s, loss=0.112, val/accuracy=0.955, val/loss=0.117, train/accuracy=0.951, train/loss=0.130]
Epoch 3:  33%|███▎      | 255/782 [00:04<00:10, 52.67it/s, loss=0.112, val/accuracy=0.955, val/loss=0.117, train/accuracy=0.951, train/loss=0.130]
Epoch 3:  33%|███▎      | 255/782 [00:04<00:10, 52.67it/s, loss=0.112, val/accuracy=0.955, val/loss=0.117, train/accuracy=0.951, train/loss=0.130]
Epoch 3:  33%|███▎      | 256/782 [00:04<00:09, 52.68it/s, loss=0.112, val/accuracy=0.955, val/loss=0.117, train/accuracy=0.951, train/loss=0.130]
Epoch 3:  33%|███▎      | 256/782 [00:04<00:09, 52.68it/s, loss=0.114, val/accuracy=0.955, val/loss=0.117, train/accuracy=0.951, train/loss=0.130]
Epoch 3:  33%|███▎      | 257/782 [00:04<00:09, 52.69it/s, loss=0.114, val/accuracy=0.955, val/loss=0.117, train/accuracy=0.951, train/loss=0.130]
Epoch 3:  33%|███▎      | 257/782 [00:04<00:09, 52.68it/s, loss=0.118, val/accuracy=0.955, val/loss=0.117, train/accuracy=0.951, train/loss=0.130]
Epoch 3:  33%|███▎      | 258/782 [00:04<00:09, 52.70it/s, loss=0.118, val/accuracy=0.955, val/loss=0.117, train/accuracy=0.951, train/loss=0.130]
Epoch 3:  33%|███▎      | 258/782 [00:04<00:09, 52.69it/s, loss=0.114, val/accuracy=0.955, val/loss=0.117, train/accuracy=0.951, train/loss=0.130]
Epoch 3:  33%|███▎      | 259/782 [00:04<00:09, 52.70it/s, loss=0.114, val/accuracy=0.955, val/loss=0.117, train/accuracy=0.951, train/loss=0.130]
Epoch 3:  33%|███▎      | 259/782 [00:04<00:09, 52.70it/s, loss=0.118, val/accuracy=0.955, val/loss=0.117, train/accuracy=0.951, train/loss=0.130]
Epoch 3:  33%|███▎      | 260/782 [00:04<00:09, 52.71it/s, loss=0.118, val/accuracy=0.955, val/loss=0.117, train/accuracy=0.951, train/loss=0.130]
Epoch 3:  33%|███▎      | 260/782 [00:04<00:09, 52.71it/s, loss=0.114, val/accuracy=0.955, val/loss=0.117, train/accuracy=0.951, train/loss=0.130]
Epoch 3:  33%|███▎      | 261/782 [00:04<00:09, 52.72it/s, loss=0.114, val/accuracy=0.955, val/loss=0.117, train/accuracy=0.951, train/loss=0.130]
Epoch 3:  33%|███▎      | 261/782 [00:04<00:09, 52.72it/s, loss=0.118, val/accuracy=0.955, val/loss=0.117, train/accuracy=0.951, train/loss=0.130]
Epoch 3:  34%|███▎      | 262/782 [00:04<00:09, 52.73it/s, loss=0.118, val/accuracy=0.955, val/loss=0.117, train/accuracy=0.951, train/loss=0.130]
Epoch 3:  34%|███▎      | 262/782 [00:04<00:09, 52.72it/s, loss=0.12, val/accuracy=0.955, val/loss=0.117, train/accuracy=0.951, train/loss=0.130] 
Epoch 3:  34%|███▎      | 263/782 [00:04<00:09, 52.73it/s, loss=0.12, val/accuracy=0.955, val/loss=0.117, train/accuracy=0.951, train/loss=0.130]
Epoch 3:  34%|███▎      | 263/782 [00:04<00:09, 52.73it/s, loss=0.127, val/accuracy=0.955, val/loss=0.117, train/accuracy=0.951, train/loss=0.130]
Epoch 3:  34%|███▍      | 264/782 [00:05<00:09, 52.74it/s, loss=0.127, val/accuracy=0.955, val/loss=0.117, train/accuracy=0.951, train/loss=0.130]
Epoch 3:  34%|███▍      | 264/782 [00:05<00:09, 52.74it/s, loss=0.128, val/accuracy=0.955, val/loss=0.117, train/accuracy=0.951, train/loss=0.130]
Epoch 3:  34%|███▍      | 265/782 [00:05<00:09, 52.75it/s, loss=0.128, val/accuracy=0.955, val/loss=0.117, train/accuracy=0.951, train/loss=0.130]
Epoch 3:  34%|███▍      | 265/782 [00:05<00:09, 52.74it/s, loss=0.123, val/accuracy=0.955, val/loss=0.117, train/accuracy=0.951, train/loss=0.130]
Epoch 3:  34%|███▍      | 266/782 [00:05<00:09, 52.75it/s, loss=0.123, val/accuracy=0.955, val/loss=0.117, train/accuracy=0.951, train/loss=0.130]
Epoch 3:  34%|███▍      | 266/782 [00:05<00:09, 52.75it/s, loss=0.124, val/accuracy=0.955, val/loss=0.117, train/accuracy=0.951, train/loss=0.130]
Epoch 3:  34%|███▍      | 267/782 [00:05<00:09, 52.76it/s, loss=0.124, val/accuracy=0.955, val/loss=0.117, train/accuracy=0.951, train/loss=0.130]
Epoch 3:  34%|███▍      | 267/782 [00:05<00:09, 52.76it/s, loss=0.124, val/accuracy=0.955, val/loss=0.117, train/accuracy=0.951, train/loss=0.130]
Epoch 3:  34%|███▍      | 268/782 [00:05<00:09, 52.77it/s, loss=0.124, val/accuracy=0.955, val/loss=0.117, train/accuracy=0.951, train/loss=0.130]
Epoch 3:  34%|███▍      | 268/782 [00:05<00:09, 52.76it/s, loss=0.126, val/accuracy=0.955, val/loss=0.117, train/accuracy=0.951, train/loss=0.130]
Epoch 3:  34%|███▍      | 269/782 [00:05<00:09, 52.77it/s, loss=0.126, val/accuracy=0.955, val/loss=0.117, train/accuracy=0.951, train/loss=0.130]
Epoch 3:  34%|███▍      | 269/782 [00:05<00:09, 52.77it/s, loss=0.121, val/accuracy=0.955, val/loss=0.117, train/accuracy=0.951, train/loss=0.130]
Epoch 3:  35%|███▍      | 270/782 [00:05<00:09, 52.78it/s, loss=0.121, val/accuracy=0.955, val/loss=0.117, train/accuracy=0.951, train/loss=0.130]
Epoch 3:  35%|███▍      | 270/782 [00:05<00:09, 52.78it/s, loss=0.121, val/accuracy=0.955, val/loss=0.117, train/accuracy=0.951, train/loss=0.130]
Epoch 3:  35%|███▍      | 271/782 [00:05<00:09, 52.79it/s, loss=0.121, val/accuracy=0.955, val/loss=0.117, train/accuracy=0.951, train/loss=0.130]
Epoch 3:  35%|███▍      | 271/782 [00:05<00:09, 52.78it/s, loss=0.118, val/accuracy=0.955, val/loss=0.117, train/accuracy=0.951, train/loss=0.130]
Epoch 3:  35%|███▍      | 272/782 [00:05<00:09, 52.79it/s, loss=0.118, val/accuracy=0.955, val/loss=0.117, train/accuracy=0.951, train/loss=0.130]
Epoch 3:  35%|███▍      | 272/782 [00:05<00:09, 52.79it/s, loss=0.116, val/accuracy=0.955, val/loss=0.117, train/accuracy=0.951, train/loss=0.130]
Epoch 3:  35%|███▍      | 273/782 [00:05<00:09, 52.80it/s, loss=0.116, val/accuracy=0.955, val/loss=0.117, train/accuracy=0.951, train/loss=0.130]
Epoch 3:  35%|███▍      | 273/782 [00:05<00:09, 52.80it/s, loss=0.117, val/accuracy=0.955, val/loss=0.117, train/accuracy=0.951, train/loss=0.130]
Epoch 3:  35%|███▌      | 274/782 [00:05<00:09, 52.81it/s, loss=0.117, val/accuracy=0.955, val/loss=0.117, train/accuracy=0.951, train/loss=0.130]
Epoch 3:  35%|███▌      | 274/782 [00:05<00:09, 52.81it/s, loss=0.119, val/accuracy=0.955, val/loss=0.117, train/accuracy=0.951, train/loss=0.130]
Epoch 3:  35%|███▌      | 275/782 [00:05<00:09, 52.81it/s, loss=0.119, val/accuracy=0.955, val/loss=0.117, train/accuracy=0.951, train/loss=0.130]
Epoch 3:  35%|███▌      | 275/782 [00:05<00:09, 52.81it/s, loss=0.122, val/accuracy=0.955, val/loss=0.117, train/accuracy=0.951, train/loss=0.130]
Epoch 3:  35%|███▌      | 276/782 [00:05<00:09, 52.82it/s, loss=0.122, val/accuracy=0.955, val/loss=0.117, train/accuracy=0.951, train/loss=0.130]
Epoch 3:  35%|███▌      | 276/782 [00:05<00:09, 52.82it/s, loss=0.119, val/accuracy=0.955, val/loss=0.117, train/accuracy=0.951, train/loss=0.130]
Epoch 3:  35%|███▌      | 277/782 [00:05<00:09, 52.83it/s, loss=0.119, val/accuracy=0.955, val/loss=0.117, train/accuracy=0.951, train/loss=0.130]
Epoch 3:  35%|███▌      | 277/782 [00:05<00:09, 52.82it/s, loss=0.117, val/accuracy=0.955, val/loss=0.117, train/accuracy=0.951, train/loss=0.130]
Epoch 3:  36%|███▌      | 278/782 [00:05<00:09, 52.83it/s, loss=0.117, val/accuracy=0.955, val/loss=0.117, train/accuracy=0.951, train/loss=0.130]
Epoch 3:  36%|███▌      | 278/782 [00:05<00:09, 52.83it/s, loss=0.117, val/accuracy=0.955, val/loss=0.117, train/accuracy=0.951, train/loss=0.130]
Epoch 3:  36%|███▌      | 279/782 [00:05<00:09, 52.84it/s, loss=0.117, val/accuracy=0.955, val/loss=0.117, train/accuracy=0.951, train/loss=0.130]
Epoch 3:  36%|███▌      | 279/782 [00:05<00:09, 52.84it/s, loss=0.113, val/accuracy=0.955, val/loss=0.117, train/accuracy=0.951, train/loss=0.130]
Epoch 3:  36%|███▌      | 280/782 [00:05<00:09, 52.85it/s, loss=0.113, val/accuracy=0.955, val/loss=0.117, train/accuracy=0.951, train/loss=0.130]
Epoch 3:  36%|███▌      | 280/782 [00:05<00:09, 52.85it/s, loss=0.116, val/accuracy=0.955, val/loss=0.117, train/accuracy=0.951, train/loss=0.130]
Epoch 3:  36%|███▌      | 281/782 [00:05<00:09, 52.86it/s, loss=0.116, val/accuracy=0.955, val/loss=0.117, train/accuracy=0.951, train/loss=0.130]
Epoch 3:  36%|███▌      | 281/782 [00:05<00:09, 52.85it/s, loss=0.109, val/accuracy=0.955, val/loss=0.117, train/accuracy=0.951, train/loss=0.130]
Epoch 3:  36%|███▌      | 282/782 [00:05<00:09, 52.86it/s, loss=0.109, val/accuracy=0.955, val/loss=0.117, train/accuracy=0.951, train/loss=0.130]
Epoch 3:  36%|███▌      | 282/782 [00:05<00:09, 52.86it/s, loss=0.107, val/accuracy=0.955, val/loss=0.117, train/accuracy=0.951, train/loss=0.130]
Epoch 3:  36%|███▌      | 283/782 [00:05<00:09, 52.87it/s, loss=0.107, val/accuracy=0.955, val/loss=0.117, train/accuracy=0.951, train/loss=0.130]
Epoch 3:  36%|███▌      | 283/782 [00:05<00:09, 52.87it/s, loss=0.106, val/accuracy=0.955, val/loss=0.117, train/accuracy=0.951, train/loss=0.130]
Epoch 3:  36%|███▋      | 284/782 [00:05<00:09, 52.88it/s, loss=0.106, val/accuracy=0.955, val/loss=0.117, train/accuracy=0.951, train/loss=0.130]
Epoch 3:  36%|███▋      | 284/782 [00:05<00:09, 52.87it/s, loss=0.107, val/accuracy=0.955, val/loss=0.117, train/accuracy=0.951, train/loss=0.130]
Epoch 3:  36%|███▋      | 285/782 [00:05<00:09, 52.88it/s, loss=0.107, val/accuracy=0.955, val/loss=0.117, train/accuracy=0.951, train/loss=0.130]
Epoch 3:  36%|███▋      | 285/782 [00:05<00:09, 52.88it/s, loss=0.109, val/accuracy=0.955, val/loss=0.117, train/accuracy=0.951, train/loss=0.130]
Epoch 3:  37%|███▋      | 286/782 [00:05<00:09, 52.89it/s, loss=0.109, val/accuracy=0.955, val/loss=0.117, train/accuracy=0.951, train/loss=0.130]
Epoch 3:  37%|███▋      | 286/782 [00:05<00:09, 52.89it/s, loss=0.11, val/accuracy=0.955, val/loss=0.117, train/accuracy=0.951, train/loss=0.130] 
Epoch 3:  37%|███▋      | 287/782 [00:05<00:09, 52.90it/s, loss=0.11, val/accuracy=0.955, val/loss=0.117, train/accuracy=0.951, train/loss=0.130]
Epoch 3:  37%|███▋      | 287/782 [00:05<00:09, 52.90it/s, loss=0.113, val/accuracy=0.955, val/loss=0.117, train/accuracy=0.951, train/loss=0.130]
Epoch 3:  37%|███▋      | 288/782 [00:05<00:09, 52.90it/s, loss=0.113, val/accuracy=0.955, val/loss=0.117, train/accuracy=0.951, train/loss=0.130]
Epoch 3:  37%|███▋      | 288/782 [00:05<00:09, 52.90it/s, loss=0.113, val/accuracy=0.955, val/loss=0.117, train/accuracy=0.951, train/loss=0.130]
Epoch 3:  37%|███▋      | 289/782 [00:05<00:09, 52.91it/s, loss=0.113, val/accuracy=0.955, val/loss=0.117, train/accuracy=0.951, train/loss=0.130]
Epoch 3:  37%|███▋      | 289/782 [00:05<00:09, 52.91it/s, loss=0.112, val/accuracy=0.955, val/loss=0.117, train/accuracy=0.951, train/loss=0.130]
Epoch 3:  37%|███▋      | 290/782 [00:05<00:09, 52.92it/s, loss=0.112, val/accuracy=0.955, val/loss=0.117, train/accuracy=0.951, train/loss=0.130]
Epoch 3:  37%|███▋      | 290/782 [00:05<00:09, 52.91it/s, loss=0.112, val/accuracy=0.955, val/loss=0.117, train/accuracy=0.951, train/loss=0.130]
Epoch 3:  37%|███▋      | 291/782 [00:05<00:09, 52.92it/s, loss=0.112, val/accuracy=0.955, val/loss=0.117, train/accuracy=0.951, train/loss=0.130]
Epoch 3:  37%|███▋      | 291/782 [00:05<00:09, 52.92it/s, loss=0.108, val/accuracy=0.955, val/loss=0.117, train/accuracy=0.951, train/loss=0.130]
Epoch 3:  37%|███▋      | 292/782 [00:05<00:09, 52.93it/s, loss=0.108, val/accuracy=0.955, val/loss=0.117, train/accuracy=0.951, train/loss=0.130]
Epoch 3:  37%|███▋      | 292/782 [00:05<00:09, 52.92it/s, loss=0.108, val/accuracy=0.955, val/loss=0.117, train/accuracy=0.951, train/loss=0.130]
Epoch 3:  37%|███▋      | 293/782 [00:05<00:09, 52.93it/s, loss=0.108, val/accuracy=0.955, val/loss=0.117, train/accuracy=0.951, train/loss=0.130]
Epoch 3:  37%|███▋      | 293/782 [00:05<00:09, 52.93it/s, loss=0.111, val/accuracy=0.955, val/loss=0.117, train/accuracy=0.951, train/loss=0.130]
Epoch 3:  38%|███▊      | 294/782 [00:05<00:09, 52.94it/s, loss=0.111, val/accuracy=0.955, val/loss=0.117, train/accuracy=0.951, train/loss=0.130]
Epoch 3:  38%|███▊      | 294/782 [00:05<00:09, 52.94it/s, loss=0.113, val/accuracy=0.955, val/loss=0.117, train/accuracy=0.951, train/loss=0.130]
Epoch 3:  38%|███▊      | 295/782 [00:05<00:09, 52.94it/s, loss=0.113, val/accuracy=0.955, val/loss=0.117, train/accuracy=0.951, train/loss=0.130]
Epoch 3:  38%|███▊      | 295/782 [00:05<00:09, 52.94it/s, loss=0.111, val/accuracy=0.955, val/loss=0.117, train/accuracy=0.951, train/loss=0.130]
Epoch 3:  38%|███▊      | 296/782 [00:05<00:09, 52.95it/s, loss=0.111, val/accuracy=0.955, val/loss=0.117, train/accuracy=0.951, train/loss=0.130]
Epoch 3:  38%|███▊      | 296/782 [00:05<00:09, 52.95it/s, loss=0.111, val/accuracy=0.955, val/loss=0.117, train/accuracy=0.951, train/loss=0.130]
Epoch 3:  38%|███▊      | 297/782 [00:05<00:09, 52.96it/s, loss=0.111, val/accuracy=0.955, val/loss=0.117, train/accuracy=0.951, train/loss=0.130]
Epoch 3:  38%|███▊      | 297/782 [00:05<00:09, 52.95it/s, loss=0.113, val/accuracy=0.955, val/loss=0.117, train/accuracy=0.951, train/loss=0.130]
Epoch 3:  38%|███▊      | 298/782 [00:05<00:09, 52.96it/s, loss=0.113, val/accuracy=0.955, val/loss=0.117, train/accuracy=0.951, train/loss=0.130]
Epoch 3:  38%|███▊      | 298/782 [00:05<00:09, 52.96it/s, loss=0.112, val/accuracy=0.955, val/loss=0.117, train/accuracy=0.951, train/loss=0.130]
Epoch 3:  38%|███▊      | 299/782 [00:05<00:09, 52.97it/s, loss=0.112, val/accuracy=0.955, val/loss=0.117, train/accuracy=0.951, train/loss=0.130]
Epoch 3:  38%|███▊      | 299/782 [00:05<00:09, 52.96it/s, loss=0.118, val/accuracy=0.955, val/loss=0.117, train/accuracy=0.951, train/loss=0.130]
Epoch 3:  38%|███▊      | 300/782 [00:05<00:09, 52.97it/s, loss=0.118, val/accuracy=0.955, val/loss=0.117, train/accuracy=0.951, train/loss=0.130]
Epoch 3:  38%|███▊      | 300/782 [00:05<00:09, 52.97it/s, loss=0.12, val/accuracy=0.955, val/loss=0.117, train/accuracy=0.951, train/loss=0.130] 
Epoch 3:  38%|███▊      | 301/782 [00:05<00:09, 52.98it/s, loss=0.12, val/accuracy=0.955, val/loss=0.117, train/accuracy=0.951, train/loss=0.130]
Epoch 3:  38%|███▊      | 301/782 [00:05<00:09, 52.97it/s, loss=0.122, val/accuracy=0.955, val/loss=0.117, train/accuracy=0.951, train/loss=0.130]
Epoch 3:  39%|███▊      | 302/782 [00:05<00:09, 52.98it/s, loss=0.122, val/accuracy=0.955, val/loss=0.117, train/accuracy=0.951, train/loss=0.130]
Epoch 3:  39%|███▊      | 302/782 [00:05<00:09, 52.98it/s, loss=0.123, val/accuracy=0.955, val/loss=0.117, train/accuracy=0.951, train/loss=0.130]
Epoch 3:  39%|███▊      | 303/782 [00:05<00:09, 52.99it/s, loss=0.123, val/accuracy=0.955, val/loss=0.117, train/accuracy=0.951, train/loss=0.130]
Epoch 3:  39%|███▊      | 303/782 [00:05<00:09, 52.99it/s, loss=0.122, val/accuracy=0.955, val/loss=0.117, train/accuracy=0.951, train/loss=0.130]
Epoch 3:  39%|███▉      | 304/782 [00:05<00:09, 52.99it/s, loss=0.122, val/accuracy=0.955, val/loss=0.117, train/accuracy=0.951, train/loss=0.130]
Epoch 3:  39%|███▉      | 304/782 [00:05<00:09, 52.99it/s, loss=0.122, val/accuracy=0.955, val/loss=0.117, train/accuracy=0.951, train/loss=0.130]
Epoch 3:  39%|███▉      | 305/782 [00:05<00:09, 53.00it/s, loss=0.122, val/accuracy=0.955, val/loss=0.117, train/accuracy=0.951, train/loss=0.130]
Epoch 3:  39%|███▉      | 305/782 [00:05<00:09, 53.00it/s, loss=0.124, val/accuracy=0.955, val/loss=0.117, train/accuracy=0.951, train/loss=0.130]
Epoch 3:  39%|███▉      | 306/782 [00:05<00:08, 53.00it/s, loss=0.124, val/accuracy=0.955, val/loss=0.117, train/accuracy=0.951, train/loss=0.130]
Epoch 3:  39%|███▉      | 306/782 [00:05<00:08, 53.00it/s, loss=0.122, val/accuracy=0.955, val/loss=0.117, train/accuracy=0.951, train/loss=0.130]
Epoch 3:  39%|███▉      | 307/782 [00:05<00:08, 53.01it/s, loss=0.122, val/accuracy=0.955, val/loss=0.117, train/accuracy=0.951, train/loss=0.130]
Epoch 3:  39%|███▉      | 307/782 [00:05<00:08, 53.01it/s, loss=0.124, val/accuracy=0.955, val/loss=0.117, train/accuracy=0.951, train/loss=0.130]
Epoch 3:  39%|███▉      | 308/782 [00:05<00:08, 53.02it/s, loss=0.124, val/accuracy=0.955, val/loss=0.117, train/accuracy=0.951, train/loss=0.130]
Epoch 3:  39%|███▉      | 308/782 [00:05<00:08, 53.01it/s, loss=0.124, val/accuracy=0.955, val/loss=0.117, train/accuracy=0.951, train/loss=0.130]
Epoch 3:  40%|███▉      | 309/782 [00:05<00:08, 53.02it/s, loss=0.124, val/accuracy=0.955, val/loss=0.117, train/accuracy=0.951, train/loss=0.130]
Epoch 3:  40%|███▉      | 309/782 [00:05<00:08, 53.02it/s, loss=0.13, val/accuracy=0.955, val/loss=0.117, train/accuracy=0.951, train/loss=0.130] 
Epoch 3:  40%|███▉      | 310/782 [00:05<00:08, 53.03it/s, loss=0.13, val/accuracy=0.955, val/loss=0.117, train/accuracy=0.951, train/loss=0.130]
Epoch 3:  40%|███▉      | 310/782 [00:05<00:08, 53.02it/s, loss=0.13, val/accuracy=0.955, val/loss=0.117, train/accuracy=0.951, train/loss=0.130]
Epoch 3:  40%|███▉      | 311/782 [00:05<00:08, 53.03it/s, loss=0.13, val/accuracy=0.955, val/loss=0.117, train/accuracy=0.951, train/loss=0.130]
Epoch 3:  40%|███▉      | 311/782 [00:05<00:08, 53.03it/s, loss=0.137, val/accuracy=0.955, val/loss=0.117, train/accuracy=0.951, train/loss=0.130]
Epoch 3:  40%|███▉      | 312/782 [00:05<00:08, 53.04it/s, loss=0.137, val/accuracy=0.955, val/loss=0.117, train/accuracy=0.951, train/loss=0.130]
Epoch 3:  40%|███▉      | 312/782 [00:05<00:08, 53.03it/s, loss=0.141, val/accuracy=0.955, val/loss=0.117, train/accuracy=0.951, train/loss=0.130]
Epoch 3:  40%|████      | 313/782 [00:05<00:08, 53.04it/s, loss=0.141, val/accuracy=0.955, val/loss=0.117, train/accuracy=0.951, train/loss=0.130]
Epoch 3:  40%|████      | 313/782 [00:05<00:08, 53.04it/s, loss=0.135, val/accuracy=0.955, val/loss=0.117, train/accuracy=0.951, train/loss=0.130]
Epoch 3:  40%|████      | 314/782 [00:05<00:08, 53.05it/s, loss=0.135, val/accuracy=0.955, val/loss=0.117, train/accuracy=0.951, train/loss=0.130]
Epoch 3:  40%|████      | 314/782 [00:05<00:08, 53.05it/s, loss=0.133, val/accuracy=0.955, val/loss=0.117, train/accuracy=0.951, train/loss=0.130]
Epoch 3:  40%|████      | 315/782 [00:05<00:08, 53.05it/s, loss=0.133, val/accuracy=0.955, val/loss=0.117, train/accuracy=0.951, train/loss=0.130]
Epoch 3:  40%|████      | 315/782 [00:05<00:08, 53.05it/s, loss=0.134, val/accuracy=0.955, val/loss=0.117, train/accuracy=0.951, train/loss=0.130]
Epoch 3:  40%|████      | 316/782 [00:05<00:08, 53.06it/s, loss=0.134, val/accuracy=0.955, val/loss=0.117, train/accuracy=0.951, train/loss=0.130]
Epoch 3:  40%|████      | 316/782 [00:05<00:08, 53.06it/s, loss=0.136, val/accuracy=0.955, val/loss=0.117, train/accuracy=0.951, train/loss=0.130]
Epoch 3:  41%|████      | 317/782 [00:05<00:08, 53.07it/s, loss=0.136, val/accuracy=0.955, val/loss=0.117, train/accuracy=0.951, train/loss=0.130]
Epoch 3:  41%|████      | 317/782 [00:05<00:08, 53.06it/s, loss=0.134, val/accuracy=0.955, val/loss=0.117, train/accuracy=0.951, train/loss=0.130]
Epoch 3:  41%|████      | 318/782 [00:05<00:08, 53.06it/s, loss=0.134, val/accuracy=0.955, val/loss=0.117, train/accuracy=0.951, train/loss=0.130]
Epoch 3:  41%|████      | 318/782 [00:05<00:08, 53.06it/s, loss=0.135, val/accuracy=0.955, val/loss=0.117, train/accuracy=0.951, train/loss=0.130]
Epoch 3:  41%|████      | 319/782 [00:06<00:08, 53.07it/s, loss=0.135, val/accuracy=0.955, val/loss=0.117, train/accuracy=0.951, train/loss=0.130]
Epoch 3:  41%|████      | 319/782 [00:06<00:08, 53.06it/s, loss=0.13, val/accuracy=0.955, val/loss=0.117, train/accuracy=0.951, train/loss=0.130] 
Epoch 3:  41%|████      | 320/782 [00:06<00:08, 53.07it/s, loss=0.13, val/accuracy=0.955, val/loss=0.117, train/accuracy=0.951, train/loss=0.130]
Epoch 3:  41%|████      | 320/782 [00:06<00:08, 53.07it/s, loss=0.127, val/accuracy=0.955, val/loss=0.117, train/accuracy=0.951, train/loss=0.130]
Epoch 3:  41%|████      | 321/782 [00:06<00:08, 53.08it/s, loss=0.127, val/accuracy=0.955, val/loss=0.117, train/accuracy=0.951, train/loss=0.130]
Epoch 3:  41%|████      | 321/782 [00:06<00:08, 53.07it/s, loss=0.13, val/accuracy=0.955, val/loss=0.117, train/accuracy=0.951, train/loss=0.130] 
Epoch 3:  41%|████      | 322/782 [00:06<00:08, 53.08it/s, loss=0.13, val/accuracy=0.955, val/loss=0.117, train/accuracy=0.951, train/loss=0.130]
Epoch 3:  41%|████      | 322/782 [00:06<00:08, 53.08it/s, loss=0.13, val/accuracy=0.955, val/loss=0.117, train/accuracy=0.951, train/loss=0.130]
Epoch 3:  41%|████▏     | 323/782 [00:06<00:08, 53.09it/s, loss=0.13, val/accuracy=0.955, val/loss=0.117, train/accuracy=0.951, train/loss=0.130]
Epoch 3:  41%|████▏     | 323/782 [00:06<00:08, 53.09it/s, loss=0.128, val/accuracy=0.955, val/loss=0.117, train/accuracy=0.951, train/loss=0.130]
Epoch 3:  41%|████▏     | 324/782 [00:06<00:08, 53.09it/s, loss=0.128, val/accuracy=0.955, val/loss=0.117, train/accuracy=0.951, train/loss=0.130]
Epoch 3:  41%|████▏     | 324/782 [00:06<00:08, 53.09it/s, loss=0.125, val/accuracy=0.955, val/loss=0.117, train/accuracy=0.951, train/loss=0.130]
Epoch 3:  42%|████▏     | 325/782 [00:06<00:08, 53.10it/s, loss=0.125, val/accuracy=0.955, val/loss=0.117, train/accuracy=0.951, train/loss=0.130]
Epoch 3:  42%|████▏     | 325/782 [00:06<00:08, 53.10it/s, loss=0.121, val/accuracy=0.955, val/loss=0.117, train/accuracy=0.951, train/loss=0.130]
Epoch 3:  42%|████▏     | 326/782 [00:06<00:08, 53.11it/s, loss=0.121, val/accuracy=0.955, val/loss=0.117, train/accuracy=0.951, train/loss=0.130]
Epoch 3:  42%|████▏     | 326/782 [00:06<00:08, 53.10it/s, loss=0.117, val/accuracy=0.955, val/loss=0.117, train/accuracy=0.951, train/loss=0.130]
Epoch 3:  42%|████▏     | 327/782 [00:06<00:08, 53.11it/s, loss=0.117, val/accuracy=0.955, val/loss=0.117, train/accuracy=0.951, train/loss=0.130]
Epoch 3:  42%|████▏     | 327/782 [00:06<00:08, 53.11it/s, loss=0.111, val/accuracy=0.955, val/loss=0.117, train/accuracy=0.951, train/loss=0.130]
Epoch 3:  42%|████▏     | 328/782 [00:06<00:08, 53.12it/s, loss=0.111, val/accuracy=0.955, val/loss=0.117, train/accuracy=0.951, train/loss=0.130]
Epoch 3:  42%|████▏     | 328/782 [00:06<00:08, 53.11it/s, loss=0.117, val/accuracy=0.955, val/loss=0.117, train/accuracy=0.951, train/loss=0.130]
Epoch 3:  42%|████▏     | 329/782 [00:06<00:08, 53.12it/s, loss=0.117, val/accuracy=0.955, val/loss=0.117, train/accuracy=0.951, train/loss=0.130]
Epoch 3:  42%|████▏     | 329/782 [00:06<00:08, 53.12it/s, loss=0.115, val/accuracy=0.955, val/loss=0.117, train/accuracy=0.951, train/loss=0.130]
Epoch 3:  42%|████▏     | 330/782 [00:06<00:08, 53.13it/s, loss=0.115, val/accuracy=0.955, val/loss=0.117, train/accuracy=0.951, train/loss=0.130]
Epoch 3:  42%|████▏     | 330/782 [00:06<00:08, 53.13it/s, loss=0.115, val/accuracy=0.955, val/loss=0.117, train/accuracy=0.951, train/loss=0.130]
Epoch 3:  42%|████▏     | 331/782 [00:06<00:08, 53.13it/s, loss=0.115, val/accuracy=0.955, val/loss=0.117, train/accuracy=0.951, train/loss=0.130]
Epoch 3:  42%|████▏     | 331/782 [00:06<00:08, 53.13it/s, loss=0.108, val/accuracy=0.955, val/loss=0.117, train/accuracy=0.951, train/loss=0.130]
Epoch 3:  42%|████▏     | 332/782 [00:06<00:08, 53.14it/s, loss=0.108, val/accuracy=0.955, val/loss=0.117, train/accuracy=0.951, train/loss=0.130]
Epoch 3:  42%|████▏     | 332/782 [00:06<00:08, 53.14it/s, loss=0.105, val/accuracy=0.955, val/loss=0.117, train/accuracy=0.951, train/loss=0.130]
Epoch 3:  43%|████▎     | 333/782 [00:06<00:08, 53.14it/s, loss=0.105, val/accuracy=0.955, val/loss=0.117, train/accuracy=0.951, train/loss=0.130]
Epoch 3:  43%|████▎     | 333/782 [00:06<00:08, 53.14it/s, loss=0.107, val/accuracy=0.955, val/loss=0.117, train/accuracy=0.951, train/loss=0.130]
Epoch 3:  43%|████▎     | 334/782 [00:06<00:08, 53.15it/s, loss=0.107, val/accuracy=0.955, val/loss=0.117, train/accuracy=0.951, train/loss=0.130]
Epoch 3:  43%|████▎     | 334/782 [00:06<00:08, 53.15it/s, loss=0.108, val/accuracy=0.955, val/loss=0.117, train/accuracy=0.951, train/loss=0.130]
Epoch 3:  43%|████▎     | 335/782 [00:06<00:08, 53.15it/s, loss=0.108, val/accuracy=0.955, val/loss=0.117, train/accuracy=0.951, train/loss=0.130]
Epoch 3:  43%|████▎     | 335/782 [00:06<00:08, 53.15it/s, loss=0.107, val/accuracy=0.955, val/loss=0.117, train/accuracy=0.951, train/loss=0.130]
Epoch 3:  43%|████▎     | 336/782 [00:06<00:08, 53.16it/s, loss=0.107, val/accuracy=0.955, val/loss=0.117, train/accuracy=0.951, train/loss=0.130]
Epoch 3:  43%|████▎     | 336/782 [00:06<00:08, 53.16it/s, loss=0.103, val/accuracy=0.955, val/loss=0.117, train/accuracy=0.951, train/loss=0.130]
Epoch 3:  43%|████▎     | 337/782 [00:06<00:08, 53.16it/s, loss=0.103, val/accuracy=0.955, val/loss=0.117, train/accuracy=0.951, train/loss=0.130]
Epoch 3:  43%|████▎     | 337/782 [00:06<00:08, 53.16it/s, loss=0.102, val/accuracy=0.955, val/loss=0.117, train/accuracy=0.951, train/loss=0.130]
Epoch 3:  43%|████▎     | 338/782 [00:06<00:08, 53.17it/s, loss=0.102, val/accuracy=0.955, val/loss=0.117, train/accuracy=0.951, train/loss=0.130]
Epoch 3:  43%|████▎     | 338/782 [00:06<00:08, 53.17it/s, loss=0.101, val/accuracy=0.955, val/loss=0.117, train/accuracy=0.951, train/loss=0.130]
Epoch 3:  43%|████▎     | 339/782 [00:06<00:08, 53.17it/s, loss=0.101, val/accuracy=0.955, val/loss=0.117, train/accuracy=0.951, train/loss=0.130]
Epoch 3:  43%|████▎     | 339/782 [00:06<00:08, 53.17it/s, loss=0.0983, val/accuracy=0.955, val/loss=0.117, train/accuracy=0.951, train/loss=0.130]
Epoch 3:  43%|████▎     | 340/782 [00:06<00:08, 53.18it/s, loss=0.0983, val/accuracy=0.955, val/loss=0.117, train/accuracy=0.951, train/loss=0.130]
Epoch 3:  43%|████▎     | 340/782 [00:06<00:08, 53.17it/s, loss=0.101, val/accuracy=0.955, val/loss=0.117, train/accuracy=0.951, train/loss=0.130] 
Epoch 3:  44%|████▎     | 341/782 [00:06<00:08, 53.18it/s, loss=0.101, val/accuracy=0.955, val/loss=0.117, train/accuracy=0.951, train/loss=0.130]
Epoch 3:  44%|████▎     | 341/782 [00:06<00:08, 53.18it/s, loss=0.0985, val/accuracy=0.955, val/loss=0.117, train/accuracy=0.951, train/loss=0.130]
Epoch 3:  44%|████▎     | 342/782 [00:06<00:08, 53.18it/s, loss=0.0985, val/accuracy=0.955, val/loss=0.117, train/accuracy=0.951, train/loss=0.130]
Epoch 3:  44%|████▎     | 342/782 [00:06<00:08, 53.18it/s, loss=0.1, val/accuracy=0.955, val/loss=0.117, train/accuracy=0.951, train/loss=0.130]   
Epoch 3:  44%|████▍     | 343/782 [00:06<00:08, 53.19it/s, loss=0.1, val/accuracy=0.955, val/loss=0.117, train/accuracy=0.951, train/loss=0.130]
Epoch 3:  44%|████▍     | 343/782 [00:06<00:08, 53.18it/s, loss=0.0992, val/accuracy=0.955, val/loss=0.117, train/accuracy=0.951, train/loss=0.130]
Epoch 3:  44%|████▍     | 344/782 [00:06<00:08, 53.19it/s, loss=0.0992, val/accuracy=0.955, val/loss=0.117, train/accuracy=0.951, train/loss=0.130]
Epoch 3:  44%|████▍     | 344/782 [00:06<00:08, 53.19it/s, loss=0.0994, val/accuracy=0.955, val/loss=0.117, train/accuracy=0.951, train/loss=0.130]
Epoch 3:  44%|████▍     | 345/782 [00:06<00:08, 53.19it/s, loss=0.0994, val/accuracy=0.955, val/loss=0.117, train/accuracy=0.951, train/loss=0.130]
Epoch 3:  44%|████▍     | 345/782 [00:06<00:08, 53.19it/s, loss=0.0992, val/accuracy=0.955, val/loss=0.117, train/accuracy=0.951, train/loss=0.130]
Epoch 3:  44%|████▍     | 346/782 [00:06<00:08, 53.20it/s, loss=0.0992, val/accuracy=0.955, val/loss=0.117, train/accuracy=0.951, train/loss=0.130]
Epoch 3:  44%|████▍     | 346/782 [00:06<00:08, 53.20it/s, loss=0.104, val/accuracy=0.955, val/loss=0.117, train/accuracy=0.951, train/loss=0.130] 
Epoch 3:  44%|████▍     | 347/782 [00:06<00:08, 53.20it/s, loss=0.104, val/accuracy=0.955, val/loss=0.117, train/accuracy=0.951, train/loss=0.130]
Epoch 3:  44%|████▍     | 347/782 [00:06<00:08, 53.20it/s, loss=0.107, val/accuracy=0.955, val/loss=0.117, train/accuracy=0.951, train/loss=0.130]
Epoch 3:  45%|████▍     | 348/782 [00:06<00:08, 53.21it/s, loss=0.107, val/accuracy=0.955, val/loss=0.117, train/accuracy=0.951, train/loss=0.130]
Epoch 3:  45%|████▍     | 348/782 [00:06<00:08, 53.21it/s, loss=0.102, val/accuracy=0.955, val/loss=0.117, train/accuracy=0.951, train/loss=0.130]
Epoch 3:  45%|████▍     | 349/782 [00:06<00:08, 53.21it/s, loss=0.102, val/accuracy=0.955, val/loss=0.117, train/accuracy=0.951, train/loss=0.130]
Epoch 3:  45%|████▍     | 349/782 [00:06<00:08, 53.21it/s, loss=0.0984, val/accuracy=0.955, val/loss=0.117, train/accuracy=0.951, train/loss=0.130]
Epoch 3:  45%|████▍     | 350/782 [00:06<00:08, 53.22it/s, loss=0.0984, val/accuracy=0.955, val/loss=0.117, train/accuracy=0.951, train/loss=0.130]
Epoch 3:  45%|████▍     | 350/782 [00:06<00:08, 53.21it/s, loss=0.0981, val/accuracy=0.955, val/loss=0.117, train/accuracy=0.951, train/loss=0.130]
Epoch 3:  45%|████▍     | 351/782 [00:06<00:08, 53.22it/s, loss=0.0981, val/accuracy=0.955, val/loss=0.117, train/accuracy=0.951, train/loss=0.130]
Epoch 3:  45%|████▍     | 351/782 [00:06<00:08, 53.22it/s, loss=0.104, val/accuracy=0.955, val/loss=0.117, train/accuracy=0.951, train/loss=0.130] 
Epoch 3:  45%|████▌     | 352/782 [00:06<00:08, 53.23it/s, loss=0.104, val/accuracy=0.955, val/loss=0.117, train/accuracy=0.951, train/loss=0.130]
Epoch 3:  45%|████▌     | 352/782 [00:06<00:08, 53.22it/s, loss=0.102, val/accuracy=0.955, val/loss=0.117, train/accuracy=0.951, train/loss=0.130]
Epoch 3:  45%|████▌     | 353/782 [00:06<00:08, 53.23it/s, loss=0.102, val/accuracy=0.955, val/loss=0.117, train/accuracy=0.951, train/loss=0.130]
Epoch 3:  45%|████▌     | 353/782 [00:06<00:08, 53.23it/s, loss=0.101, val/accuracy=0.955, val/loss=0.117, train/accuracy=0.951, train/loss=0.130]
Epoch 3:  45%|████▌     | 354/782 [00:06<00:08, 53.24it/s, loss=0.101, val/accuracy=0.955, val/loss=0.117, train/accuracy=0.951, train/loss=0.130]
Epoch 3:  45%|████▌     | 354/782 [00:06<00:08, 53.24it/s, loss=0.104, val/accuracy=0.955, val/loss=0.117, train/accuracy=0.951, train/loss=0.130]
Epoch 3:  45%|████▌     | 355/782 [00:06<00:08, 53.24it/s, loss=0.104, val/accuracy=0.955, val/loss=0.117, train/accuracy=0.951, train/loss=0.130]
Epoch 3:  45%|████▌     | 355/782 [00:06<00:08, 53.24it/s, loss=0.103, val/accuracy=0.955, val/loss=0.117, train/accuracy=0.951, train/loss=0.130]
Epoch 3:  46%|████▌     | 356/782 [00:06<00:08, 53.25it/s, loss=0.103, val/accuracy=0.955, val/loss=0.117, train/accuracy=0.951, train/loss=0.130]
Epoch 3:  46%|████▌     | 356/782 [00:06<00:08, 53.25it/s, loss=0.106, val/accuracy=0.955, val/loss=0.117, train/accuracy=0.951, train/loss=0.130]
Epoch 3:  46%|████▌     | 357/782 [00:06<00:07, 53.25it/s, loss=0.106, val/accuracy=0.955, val/loss=0.117, train/accuracy=0.951, train/loss=0.130]
Epoch 3:  46%|████▌     | 357/782 [00:06<00:07, 53.25it/s, loss=0.111, val/accuracy=0.955, val/loss=0.117, train/accuracy=0.951, train/loss=0.130]
Epoch 3:  46%|████▌     | 358/782 [00:06<00:07, 53.26it/s, loss=0.111, val/accuracy=0.955, val/loss=0.117, train/accuracy=0.951, train/loss=0.130]
Epoch 3:  46%|████▌     | 358/782 [00:06<00:07, 53.26it/s, loss=0.116, val/accuracy=0.955, val/loss=0.117, train/accuracy=0.951, train/loss=0.130]
Epoch 3:  46%|████▌     | 359/782 [00:06<00:07, 53.26it/s, loss=0.116, val/accuracy=0.955, val/loss=0.117, train/accuracy=0.951, train/loss=0.130]
Epoch 3:  46%|████▌     | 359/782 [00:06<00:07, 53.26it/s, loss=0.12, val/accuracy=0.955, val/loss=0.117, train/accuracy=0.951, train/loss=0.130] 
Epoch 3:  46%|████▌     | 360/782 [00:06<00:07, 53.27it/s, loss=0.12, val/accuracy=0.955, val/loss=0.117, train/accuracy=0.951, train/loss=0.130]
Epoch 3:  46%|████▌     | 360/782 [00:06<00:07, 53.27it/s, loss=0.117, val/accuracy=0.955, val/loss=0.117, train/accuracy=0.951, train/loss=0.130]
Epoch 3:  46%|████▌     | 361/782 [00:06<00:07, 53.28it/s, loss=0.117, val/accuracy=0.955, val/loss=0.117, train/accuracy=0.951, train/loss=0.130]
Epoch 3:  46%|████▌     | 361/782 [00:06<00:07, 53.27it/s, loss=0.118, val/accuracy=0.955, val/loss=0.117, train/accuracy=0.951, train/loss=0.130]
Epoch 3:  46%|████▋     | 362/782 [00:06<00:07, 53.28it/s, loss=0.118, val/accuracy=0.955, val/loss=0.117, train/accuracy=0.951, train/loss=0.130]
Epoch 3:  46%|████▋     | 362/782 [00:06<00:07, 53.28it/s, loss=0.114, val/accuracy=0.955, val/loss=0.117, train/accuracy=0.951, train/loss=0.130]
Epoch 3:  46%|████▋     | 363/782 [00:06<00:07, 53.29it/s, loss=0.114, val/accuracy=0.955, val/loss=0.117, train/accuracy=0.951, train/loss=0.130]
Epoch 3:  46%|████▋     | 363/782 [00:06<00:07, 53.28it/s, loss=0.116, val/accuracy=0.955, val/loss=0.117, train/accuracy=0.951, train/loss=0.130]
Epoch 3:  47%|████▋     | 364/782 [00:06<00:07, 53.29it/s, loss=0.116, val/accuracy=0.955, val/loss=0.117, train/accuracy=0.951, train/loss=0.130]
Epoch 3:  47%|████▋     | 364/782 [00:06<00:07, 53.29it/s, loss=0.119, val/accuracy=0.955, val/loss=0.117, train/accuracy=0.951, train/loss=0.130]
Epoch 3:  47%|████▋     | 365/782 [00:06<00:07, 53.30it/s, loss=0.119, val/accuracy=0.955, val/loss=0.117, train/accuracy=0.951, train/loss=0.130]
Epoch 3:  47%|████▋     | 365/782 [00:06<00:07, 53.29it/s, loss=0.118, val/accuracy=0.955, val/loss=0.117, train/accuracy=0.951, train/loss=0.130]
Epoch 3:  47%|████▋     | 366/782 [00:06<00:07, 53.30it/s, loss=0.118, val/accuracy=0.955, val/loss=0.117, train/accuracy=0.951, train/loss=0.130]
Epoch 3:  47%|████▋     | 366/782 [00:06<00:07, 53.30it/s, loss=0.117, val/accuracy=0.955, val/loss=0.117, train/accuracy=0.951, train/loss=0.130]
Epoch 3:  47%|████▋     | 367/782 [00:06<00:07, 53.31it/s, loss=0.117, val/accuracy=0.955, val/loss=0.117, train/accuracy=0.951, train/loss=0.130]
Epoch 3:  47%|████▋     | 367/782 [00:06<00:07, 53.30it/s, loss=0.114, val/accuracy=0.955, val/loss=0.117, train/accuracy=0.951, train/loss=0.130]
Epoch 3:  47%|████▋     | 368/782 [00:06<00:07, 53.31it/s, loss=0.114, val/accuracy=0.955, val/loss=0.117, train/accuracy=0.951, train/loss=0.130]
Epoch 3:  47%|████▋     | 368/782 [00:06<00:07, 53.31it/s, loss=0.113, val/accuracy=0.955, val/loss=0.117, train/accuracy=0.951, train/loss=0.130]
Epoch 3:  47%|████▋     | 369/782 [00:06<00:07, 53.31it/s, loss=0.113, val/accuracy=0.955, val/loss=0.117, train/accuracy=0.951, train/loss=0.130]
Epoch 3:  47%|████▋     | 369/782 [00:06<00:07, 53.31it/s, loss=0.113, val/accuracy=0.955, val/loss=0.117, train/accuracy=0.951, train/loss=0.130]
Epoch 3:  47%|████▋     | 370/782 [00:06<00:07, 53.32it/s, loss=0.113, val/accuracy=0.955, val/loss=0.117, train/accuracy=0.951, train/loss=0.130]
Epoch 3:  47%|████▋     | 370/782 [00:06<00:07, 53.32it/s, loss=0.12, val/accuracy=0.955, val/loss=0.117, train/accuracy=0.951, train/loss=0.130] 
Epoch 3:  47%|████▋     | 371/782 [00:06<00:07, 53.32it/s, loss=0.12, val/accuracy=0.955, val/loss=0.117, train/accuracy=0.951, train/loss=0.130]
Epoch 3:  47%|████▋     | 371/782 [00:06<00:07, 53.32it/s, loss=0.115, val/accuracy=0.955, val/loss=0.117, train/accuracy=0.951, train/loss=0.130]
Epoch 3:  48%|████▊     | 372/782 [00:06<00:07, 53.32it/s, loss=0.115, val/accuracy=0.955, val/loss=0.117, train/accuracy=0.951, train/loss=0.130]
Epoch 3:  48%|████▊     | 372/782 [00:06<00:07, 53.32it/s, loss=0.117, val/accuracy=0.955, val/loss=0.117, train/accuracy=0.951, train/loss=0.130]
Epoch 3:  48%|████▊     | 373/782 [00:06<00:07, 53.33it/s, loss=0.117, val/accuracy=0.955, val/loss=0.117, train/accuracy=0.951, train/loss=0.130]
Epoch 3:  48%|████▊     | 373/782 [00:06<00:07, 53.33it/s, loss=0.118, val/accuracy=0.955, val/loss=0.117, train/accuracy=0.951, train/loss=0.130]
Epoch 3:  48%|████▊     | 374/782 [00:07<00:07, 53.33it/s, loss=0.118, val/accuracy=0.955, val/loss=0.117, train/accuracy=0.951, train/loss=0.130]
Epoch 3:  48%|████▊     | 374/782 [00:07<00:07, 53.33it/s, loss=0.117, val/accuracy=0.955, val/loss=0.117, train/accuracy=0.951, train/loss=0.130]
Epoch 3:  48%|████▊     | 375/782 [00:07<00:07, 53.34it/s, loss=0.117, val/accuracy=0.955, val/loss=0.117, train/accuracy=0.951, train/loss=0.130]
Epoch 3:  48%|████▊     | 375/782 [00:07<00:07, 53.33it/s, loss=0.118, val/accuracy=0.955, val/loss=0.117, train/accuracy=0.951, train/loss=0.130]
Epoch 3:  48%|████▊     | 376/782 [00:07<00:07, 53.34it/s, loss=0.118, val/accuracy=0.955, val/loss=0.117, train/accuracy=0.951, train/loss=0.130]
Epoch 3:  48%|████▊     | 376/782 [00:07<00:07, 53.34it/s, loss=0.117, val/accuracy=0.955, val/loss=0.117, train/accuracy=0.951, train/loss=0.130]
Epoch 3:  48%|████▊     | 377/782 [00:07<00:07, 53.34it/s, loss=0.117, val/accuracy=0.955, val/loss=0.117, train/accuracy=0.951, train/loss=0.130]
Epoch 3:  48%|████▊     | 377/782 [00:07<00:07, 53.34it/s, loss=0.113, val/accuracy=0.955, val/loss=0.117, train/accuracy=0.951, train/loss=0.130]
Epoch 3:  48%|████▊     | 378/782 [00:07<00:07, 53.35it/s, loss=0.113, val/accuracy=0.955, val/loss=0.117, train/accuracy=0.951, train/loss=0.130]
Epoch 3:  48%|████▊     | 378/782 [00:07<00:07, 53.35it/s, loss=0.113, val/accuracy=0.955, val/loss=0.117, train/accuracy=0.951, train/loss=0.130]
Epoch 3:  48%|████▊     | 379/782 [00:07<00:07, 53.35it/s, loss=0.113, val/accuracy=0.955, val/loss=0.117, train/accuracy=0.951, train/loss=0.130]
Epoch 3:  48%|████▊     | 379/782 [00:07<00:07, 53.35it/s, loss=0.114, val/accuracy=0.955, val/loss=0.117, train/accuracy=0.951, train/loss=0.130]
Epoch 3:  49%|████▊     | 380/782 [00:07<00:07, 53.36it/s, loss=0.114, val/accuracy=0.955, val/loss=0.117, train/accuracy=0.951, train/loss=0.130]
Epoch 3:  49%|████▊     | 380/782 [00:07<00:07, 53.35it/s, loss=0.114, val/accuracy=0.955, val/loss=0.117, train/accuracy=0.951, train/loss=0.130]
Epoch 3:  49%|████▊     | 381/782 [00:07<00:07, 53.36it/s, loss=0.114, val/accuracy=0.955, val/loss=0.117, train/accuracy=0.951, train/loss=0.130]
Epoch 3:  49%|████▊     | 381/782 [00:07<00:07, 53.36it/s, loss=0.113, val/accuracy=0.955, val/loss=0.117, train/accuracy=0.951, train/loss=0.130]
Epoch 3:  49%|████▉     | 382/782 [00:07<00:07, 53.36it/s, loss=0.113, val/accuracy=0.955, val/loss=0.117, train/accuracy=0.951, train/loss=0.130]
Epoch 3:  49%|████▉     | 382/782 [00:07<00:07, 53.36it/s, loss=0.114, val/accuracy=0.955, val/loss=0.117, train/accuracy=0.951, train/loss=0.130]
Epoch 3:  49%|████▉     | 383/782 [00:07<00:07, 53.37it/s, loss=0.114, val/accuracy=0.955, val/loss=0.117, train/accuracy=0.951, train/loss=0.130]
Epoch 3:  49%|████▉     | 383/782 [00:07<00:07, 53.37it/s, loss=0.114, val/accuracy=0.955, val/loss=0.117, train/accuracy=0.951, train/loss=0.130]
Epoch 3:  49%|████▉     | 384/782 [00:07<00:07, 53.37it/s, loss=0.114, val/accuracy=0.955, val/loss=0.117, train/accuracy=0.951, train/loss=0.130]
Epoch 3:  49%|████▉     | 384/782 [00:07<00:07, 53.37it/s, loss=0.115, val/accuracy=0.955, val/loss=0.117, train/accuracy=0.951, train/loss=0.130]
Epoch 3:  49%|████▉     | 385/782 [00:07<00:07, 53.38it/s, loss=0.115, val/accuracy=0.955, val/loss=0.117, train/accuracy=0.951, train/loss=0.130]
Epoch 3:  49%|████▉     | 385/782 [00:07<00:07, 53.38it/s, loss=0.117, val/accuracy=0.955, val/loss=0.117, train/accuracy=0.951, train/loss=0.130]
Epoch 3:  49%|████▉     | 386/782 [00:07<00:07, 53.38it/s, loss=0.117, val/accuracy=0.955, val/loss=0.117, train/accuracy=0.951, train/loss=0.130]
Epoch 3:  49%|████▉     | 386/782 [00:07<00:07, 53.38it/s, loss=0.115, val/accuracy=0.955, val/loss=0.117, train/accuracy=0.951, train/loss=0.130]
Epoch 3:  49%|████▉     | 387/782 [00:07<00:07, 53.39it/s, loss=0.115, val/accuracy=0.955, val/loss=0.117, train/accuracy=0.951, train/loss=0.130]
Epoch 3:  49%|████▉     | 387/782 [00:07<00:07, 53.39it/s, loss=0.119, val/accuracy=0.955, val/loss=0.117, train/accuracy=0.951, train/loss=0.130]
Epoch 3:  50%|████▉     | 388/782 [00:07<00:07, 53.39it/s, loss=0.119, val/accuracy=0.955, val/loss=0.117, train/accuracy=0.951, train/loss=0.130]
Epoch 3:  50%|████▉     | 388/782 [00:07<00:07, 53.39it/s, loss=0.121, val/accuracy=0.955, val/loss=0.117, train/accuracy=0.951, train/loss=0.130]
Epoch 3:  50%|████▉     | 389/782 [00:07<00:07, 53.39it/s, loss=0.121, val/accuracy=0.955, val/loss=0.117, train/accuracy=0.951, train/loss=0.130]
Epoch 3:  50%|████▉     | 389/782 [00:07<00:07, 53.39it/s, loss=0.125, val/accuracy=0.955, val/loss=0.117, train/accuracy=0.951, train/loss=0.130]
Epoch 3:  50%|████▉     | 390/782 [00:07<00:07, 53.40it/s, loss=0.125, val/accuracy=0.955, val/loss=0.117, train/accuracy=0.951, train/loss=0.130]
Epoch 3:  50%|████▉     | 390/782 [00:07<00:07, 53.39it/s, loss=0.118, val/accuracy=0.955, val/loss=0.117, train/accuracy=0.951, train/loss=0.130]
Epoch 3:  50%|█████     | 391/782 [00:07<00:07, 53.40it/s, loss=0.118, val/accuracy=0.955, val/loss=0.117, train/accuracy=0.951, train/loss=0.130]
Epoch 3:  50%|█████     | 391/782 [00:07<00:07, 53.40it/s, loss=0.122, val/accuracy=0.955, val/loss=0.117, train/accuracy=0.951, train/loss=0.130]
Epoch 3:  50%|█████     | 392/782 [00:07<00:07, 53.40it/s, loss=0.122, val/accuracy=0.955, val/loss=0.117, train/accuracy=0.951, train/loss=0.130]
Epoch 3:  50%|█████     | 392/782 [00:07<00:07, 53.40it/s, loss=0.121, val/accuracy=0.955, val/loss=0.117, train/accuracy=0.951, train/loss=0.130]
Epoch 3:  50%|█████     | 393/782 [00:07<00:07, 53.41it/s, loss=0.121, val/accuracy=0.955, val/loss=0.117, train/accuracy=0.951, train/loss=0.130]
Epoch 3:  50%|█████     | 393/782 [00:07<00:07, 53.40it/s, loss=0.12, val/accuracy=0.955, val/loss=0.117, train/accuracy=0.951, train/loss=0.130] 
Epoch 3:  50%|█████     | 394/782 [00:07<00:07, 53.41it/s, loss=0.12, val/accuracy=0.955, val/loss=0.117, train/accuracy=0.951, train/loss=0.130]
Epoch 3:  50%|█████     | 394/782 [00:07<00:07, 53.41it/s, loss=0.115, val/accuracy=0.955, val/loss=0.117, train/accuracy=0.951, train/loss=0.130]
Epoch 3:  51%|█████     | 395/782 [00:07<00:07, 53.41it/s, loss=0.115, val/accuracy=0.955, val/loss=0.117, train/accuracy=0.951, train/loss=0.130]
Epoch 3:  51%|█████     | 395/782 [00:07<00:07, 53.41it/s, loss=0.116, val/accuracy=0.955, val/loss=0.117, train/accuracy=0.951, train/loss=0.130]
Epoch 3:  51%|█████     | 396/782 [00:07<00:07, 53.42it/s, loss=0.116, val/accuracy=0.955, val/loss=0.117, train/accuracy=0.951, train/loss=0.130]
Epoch 3:  51%|█████     | 396/782 [00:07<00:07, 53.42it/s, loss=0.113, val/accuracy=0.955, val/loss=0.117, train/accuracy=0.951, train/loss=0.130]
Epoch 3:  51%|█████     | 397/782 [00:07<00:07, 53.42it/s, loss=0.113, val/accuracy=0.955, val/loss=0.117, train/accuracy=0.951, train/loss=0.130]
Epoch 3:  51%|█████     | 397/782 [00:07<00:07, 53.42it/s, loss=0.112, val/accuracy=0.955, val/loss=0.117, train/accuracy=0.951, train/loss=0.130]
Epoch 3:  51%|█████     | 398/782 [00:07<00:07, 53.42it/s, loss=0.112, val/accuracy=0.955, val/loss=0.117, train/accuracy=0.951, train/loss=0.130]
Epoch 3:  51%|█████     | 398/782 [00:07<00:07, 53.42it/s, loss=0.108, val/accuracy=0.955, val/loss=0.117, train/accuracy=0.951, train/loss=0.130]
Epoch 3:  51%|█████     | 399/782 [00:07<00:07, 53.42it/s, loss=0.108, val/accuracy=0.955, val/loss=0.117, train/accuracy=0.951, train/loss=0.130]
Epoch 3:  51%|█████     | 399/782 [00:07<00:07, 53.42it/s, loss=0.107, val/accuracy=0.955, val/loss=0.117, train/accuracy=0.951, train/loss=0.130]
Epoch 3:  51%|█████     | 400/782 [00:07<00:07, 53.43it/s, loss=0.107, val/accuracy=0.955, val/loss=0.117, train/accuracy=0.951, train/loss=0.130]
Epoch 3:  51%|█████     | 400/782 [00:07<00:07, 53.42it/s, loss=0.109, val/accuracy=0.955, val/loss=0.117, train/accuracy=0.951, train/loss=0.130]
Epoch 3:  51%|█████▏    | 401/782 [00:07<00:07, 53.43it/s, loss=0.109, val/accuracy=0.955, val/loss=0.117, train/accuracy=0.951, train/loss=0.130]
Epoch 3:  51%|█████▏    | 401/782 [00:07<00:07, 53.43it/s, loss=0.109, val/accuracy=0.955, val/loss=0.117, train/accuracy=0.951, train/loss=0.130]
Epoch 3:  51%|█████▏    | 402/782 [00:07<00:07, 53.43it/s, loss=0.109, val/accuracy=0.955, val/loss=0.117, train/accuracy=0.951, train/loss=0.130]
Epoch 3:  51%|█████▏    | 402/782 [00:07<00:07, 53.43it/s, loss=0.107, val/accuracy=0.955, val/loss=0.117, train/accuracy=0.951, train/loss=0.130]
Epoch 3:  52%|█████▏    | 403/782 [00:07<00:07, 53.44it/s, loss=0.107, val/accuracy=0.955, val/loss=0.117, train/accuracy=0.951, train/loss=0.130]
Epoch 3:  52%|█████▏    | 403/782 [00:07<00:07, 53.44it/s, loss=0.108, val/accuracy=0.955, val/loss=0.117, train/accuracy=0.951, train/loss=0.130]
Epoch 3:  52%|█████▏    | 404/782 [00:07<00:07, 53.44it/s, loss=0.108, val/accuracy=0.955, val/loss=0.117, train/accuracy=0.951, train/loss=0.130]
Epoch 3:  52%|█████▏    | 404/782 [00:07<00:07, 53.44it/s, loss=0.106, val/accuracy=0.955, val/loss=0.117, train/accuracy=0.951, train/loss=0.130]
Epoch 3:  52%|█████▏    | 405/782 [00:07<00:07, 53.44it/s, loss=0.106, val/accuracy=0.955, val/loss=0.117, train/accuracy=0.951, train/loss=0.130]
Epoch 3:  52%|█████▏    | 405/782 [00:07<00:07, 53.44it/s, loss=0.104, val/accuracy=0.955, val/loss=0.117, train/accuracy=0.951, train/loss=0.130]
Epoch 3:  52%|█████▏    | 406/782 [00:07<00:07, 53.45it/s, loss=0.104, val/accuracy=0.955, val/loss=0.117, train/accuracy=0.951, train/loss=0.130]
Epoch 3:  52%|█████▏    | 406/782 [00:07<00:07, 53.44it/s, loss=0.103, val/accuracy=0.955, val/loss=0.117, train/accuracy=0.951, train/loss=0.130]
Epoch 3:  52%|█████▏    | 407/782 [00:07<00:07, 53.45it/s, loss=0.103, val/accuracy=0.955, val/loss=0.117, train/accuracy=0.951, train/loss=0.130]
Epoch 3:  52%|█████▏    | 407/782 [00:07<00:07, 53.45it/s, loss=0.1, val/accuracy=0.955, val/loss=0.117, train/accuracy=0.951, train/loss=0.130]  
Epoch 3:  52%|█████▏    | 408/782 [00:07<00:06, 53.45it/s, loss=0.1, val/accuracy=0.955, val/loss=0.117, train/accuracy=0.951, train/loss=0.130]
Epoch 3:  52%|█████▏    | 408/782 [00:07<00:06, 53.45it/s, loss=0.0987, val/accuracy=0.955, val/loss=0.117, train/accuracy=0.951, train/loss=0.130]
Epoch 3:  52%|█████▏    | 409/782 [00:07<00:06, 53.46it/s, loss=0.0987, val/accuracy=0.955, val/loss=0.117, train/accuracy=0.951, train/loss=0.130]
Epoch 3:  52%|█████▏    | 409/782 [00:07<00:06, 53.45it/s, loss=0.0968, val/accuracy=0.955, val/loss=0.117, train/accuracy=0.951, train/loss=0.130]
Epoch 3:  52%|█████▏    | 410/782 [00:07<00:06, 53.46it/s, loss=0.0968, val/accuracy=0.955, val/loss=0.117, train/accuracy=0.951, train/loss=0.130]
Epoch 3:  52%|█████▏    | 410/782 [00:07<00:06, 53.46it/s, loss=0.0978, val/accuracy=0.955, val/loss=0.117, train/accuracy=0.951, train/loss=0.130]
Epoch 3:  53%|█████▎    | 411/782 [00:07<00:06, 53.46it/s, loss=0.0978, val/accuracy=0.955, val/loss=0.117, train/accuracy=0.951, train/loss=0.130]
Epoch 3:  53%|█████▎    | 411/782 [00:07<00:06, 53.46it/s, loss=0.0946, val/accuracy=0.955, val/loss=0.117, train/accuracy=0.951, train/loss=0.130]
Epoch 3:  53%|█████▎    | 412/782 [00:07<00:06, 53.47it/s, loss=0.0946, val/accuracy=0.955, val/loss=0.117, train/accuracy=0.951, train/loss=0.130]
Epoch 3:  53%|█████▎    | 412/782 [00:07<00:06, 53.47it/s, loss=0.0913, val/accuracy=0.955, val/loss=0.117, train/accuracy=0.951, train/loss=0.130]
Epoch 3:  53%|█████▎    | 413/782 [00:07<00:06, 53.46it/s, loss=0.0913, val/accuracy=0.955, val/loss=0.117, train/accuracy=0.951, train/loss=0.130]
Epoch 3:  53%|█████▎    | 413/782 [00:07<00:06, 53.46it/s, loss=0.0888, val/accuracy=0.955, val/loss=0.117, train/accuracy=0.951, train/loss=0.130]
Epoch 3:  53%|█████▎    | 414/782 [00:07<00:06, 53.47it/s, loss=0.0888, val/accuracy=0.955, val/loss=0.117, train/accuracy=0.951, train/loss=0.130]
Epoch 3:  53%|█████▎    | 414/782 [00:07<00:06, 53.46it/s, loss=0.0929, val/accuracy=0.955, val/loss=0.117, train/accuracy=0.951, train/loss=0.130]
Epoch 3:  53%|█████▎    | 415/782 [00:07<00:06, 53.47it/s, loss=0.0929, val/accuracy=0.955, val/loss=0.117, train/accuracy=0.951, train/loss=0.130]
Epoch 3:  53%|█████▎    | 415/782 [00:07<00:06, 53.47it/s, loss=0.0911, val/accuracy=0.955, val/loss=0.117, train/accuracy=0.951, train/loss=0.130]
Epoch 3:  53%|█████▎    | 416/782 [00:07<00:06, 53.47it/s, loss=0.0911, val/accuracy=0.955, val/loss=0.117, train/accuracy=0.951, train/loss=0.130]
Epoch 3:  53%|█████▎    | 416/782 [00:07<00:06, 53.47it/s, loss=0.0933, val/accuracy=0.955, val/loss=0.117, train/accuracy=0.951, train/loss=0.130]
Epoch 3:  53%|█████▎    | 417/782 [00:07<00:06, 53.48it/s, loss=0.0933, val/accuracy=0.955, val/loss=0.117, train/accuracy=0.951, train/loss=0.130]
Epoch 3:  53%|█████▎    | 417/782 [00:07<00:06, 53.48it/s, loss=0.0931, val/accuracy=0.955, val/loss=0.117, train/accuracy=0.951, train/loss=0.130]
Epoch 3:  53%|█████▎    | 418/782 [00:07<00:06, 53.48it/s, loss=0.0931, val/accuracy=0.955, val/loss=0.117, train/accuracy=0.951, train/loss=0.130]
Epoch 3:  53%|█████▎    | 418/782 [00:07<00:06, 53.48it/s, loss=0.0931, val/accuracy=0.955, val/loss=0.117, train/accuracy=0.951, train/loss=0.130]
Epoch 3:  54%|█████▎    | 419/782 [00:07<00:06, 53.48it/s, loss=0.0931, val/accuracy=0.955, val/loss=0.117, train/accuracy=0.951, train/loss=0.130]
Epoch 3:  54%|█████▎    | 419/782 [00:07<00:06, 53.48it/s, loss=0.0925, val/accuracy=0.955, val/loss=0.117, train/accuracy=0.951, train/loss=0.130]
Epoch 3:  54%|█████▎    | 420/782 [00:07<00:06, 53.49it/s, loss=0.0925, val/accuracy=0.955, val/loss=0.117, train/accuracy=0.951, train/loss=0.130]
Epoch 3:  54%|█████▎    | 420/782 [00:07<00:06, 53.49it/s, loss=0.0981, val/accuracy=0.955, val/loss=0.117, train/accuracy=0.951, train/loss=0.130]
Epoch 3:  54%|█████▍    | 421/782 [00:07<00:06, 53.49it/s, loss=0.0981, val/accuracy=0.955, val/loss=0.117, train/accuracy=0.951, train/loss=0.130]
Epoch 3:  54%|█████▍    | 421/782 [00:07<00:06, 53.49it/s, loss=0.102, val/accuracy=0.955, val/loss=0.117, train/accuracy=0.951, train/loss=0.130] 
Epoch 3:  54%|█████▍    | 422/782 [00:07<00:06, 53.49it/s, loss=0.102, val/accuracy=0.955, val/loss=0.117, train/accuracy=0.951, train/loss=0.130]
Epoch 3:  54%|█████▍    | 422/782 [00:07<00:06, 53.49it/s, loss=0.101, val/accuracy=0.955, val/loss=0.117, train/accuracy=0.951, train/loss=0.130]
Epoch 3:  54%|█████▍    | 423/782 [00:07<00:06, 53.50it/s, loss=0.101, val/accuracy=0.955, val/loss=0.117, train/accuracy=0.951, train/loss=0.130]
Epoch 3:  54%|█████▍    | 423/782 [00:07<00:06, 53.50it/s, loss=0.1, val/accuracy=0.955, val/loss=0.117, train/accuracy=0.951, train/loss=0.130]  
Epoch 3:  54%|█████▍    | 424/782 [00:07<00:06, 53.50it/s, loss=0.1, val/accuracy=0.955, val/loss=0.117, train/accuracy=0.951, train/loss=0.130]
Epoch 3:  54%|█████▍    | 424/782 [00:07<00:06, 53.50it/s, loss=0.0988, val/accuracy=0.955, val/loss=0.117, train/accuracy=0.951, train/loss=0.130]
Epoch 3:  54%|█████▍    | 425/782 [00:07<00:06, 53.50it/s, loss=0.0988, val/accuracy=0.955, val/loss=0.117, train/accuracy=0.951, train/loss=0.130]
Epoch 3:  54%|█████▍    | 425/782 [00:07<00:06, 53.50it/s, loss=0.101, val/accuracy=0.955, val/loss=0.117, train/accuracy=0.951, train/loss=0.130] 
Epoch 3:  54%|█████▍    | 426/782 [00:07<00:06, 53.51it/s, loss=0.101, val/accuracy=0.955, val/loss=0.117, train/accuracy=0.951, train/loss=0.130]
Epoch 3:  54%|█████▍    | 426/782 [00:07<00:06, 53.51it/s, loss=0.103, val/accuracy=0.955, val/loss=0.117, train/accuracy=0.951, train/loss=0.130]
Epoch 3:  55%|█████▍    | 427/782 [00:07<00:06, 53.51it/s, loss=0.103, val/accuracy=0.955, val/loss=0.117, train/accuracy=0.951, train/loss=0.130]
Epoch 3:  55%|█████▍    | 427/782 [00:07<00:06, 53.51it/s, loss=0.106, val/accuracy=0.955, val/loss=0.117, train/accuracy=0.951, train/loss=0.130]
Epoch 3:  55%|█████▍    | 428/782 [00:07<00:06, 53.52it/s, loss=0.106, val/accuracy=0.955, val/loss=0.117, train/accuracy=0.951, train/loss=0.130]
Epoch 3:  55%|█████▍    | 428/782 [00:07<00:06, 53.51it/s, loss=0.106, val/accuracy=0.955, val/loss=0.117, train/accuracy=0.951, train/loss=0.130]
Epoch 3:  55%|█████▍    | 429/782 [00:08<00:06, 53.52it/s, loss=0.106, val/accuracy=0.955, val/loss=0.117, train/accuracy=0.951, train/loss=0.130]
Epoch 3:  55%|█████▍    | 429/782 [00:08<00:06, 53.52it/s, loss=0.107, val/accuracy=0.955, val/loss=0.117, train/accuracy=0.951, train/loss=0.130]
Epoch 3:  55%|█████▍    | 430/782 [00:08<00:06, 53.52it/s, loss=0.107, val/accuracy=0.955, val/loss=0.117, train/accuracy=0.951, train/loss=0.130]
Epoch 3:  55%|█████▍    | 430/782 [00:08<00:06, 53.52it/s, loss=0.112, val/accuracy=0.955, val/loss=0.117, train/accuracy=0.951, train/loss=0.130]
Epoch 3:  55%|█████▌    | 431/782 [00:08<00:06, 53.53it/s, loss=0.112, val/accuracy=0.955, val/loss=0.117, train/accuracy=0.951, train/loss=0.130]
Epoch 3:  55%|█████▌    | 431/782 [00:08<00:06, 53.53it/s, loss=0.114, val/accuracy=0.955, val/loss=0.117, train/accuracy=0.951, train/loss=0.130]
Epoch 3:  55%|█████▌    | 432/782 [00:08<00:06, 53.53it/s, loss=0.114, val/accuracy=0.955, val/loss=0.117, train/accuracy=0.951, train/loss=0.130]
Epoch 3:  55%|█████▌    | 432/782 [00:08<00:06, 53.53it/s, loss=0.121, val/accuracy=0.955, val/loss=0.117, train/accuracy=0.951, train/loss=0.130]
Epoch 3:  55%|█████▌    | 433/782 [00:08<00:06, 53.53it/s, loss=0.121, val/accuracy=0.955, val/loss=0.117, train/accuracy=0.951, train/loss=0.130]
Epoch 3:  55%|█████▌    | 433/782 [00:08<00:06, 53.53it/s, loss=0.123, val/accuracy=0.955, val/loss=0.117, train/accuracy=0.951, train/loss=0.130]
Epoch 3:  55%|█████▌    | 434/782 [00:08<00:06, 53.54it/s, loss=0.123, val/accuracy=0.955, val/loss=0.117, train/accuracy=0.951, train/loss=0.130]
Epoch 3:  55%|█████▌    | 434/782 [00:08<00:06, 53.54it/s, loss=0.123, val/accuracy=0.955, val/loss=0.117, train/accuracy=0.951, train/loss=0.130]
Epoch 3:  56%|█████▌    | 435/782 [00:08<00:06, 53.54it/s, loss=0.123, val/accuracy=0.955, val/loss=0.117, train/accuracy=0.951, train/loss=0.130]
Epoch 3:  56%|█████▌    | 435/782 [00:08<00:06, 53.54it/s, loss=0.126, val/accuracy=0.955, val/loss=0.117, train/accuracy=0.951, train/loss=0.130]
Epoch 3:  56%|█████▌    | 436/782 [00:08<00:06, 53.55it/s, loss=0.126, val/accuracy=0.955, val/loss=0.117, train/accuracy=0.951, train/loss=0.130]
Epoch 3:  56%|█████▌    | 436/782 [00:08<00:06, 53.55it/s, loss=0.124, val/accuracy=0.955, val/loss=0.117, train/accuracy=0.951, train/loss=0.130]
Epoch 3:  56%|█████▌    | 437/782 [00:08<00:06, 53.55it/s, loss=0.124, val/accuracy=0.955, val/loss=0.117, train/accuracy=0.951, train/loss=0.130]
Epoch 3:  56%|█████▌    | 437/782 [00:08<00:06, 53.55it/s, loss=0.125, val/accuracy=0.955, val/loss=0.117, train/accuracy=0.951, train/loss=0.130]
Epoch 3:  56%|█████▌    | 438/782 [00:08<00:06, 53.55it/s, loss=0.125, val/accuracy=0.955, val/loss=0.117, train/accuracy=0.951, train/loss=0.130]
Epoch 3:  56%|█████▌    | 438/782 [00:08<00:06, 53.55it/s, loss=0.125, val/accuracy=0.955, val/loss=0.117, train/accuracy=0.951, train/loss=0.130]
Epoch 3:  56%|█████▌    | 439/782 [00:08<00:06, 53.56it/s, loss=0.125, val/accuracy=0.955, val/loss=0.117, train/accuracy=0.951, train/loss=0.130]
Epoch 3:  56%|█████▌    | 439/782 [00:08<00:06, 53.55it/s, loss=0.122, val/accuracy=0.955, val/loss=0.117, train/accuracy=0.951, train/loss=0.130]
Epoch 3:  56%|█████▋    | 440/782 [00:08<00:06, 53.56it/s, loss=0.122, val/accuracy=0.955, val/loss=0.117, train/accuracy=0.951, train/loss=0.130]
Epoch 3:  56%|█████▋    | 440/782 [00:08<00:06, 53.56it/s, loss=0.115, val/accuracy=0.955, val/loss=0.117, train/accuracy=0.951, train/loss=0.130]
Epoch 3:  56%|█████▋    | 441/782 [00:08<00:06, 53.56it/s, loss=0.115, val/accuracy=0.955, val/loss=0.117, train/accuracy=0.951, train/loss=0.130]
Epoch 3:  56%|█████▋    | 441/782 [00:08<00:06, 53.56it/s, loss=0.111, val/accuracy=0.955, val/loss=0.117, train/accuracy=0.951, train/loss=0.130]
Epoch 3:  57%|█████▋    | 442/782 [00:08<00:06, 53.56it/s, loss=0.111, val/accuracy=0.955, val/loss=0.117, train/accuracy=0.951, train/loss=0.130]
Epoch 3:  57%|█████▋    | 442/782 [00:08<00:06, 53.56it/s, loss=0.118, val/accuracy=0.955, val/loss=0.117, train/accuracy=0.951, train/loss=0.130]
Epoch 3:  57%|█████▋    | 443/782 [00:08<00:06, 53.57it/s, loss=0.118, val/accuracy=0.955, val/loss=0.117, train/accuracy=0.951, train/loss=0.130]
Epoch 3:  57%|█████▋    | 443/782 [00:08<00:06, 53.57it/s, loss=0.124, val/accuracy=0.955, val/loss=0.117, train/accuracy=0.951, train/loss=0.130]
Epoch 3:  57%|█████▋    | 444/782 [00:08<00:06, 53.57it/s, loss=0.124, val/accuracy=0.955, val/loss=0.117, train/accuracy=0.951, train/loss=0.130]
Epoch 3:  57%|█████▋    | 444/782 [00:08<00:06, 53.57it/s, loss=0.126, val/accuracy=0.955, val/loss=0.117, train/accuracy=0.951, train/loss=0.130]
Epoch 3:  57%|█████▋    | 445/782 [00:08<00:06, 53.57it/s, loss=0.126, val/accuracy=0.955, val/loss=0.117, train/accuracy=0.951, train/loss=0.130]
Epoch 3:  57%|█████▋    | 445/782 [00:08<00:06, 53.57it/s, loss=0.126, val/accuracy=0.955, val/loss=0.117, train/accuracy=0.951, train/loss=0.130]
Epoch 3:  57%|█████▋    | 446/782 [00:08<00:06, 53.58it/s, loss=0.126, val/accuracy=0.955, val/loss=0.117, train/accuracy=0.951, train/loss=0.130]
Epoch 3:  57%|█████▋    | 446/782 [00:08<00:06, 53.58it/s, loss=0.131, val/accuracy=0.955, val/loss=0.117, train/accuracy=0.951, train/loss=0.130]
Epoch 3:  57%|█████▋    | 447/782 [00:08<00:06, 53.58it/s, loss=0.131, val/accuracy=0.955, val/loss=0.117, train/accuracy=0.951, train/loss=0.130]
Epoch 3:  57%|█████▋    | 447/782 [00:08<00:06, 53.58it/s, loss=0.129, val/accuracy=0.955, val/loss=0.117, train/accuracy=0.951, train/loss=0.130]
Epoch 3:  57%|█████▋    | 448/782 [00:08<00:06, 53.58it/s, loss=0.129, val/accuracy=0.955, val/loss=0.117, train/accuracy=0.951, train/loss=0.130]
Epoch 3:  57%|█████▋    | 448/782 [00:08<00:06, 53.58it/s, loss=0.127, val/accuracy=0.955, val/loss=0.117, train/accuracy=0.951, train/loss=0.130]
Epoch 3:  57%|█████▋    | 449/782 [00:08<00:06, 53.59it/s, loss=0.127, val/accuracy=0.955, val/loss=0.117, train/accuracy=0.951, train/loss=0.130]
Epoch 3:  57%|█████▋    | 449/782 [00:08<00:06, 53.59it/s, loss=0.125, val/accuracy=0.955, val/loss=0.117, train/accuracy=0.951, train/loss=0.130]
Epoch 3:  58%|█████▊    | 450/782 [00:08<00:06, 53.59it/s, loss=0.125, val/accuracy=0.955, val/loss=0.117, train/accuracy=0.951, train/loss=0.130]
Epoch 3:  58%|█████▊    | 450/782 [00:08<00:06, 53.59it/s, loss=0.121, val/accuracy=0.955, val/loss=0.117, train/accuracy=0.951, train/loss=0.130]
Epoch 3:  58%|█████▊    | 451/782 [00:08<00:06, 53.59it/s, loss=0.121, val/accuracy=0.955, val/loss=0.117, train/accuracy=0.951, train/loss=0.130]
Epoch 3:  58%|█████▊    | 451/782 [00:08<00:06, 53.59it/s, loss=0.116, val/accuracy=0.955, val/loss=0.117, train/accuracy=0.951, train/loss=0.130]
Epoch 3:  58%|█████▊    | 452/782 [00:08<00:06, 53.60it/s, loss=0.116, val/accuracy=0.955, val/loss=0.117, train/accuracy=0.951, train/loss=0.130]
Epoch 3:  58%|█████▊    | 452/782 [00:08<00:06, 53.60it/s, loss=0.115, val/accuracy=0.955, val/loss=0.117, train/accuracy=0.951, train/loss=0.130]
Epoch 3:  58%|█████▊    | 453/782 [00:08<00:06, 53.60it/s, loss=0.115, val/accuracy=0.955, val/loss=0.117, train/accuracy=0.951, train/loss=0.130]
Epoch 3:  58%|█████▊    | 453/782 [00:08<00:06, 53.60it/s, loss=0.114, val/accuracy=0.955, val/loss=0.117, train/accuracy=0.951, train/loss=0.130]
Epoch 3:  58%|█████▊    | 454/782 [00:08<00:06, 53.60it/s, loss=0.114, val/accuracy=0.955, val/loss=0.117, train/accuracy=0.951, train/loss=0.130]
Epoch 3:  58%|█████▊    | 454/782 [00:08<00:06, 53.60it/s, loss=0.112, val/accuracy=0.955, val/loss=0.117, train/accuracy=0.951, train/loss=0.130]
Epoch 3:  58%|█████▊    | 455/782 [00:08<00:06, 53.61it/s, loss=0.112, val/accuracy=0.955, val/loss=0.117, train/accuracy=0.951, train/loss=0.130]
Epoch 3:  58%|█████▊    | 455/782 [00:08<00:06, 53.60it/s, loss=0.114, val/accuracy=0.955, val/loss=0.117, train/accuracy=0.951, train/loss=0.130]
Epoch 3:  58%|█████▊    | 456/782 [00:08<00:06, 53.61it/s, loss=0.114, val/accuracy=0.955, val/loss=0.117, train/accuracy=0.951, train/loss=0.130]
Epoch 3:  58%|█████▊    | 456/782 [00:08<00:06, 53.61it/s, loss=0.118, val/accuracy=0.955, val/loss=0.117, train/accuracy=0.951, train/loss=0.130]
Epoch 3:  58%|█████▊    | 457/782 [00:08<00:06, 53.61it/s, loss=0.118, val/accuracy=0.955, val/loss=0.117, train/accuracy=0.951, train/loss=0.130]
Epoch 3:  58%|█████▊    | 457/782 [00:08<00:06, 53.61it/s, loss=0.121, val/accuracy=0.955, val/loss=0.117, train/accuracy=0.951, train/loss=0.130]
Epoch 3:  59%|█████▊    | 458/782 [00:08<00:06, 53.61it/s, loss=0.121, val/accuracy=0.955, val/loss=0.117, train/accuracy=0.951, train/loss=0.130]
Epoch 3:  59%|█████▊    | 458/782 [00:08<00:06, 53.61it/s, loss=0.121, val/accuracy=0.955, val/loss=0.117, train/accuracy=0.951, train/loss=0.130]
Epoch 3:  59%|█████▊    | 459/782 [00:08<00:06, 53.62it/s, loss=0.121, val/accuracy=0.955, val/loss=0.117, train/accuracy=0.951, train/loss=0.130]
Epoch 3:  59%|█████▊    | 459/782 [00:08<00:06, 53.62it/s, loss=0.121, val/accuracy=0.955, val/loss=0.117, train/accuracy=0.951, train/loss=0.130]
Epoch 3:  59%|█████▉    | 460/782 [00:08<00:06, 53.62it/s, loss=0.121, val/accuracy=0.955, val/loss=0.117, train/accuracy=0.951, train/loss=0.130]
Epoch 3:  59%|█████▉    | 460/782 [00:08<00:06, 53.62it/s, loss=0.121, val/accuracy=0.955, val/loss=0.117, train/accuracy=0.951, train/loss=0.130]
Epoch 3:  59%|█████▉    | 461/782 [00:08<00:05, 53.62it/s, loss=0.121, val/accuracy=0.955, val/loss=0.117, train/accuracy=0.951, train/loss=0.130]
Epoch 3:  59%|█████▉    | 461/782 [00:08<00:05, 53.62it/s, loss=0.121, val/accuracy=0.955, val/loss=0.117, train/accuracy=0.951, train/loss=0.130]
Epoch 3:  59%|█████▉    | 462/782 [00:08<00:05, 53.63it/s, loss=0.121, val/accuracy=0.955, val/loss=0.117, train/accuracy=0.951, train/loss=0.130]
Epoch 3:  59%|█████▉    | 462/782 [00:08<00:05, 53.62it/s, loss=0.116, val/accuracy=0.955, val/loss=0.117, train/accuracy=0.951, train/loss=0.130]
Epoch 3:  59%|█████▉    | 463/782 [00:08<00:05, 53.63it/s, loss=0.116, val/accuracy=0.955, val/loss=0.117, train/accuracy=0.951, train/loss=0.130]
Epoch 3:  59%|█████▉    | 463/782 [00:08<00:05, 53.63it/s, loss=0.109, val/accuracy=0.955, val/loss=0.117, train/accuracy=0.951, train/loss=0.130]
Epoch 3:  59%|█████▉    | 464/782 [00:08<00:05, 53.63it/s, loss=0.109, val/accuracy=0.955, val/loss=0.117, train/accuracy=0.951, train/loss=0.130]
Epoch 3:  59%|█████▉    | 464/782 [00:08<00:05, 53.62it/s, loss=0.111, val/accuracy=0.955, val/loss=0.117, train/accuracy=0.951, train/loss=0.130]
Epoch 3:  59%|█████▉    | 465/782 [00:08<00:05, 53.63it/s, loss=0.111, val/accuracy=0.955, val/loss=0.117, train/accuracy=0.951, train/loss=0.130]
Epoch 3:  59%|█████▉    | 465/782 [00:08<00:05, 53.63it/s, loss=0.113, val/accuracy=0.955, val/loss=0.117, train/accuracy=0.951, train/loss=0.130]
Epoch 3:  60%|█████▉    | 466/782 [00:08<00:05, 53.63it/s, loss=0.113, val/accuracy=0.955, val/loss=0.117, train/accuracy=0.951, train/loss=0.130]
Epoch 3:  60%|█████▉    | 466/782 [00:08<00:05, 53.63it/s, loss=0.11, val/accuracy=0.955, val/loss=0.117, train/accuracy=0.951, train/loss=0.130] 
Epoch 3:  60%|█████▉    | 467/782 [00:08<00:05, 53.63it/s, loss=0.11, val/accuracy=0.955, val/loss=0.117, train/accuracy=0.951, train/loss=0.130]
Epoch 3:  60%|█████▉    | 467/782 [00:08<00:05, 53.63it/s, loss=0.11, val/accuracy=0.955, val/loss=0.117, train/accuracy=0.951, train/loss=0.130]
Epoch 3:  60%|█████▉    | 468/782 [00:08<00:05, 53.64it/s, loss=0.11, val/accuracy=0.955, val/loss=0.117, train/accuracy=0.951, train/loss=0.130]
Epoch 3:  60%|█████▉    | 468/782 [00:08<00:05, 53.63it/s, loss=0.111, val/accuracy=0.955, val/loss=0.117, train/accuracy=0.951, train/loss=0.130]
Epoch 3:  60%|█████▉    | 469/782 [00:08<00:05, 53.64it/s, loss=0.111, val/accuracy=0.955, val/loss=0.117, train/accuracy=0.951, train/loss=0.130]
Epoch 3:  60%|█████▉    | 469/782 [00:08<00:05, 53.64it/s, loss=0.116, val/accuracy=0.955, val/loss=0.117, train/accuracy=0.951, train/loss=0.130]
Epoch 3:  60%|██████    | 470/782 [00:08<00:05, 53.64it/s, loss=0.116, val/accuracy=0.955, val/loss=0.117, train/accuracy=0.951, train/loss=0.130]
Epoch 3:  60%|██████    | 470/782 [00:08<00:05, 53.64it/s, loss=0.118, val/accuracy=0.955, val/loss=0.117, train/accuracy=0.951, train/loss=0.130]
Epoch 3:  60%|██████    | 471/782 [00:08<00:05, 53.64it/s, loss=0.118, val/accuracy=0.955, val/loss=0.117, train/accuracy=0.951, train/loss=0.130]
Epoch 3:  60%|██████    | 471/782 [00:08<00:05, 53.64it/s, loss=0.125, val/accuracy=0.955, val/loss=0.117, train/accuracy=0.951, train/loss=0.130]
Epoch 3:  60%|██████    | 472/782 [00:08<00:05, 53.65it/s, loss=0.125, val/accuracy=0.955, val/loss=0.117, train/accuracy=0.951, train/loss=0.130]
Epoch 3:  60%|██████    | 472/782 [00:08<00:05, 53.64it/s, loss=0.124, val/accuracy=0.955, val/loss=0.117, train/accuracy=0.951, train/loss=0.130]
Epoch 3:  60%|██████    | 473/782 [00:08<00:05, 53.65it/s, loss=0.124, val/accuracy=0.955, val/loss=0.117, train/accuracy=0.951, train/loss=0.130]
Epoch 3:  60%|██████    | 473/782 [00:08<00:05, 53.65it/s, loss=0.123, val/accuracy=0.955, val/loss=0.117, train/accuracy=0.951, train/loss=0.130]
Epoch 3:  61%|██████    | 474/782 [00:08<00:05, 53.65it/s, loss=0.123, val/accuracy=0.955, val/loss=0.117, train/accuracy=0.951, train/loss=0.130]
Epoch 3:  61%|██████    | 474/782 [00:08<00:05, 53.65it/s, loss=0.122, val/accuracy=0.955, val/loss=0.117, train/accuracy=0.951, train/loss=0.130]
Epoch 3:  61%|██████    | 475/782 [00:08<00:05, 53.65it/s, loss=0.122, val/accuracy=0.955, val/loss=0.117, train/accuracy=0.951, train/loss=0.130]
Epoch 3:  61%|██████    | 475/782 [00:08<00:05, 53.65it/s, loss=0.116, val/accuracy=0.955, val/loss=0.117, train/accuracy=0.951, train/loss=0.130]
Epoch 3:  61%|██████    | 476/782 [00:08<00:05, 53.66it/s, loss=0.116, val/accuracy=0.955, val/loss=0.117, train/accuracy=0.951, train/loss=0.130]
Epoch 3:  61%|██████    | 476/782 [00:08<00:05, 53.65it/s, loss=0.116, val/accuracy=0.955, val/loss=0.117, train/accuracy=0.951, train/loss=0.130]
Epoch 3:  61%|██████    | 477/782 [00:08<00:05, 53.66it/s, loss=0.116, val/accuracy=0.955, val/loss=0.117, train/accuracy=0.951, train/loss=0.130]
Epoch 3:  61%|██████    | 477/782 [00:08<00:05, 53.66it/s, loss=0.117, val/accuracy=0.955, val/loss=0.117, train/accuracy=0.951, train/loss=0.130]
Epoch 3:  61%|██████    | 478/782 [00:08<00:05, 53.66it/s, loss=0.117, val/accuracy=0.955, val/loss=0.117, train/accuracy=0.951, train/loss=0.130]
Epoch 3:  61%|██████    | 478/782 [00:08<00:05, 53.66it/s, loss=0.118, val/accuracy=0.955, val/loss=0.117, train/accuracy=0.951, train/loss=0.130]
Epoch 3:  61%|██████▏   | 479/782 [00:08<00:05, 53.66it/s, loss=0.118, val/accuracy=0.955, val/loss=0.117, train/accuracy=0.951, train/loss=0.130]
Epoch 3:  61%|██████▏   | 479/782 [00:08<00:05, 53.66it/s, loss=0.121, val/accuracy=0.955, val/loss=0.117, train/accuracy=0.951, train/loss=0.130]
Epoch 3:  61%|██████▏   | 480/782 [00:08<00:05, 53.67it/s, loss=0.121, val/accuracy=0.955, val/loss=0.117, train/accuracy=0.951, train/loss=0.130]
Epoch 3:  61%|██████▏   | 480/782 [00:08<00:05, 53.66it/s, loss=0.124, val/accuracy=0.955, val/loss=0.117, train/accuracy=0.951, train/loss=0.130]
Epoch 3:  62%|██████▏   | 481/782 [00:08<00:05, 53.67it/s, loss=0.124, val/accuracy=0.955, val/loss=0.117, train/accuracy=0.951, train/loss=0.130]
Epoch 3:  62%|██████▏   | 481/782 [00:08<00:05, 53.67it/s, loss=0.128, val/accuracy=0.955, val/loss=0.117, train/accuracy=0.951, train/loss=0.130]
Epoch 3:  62%|██████▏   | 482/782 [00:08<00:05, 53.67it/s, loss=0.128, val/accuracy=0.955, val/loss=0.117, train/accuracy=0.951, train/loss=0.130]
Epoch 3:  62%|██████▏   | 482/782 [00:08<00:05, 53.67it/s, loss=0.129, val/accuracy=0.955, val/loss=0.117, train/accuracy=0.951, train/loss=0.130]
Epoch 3:  62%|██████▏   | 483/782 [00:08<00:05, 53.67it/s, loss=0.129, val/accuracy=0.955, val/loss=0.117, train/accuracy=0.951, train/loss=0.130]
Epoch 3:  62%|██████▏   | 483/782 [00:08<00:05, 53.67it/s, loss=0.134, val/accuracy=0.955, val/loss=0.117, train/accuracy=0.951, train/loss=0.130]
Epoch 3:  62%|██████▏   | 484/782 [00:09<00:05, 53.68it/s, loss=0.134, val/accuracy=0.955, val/loss=0.117, train/accuracy=0.951, train/loss=0.130]
Epoch 3:  62%|██████▏   | 484/782 [00:09<00:05, 53.67it/s, loss=0.132, val/accuracy=0.955, val/loss=0.117, train/accuracy=0.951, train/loss=0.130]
Epoch 3:  62%|██████▏   | 485/782 [00:09<00:05, 53.68it/s, loss=0.132, val/accuracy=0.955, val/loss=0.117, train/accuracy=0.951, train/loss=0.130]
Epoch 3:  62%|██████▏   | 485/782 [00:09<00:05, 53.68it/s, loss=0.135, val/accuracy=0.955, val/loss=0.117, train/accuracy=0.951, train/loss=0.130]
Epoch 3:  62%|██████▏   | 486/782 [00:09<00:05, 53.68it/s, loss=0.135, val/accuracy=0.955, val/loss=0.117, train/accuracy=0.951, train/loss=0.130]
Epoch 3:  62%|██████▏   | 486/782 [00:09<00:05, 53.68it/s, loss=0.13, val/accuracy=0.955, val/loss=0.117, train/accuracy=0.951, train/loss=0.130] 
Epoch 3:  62%|██████▏   | 487/782 [00:09<00:05, 53.68it/s, loss=0.13, val/accuracy=0.955, val/loss=0.117, train/accuracy=0.951, train/loss=0.130]
Epoch 3:  62%|██████▏   | 487/782 [00:09<00:05, 53.68it/s, loss=0.127, val/accuracy=0.955, val/loss=0.117, train/accuracy=0.951, train/loss=0.130]
Epoch 3:  62%|██████▏   | 488/782 [00:09<00:05, 53.69it/s, loss=0.127, val/accuracy=0.955, val/loss=0.117, train/accuracy=0.951, train/loss=0.130]
Epoch 3:  62%|██████▏   | 488/782 [00:09<00:05, 53.68it/s, loss=0.129, val/accuracy=0.955, val/loss=0.117, train/accuracy=0.951, train/loss=0.130]
Epoch 3:  63%|██████▎   | 489/782 [00:09<00:05, 53.69it/s, loss=0.129, val/accuracy=0.955, val/loss=0.117, train/accuracy=0.951, train/loss=0.130]
Epoch 3:  63%|██████▎   | 489/782 [00:09<00:05, 53.69it/s, loss=0.125, val/accuracy=0.955, val/loss=0.117, train/accuracy=0.951, train/loss=0.130]
Epoch 3:  63%|██████▎   | 490/782 [00:09<00:05, 53.69it/s, loss=0.125, val/accuracy=0.955, val/loss=0.117, train/accuracy=0.951, train/loss=0.130]
Epoch 3:  63%|██████▎   | 490/782 [00:09<00:05, 53.69it/s, loss=0.129, val/accuracy=0.955, val/loss=0.117, train/accuracy=0.951, train/loss=0.130]
Epoch 3:  63%|██████▎   | 491/782 [00:09<00:05, 53.69it/s, loss=0.129, val/accuracy=0.955, val/loss=0.117, train/accuracy=0.951, train/loss=0.130]
Epoch 3:  63%|██████▎   | 491/782 [00:09<00:05, 53.69it/s, loss=0.13, val/accuracy=0.955, val/loss=0.117, train/accuracy=0.951, train/loss=0.130] 
Epoch 3:  63%|██████▎   | 492/782 [00:09<00:05, 53.70it/s, loss=0.13, val/accuracy=0.955, val/loss=0.117, train/accuracy=0.951, train/loss=0.130]
Epoch 3:  63%|██████▎   | 492/782 [00:09<00:05, 53.69it/s, loss=0.129, val/accuracy=0.955, val/loss=0.117, train/accuracy=0.951, train/loss=0.130]
Epoch 3:  63%|██████▎   | 493/782 [00:09<00:05, 53.70it/s, loss=0.129, val/accuracy=0.955, val/loss=0.117, train/accuracy=0.951, train/loss=0.130]
Epoch 3:  63%|██████▎   | 493/782 [00:09<00:05, 53.70it/s, loss=0.132, val/accuracy=0.955, val/loss=0.117, train/accuracy=0.951, train/loss=0.130]
Epoch 3:  63%|██████▎   | 494/782 [00:09<00:05, 53.70it/s, loss=0.132, val/accuracy=0.955, val/loss=0.117, train/accuracy=0.951, train/loss=0.130]
Epoch 3:  63%|██████▎   | 494/782 [00:09<00:05, 53.70it/s, loss=0.132, val/accuracy=0.955, val/loss=0.117, train/accuracy=0.951, train/loss=0.130]
Epoch 3:  63%|██████▎   | 495/782 [00:09<00:05, 53.70it/s, loss=0.132, val/accuracy=0.955, val/loss=0.117, train/accuracy=0.951, train/loss=0.130]
Epoch 3:  63%|██████▎   | 495/782 [00:09<00:05, 53.70it/s, loss=0.136, val/accuracy=0.955, val/loss=0.117, train/accuracy=0.951, train/loss=0.130]
Epoch 3:  63%|██████▎   | 496/782 [00:09<00:05, 53.70it/s, loss=0.136, val/accuracy=0.955, val/loss=0.117, train/accuracy=0.951, train/loss=0.130]
Epoch 3:  63%|██████▎   | 496/782 [00:09<00:05, 53.70it/s, loss=0.134, val/accuracy=0.955, val/loss=0.117, train/accuracy=0.951, train/loss=0.130]
Epoch 3:  64%|██████▎   | 497/782 [00:09<00:05, 53.71it/s, loss=0.134, val/accuracy=0.955, val/loss=0.117, train/accuracy=0.951, train/loss=0.130]
Epoch 3:  64%|██████▎   | 497/782 [00:09<00:05, 53.71it/s, loss=0.135, val/accuracy=0.955, val/loss=0.117, train/accuracy=0.951, train/loss=0.130]
Epoch 3:  64%|██████▎   | 498/782 [00:09<00:05, 53.71it/s, loss=0.135, val/accuracy=0.955, val/loss=0.117, train/accuracy=0.951, train/loss=0.130]
Epoch 3:  64%|██████▎   | 498/782 [00:09<00:05, 53.71it/s, loss=0.133, val/accuracy=0.955, val/loss=0.117, train/accuracy=0.951, train/loss=0.130]
Epoch 3:  64%|██████▍   | 499/782 [00:09<00:05, 53.71it/s, loss=0.133, val/accuracy=0.955, val/loss=0.117, train/accuracy=0.951, train/loss=0.130]
Epoch 3:  64%|██████▍   | 499/782 [00:09<00:05, 53.71it/s, loss=0.131, val/accuracy=0.955, val/loss=0.117, train/accuracy=0.951, train/loss=0.130]
Epoch 3:  64%|██████▍   | 500/782 [00:09<00:05, 53.71it/s, loss=0.131, val/accuracy=0.955, val/loss=0.117, train/accuracy=0.951, train/loss=0.130]
Epoch 3:  64%|██████▍   | 500/782 [00:09<00:05, 53.71it/s, loss=0.129, val/accuracy=0.955, val/loss=0.117, train/accuracy=0.951, train/loss=0.130]
Epoch 3:  64%|██████▍   | 501/782 [00:09<00:05, 53.72it/s, loss=0.129, val/accuracy=0.955, val/loss=0.117, train/accuracy=0.951, train/loss=0.130]
Epoch 3:  64%|██████▍   | 501/782 [00:09<00:05, 53.72it/s, loss=0.125, val/accuracy=0.955, val/loss=0.117, train/accuracy=0.951, train/loss=0.130]
Epoch 3:  64%|██████▍   | 502/782 [00:09<00:05, 53.72it/s, loss=0.125, val/accuracy=0.955, val/loss=0.117, train/accuracy=0.951, train/loss=0.130]
Epoch 3:  64%|██████▍   | 502/782 [00:09<00:05, 53.72it/s, loss=0.129, val/accuracy=0.955, val/loss=0.117, train/accuracy=0.951, train/loss=0.130]
Epoch 3:  64%|██████▍   | 503/782 [00:09<00:05, 53.72it/s, loss=0.129, val/accuracy=0.955, val/loss=0.117, train/accuracy=0.951, train/loss=0.130]
Epoch 3:  64%|██████▍   | 503/782 [00:09<00:05, 53.72it/s, loss=0.128, val/accuracy=0.955, val/loss=0.117, train/accuracy=0.951, train/loss=0.130]
Epoch 3:  64%|██████▍   | 504/782 [00:09<00:05, 53.72it/s, loss=0.128, val/accuracy=0.955, val/loss=0.117, train/accuracy=0.951, train/loss=0.130]
Epoch 3:  64%|██████▍   | 504/782 [00:09<00:05, 53.72it/s, loss=0.127, val/accuracy=0.955, val/loss=0.117, train/accuracy=0.951, train/loss=0.130]
Epoch 3:  65%|██████▍   | 505/782 [00:09<00:05, 53.72it/s, loss=0.127, val/accuracy=0.955, val/loss=0.117, train/accuracy=0.951, train/loss=0.130]
Epoch 3:  65%|██████▍   | 505/782 [00:09<00:05, 53.72it/s, loss=0.125, val/accuracy=0.955, val/loss=0.117, train/accuracy=0.951, train/loss=0.130]
Epoch 3:  65%|██████▍   | 506/782 [00:09<00:05, 53.73it/s, loss=0.125, val/accuracy=0.955, val/loss=0.117, train/accuracy=0.951, train/loss=0.130]
Epoch 3:  65%|██████▍   | 506/782 [00:09<00:05, 53.73it/s, loss=0.128, val/accuracy=0.955, val/loss=0.117, train/accuracy=0.951, train/loss=0.130]
Epoch 3:  65%|██████▍   | 507/782 [00:09<00:05, 53.73it/s, loss=0.128, val/accuracy=0.955, val/loss=0.117, train/accuracy=0.951, train/loss=0.130]
Epoch 3:  65%|██████▍   | 507/782 [00:09<00:05, 53.73it/s, loss=0.133, val/accuracy=0.955, val/loss=0.117, train/accuracy=0.951, train/loss=0.130]
Epoch 3:  65%|██████▍   | 508/782 [00:09<00:05, 53.73it/s, loss=0.133, val/accuracy=0.955, val/loss=0.117, train/accuracy=0.951, train/loss=0.130]
Epoch 3:  65%|██████▍   | 508/782 [00:09<00:05, 53.73it/s, loss=0.131, val/accuracy=0.955, val/loss=0.117, train/accuracy=0.951, train/loss=0.130]
Epoch 3:  65%|██████▌   | 509/782 [00:09<00:05, 53.73it/s, loss=0.131, val/accuracy=0.955, val/loss=0.117, train/accuracy=0.951, train/loss=0.130]
Epoch 3:  65%|██████▌   | 509/782 [00:09<00:05, 53.73it/s, loss=0.131, val/accuracy=0.955, val/loss=0.117, train/accuracy=0.951, train/loss=0.130]
Epoch 3:  65%|██████▌   | 510/782 [00:09<00:05, 53.73it/s, loss=0.131, val/accuracy=0.955, val/loss=0.117, train/accuracy=0.951, train/loss=0.130]
Epoch 3:  65%|██████▌   | 510/782 [00:09<00:05, 53.73it/s, loss=0.127, val/accuracy=0.955, val/loss=0.117, train/accuracy=0.951, train/loss=0.130]
Epoch 3:  65%|██████▌   | 511/782 [00:09<00:05, 53.74it/s, loss=0.127, val/accuracy=0.955, val/loss=0.117, train/accuracy=0.951, train/loss=0.130]
Epoch 3:  65%|██████▌   | 511/782 [00:09<00:05, 53.74it/s, loss=0.121, val/accuracy=0.955, val/loss=0.117, train/accuracy=0.951, train/loss=0.130]
Epoch 3:  65%|██████▌   | 512/782 [00:09<00:05, 53.74it/s, loss=0.121, val/accuracy=0.955, val/loss=0.117, train/accuracy=0.951, train/loss=0.130]
Epoch 3:  65%|██████▌   | 512/782 [00:09<00:05, 53.74it/s, loss=0.122, val/accuracy=0.955, val/loss=0.117, train/accuracy=0.951, train/loss=0.130]
Epoch 3:  66%|██████▌   | 513/782 [00:09<00:05, 53.74it/s, loss=0.122, val/accuracy=0.955, val/loss=0.117, train/accuracy=0.951, train/loss=0.130]
Epoch 3:  66%|██████▌   | 513/782 [00:09<00:05, 53.74it/s, loss=0.12, val/accuracy=0.955, val/loss=0.117, train/accuracy=0.951, train/loss=0.130] 
Epoch 3:  66%|██████▌   | 514/782 [00:09<00:04, 53.74it/s, loss=0.12, val/accuracy=0.955, val/loss=0.117, train/accuracy=0.951, train/loss=0.130]
Epoch 3:  66%|██████▌   | 514/782 [00:09<00:04, 53.74it/s, loss=0.122, val/accuracy=0.955, val/loss=0.117, train/accuracy=0.951, train/loss=0.130]
Epoch 3:  66%|██████▌   | 515/782 [00:09<00:04, 53.75it/s, loss=0.122, val/accuracy=0.955, val/loss=0.117, train/accuracy=0.951, train/loss=0.130]
Epoch 3:  66%|██████▌   | 515/782 [00:09<00:04, 53.74it/s, loss=0.12, val/accuracy=0.955, val/loss=0.117, train/accuracy=0.951, train/loss=0.130] 
Epoch 3:  66%|██████▌   | 516/782 [00:09<00:04, 53.75it/s, loss=0.12, val/accuracy=0.955, val/loss=0.117, train/accuracy=0.951, train/loss=0.130]
Epoch 3:  66%|██████▌   | 516/782 [00:09<00:04, 53.75it/s, loss=0.122, val/accuracy=0.955, val/loss=0.117, train/accuracy=0.951, train/loss=0.130]
Epoch 3:  66%|██████▌   | 517/782 [00:09<00:04, 53.75it/s, loss=0.122, val/accuracy=0.955, val/loss=0.117, train/accuracy=0.951, train/loss=0.130]
Epoch 3:  66%|██████▌   | 517/782 [00:09<00:04, 53.75it/s, loss=0.119, val/accuracy=0.955, val/loss=0.117, train/accuracy=0.951, train/loss=0.130]
Epoch 3:  66%|██████▌   | 518/782 [00:09<00:04, 53.75it/s, loss=0.119, val/accuracy=0.955, val/loss=0.117, train/accuracy=0.951, train/loss=0.130]
Epoch 3:  66%|██████▌   | 518/782 [00:09<00:04, 53.75it/s, loss=0.118, val/accuracy=0.955, val/loss=0.117, train/accuracy=0.951, train/loss=0.130]
Epoch 3:  66%|██████▋   | 519/782 [00:09<00:04, 53.76it/s, loss=0.118, val/accuracy=0.955, val/loss=0.117, train/accuracy=0.951, train/loss=0.130]
Epoch 3:  66%|██████▋   | 519/782 [00:09<00:04, 53.75it/s, loss=0.116, val/accuracy=0.955, val/loss=0.117, train/accuracy=0.951, train/loss=0.130]
Epoch 3:  66%|██████▋   | 520/782 [00:09<00:04, 53.76it/s, loss=0.116, val/accuracy=0.955, val/loss=0.117, train/accuracy=0.951, train/loss=0.130]
Epoch 3:  66%|██████▋   | 520/782 [00:09<00:04, 53.76it/s, loss=0.115, val/accuracy=0.955, val/loss=0.117, train/accuracy=0.951, train/loss=0.130]
Epoch 3:  67%|██████▋   | 521/782 [00:09<00:04, 53.76it/s, loss=0.115, val/accuracy=0.955, val/loss=0.117, train/accuracy=0.951, train/loss=0.130]
Epoch 3:  67%|██████▋   | 521/782 [00:09<00:04, 53.76it/s, loss=0.118, val/accuracy=0.955, val/loss=0.117, train/accuracy=0.951, train/loss=0.130]
Epoch 3:  67%|██████▋   | 522/782 [00:09<00:04, 53.76it/s, loss=0.118, val/accuracy=0.955, val/loss=0.117, train/accuracy=0.951, train/loss=0.130]
Epoch 3:  67%|██████▋   | 522/782 [00:09<00:04, 53.76it/s, loss=0.114, val/accuracy=0.955, val/loss=0.117, train/accuracy=0.951, train/loss=0.130]
Epoch 3:  67%|██████▋   | 523/782 [00:09<00:04, 53.76it/s, loss=0.114, val/accuracy=0.955, val/loss=0.117, train/accuracy=0.951, train/loss=0.130]
Epoch 3:  67%|██████▋   | 523/782 [00:09<00:04, 53.76it/s, loss=0.113, val/accuracy=0.955, val/loss=0.117, train/accuracy=0.951, train/loss=0.130]
Epoch 3:  67%|██████▋   | 524/782 [00:09<00:04, 53.77it/s, loss=0.113, val/accuracy=0.955, val/loss=0.117, train/accuracy=0.951, train/loss=0.130]
Epoch 3:  67%|██████▋   | 524/782 [00:09<00:04, 53.77it/s, loss=0.11, val/accuracy=0.955, val/loss=0.117, train/accuracy=0.951, train/loss=0.130] 
Epoch 3:  67%|██████▋   | 525/782 [00:09<00:04, 53.77it/s, loss=0.11, val/accuracy=0.955, val/loss=0.117, train/accuracy=0.951, train/loss=0.130]
Epoch 3:  67%|██████▋   | 525/782 [00:09<00:04, 53.77it/s, loss=0.106, val/accuracy=0.955, val/loss=0.117, train/accuracy=0.951, train/loss=0.130]
Epoch 3:  67%|██████▋   | 526/782 [00:09<00:04, 53.77it/s, loss=0.106, val/accuracy=0.955, val/loss=0.117, train/accuracy=0.951, train/loss=0.130]
Epoch 3:  67%|██████▋   | 526/782 [00:09<00:04, 53.77it/s, loss=0.104, val/accuracy=0.955, val/loss=0.117, train/accuracy=0.951, train/loss=0.130]
Epoch 3:  67%|██████▋   | 527/782 [00:09<00:04, 53.77it/s, loss=0.104, val/accuracy=0.955, val/loss=0.117, train/accuracy=0.951, train/loss=0.130]
Epoch 3:  67%|██████▋   | 527/782 [00:09<00:04, 53.77it/s, loss=0.105, val/accuracy=0.955, val/loss=0.117, train/accuracy=0.951, train/loss=0.130]
Epoch 3:  68%|██████▊   | 528/782 [00:09<00:04, 53.78it/s, loss=0.105, val/accuracy=0.955, val/loss=0.117, train/accuracy=0.951, train/loss=0.130]
Epoch 3:  68%|██████▊   | 528/782 [00:09<00:04, 53.78it/s, loss=0.117, val/accuracy=0.955, val/loss=0.117, train/accuracy=0.951, train/loss=0.130]
Epoch 3:  68%|██████▊   | 529/782 [00:09<00:04, 53.78it/s, loss=0.117, val/accuracy=0.955, val/loss=0.117, train/accuracy=0.951, train/loss=0.130]
Epoch 3:  68%|██████▊   | 529/782 [00:09<00:04, 53.78it/s, loss=0.12, val/accuracy=0.955, val/loss=0.117, train/accuracy=0.951, train/loss=0.130] 
Epoch 3:  68%|██████▊   | 530/782 [00:09<00:04, 53.78it/s, loss=0.12, val/accuracy=0.955, val/loss=0.117, train/accuracy=0.951, train/loss=0.130]
Epoch 3:  68%|██████▊   | 530/782 [00:09<00:04, 53.78it/s, loss=0.127, val/accuracy=0.955, val/loss=0.117, train/accuracy=0.951, train/loss=0.130]
Epoch 3:  68%|██████▊   | 531/782 [00:09<00:04, 53.78it/s, loss=0.127, val/accuracy=0.955, val/loss=0.117, train/accuracy=0.951, train/loss=0.130]
Epoch 3:  68%|██████▊   | 531/782 [00:09<00:04, 53.78it/s, loss=0.126, val/accuracy=0.955, val/loss=0.117, train/accuracy=0.951, train/loss=0.130]
Epoch 3:  68%|██████▊   | 532/782 [00:09<00:04, 53.79it/s, loss=0.126, val/accuracy=0.955, val/loss=0.117, train/accuracy=0.951, train/loss=0.130]
Epoch 3:  68%|██████▊   | 532/782 [00:09<00:04, 53.79it/s, loss=0.125, val/accuracy=0.955, val/loss=0.117, train/accuracy=0.951, train/loss=0.130]
Epoch 3:  68%|██████▊   | 533/782 [00:09<00:04, 53.79it/s, loss=0.125, val/accuracy=0.955, val/loss=0.117, train/accuracy=0.951, train/loss=0.130]
Epoch 3:  68%|██████▊   | 533/782 [00:09<00:04, 53.79it/s, loss=0.127, val/accuracy=0.955, val/loss=0.117, train/accuracy=0.951, train/loss=0.130]
Epoch 3:  68%|██████▊   | 534/782 [00:09<00:04, 53.79it/s, loss=0.127, val/accuracy=0.955, val/loss=0.117, train/accuracy=0.951, train/loss=0.130]
Epoch 3:  68%|██████▊   | 534/782 [00:09<00:04, 53.79it/s, loss=0.128, val/accuracy=0.955, val/loss=0.117, train/accuracy=0.951, train/loss=0.130]
Epoch 3:  68%|██████▊   | 535/782 [00:09<00:04, 53.79it/s, loss=0.128, val/accuracy=0.955, val/loss=0.117, train/accuracy=0.951, train/loss=0.130]
Epoch 3:  68%|██████▊   | 535/782 [00:09<00:04, 53.79it/s, loss=0.13, val/accuracy=0.955, val/loss=0.117, train/accuracy=0.951, train/loss=0.130] 
Epoch 3:  69%|██████▊   | 536/782 [00:09<00:04, 53.79it/s, loss=0.13, val/accuracy=0.955, val/loss=0.117, train/accuracy=0.951, train/loss=0.130]
Epoch 3:  69%|██████▊   | 536/782 [00:09<00:04, 53.79it/s, loss=0.126, val/accuracy=0.955, val/loss=0.117, train/accuracy=0.951, train/loss=0.130]
Epoch 3:  69%|██████▊   | 537/782 [00:09<00:04, 53.80it/s, loss=0.126, val/accuracy=0.955, val/loss=0.117, train/accuracy=0.951, train/loss=0.130]
Epoch 3:  69%|██████▊   | 537/782 [00:09<00:04, 53.79it/s, loss=0.125, val/accuracy=0.955, val/loss=0.117, train/accuracy=0.951, train/loss=0.130]
Epoch 3:  69%|██████▉   | 538/782 [00:10<00:04, 53.80it/s, loss=0.125, val/accuracy=0.955, val/loss=0.117, train/accuracy=0.951, train/loss=0.130]
Epoch 3:  69%|██████▉   | 538/782 [00:10<00:04, 53.80it/s, loss=0.13, val/accuracy=0.955, val/loss=0.117, train/accuracy=0.951, train/loss=0.130] 
Epoch 3:  69%|██████▉   | 539/782 [00:10<00:04, 53.80it/s, loss=0.13, val/accuracy=0.955, val/loss=0.117, train/accuracy=0.951, train/loss=0.130]
Epoch 3:  69%|██████▉   | 539/782 [00:10<00:04, 53.80it/s, loss=0.133, val/accuracy=0.955, val/loss=0.117, train/accuracy=0.951, train/loss=0.130]
Epoch 3:  69%|██████▉   | 540/782 [00:10<00:04, 53.80it/s, loss=0.133, val/accuracy=0.955, val/loss=0.117, train/accuracy=0.951, train/loss=0.130]
Epoch 3:  69%|██████▉   | 540/782 [00:10<00:04, 53.80it/s, loss=0.134, val/accuracy=0.955, val/loss=0.117, train/accuracy=0.951, train/loss=0.130]
Epoch 3:  69%|██████▉   | 541/782 [00:10<00:04, 53.80it/s, loss=0.134, val/accuracy=0.955, val/loss=0.117, train/accuracy=0.951, train/loss=0.130]
Epoch 3:  69%|██████▉   | 541/782 [00:10<00:04, 53.80it/s, loss=0.129, val/accuracy=0.955, val/loss=0.117, train/accuracy=0.951, train/loss=0.130]
Epoch 3:  69%|██████▉   | 542/782 [00:10<00:04, 53.81it/s, loss=0.129, val/accuracy=0.955, val/loss=0.117, train/accuracy=0.951, train/loss=0.130]
Epoch 3:  69%|██████▉   | 542/782 [00:10<00:04, 53.81it/s, loss=0.129, val/accuracy=0.955, val/loss=0.117, train/accuracy=0.951, train/loss=0.130]
Epoch 3:  69%|██████▉   | 543/782 [00:10<00:04, 53.81it/s, loss=0.129, val/accuracy=0.955, val/loss=0.117, train/accuracy=0.951, train/loss=0.130]
Epoch 3:  69%|██████▉   | 543/782 [00:10<00:04, 53.81it/s, loss=0.129, val/accuracy=0.955, val/loss=0.117, train/accuracy=0.951, train/loss=0.130]
Epoch 3:  70%|██████▉   | 544/782 [00:10<00:04, 53.81it/s, loss=0.129, val/accuracy=0.955, val/loss=0.117, train/accuracy=0.951, train/loss=0.130]
Epoch 3:  70%|██████▉   | 544/782 [00:10<00:04, 53.81it/s, loss=0.13, val/accuracy=0.955, val/loss=0.117, train/accuracy=0.951, train/loss=0.130] 
Epoch 3:  70%|██████▉   | 545/782 [00:10<00:04, 53.81it/s, loss=0.13, val/accuracy=0.955, val/loss=0.117, train/accuracy=0.951, train/loss=0.130]
Epoch 3:  70%|██████▉   | 545/782 [00:10<00:04, 53.81it/s, loss=0.133, val/accuracy=0.955, val/loss=0.117, train/accuracy=0.951, train/loss=0.130]
Epoch 3:  70%|██████▉   | 546/782 [00:10<00:04, 53.82it/s, loss=0.133, val/accuracy=0.955, val/loss=0.117, train/accuracy=0.951, train/loss=0.130]
Epoch 3:  70%|██████▉   | 546/782 [00:10<00:04, 53.81it/s, loss=0.136, val/accuracy=0.955, val/loss=0.117, train/accuracy=0.951, train/loss=0.130]
Epoch 3:  70%|██████▉   | 547/782 [00:10<00:04, 53.82it/s, loss=0.136, val/accuracy=0.955, val/loss=0.117, train/accuracy=0.951, train/loss=0.130]
Epoch 3:  70%|██████▉   | 547/782 [00:10<00:04, 53.82it/s, loss=0.14, val/accuracy=0.955, val/loss=0.117, train/accuracy=0.951, train/loss=0.130] 
Epoch 3:  70%|███████   | 548/782 [00:10<00:04, 53.82it/s, loss=0.14, val/accuracy=0.955, val/loss=0.117, train/accuracy=0.951, train/loss=0.130]
Epoch 3:  70%|███████   | 548/782 [00:10<00:04, 53.82it/s, loss=0.132, val/accuracy=0.955, val/loss=0.117, train/accuracy=0.951, train/loss=0.130]
Epoch 3:  70%|███████   | 549/782 [00:10<00:04, 53.82it/s, loss=0.132, val/accuracy=0.955, val/loss=0.117, train/accuracy=0.951, train/loss=0.130]
Epoch 3:  70%|███████   | 549/782 [00:10<00:04, 53.82it/s, loss=0.13, val/accuracy=0.955, val/loss=0.117, train/accuracy=0.951, train/loss=0.130] 
Epoch 3:  70%|███████   | 550/782 [00:10<00:04, 53.82it/s, loss=0.13, val/accuracy=0.955, val/loss=0.117, train/accuracy=0.951, train/loss=0.130]
Epoch 3:  70%|███████   | 550/782 [00:10<00:04, 53.82it/s, loss=0.125, val/accuracy=0.955, val/loss=0.117, train/accuracy=0.951, train/loss=0.130]
Epoch 3:  70%|███████   | 551/782 [00:10<00:04, 53.83it/s, loss=0.125, val/accuracy=0.955, val/loss=0.117, train/accuracy=0.951, train/loss=0.130]
Epoch 3:  70%|███████   | 551/782 [00:10<00:04, 53.83it/s, loss=0.124, val/accuracy=0.955, val/loss=0.117, train/accuracy=0.951, train/loss=0.130]
Epoch 3:  71%|███████   | 552/782 [00:10<00:04, 53.83it/s, loss=0.124, val/accuracy=0.955, val/loss=0.117, train/accuracy=0.951, train/loss=0.130]
Epoch 3:  71%|███████   | 552/782 [00:10<00:04, 53.83it/s, loss=0.127, val/accuracy=0.955, val/loss=0.117, train/accuracy=0.951, train/loss=0.130]
Epoch 3:  71%|███████   | 553/782 [00:10<00:04, 53.83it/s, loss=0.127, val/accuracy=0.955, val/loss=0.117, train/accuracy=0.951, train/loss=0.130]
Epoch 3:  71%|███████   | 553/782 [00:10<00:04, 53.83it/s, loss=0.126, val/accuracy=0.955, val/loss=0.117, train/accuracy=0.951, train/loss=0.130]
Epoch 3:  71%|███████   | 554/782 [00:10<00:04, 53.83it/s, loss=0.126, val/accuracy=0.955, val/loss=0.117, train/accuracy=0.951, train/loss=0.130]
Epoch 3:  71%|███████   | 554/782 [00:10<00:04, 53.83it/s, loss=0.124, val/accuracy=0.955, val/loss=0.117, train/accuracy=0.951, train/loss=0.130]
Epoch 3:  71%|███████   | 555/782 [00:10<00:04, 53.84it/s, loss=0.124, val/accuracy=0.955, val/loss=0.117, train/accuracy=0.951, train/loss=0.130]
Epoch 3:  71%|███████   | 555/782 [00:10<00:04, 53.83it/s, loss=0.127, val/accuracy=0.955, val/loss=0.117, train/accuracy=0.951, train/loss=0.130]
Epoch 3:  71%|███████   | 556/782 [00:10<00:04, 53.84it/s, loss=0.127, val/accuracy=0.955, val/loss=0.117, train/accuracy=0.951, train/loss=0.130]
Epoch 3:  71%|███████   | 556/782 [00:10<00:04, 53.84it/s, loss=0.128, val/accuracy=0.955, val/loss=0.117, train/accuracy=0.951, train/loss=0.130]
Epoch 3:  71%|███████   | 557/782 [00:10<00:04, 53.84it/s, loss=0.128, val/accuracy=0.955, val/loss=0.117, train/accuracy=0.951, train/loss=0.130]
Epoch 3:  71%|███████   | 557/782 [00:10<00:04, 53.84it/s, loss=0.128, val/accuracy=0.955, val/loss=0.117, train/accuracy=0.951, train/loss=0.130]
Epoch 3:  71%|███████▏  | 558/782 [00:10<00:04, 53.84it/s, loss=0.128, val/accuracy=0.955, val/loss=0.117, train/accuracy=0.951, train/loss=0.130]
Epoch 3:  71%|███████▏  | 558/782 [00:10<00:04, 53.84it/s, loss=0.127, val/accuracy=0.955, val/loss=0.117, train/accuracy=0.951, train/loss=0.130]
Epoch 3:  71%|███████▏  | 559/782 [00:10<00:04, 53.84it/s, loss=0.127, val/accuracy=0.955, val/loss=0.117, train/accuracy=0.951, train/loss=0.130]
Epoch 3:  71%|███████▏  | 559/782 [00:10<00:04, 53.84it/s, loss=0.128, val/accuracy=0.955, val/loss=0.117, train/accuracy=0.951, train/loss=0.130]
Epoch 3:  72%|███████▏  | 560/782 [00:10<00:04, 53.84it/s, loss=0.128, val/accuracy=0.955, val/loss=0.117, train/accuracy=0.951, train/loss=0.130]
Epoch 3:  72%|███████▏  | 560/782 [00:10<00:04, 53.84it/s, loss=0.125, val/accuracy=0.955, val/loss=0.117, train/accuracy=0.951, train/loss=0.130]
Epoch 3:  72%|███████▏  | 561/782 [00:10<00:04, 53.85it/s, loss=0.125, val/accuracy=0.955, val/loss=0.117, train/accuracy=0.951, train/loss=0.130]
Epoch 3:  72%|███████▏  | 561/782 [00:10<00:04, 53.85it/s, loss=0.128, val/accuracy=0.955, val/loss=0.117, train/accuracy=0.951, train/loss=0.130]
Epoch 3:  72%|███████▏  | 562/782 [00:10<00:04, 53.85it/s, loss=0.128, val/accuracy=0.955, val/loss=0.117, train/accuracy=0.951, train/loss=0.130]
Epoch 3:  72%|███████▏  | 562/782 [00:10<00:04, 53.85it/s, loss=0.128, val/accuracy=0.955, val/loss=0.117, train/accuracy=0.951, train/loss=0.130]
Epoch 3:  72%|███████▏  | 563/782 [00:10<00:04, 53.85it/s, loss=0.128, val/accuracy=0.955, val/loss=0.117, train/accuracy=0.951, train/loss=0.130]
Epoch 3:  72%|███████▏  | 563/782 [00:10<00:04, 53.85it/s, loss=0.129, val/accuracy=0.955, val/loss=0.117, train/accuracy=0.951, train/loss=0.130]
Epoch 3:  72%|███████▏  | 564/782 [00:10<00:04, 53.85it/s, loss=0.129, val/accuracy=0.955, val/loss=0.117, train/accuracy=0.951, train/loss=0.130]
Epoch 3:  72%|███████▏  | 564/782 [00:10<00:04, 53.85it/s, loss=0.13, val/accuracy=0.955, val/loss=0.117, train/accuracy=0.951, train/loss=0.130] 
Epoch 3:  72%|███████▏  | 565/782 [00:10<00:04, 53.85it/s, loss=0.13, val/accuracy=0.955, val/loss=0.117, train/accuracy=0.951, train/loss=0.130]
Epoch 3:  72%|███████▏  | 565/782 [00:10<00:04, 53.85it/s, loss=0.129, val/accuracy=0.955, val/loss=0.117, train/accuracy=0.951, train/loss=0.130]
Epoch 3:  72%|███████▏  | 566/782 [00:10<00:04, 53.86it/s, loss=0.129, val/accuracy=0.955, val/loss=0.117, train/accuracy=0.951, train/loss=0.130]
Epoch 3:  72%|███████▏  | 566/782 [00:10<00:04, 53.85it/s, loss=0.126, val/accuracy=0.955, val/loss=0.117, train/accuracy=0.951, train/loss=0.130]
Epoch 3:  73%|███████▎  | 567/782 [00:10<00:03, 53.86it/s, loss=0.126, val/accuracy=0.955, val/loss=0.117, train/accuracy=0.951, train/loss=0.130]
Epoch 3:  73%|███████▎  | 567/782 [00:10<00:03, 53.86it/s, loss=0.117, val/accuracy=0.955, val/loss=0.117, train/accuracy=0.951, train/loss=0.130]
Epoch 3:  73%|███████▎  | 568/782 [00:10<00:03, 53.86it/s, loss=0.117, val/accuracy=0.955, val/loss=0.117, train/accuracy=0.951, train/loss=0.130]
Epoch 3:  73%|███████▎  | 568/782 [00:10<00:03, 53.86it/s, loss=0.114, val/accuracy=0.955, val/loss=0.117, train/accuracy=0.951, train/loss=0.130]
Epoch 3:  73%|███████▎  | 569/782 [00:10<00:03, 53.86it/s, loss=0.114, val/accuracy=0.955, val/loss=0.117, train/accuracy=0.951, train/loss=0.130]
Epoch 3:  73%|███████▎  | 569/782 [00:10<00:03, 53.86it/s, loss=0.111, val/accuracy=0.955, val/loss=0.117, train/accuracy=0.951, train/loss=0.130]
Epoch 3:  73%|███████▎  | 570/782 [00:10<00:03, 53.86it/s, loss=0.111, val/accuracy=0.955, val/loss=0.117, train/accuracy=0.951, train/loss=0.130]
Epoch 3:  73%|███████▎  | 570/782 [00:10<00:03, 53.86it/s, loss=0.107, val/accuracy=0.955, val/loss=0.117, train/accuracy=0.951, train/loss=0.130]
Epoch 3:  73%|███████▎  | 571/782 [00:10<00:03, 53.86it/s, loss=0.107, val/accuracy=0.955, val/loss=0.117, train/accuracy=0.951, train/loss=0.130]
Epoch 3:  73%|███████▎  | 571/782 [00:10<00:03, 53.86it/s, loss=0.108, val/accuracy=0.955, val/loss=0.117, train/accuracy=0.951, train/loss=0.130]
Epoch 3:  73%|███████▎  | 572/782 [00:10<00:03, 53.86it/s, loss=0.108, val/accuracy=0.955, val/loss=0.117, train/accuracy=0.951, train/loss=0.130]
Epoch 3:  73%|███████▎  | 572/782 [00:10<00:03, 53.86it/s, loss=0.104, val/accuracy=0.955, val/loss=0.117, train/accuracy=0.951, train/loss=0.130]
Epoch 3:  73%|███████▎  | 573/782 [00:10<00:03, 53.86it/s, loss=0.104, val/accuracy=0.955, val/loss=0.117, train/accuracy=0.951, train/loss=0.130]
Epoch 3:  73%|███████▎  | 573/782 [00:10<00:03, 53.86it/s, loss=0.107, val/accuracy=0.955, val/loss=0.117, train/accuracy=0.951, train/loss=0.130]
Epoch 3:  73%|███████▎  | 574/782 [00:10<00:03, 53.87it/s, loss=0.107, val/accuracy=0.955, val/loss=0.117, train/accuracy=0.951, train/loss=0.130]
Epoch 3:  73%|███████▎  | 574/782 [00:10<00:03, 53.86it/s, loss=0.11, val/accuracy=0.955, val/loss=0.117, train/accuracy=0.951, train/loss=0.130] 
Epoch 3:  74%|███████▎  | 575/782 [00:10<00:03, 53.87it/s, loss=0.11, val/accuracy=0.955, val/loss=0.117, train/accuracy=0.951, train/loss=0.130]
Epoch 3:  74%|███████▎  | 575/782 [00:10<00:03, 53.87it/s, loss=0.106, val/accuracy=0.955, val/loss=0.117, train/accuracy=0.951, train/loss=0.130]
Epoch 3:  74%|███████▎  | 576/782 [00:10<00:03, 53.87it/s, loss=0.106, val/accuracy=0.955, val/loss=0.117, train/accuracy=0.951, train/loss=0.130]
Epoch 3:  74%|███████▎  | 576/782 [00:10<00:03, 53.87it/s, loss=0.108, val/accuracy=0.955, val/loss=0.117, train/accuracy=0.951, train/loss=0.130]
Epoch 3:  74%|███████▍  | 577/782 [00:10<00:03, 53.87it/s, loss=0.108, val/accuracy=0.955, val/loss=0.117, train/accuracy=0.951, train/loss=0.130]
Epoch 3:  74%|███████▍  | 577/782 [00:10<00:03, 53.87it/s, loss=0.106, val/accuracy=0.955, val/loss=0.117, train/accuracy=0.951, train/loss=0.130]
Epoch 3:  74%|███████▍  | 578/782 [00:10<00:03, 53.87it/s, loss=0.106, val/accuracy=0.955, val/loss=0.117, train/accuracy=0.951, train/loss=0.130]
Epoch 3:  74%|███████▍  | 578/782 [00:10<00:03, 53.87it/s, loss=0.103, val/accuracy=0.955, val/loss=0.117, train/accuracy=0.951, train/loss=0.130]
Epoch 3:  74%|███████▍  | 579/782 [00:10<00:03, 53.87it/s, loss=0.103, val/accuracy=0.955, val/loss=0.117, train/accuracy=0.951, train/loss=0.130]
Epoch 3:  74%|███████▍  | 579/782 [00:10<00:03, 53.87it/s, loss=0.104, val/accuracy=0.955, val/loss=0.117, train/accuracy=0.951, train/loss=0.130]
Epoch 3:  74%|███████▍  | 580/782 [00:10<00:03, 53.88it/s, loss=0.104, val/accuracy=0.955, val/loss=0.117, train/accuracy=0.951, train/loss=0.130]
Epoch 3:  74%|███████▍  | 580/782 [00:10<00:03, 53.88it/s, loss=0.107, val/accuracy=0.955, val/loss=0.117, train/accuracy=0.951, train/loss=0.130]
Epoch 3:  74%|███████▍  | 581/782 [00:10<00:03, 53.88it/s, loss=0.107, val/accuracy=0.955, val/loss=0.117, train/accuracy=0.951, train/loss=0.130]
Epoch 3:  74%|███████▍  | 581/782 [00:10<00:03, 53.88it/s, loss=0.107, val/accuracy=0.955, val/loss=0.117, train/accuracy=0.951, train/loss=0.130]
Epoch 3:  74%|███████▍  | 582/782 [00:10<00:03, 53.88it/s, loss=0.107, val/accuracy=0.955, val/loss=0.117, train/accuracy=0.951, train/loss=0.130]
Epoch 3:  74%|███████▍  | 582/782 [00:10<00:03, 53.88it/s, loss=0.106, val/accuracy=0.955, val/loss=0.117, train/accuracy=0.951, train/loss=0.130]
Epoch 3:  75%|███████▍  | 583/782 [00:10<00:03, 53.88it/s, loss=0.106, val/accuracy=0.955, val/loss=0.117, train/accuracy=0.951, train/loss=0.130]
Epoch 3:  75%|███████▍  | 583/782 [00:10<00:03, 53.88it/s, loss=0.105, val/accuracy=0.955, val/loss=0.117, train/accuracy=0.951, train/loss=0.130]
Epoch 3:  75%|███████▍  | 584/782 [00:10<00:03, 53.86it/s, loss=0.105, val/accuracy=0.955, val/loss=0.117, train/accuracy=0.951, train/loss=0.130]
Epoch 3:  75%|███████▍  | 584/782 [00:10<00:03, 53.86it/s, loss=0.104, val/accuracy=0.955, val/loss=0.117, train/accuracy=0.951, train/loss=0.130]
Epoch 3:  75%|███████▍  | 585/782 [00:10<00:03, 53.83it/s, loss=0.104, val/accuracy=0.955, val/loss=0.117, train/accuracy=0.951, train/loss=0.130]
Epoch 3:  75%|███████▍  | 585/782 [00:10<00:03, 53.83it/s, loss=0.108, val/accuracy=0.955, val/loss=0.117, train/accuracy=0.951, train/loss=0.130]
Epoch 3:  75%|███████▍  | 586/782 [00:10<00:03, 53.83it/s, loss=0.108, val/accuracy=0.955, val/loss=0.117, train/accuracy=0.951, train/loss=0.130]
Epoch 3:  75%|███████▍  | 586/782 [00:10<00:03, 53.83it/s, loss=0.106, val/accuracy=0.955, val/loss=0.117, train/accuracy=0.951, train/loss=0.130]

Validation: 0it [00:00, ?it/s][A

Validation:   0%|          | 0/196 [00:00<?, ?it/s][A

Validation DataLoader 0:   0%|          | 0/196 [00:00<?, ?it/s][A

Validation DataLoader 0:   1%|          | 1/196 [00:00<00:01, 131.91it/s][A
Epoch 3:  75%|███████▌  | 587/782 [00:11<00:03, 53.16it/s, loss=0.106, val/accuracy=0.955, val/loss=0.117, train/accuracy=0.951, train/loss=0.130]

Validation DataLoader 0:   1%|          | 2/196 [00:00<00:02, 90.52it/s] [A
Epoch 3:  75%|███████▌  | 588/782 [00:11<00:03, 53.18it/s, loss=0.106, val/accuracy=0.955, val/loss=0.117, train/accuracy=0.951, train/loss=0.130]

Validation DataLoader 0:   2%|▏         | 3/196 [00:00<00:02, 74.76it/s][A
Epoch 3:  75%|███████▌  | 589/782 [00:11<00:03, 53.19it/s, loss=0.106, val/accuracy=0.955, val/loss=0.117, train/accuracy=0.951, train/loss=0.130]

Validation DataLoader 0:   2%|▏         | 4/196 [00:00<00:02, 77.37it/s][A
Epoch 3:  75%|███████▌  | 590/782 [00:11<00:03, 53.22it/s, loss=0.106, val/accuracy=0.955, val/loss=0.117, train/accuracy=0.951, train/loss=0.130]

Validation DataLoader 0:   3%|▎         | 5/196 [00:00<00:02, 66.52it/s][A
Epoch 3:  76%|███████▌  | 591/782 [00:11<00:03, 53.20it/s, loss=0.106, val/accuracy=0.955, val/loss=0.117, train/accuracy=0.951, train/loss=0.130]

Validation DataLoader 0:   3%|▎         | 6/196 [00:00<00:02, 66.81it/s][A
Epoch 3:  76%|███████▌  | 592/782 [00:11<00:03, 53.22it/s, loss=0.106, val/accuracy=0.955, val/loss=0.117, train/accuracy=0.951, train/loss=0.130]

Validation DataLoader 0:   4%|▎         | 7/196 [00:00<00:02, 63.59it/s][A
Epoch 3:  76%|███████▌  | 593/782 [00:11<00:03, 53.21it/s, loss=0.106, val/accuracy=0.955, val/loss=0.117, train/accuracy=0.951, train/loss=0.130]

Validation DataLoader 0:   4%|▍         | 8/196 [00:00<00:03, 62.63it/s][A
Epoch 3:  76%|███████▌  | 594/782 [00:11<00:03, 53.22it/s, loss=0.106, val/accuracy=0.955, val/loss=0.117, train/accuracy=0.951, train/loss=0.130]

Validation DataLoader 0:   5%|▍         | 9/196 [00:00<00:03, 61.91it/s][A
Epoch 3:  76%|███████▌  | 595/782 [00:11<00:03, 53.22it/s, loss=0.106, val/accuracy=0.955, val/loss=0.117, train/accuracy=0.951, train/loss=0.130]

Validation DataLoader 0:   5%|▌         | 10/196 [00:00<00:03, 61.20it/s][A
Epoch 3:  76%|███████▌  | 596/782 [00:11<00:03, 53.23it/s, loss=0.106, val/accuracy=0.955, val/loss=0.117, train/accuracy=0.951, train/loss=0.130]

Validation DataLoader 0:   6%|▌         | 11/196 [00:00<00:03, 60.60it/s][A
Epoch 3:  76%|███████▋  | 597/782 [00:11<00:03, 53.23it/s, loss=0.106, val/accuracy=0.955, val/loss=0.117, train/accuracy=0.951, train/loss=0.130]

Validation DataLoader 0:   6%|▌         | 12/196 [00:00<00:03, 60.19it/s][A
Epoch 3:  76%|███████▋  | 598/782 [00:11<00:03, 53.23it/s, loss=0.106, val/accuracy=0.955, val/loss=0.117, train/accuracy=0.951, train/loss=0.130]

Validation DataLoader 0:   7%|▋         | 13/196 [00:00<00:03, 59.88it/s][A
Epoch 3:  77%|███████▋  | 599/782 [00:11<00:03, 53.24it/s, loss=0.106, val/accuracy=0.955, val/loss=0.117, train/accuracy=0.951, train/loss=0.130]

Validation DataLoader 0:   7%|▋         | 14/196 [00:00<00:03, 59.58it/s][A
Epoch 3:  77%|███████▋  | 600/782 [00:11<00:03, 53.24it/s, loss=0.106, val/accuracy=0.955, val/loss=0.117, train/accuracy=0.951, train/loss=0.130]

Validation DataLoader 0:   8%|▊         | 15/196 [00:00<00:03, 59.42it/s][A
Epoch 3:  77%|███████▋  | 601/782 [00:11<00:03, 53.25it/s, loss=0.106, val/accuracy=0.955, val/loss=0.117, train/accuracy=0.951, train/loss=0.130]

Validation DataLoader 0:   8%|▊         | 16/196 [00:00<00:03, 59.83it/s][A
Epoch 3:  77%|███████▋  | 602/782 [00:11<00:03, 53.27it/s, loss=0.106, val/accuracy=0.955, val/loss=0.117, train/accuracy=0.951, train/loss=0.130]

Validation DataLoader 0:   9%|▊         | 17/196 [00:00<00:03, 58.96it/s][A
Epoch 3:  77%|███████▋  | 603/782 [00:11<00:03, 53.26it/s, loss=0.106, val/accuracy=0.955, val/loss=0.117, train/accuracy=0.951, train/loss=0.130]

Validation DataLoader 0:   9%|▉         | 18/196 [00:00<00:02, 59.73it/s][A
Epoch 3:  77%|███████▋  | 604/782 [00:11<00:03, 53.28it/s, loss=0.106, val/accuracy=0.955, val/loss=0.117, train/accuracy=0.951, train/loss=0.130]

Validation DataLoader 0:  10%|▉         | 19/196 [00:00<00:03, 58.80it/s][A
Epoch 3:  77%|███████▋  | 605/782 [00:11<00:03, 53.27it/s, loss=0.106, val/accuracy=0.955, val/loss=0.117, train/accuracy=0.951, train/loss=0.130]

Validation DataLoader 0:  10%|█         | 20/196 [00:00<00:02, 59.02it/s][A
Epoch 3:  77%|███████▋  | 606/782 [00:11<00:03, 53.28it/s, loss=0.106, val/accuracy=0.955, val/loss=0.117, train/accuracy=0.951, train/loss=0.130]

Validation DataLoader 0:  11%|█         | 21/196 [00:00<00:02, 58.67it/s][A
Epoch 3:  78%|███████▊  | 607/782 [00:11<00:03, 53.28it/s, loss=0.106, val/accuracy=0.955, val/loss=0.117, train/accuracy=0.951, train/loss=0.130]

Validation DataLoader 0:  11%|█         | 22/196 [00:00<00:02, 59.57it/s][A
Epoch 3:  78%|███████▊  | 608/782 [00:11<00:03, 53.32it/s, loss=0.106, val/accuracy=0.955, val/loss=0.117, train/accuracy=0.951, train/loss=0.130]

Validation DataLoader 0:  12%|█▏        | 23/196 [00:00<00:02, 58.58it/s][A
Epoch 3:  78%|███████▊  | 609/782 [00:11<00:03, 53.30it/s, loss=0.106, val/accuracy=0.955, val/loss=0.117, train/accuracy=0.951, train/loss=0.130]

Validation DataLoader 0:  12%|█▏        | 24/196 [00:00<00:02, 58.49it/s][A
Epoch 3:  78%|███████▊  | 610/782 [00:11<00:03, 53.30it/s, loss=0.106, val/accuracy=0.955, val/loss=0.117, train/accuracy=0.951, train/loss=0.130]

Validation DataLoader 0:  13%|█▎        | 25/196 [00:00<00:02, 58.39it/s][A
Epoch 3:  78%|███████▊  | 611/782 [00:11<00:03, 53.31it/s, loss=0.106, val/accuracy=0.955, val/loss=0.117, train/accuracy=0.951, train/loss=0.130]

Validation DataLoader 0:  13%|█▎        | 26/196 [00:00<00:02, 59.01it/s][A
Epoch 3:  78%|███████▊  | 612/782 [00:11<00:03, 53.34it/s, loss=0.106, val/accuracy=0.955, val/loss=0.117, train/accuracy=0.951, train/loss=0.130]

Validation DataLoader 0:  14%|█▍        | 27/196 [00:00<00:02, 58.31it/s][A
Epoch 3:  78%|███████▊  | 613/782 [00:11<00:03, 53.32it/s, loss=0.106, val/accuracy=0.955, val/loss=0.117, train/accuracy=0.951, train/loss=0.130]

Validation DataLoader 0:  14%|█▍        | 28/196 [00:00<00:02, 58.79it/s][A
Epoch 3:  79%|███████▊  | 614/782 [00:11<00:03, 53.34it/s, loss=0.106, val/accuracy=0.955, val/loss=0.117, train/accuracy=0.951, train/loss=0.130]

Validation DataLoader 0:  15%|█▍        | 29/196 [00:00<00:02, 58.25it/s][A
Epoch 3:  79%|███████▊  | 615/782 [00:11<00:03, 53.33it/s, loss=0.106, val/accuracy=0.955, val/loss=0.117, train/accuracy=0.951, train/loss=0.130]

Validation DataLoader 0:  15%|█▌        | 30/196 [00:00<00:02, 59.05it/s][A
Epoch 3:  79%|███████▉  | 616/782 [00:11<00:03, 53.37it/s, loss=0.106, val/accuracy=0.955, val/loss=0.117, train/accuracy=0.951, train/loss=0.130]

Validation DataLoader 0:  16%|█▌        | 31/196 [00:00<00:02, 58.57it/s][A
Epoch 3:  79%|███████▉  | 617/782 [00:11<00:03, 53.36it/s, loss=0.106, val/accuracy=0.955, val/loss=0.117, train/accuracy=0.951, train/loss=0.130]

Validation DataLoader 0:  16%|█▋        | 32/196 [00:00<00:02, 59.05it/s][A
Epoch 3:  79%|███████▉  | 618/782 [00:11<00:03, 53.39it/s, loss=0.106, val/accuracy=0.955, val/loss=0.117, train/accuracy=0.951, train/loss=0.130]

Validation DataLoader 0:  17%|█▋        | 33/196 [00:00<00:02, 58.05it/s][A
Epoch 3:  79%|███████▉  | 619/782 [00:11<00:03, 53.35it/s, loss=0.106, val/accuracy=0.955, val/loss=0.117, train/accuracy=0.951, train/loss=0.130]

Validation DataLoader 0:  17%|█▋        | 34/196 [00:00<00:02, 58.00it/s][A
Epoch 3:  79%|███████▉  | 620/782 [00:11<00:03, 53.36it/s, loss=0.106, val/accuracy=0.955, val/loss=0.117, train/accuracy=0.951, train/loss=0.130]

Validation DataLoader 0:  18%|█▊        | 35/196 [00:00<00:02, 58.64it/s][A
Epoch 3:  79%|███████▉  | 621/782 [00:11<00:03, 53.39it/s, loss=0.106, val/accuracy=0.955, val/loss=0.117, train/accuracy=0.951, train/loss=0.130]

Validation DataLoader 0:  18%|█▊        | 36/196 [00:00<00:02, 57.91it/s][A
Epoch 3:  80%|███████▉  | 622/782 [00:11<00:02, 53.36it/s, loss=0.106, val/accuracy=0.955, val/loss=0.117, train/accuracy=0.951, train/loss=0.130]

Validation DataLoader 0:  19%|█▉        | 37/196 [00:00<00:02, 58.44it/s][A
Epoch 3:  80%|███████▉  | 623/782 [00:11<00:02, 53.40it/s, loss=0.106, val/accuracy=0.955, val/loss=0.117, train/accuracy=0.951, train/loss=0.130]

Validation DataLoader 0:  19%|█▉        | 38/196 [00:00<00:02, 57.91it/s][A
Epoch 3:  80%|███████▉  | 624/782 [00:11<00:02, 53.38it/s, loss=0.106, val/accuracy=0.955, val/loss=0.117, train/accuracy=0.951, train/loss=0.130]

Validation DataLoader 0:  20%|█▉        | 39/196 [00:00<00:02, 58.41it/s][A
Epoch 3:  80%|███████▉  | 625/782 [00:11<00:02, 53.41it/s, loss=0.106, val/accuracy=0.955, val/loss=0.117, train/accuracy=0.951, train/loss=0.130]

Validation DataLoader 0:  20%|██        | 40/196 [00:00<00:02, 57.89it/s][A
Epoch 3:  80%|████████  | 626/782 [00:11<00:02, 53.39it/s, loss=0.106, val/accuracy=0.955, val/loss=0.117, train/accuracy=0.951, train/loss=0.130]

Validation DataLoader 0:  21%|██        | 41/196 [00:00<00:02, 58.71it/s][A
Epoch 3:  80%|████████  | 627/782 [00:11<00:02, 53.44it/s, loss=0.106, val/accuracy=0.955, val/loss=0.117, train/accuracy=0.951, train/loss=0.130]

Validation DataLoader 0:  21%|██▏       | 42/196 [00:00<00:02, 57.89it/s][A
Epoch 3:  80%|████████  | 628/782 [00:11<00:02, 53.40it/s, loss=0.106, val/accuracy=0.955, val/loss=0.117, train/accuracy=0.951, train/loss=0.130]

Validation DataLoader 0:  22%|██▏       | 43/196 [00:00<00:02, 58.40it/s][A
Epoch 3:  80%|████████  | 629/782 [00:11<00:02, 53.44it/s, loss=0.106, val/accuracy=0.955, val/loss=0.117, train/accuracy=0.951, train/loss=0.130]

Validation DataLoader 0:  22%|██▏       | 44/196 [00:00<00:02, 57.89it/s][A
Epoch 3:  81%|████████  | 630/782 [00:11<00:02, 53.42it/s, loss=0.106, val/accuracy=0.955, val/loss=0.117, train/accuracy=0.951, train/loss=0.130]

Validation DataLoader 0:  23%|██▎       | 45/196 [00:00<00:02, 58.54it/s][A
Epoch 3:  81%|████████  | 631/782 [00:11<00:02, 53.46it/s, loss=0.106, val/accuracy=0.955, val/loss=0.117, train/accuracy=0.951, train/loss=0.130]

Validation DataLoader 0:  23%|██▎       | 46/196 [00:00<00:02, 58.76it/s][A
Epoch 3:  81%|████████  | 632/782 [00:11<00:02, 53.48it/s, loss=0.106, val/accuracy=0.955, val/loss=0.117, train/accuracy=0.951, train/loss=0.130]

Validation DataLoader 0:  24%|██▍       | 47/196 [00:00<00:02, 58.63it/s][A
Epoch 3:  81%|████████  | 633/782 [00:11<00:02, 53.48it/s, loss=0.106, val/accuracy=0.955, val/loss=0.117, train/accuracy=0.951, train/loss=0.130]

Validation DataLoader 0:  24%|██▍       | 48/196 [00:00<00:02, 57.84it/s][A
Epoch 3:  81%|████████  | 634/782 [00:11<00:02, 53.44it/s, loss=0.106, val/accuracy=0.955, val/loss=0.117, train/accuracy=0.951, train/loss=0.130]

Validation DataLoader 0:  25%|██▌       | 49/196 [00:00<00:02, 57.81it/s][A
Epoch 3:  81%|████████  | 635/782 [00:11<00:02, 53.44it/s, loss=0.106, val/accuracy=0.955, val/loss=0.117, train/accuracy=0.951, train/loss=0.130]

Validation DataLoader 0:  26%|██▌       | 50/196 [00:00<00:02, 57.74it/s][A
Epoch 3:  81%|████████▏ | 636/782 [00:11<00:02, 53.45it/s, loss=0.106, val/accuracy=0.955, val/loss=0.117, train/accuracy=0.951, train/loss=0.130]

Validation DataLoader 0:  26%|██▌       | 51/196 [00:00<00:02, 57.72it/s][A
Epoch 3:  81%|████████▏ | 637/782 [00:11<00:02, 53.45it/s, loss=0.106, val/accuracy=0.955, val/loss=0.117, train/accuracy=0.951, train/loss=0.130]

Validation DataLoader 0:  27%|██▋       | 52/196 [00:00<00:02, 57.87it/s][A
Epoch 3:  82%|████████▏ | 638/782 [00:11<00:02, 53.47it/s, loss=0.106, val/accuracy=0.955, val/loss=0.117, train/accuracy=0.951, train/loss=0.130]

Validation DataLoader 0:  27%|██▋       | 53/196 [00:00<00:02, 57.88it/s][A
Epoch 3:  82%|████████▏ | 639/782 [00:11<00:02, 53.47it/s, loss=0.106, val/accuracy=0.955, val/loss=0.117, train/accuracy=0.951, train/loss=0.130]

Validation DataLoader 0:  28%|██▊       | 54/196 [00:00<00:02, 57.67it/s][A
Epoch 3:  82%|████████▏ | 640/782 [00:11<00:02, 53.47it/s, loss=0.106, val/accuracy=0.955, val/loss=0.117, train/accuracy=0.951, train/loss=0.130]

Validation DataLoader 0:  28%|██▊       | 55/196 [00:00<00:02, 57.88it/s][A
Epoch 3:  82%|████████▏ | 641/782 [00:11<00:02, 53.49it/s, loss=0.106, val/accuracy=0.955, val/loss=0.117, train/accuracy=0.951, train/loss=0.130]

Validation DataLoader 0:  29%|██▊       | 56/196 [00:00<00:02, 57.67it/s][A
Epoch 3:  82%|████████▏ | 642/782 [00:12<00:02, 53.48it/s, loss=0.106, val/accuracy=0.955, val/loss=0.117, train/accuracy=0.951, train/loss=0.130]

Validation DataLoader 0:  29%|██▉       | 57/196 [00:00<00:02, 58.20it/s][A
Epoch 3:  82%|████████▏ | 643/782 [00:12<00:02, 53.52it/s, loss=0.106, val/accuracy=0.955, val/loss=0.117, train/accuracy=0.951, train/loss=0.130]

Validation DataLoader 0:  30%|██▉       | 58/196 [00:01<00:02, 57.68it/s][A
Epoch 3:  82%|████████▏ | 644/782 [00:12<00:02, 53.49it/s, loss=0.106, val/accuracy=0.955, val/loss=0.117, train/accuracy=0.951, train/loss=0.130]

Validation DataLoader 0:  30%|███       | 59/196 [00:01<00:02, 57.68it/s][A
Epoch 3:  82%|████████▏ | 645/782 [00:12<00:02, 53.50it/s, loss=0.106, val/accuracy=0.955, val/loss=0.117, train/accuracy=0.951, train/loss=0.130]

Validation DataLoader 0:  31%|███       | 60/196 [00:01<00:02, 57.65it/s][A
Epoch 3:  83%|████████▎ | 646/782 [00:12<00:02, 53.50it/s, loss=0.106, val/accuracy=0.955, val/loss=0.117, train/accuracy=0.951, train/loss=0.130]

Validation DataLoader 0:  31%|███       | 61/196 [00:01<00:02, 57.63it/s][A
Epoch 3:  83%|████████▎ | 647/782 [00:12<00:02, 53.50it/s, loss=0.106, val/accuracy=0.955, val/loss=0.117, train/accuracy=0.951, train/loss=0.130]

Validation DataLoader 0:  32%|███▏      | 62/196 [00:01<00:02, 58.05it/s][A
Epoch 3:  83%|████████▎ | 648/782 [00:12<00:02, 53.55it/s, loss=0.106, val/accuracy=0.955, val/loss=0.117, train/accuracy=0.951, train/loss=0.130]

Validation DataLoader 0:  32%|███▏      | 63/196 [00:01<00:02, 57.61it/s][A
Epoch 3:  83%|████████▎ | 649/782 [00:12<00:02, 53.51it/s, loss=0.106, val/accuracy=0.955, val/loss=0.117, train/accuracy=0.951, train/loss=0.130]

Validation DataLoader 0:  33%|███▎      | 64/196 [00:01<00:02, 57.94it/s][A
Epoch 3:  83%|████████▎ | 650/782 [00:12<00:02, 53.55it/s, loss=0.106, val/accuracy=0.955, val/loss=0.117, train/accuracy=0.951, train/loss=0.130]

Validation DataLoader 0:  33%|███▎      | 65/196 [00:01<00:02, 57.60it/s][A
Epoch 3:  83%|████████▎ | 651/782 [00:12<00:02, 53.53it/s, loss=0.106, val/accuracy=0.955, val/loss=0.117, train/accuracy=0.951, train/loss=0.130]

Validation DataLoader 0:  34%|███▎      | 66/196 [00:01<00:02, 57.86it/s][A
Epoch 3:  83%|████████▎ | 652/782 [00:12<00:02, 53.55it/s, loss=0.106, val/accuracy=0.955, val/loss=0.117, train/accuracy=0.951, train/loss=0.130]

Validation DataLoader 0:  34%|███▍      | 67/196 [00:01<00:02, 57.60it/s][A
Epoch 3:  84%|████████▎ | 653/782 [00:12<00:02, 53.54it/s, loss=0.106, val/accuracy=0.955, val/loss=0.117, train/accuracy=0.951, train/loss=0.130]

Validation DataLoader 0:  35%|███▍      | 68/196 [00:01<00:02, 57.69it/s][A
Epoch 3:  84%|████████▎ | 654/782 [00:12<00:02, 53.55it/s, loss=0.106, val/accuracy=0.955, val/loss=0.117, train/accuracy=0.951, train/loss=0.130]

Validation DataLoader 0:  35%|███▌      | 69/196 [00:01<00:02, 58.15it/s][A
Epoch 3:  84%|████████▍ | 655/782 [00:12<00:02, 53.60it/s, loss=0.106, val/accuracy=0.955, val/loss=0.117, train/accuracy=0.951, train/loss=0.130]

Validation DataLoader 0:  36%|███▌      | 70/196 [00:01<00:02, 57.42it/s][A
Epoch 3:  84%|████████▍ | 656/782 [00:12<00:02, 53.54it/s, loss=0.106, val/accuracy=0.955, val/loss=0.117, train/accuracy=0.951, train/loss=0.130]

Validation DataLoader 0:  36%|███▌      | 71/196 [00:01<00:02, 57.41it/s][A
Epoch 3:  84%|████████▍ | 657/782 [00:12<00:02, 53.54it/s, loss=0.106, val/accuracy=0.955, val/loss=0.117, train/accuracy=0.951, train/loss=0.130]

Validation DataLoader 0:  37%|███▋      | 72/196 [00:01<00:02, 57.39it/s][A
Epoch 3:  84%|████████▍ | 658/782 [00:12<00:02, 53.55it/s, loss=0.106, val/accuracy=0.955, val/loss=0.117, train/accuracy=0.951, train/loss=0.130]

Validation DataLoader 0:  37%|███▋      | 73/196 [00:01<00:02, 57.36it/s][A
Epoch 3:  84%|████████▍ | 659/782 [00:12<00:02, 53.55it/s, loss=0.106, val/accuracy=0.955, val/loss=0.117, train/accuracy=0.951, train/loss=0.130]

Validation DataLoader 0:  38%|███▊      | 74/196 [00:01<00:02, 57.34it/s][A
Epoch 3:  84%|████████▍ | 660/782 [00:12<00:02, 53.55it/s, loss=0.106, val/accuracy=0.955, val/loss=0.117, train/accuracy=0.951, train/loss=0.130]

Validation DataLoader 0:  38%|███▊      | 75/196 [00:01<00:02, 57.31it/s][A
Epoch 3:  85%|████████▍ | 661/782 [00:12<00:02, 53.55it/s, loss=0.106, val/accuracy=0.955, val/loss=0.117, train/accuracy=0.951, train/loss=0.130]

Validation DataLoader 0:  39%|███▉      | 76/196 [00:01<00:02, 57.28it/s][A
Epoch 3:  85%|████████▍ | 662/782 [00:12<00:02, 53.56it/s, loss=0.106, val/accuracy=0.955, val/loss=0.117, train/accuracy=0.951, train/loss=0.130]

Validation DataLoader 0:  39%|███▉      | 77/196 [00:01<00:02, 57.26it/s][A
Epoch 3:  85%|████████▍ | 663/782 [00:12<00:02, 53.56it/s, loss=0.106, val/accuracy=0.955, val/loss=0.117, train/accuracy=0.951, train/loss=0.130]

Validation DataLoader 0:  40%|███▉      | 78/196 [00:01<00:02, 57.25it/s][A
Epoch 3:  85%|████████▍ | 664/782 [00:12<00:02, 53.56it/s, loss=0.106, val/accuracy=0.955, val/loss=0.117, train/accuracy=0.951, train/loss=0.130]

Validation DataLoader 0:  40%|████      | 79/196 [00:01<00:02, 57.60it/s][A
Epoch 3:  85%|████████▌ | 665/782 [00:12<00:02, 53.61it/s, loss=0.106, val/accuracy=0.955, val/loss=0.117, train/accuracy=0.951, train/loss=0.130]

Validation DataLoader 0:  41%|████      | 80/196 [00:01<00:02, 57.25it/s][A
Epoch 3:  85%|████████▌ | 666/782 [00:12<00:02, 53.57it/s, loss=0.106, val/accuracy=0.955, val/loss=0.117, train/accuracy=0.951, train/loss=0.130]

Validation DataLoader 0:  41%|████▏     | 81/196 [00:01<00:02, 57.21it/s][A
Epoch 3:  85%|████████▌ | 667/782 [00:12<00:02, 53.58it/s, loss=0.106, val/accuracy=0.955, val/loss=0.117, train/accuracy=0.951, train/loss=0.130]

Validation DataLoader 0:  42%|████▏     | 82/196 [00:01<00:01, 57.22it/s][A
Epoch 3:  85%|████████▌ | 668/782 [00:12<00:02, 53.58it/s, loss=0.106, val/accuracy=0.955, val/loss=0.117, train/accuracy=0.951, train/loss=0.130]

Validation DataLoader 0:  42%|████▏     | 83/196 [00:01<00:01, 57.29it/s][A
Epoch 3:  86%|████████▌ | 669/782 [00:12<00:02, 53.59it/s, loss=0.106, val/accuracy=0.955, val/loss=0.117, train/accuracy=0.951, train/loss=0.130]

Validation DataLoader 0:  43%|████▎     | 84/196 [00:01<00:01, 57.58it/s][A
Epoch 3:  86%|████████▌ | 670/782 [00:12<00:02, 53.63it/s, loss=0.106, val/accuracy=0.955, val/loss=0.117, train/accuracy=0.951, train/loss=0.130]

Validation DataLoader 0:  43%|████▎     | 85/196 [00:01<00:01, 57.24it/s][A
Epoch 3:  86%|████████▌ | 671/782 [00:12<00:02, 53.60it/s, loss=0.106, val/accuracy=0.955, val/loss=0.117, train/accuracy=0.951, train/loss=0.130]

Validation DataLoader 0:  44%|████▍     | 86/196 [00:01<00:01, 57.22it/s][A
Epoch 3:  86%|████████▌ | 672/782 [00:12<00:02, 53.60it/s, loss=0.106, val/accuracy=0.955, val/loss=0.117, train/accuracy=0.951, train/loss=0.130]

Validation DataLoader 0:  44%|████▍     | 87/196 [00:01<00:01, 57.23it/s][A
Epoch 3:  86%|████████▌ | 673/782 [00:12<00:02, 53.61it/s, loss=0.106, val/accuracy=0.955, val/loss=0.117, train/accuracy=0.951, train/loss=0.130]

Validation DataLoader 0:  45%|████▍     | 88/196 [00:01<00:01, 57.15it/s][A
Epoch 3:  86%|████████▌ | 674/782 [00:12<00:02, 53.60it/s, loss=0.106, val/accuracy=0.955, val/loss=0.117, train/accuracy=0.951, train/loss=0.130]

Validation DataLoader 0:  45%|████▌     | 89/196 [00:01<00:01, 57.14it/s][A
Epoch 3:  86%|████████▋ | 675/782 [00:12<00:01, 53.61it/s, loss=0.106, val/accuracy=0.955, val/loss=0.117, train/accuracy=0.951, train/loss=0.130]

Validation DataLoader 0:  46%|████▌     | 90/196 [00:01<00:01, 57.12it/s][A
Epoch 3:  86%|████████▋ | 676/782 [00:12<00:01, 53.61it/s, loss=0.106, val/accuracy=0.955, val/loss=0.117, train/accuracy=0.951, train/loss=0.130]

Validation DataLoader 0:  46%|████▋     | 91/196 [00:01<00:01, 57.09it/s][A
Epoch 3:  87%|████████▋ | 677/782 [00:12<00:01, 53.61it/s, loss=0.106, val/accuracy=0.955, val/loss=0.117, train/accuracy=0.951, train/loss=0.130]

Validation DataLoader 0:  47%|████▋     | 92/196 [00:01<00:01, 57.07it/s][A
Epoch 3:  87%|████████▋ | 678/782 [00:12<00:01, 53.61it/s, loss=0.106, val/accuracy=0.955, val/loss=0.117, train/accuracy=0.951, train/loss=0.130]

Validation DataLoader 0:  47%|████▋     | 93/196 [00:01<00:01, 57.06it/s][A
Epoch 3:  87%|████████▋ | 679/782 [00:12<00:01, 53.62it/s, loss=0.106, val/accuracy=0.955, val/loss=0.117, train/accuracy=0.951, train/loss=0.130]

Validation DataLoader 0:  48%|████▊     | 94/196 [00:01<00:01, 57.07it/s][A
Epoch 3:  87%|████████▋ | 680/782 [00:12<00:01, 53.62it/s, loss=0.106, val/accuracy=0.955, val/loss=0.117, train/accuracy=0.951, train/loss=0.130]

Validation DataLoader 0:  48%|████▊     | 95/196 [00:01<00:01, 57.07it/s][A
Epoch 3:  87%|████████▋ | 681/782 [00:12<00:01, 53.63it/s, loss=0.106, val/accuracy=0.955, val/loss=0.117, train/accuracy=0.951, train/loss=0.130]

Validation DataLoader 0:  49%|████▉     | 96/196 [00:01<00:01, 57.07it/s][A
Epoch 3:  87%|████████▋ | 682/782 [00:12<00:01, 53.63it/s, loss=0.106, val/accuracy=0.955, val/loss=0.117, train/accuracy=0.951, train/loss=0.130]

Validation DataLoader 0:  49%|████▉     | 97/196 [00:01<00:01, 57.08it/s][A
Epoch 3:  87%|████████▋ | 683/782 [00:12<00:01, 53.64it/s, loss=0.106, val/accuracy=0.955, val/loss=0.117, train/accuracy=0.951, train/loss=0.130]

Validation DataLoader 0:  50%|█████     | 98/196 [00:01<00:01, 57.08it/s][A
Epoch 3:  87%|████████▋ | 684/782 [00:12<00:01, 53.64it/s, loss=0.106, val/accuracy=0.955, val/loss=0.117, train/accuracy=0.951, train/loss=0.130]

Validation DataLoader 0:  51%|█████     | 99/196 [00:01<00:01, 57.08it/s][A
Epoch 3:  88%|████████▊ | 685/782 [00:12<00:01, 53.65it/s, loss=0.106, val/accuracy=0.955, val/loss=0.117, train/accuracy=0.951, train/loss=0.130]

Validation DataLoader 0:  51%|█████     | 100/196 [00:01<00:01, 57.08it/s][A
Epoch 3:  88%|████████▊ | 686/782 [00:12<00:01, 53.65it/s, loss=0.106, val/accuracy=0.955, val/loss=0.117, train/accuracy=0.951, train/loss=0.130]

Validation DataLoader 0:  52%|█████▏    | 101/196 [00:01<00:01, 57.09it/s][A
Epoch 3:  88%|████████▊ | 687/782 [00:12<00:01, 53.66it/s, loss=0.106, val/accuracy=0.955, val/loss=0.117, train/accuracy=0.951, train/loss=0.130]

Validation DataLoader 0:  52%|█████▏    | 102/196 [00:01<00:01, 57.09it/s][A
Epoch 3:  88%|████████▊ | 688/782 [00:12<00:01, 53.66it/s, loss=0.106, val/accuracy=0.955, val/loss=0.117, train/accuracy=0.951, train/loss=0.130]

Validation DataLoader 0:  53%|█████▎    | 103/196 [00:01<00:01, 57.08it/s][A
Epoch 3:  88%|████████▊ | 689/782 [00:12<00:01, 53.67it/s, loss=0.106, val/accuracy=0.955, val/loss=0.117, train/accuracy=0.951, train/loss=0.130]

Validation DataLoader 0:  53%|█████▎    | 104/196 [00:01<00:01, 57.05it/s][A
Epoch 3:  88%|████████▊ | 690/782 [00:12<00:01, 53.67it/s, loss=0.106, val/accuracy=0.955, val/loss=0.117, train/accuracy=0.951, train/loss=0.130]

Validation DataLoader 0:  54%|█████▎    | 105/196 [00:01<00:01, 57.03it/s][A
Epoch 3:  88%|████████▊ | 691/782 [00:12<00:01, 53.67it/s, loss=0.106, val/accuracy=0.955, val/loss=0.117, train/accuracy=0.951, train/loss=0.130]

Validation DataLoader 0:  54%|█████▍    | 106/196 [00:01<00:01, 57.03it/s][A
Epoch 3:  88%|████████▊ | 692/782 [00:12<00:01, 53.67it/s, loss=0.106, val/accuracy=0.955, val/loss=0.117, train/accuracy=0.951, train/loss=0.130]

Validation DataLoader 0:  55%|█████▍    | 107/196 [00:01<00:01, 57.03it/s][A
Epoch 3:  89%|████████▊ | 693/782 [00:12<00:01, 53.68it/s, loss=0.106, val/accuracy=0.955, val/loss=0.117, train/accuracy=0.951, train/loss=0.130]

Validation DataLoader 0:  55%|█████▌    | 108/196 [00:01<00:01, 57.01it/s][A
Epoch 3:  89%|████████▊ | 694/782 [00:12<00:01, 53.68it/s, loss=0.106, val/accuracy=0.955, val/loss=0.117, train/accuracy=0.951, train/loss=0.130]

Validation DataLoader 0:  56%|█████▌    | 109/196 [00:01<00:01, 57.00it/s][A
Epoch 3:  89%|████████▉ | 695/782 [00:12<00:01, 53.68it/s, loss=0.106, val/accuracy=0.955, val/loss=0.117, train/accuracy=0.951, train/loss=0.130]

Validation DataLoader 0:  56%|█████▌    | 110/196 [00:01<00:01, 57.00it/s][A
Epoch 3:  89%|████████▉ | 696/782 [00:12<00:01, 53.69it/s, loss=0.106, val/accuracy=0.955, val/loss=0.117, train/accuracy=0.951, train/loss=0.130]

Validation DataLoader 0:  57%|█████▋    | 111/196 [00:01<00:01, 57.01it/s][A
Epoch 3:  89%|████████▉ | 697/782 [00:12<00:01, 53.69it/s, loss=0.106, val/accuracy=0.955, val/loss=0.117, train/accuracy=0.951, train/loss=0.130]

Validation DataLoader 0:  57%|█████▋    | 112/196 [00:01<00:01, 57.01it/s][A
Epoch 3:  89%|████████▉ | 698/782 [00:12<00:01, 53.70it/s, loss=0.106, val/accuracy=0.955, val/loss=0.117, train/accuracy=0.951, train/loss=0.130]

Validation DataLoader 0:  58%|█████▊    | 113/196 [00:01<00:01, 57.00it/s][A
Epoch 3:  89%|████████▉ | 699/782 [00:13<00:01, 53.70it/s, loss=0.106, val/accuracy=0.955, val/loss=0.117, train/accuracy=0.951, train/loss=0.130]

Validation DataLoader 0:  58%|█████▊    | 114/196 [00:01<00:01, 57.02it/s][A
Epoch 3:  90%|████████▉ | 700/782 [00:13<00:01, 53.71it/s, loss=0.106, val/accuracy=0.955, val/loss=0.117, train/accuracy=0.951, train/loss=0.130]

Validation DataLoader 0:  59%|█████▊    | 115/196 [00:02<00:01, 57.02it/s][A
Epoch 3:  90%|████████▉ | 701/782 [00:13<00:01, 53.71it/s, loss=0.106, val/accuracy=0.955, val/loss=0.117, train/accuracy=0.951, train/loss=0.130]

Validation DataLoader 0:  59%|█████▉    | 116/196 [00:02<00:01, 57.01it/s][A
Epoch 3:  90%|████████▉ | 702/782 [00:13<00:01, 53.72it/s, loss=0.106, val/accuracy=0.955, val/loss=0.117, train/accuracy=0.951, train/loss=0.130]

Validation DataLoader 0:  60%|█████▉    | 117/196 [00:02<00:01, 57.01it/s][A
Epoch 3:  90%|████████▉ | 703/782 [00:13<00:01, 53.72it/s, loss=0.106, val/accuracy=0.955, val/loss=0.117, train/accuracy=0.951, train/loss=0.130]

Validation DataLoader 0:  60%|██████    | 118/196 [00:02<00:01, 57.01it/s][A
Epoch 3:  90%|█████████ | 704/782 [00:13<00:01, 53.72it/s, loss=0.106, val/accuracy=0.955, val/loss=0.117, train/accuracy=0.951, train/loss=0.130]

Validation DataLoader 0:  61%|██████    | 119/196 [00:02<00:01, 56.95it/s][A
Epoch 3:  90%|█████████ | 705/782 [00:13<00:01, 53.72it/s, loss=0.106, val/accuracy=0.955, val/loss=0.117, train/accuracy=0.951, train/loss=0.130]

Validation DataLoader 0:  61%|██████    | 120/196 [00:02<00:01, 56.94it/s][A
Epoch 3:  90%|█████████ | 706/782 [00:13<00:01, 53.72it/s, loss=0.106, val/accuracy=0.955, val/loss=0.117, train/accuracy=0.951, train/loss=0.130]

Validation DataLoader 0:  62%|██████▏   | 121/196 [00:02<00:01, 56.93it/s][A
Epoch 3:  90%|█████████ | 707/782 [00:13<00:01, 53.73it/s, loss=0.106, val/accuracy=0.955, val/loss=0.117, train/accuracy=0.951, train/loss=0.130]

Validation DataLoader 0:  62%|██████▏   | 122/196 [00:02<00:01, 56.92it/s][A
Epoch 3:  91%|█████████ | 708/782 [00:13<00:01, 53.73it/s, loss=0.106, val/accuracy=0.955, val/loss=0.117, train/accuracy=0.951, train/loss=0.130]

Validation DataLoader 0:  63%|██████▎   | 123/196 [00:02<00:01, 56.92it/s][A
Epoch 3:  91%|█████████ | 709/782 [00:13<00:01, 53.73it/s, loss=0.106, val/accuracy=0.955, val/loss=0.117, train/accuracy=0.951, train/loss=0.130]

Validation DataLoader 0:  63%|██████▎   | 124/196 [00:02<00:01, 56.91it/s][A
Epoch 3:  91%|█████████ | 710/782 [00:13<00:01, 53.74it/s, loss=0.106, val/accuracy=0.955, val/loss=0.117, train/accuracy=0.951, train/loss=0.130]

Validation DataLoader 0:  64%|██████▍   | 125/196 [00:02<00:01, 56.90it/s][A
Epoch 3:  91%|█████████ | 711/782 [00:13<00:01, 53.74it/s, loss=0.106, val/accuracy=0.955, val/loss=0.117, train/accuracy=0.951, train/loss=0.130]

Validation DataLoader 0:  64%|██████▍   | 126/196 [00:02<00:01, 56.91it/s][A
Epoch 3:  91%|█████████ | 712/782 [00:13<00:01, 53.74it/s, loss=0.106, val/accuracy=0.955, val/loss=0.117, train/accuracy=0.951, train/loss=0.130]

Validation DataLoader 0:  65%|██████▍   | 127/196 [00:02<00:01, 56.91it/s][A
Epoch 3:  91%|█████████ | 713/782 [00:13<00:01, 53.75it/s, loss=0.106, val/accuracy=0.955, val/loss=0.117, train/accuracy=0.951, train/loss=0.130]

Validation DataLoader 0:  65%|██████▌   | 128/196 [00:02<00:01, 56.92it/s][A
Epoch 3:  91%|█████████▏| 714/782 [00:13<00:01, 53.75it/s, loss=0.106, val/accuracy=0.955, val/loss=0.117, train/accuracy=0.951, train/loss=0.130]

Validation DataLoader 0:  66%|██████▌   | 129/196 [00:02<00:01, 56.90it/s][A
Epoch 3:  91%|█████████▏| 715/782 [00:13<00:01, 53.76it/s, loss=0.106, val/accuracy=0.955, val/loss=0.117, train/accuracy=0.951, train/loss=0.130]

Validation DataLoader 0:  66%|██████▋   | 130/196 [00:02<00:01, 56.89it/s][A
Epoch 3:  92%|█████████▏| 716/782 [00:13<00:01, 53.76it/s, loss=0.106, val/accuracy=0.955, val/loss=0.117, train/accuracy=0.951, train/loss=0.130]

Validation DataLoader 0:  67%|██████▋   | 131/196 [00:02<00:01, 56.89it/s][A
Epoch 3:  92%|█████████▏| 717/782 [00:13<00:01, 53.76it/s, loss=0.106, val/accuracy=0.955, val/loss=0.117, train/accuracy=0.951, train/loss=0.130]

Validation DataLoader 0:  67%|██████▋   | 132/196 [00:02<00:01, 56.90it/s][A
Epoch 3:  92%|█████████▏| 718/782 [00:13<00:01, 53.77it/s, loss=0.106, val/accuracy=0.955, val/loss=0.117, train/accuracy=0.951, train/loss=0.130]

Validation DataLoader 0:  68%|██████▊   | 133/196 [00:02<00:01, 56.90it/s][A
Epoch 3:  92%|█████████▏| 719/782 [00:13<00:01, 53.77it/s, loss=0.106, val/accuracy=0.955, val/loss=0.117, train/accuracy=0.951, train/loss=0.130]

Validation DataLoader 0:  68%|██████▊   | 134/196 [00:02<00:01, 56.89it/s][A
Epoch 3:  92%|█████████▏| 720/782 [00:13<00:01, 53.77it/s, loss=0.106, val/accuracy=0.955, val/loss=0.117, train/accuracy=0.951, train/loss=0.130]

Validation DataLoader 0:  69%|██████▉   | 135/196 [00:02<00:01, 56.79it/s][A
Epoch 3:  92%|█████████▏| 721/782 [00:13<00:01, 53.76it/s, loss=0.106, val/accuracy=0.955, val/loss=0.117, train/accuracy=0.951, train/loss=0.130]

Validation DataLoader 0:  69%|██████▉   | 136/196 [00:02<00:01, 56.78it/s][A
Epoch 3:  92%|█████████▏| 722/782 [00:13<00:01, 53.76it/s, loss=0.106, val/accuracy=0.955, val/loss=0.117, train/accuracy=0.951, train/loss=0.130]

Validation DataLoader 0:  70%|██████▉   | 137/196 [00:02<00:01, 56.81it/s][A
Epoch 3:  92%|█████████▏| 723/782 [00:13<00:01, 53.77it/s, loss=0.106, val/accuracy=0.955, val/loss=0.117, train/accuracy=0.951, train/loss=0.130]

Validation DataLoader 0:  70%|███████   | 138/196 [00:02<00:01, 56.78it/s][A
Epoch 3:  93%|█████████▎| 724/782 [00:13<00:01, 53.77it/s, loss=0.106, val/accuracy=0.955, val/loss=0.117, train/accuracy=0.951, train/loss=0.130]

Validation DataLoader 0:  71%|███████   | 139/196 [00:02<00:01, 56.78it/s][A
Epoch 3:  93%|█████████▎| 725/782 [00:13<00:01, 53.78it/s, loss=0.106, val/accuracy=0.955, val/loss=0.117, train/accuracy=0.951, train/loss=0.130]

Validation DataLoader 0:  71%|███████▏  | 140/196 [00:02<00:00, 56.77it/s][A
Epoch 3:  93%|█████████▎| 726/782 [00:13<00:01, 53.78it/s, loss=0.106, val/accuracy=0.955, val/loss=0.117, train/accuracy=0.951, train/loss=0.130]

Validation DataLoader 0:  72%|███████▏  | 141/196 [00:02<00:00, 56.77it/s][A
Epoch 3:  93%|█████████▎| 727/782 [00:13<00:01, 53.78it/s, loss=0.106, val/accuracy=0.955, val/loss=0.117, train/accuracy=0.951, train/loss=0.130]

Validation DataLoader 0:  72%|███████▏  | 142/196 [00:02<00:00, 56.74it/s][A
Epoch 3:  93%|█████████▎| 728/782 [00:13<00:01, 53.78it/s, loss=0.106, val/accuracy=0.955, val/loss=0.117, train/accuracy=0.951, train/loss=0.130]

Validation DataLoader 0:  73%|███████▎  | 143/196 [00:02<00:00, 56.72it/s][A
Epoch 3:  93%|█████████▎| 729/782 [00:13<00:00, 53.78it/s, loss=0.106, val/accuracy=0.955, val/loss=0.117, train/accuracy=0.951, train/loss=0.130]

Validation DataLoader 0:  73%|███████▎  | 144/196 [00:02<00:00, 56.70it/s][A
Epoch 3:  93%|█████████▎| 730/782 [00:13<00:00, 53.78it/s, loss=0.106, val/accuracy=0.955, val/loss=0.117, train/accuracy=0.951, train/loss=0.130]

Validation DataLoader 0:  74%|███████▍  | 145/196 [00:02<00:00, 56.69it/s][A
Epoch 3:  93%|█████████▎| 731/782 [00:13<00:00, 53.78it/s, loss=0.106, val/accuracy=0.955, val/loss=0.117, train/accuracy=0.951, train/loss=0.130]

Validation DataLoader 0:  74%|███████▍  | 146/196 [00:02<00:00, 56.67it/s][A
Epoch 3:  94%|█████████▎| 732/782 [00:13<00:00, 53.78it/s, loss=0.106, val/accuracy=0.955, val/loss=0.117, train/accuracy=0.951, train/loss=0.130]

Validation DataLoader 0:  75%|███████▌  | 147/196 [00:02<00:00, 56.66it/s][A
Epoch 3:  94%|█████████▎| 733/782 [00:13<00:00, 53.79it/s, loss=0.106, val/accuracy=0.955, val/loss=0.117, train/accuracy=0.951, train/loss=0.130]

Validation DataLoader 0:  76%|███████▌  | 148/196 [00:02<00:00, 56.64it/s][A
Epoch 3:  94%|█████████▍| 734/782 [00:13<00:00, 53.79it/s, loss=0.106, val/accuracy=0.955, val/loss=0.117, train/accuracy=0.951, train/loss=0.130]

Validation DataLoader 0:  76%|███████▌  | 149/196 [00:02<00:00, 56.64it/s][A
Epoch 3:  94%|█████████▍| 735/782 [00:13<00:00, 53.79it/s, loss=0.106, val/accuracy=0.955, val/loss=0.117, train/accuracy=0.951, train/loss=0.130]

Validation DataLoader 0:  77%|███████▋  | 150/196 [00:02<00:00, 56.62it/s][A
Epoch 3:  94%|█████████▍| 736/782 [00:13<00:00, 53.79it/s, loss=0.106, val/accuracy=0.955, val/loss=0.117, train/accuracy=0.951, train/loss=0.130]

Validation DataLoader 0:  77%|███████▋  | 151/196 [00:02<00:00, 56.61it/s][A
Epoch 3:  94%|█████████▍| 737/782 [00:13<00:00, 53.79it/s, loss=0.106, val/accuracy=0.955, val/loss=0.117, train/accuracy=0.951, train/loss=0.130]

Validation DataLoader 0:  78%|███████▊  | 152/196 [00:02<00:00, 56.59it/s][A
Epoch 3:  94%|█████████▍| 738/782 [00:13<00:00, 53.79it/s, loss=0.106, val/accuracy=0.955, val/loss=0.117, train/accuracy=0.951, train/loss=0.130]

Validation DataLoader 0:  78%|███████▊  | 153/196 [00:02<00:00, 56.59it/s][A
Epoch 3:  95%|█████████▍| 739/782 [00:13<00:00, 53.79it/s, loss=0.106, val/accuracy=0.955, val/loss=0.117, train/accuracy=0.951, train/loss=0.130]

Validation DataLoader 0:  79%|███████▊  | 154/196 [00:02<00:00, 56.57it/s][A
Epoch 3:  95%|█████████▍| 740/782 [00:13<00:00, 53.79it/s, loss=0.106, val/accuracy=0.955, val/loss=0.117, train/accuracy=0.951, train/loss=0.130]

Validation DataLoader 0:  79%|███████▉  | 155/196 [00:02<00:00, 56.57it/s][A
Epoch 3:  95%|█████████▍| 741/782 [00:13<00:00, 53.80it/s, loss=0.106, val/accuracy=0.955, val/loss=0.117, train/accuracy=0.951, train/loss=0.130]

Validation DataLoader 0:  80%|███████▉  | 156/196 [00:02<00:00, 56.56it/s][A
Epoch 3:  95%|█████████▍| 742/782 [00:13<00:00, 53.80it/s, loss=0.106, val/accuracy=0.955, val/loss=0.117, train/accuracy=0.951, train/loss=0.130]

Validation DataLoader 0:  80%|████████  | 157/196 [00:02<00:00, 56.55it/s][A
Epoch 3:  95%|█████████▌| 743/782 [00:13<00:00, 53.80it/s, loss=0.106, val/accuracy=0.955, val/loss=0.117, train/accuracy=0.951, train/loss=0.130]

Validation DataLoader 0:  81%|████████  | 158/196 [00:02<00:00, 56.54it/s][A
Epoch 3:  95%|█████████▌| 744/782 [00:13<00:00, 53.80it/s, loss=0.106, val/accuracy=0.955, val/loss=0.117, train/accuracy=0.951, train/loss=0.130]

Validation DataLoader 0:  81%|████████  | 159/196 [00:02<00:00, 56.53it/s][A
Epoch 3:  95%|█████████▌| 745/782 [00:13<00:00, 53.80it/s, loss=0.106, val/accuracy=0.955, val/loss=0.117, train/accuracy=0.951, train/loss=0.130]

Validation DataLoader 0:  82%|████████▏ | 160/196 [00:02<00:00, 56.52it/s][A
Epoch 3:  95%|█████████▌| 746/782 [00:13<00:00, 53.81it/s, loss=0.106, val/accuracy=0.955, val/loss=0.117, train/accuracy=0.951, train/loss=0.130]

Validation DataLoader 0:  82%|████████▏ | 161/196 [00:02<00:00, 56.51it/s][A
Epoch 3:  96%|█████████▌| 747/782 [00:13<00:00, 53.81it/s, loss=0.106, val/accuracy=0.955, val/loss=0.117, train/accuracy=0.951, train/loss=0.130]

Validation DataLoader 0:  83%|████████▎ | 162/196 [00:02<00:00, 56.51it/s][A
Epoch 3:  96%|█████████▌| 748/782 [00:13<00:00, 53.81it/s, loss=0.106, val/accuracy=0.955, val/loss=0.117, train/accuracy=0.951, train/loss=0.130]

Validation DataLoader 0:  83%|████████▎ | 163/196 [00:02<00:00, 56.49it/s][A
Epoch 3:  96%|█████████▌| 749/782 [00:13<00:00, 53.81it/s, loss=0.106, val/accuracy=0.955, val/loss=0.117, train/accuracy=0.951, train/loss=0.130]

Validation DataLoader 0:  84%|████████▎ | 164/196 [00:02<00:00, 56.49it/s][A
Epoch 3:  96%|█████████▌| 750/782 [00:13<00:00, 53.81it/s, loss=0.106, val/accuracy=0.955, val/loss=0.117, train/accuracy=0.951, train/loss=0.130]

Validation DataLoader 0:  84%|████████▍ | 165/196 [00:02<00:00, 56.47it/s][A
Epoch 3:  96%|█████████▌| 751/782 [00:13<00:00, 53.81it/s, loss=0.106, val/accuracy=0.955, val/loss=0.117, train/accuracy=0.951, train/loss=0.130]

Validation DataLoader 0:  85%|████████▍ | 166/196 [00:02<00:00, 56.48it/s][A
Epoch 3:  96%|█████████▌| 752/782 [00:13<00:00, 53.82it/s, loss=0.106, val/accuracy=0.955, val/loss=0.117, train/accuracy=0.951, train/loss=0.130]

Validation DataLoader 0:  85%|████████▌ | 167/196 [00:02<00:00, 56.48it/s][A
Epoch 3:  96%|█████████▋| 753/782 [00:13<00:00, 53.82it/s, loss=0.106, val/accuracy=0.955, val/loss=0.117, train/accuracy=0.951, train/loss=0.130]

Validation DataLoader 0:  86%|████████▌ | 168/196 [00:02<00:00, 56.45it/s][A
Epoch 3:  96%|█████████▋| 754/782 [00:14<00:00, 53.82it/s, loss=0.106, val/accuracy=0.955, val/loss=0.117, train/accuracy=0.951, train/loss=0.130]

Validation DataLoader 0:  86%|████████▌ | 169/196 [00:02<00:00, 56.44it/s][A
Epoch 3:  97%|█████████▋| 755/782 [00:14<00:00, 53.82it/s, loss=0.106, val/accuracy=0.955, val/loss=0.117, train/accuracy=0.951, train/loss=0.130]

Validation DataLoader 0:  87%|████████▋ | 170/196 [00:03<00:00, 56.44it/s][A
Epoch 3:  97%|█████████▋| 756/782 [00:14<00:00, 53.82it/s, loss=0.106, val/accuracy=0.955, val/loss=0.117, train/accuracy=0.951, train/loss=0.130]

Validation DataLoader 0:  87%|████████▋ | 171/196 [00:03<00:00, 56.44it/s][A
Epoch 3:  97%|█████████▋| 757/782 [00:14<00:00, 53.83it/s, loss=0.106, val/accuracy=0.955, val/loss=0.117, train/accuracy=0.951, train/loss=0.130]

Validation DataLoader 0:  88%|████████▊ | 172/196 [00:03<00:00, 56.45it/s][A
Epoch 3:  97%|█████████▋| 758/782 [00:14<00:00, 53.83it/s, loss=0.106, val/accuracy=0.955, val/loss=0.117, train/accuracy=0.951, train/loss=0.130]

Validation DataLoader 0:  88%|████████▊ | 173/196 [00:03<00:00, 56.45it/s][A
Epoch 3:  97%|█████████▋| 759/782 [00:14<00:00, 53.84it/s, loss=0.106, val/accuracy=0.955, val/loss=0.117, train/accuracy=0.951, train/loss=0.130]

Validation DataLoader 0:  89%|████████▉ | 174/196 [00:03<00:00, 56.46it/s][A
Epoch 3:  97%|█████████▋| 760/782 [00:14<00:00, 53.84it/s, loss=0.106, val/accuracy=0.955, val/loss=0.117, train/accuracy=0.951, train/loss=0.130]

Validation DataLoader 0:  89%|████████▉ | 175/196 [00:03<00:00, 56.46it/s][A
Epoch 3:  97%|█████████▋| 761/782 [00:14<00:00, 53.84it/s, loss=0.106, val/accuracy=0.955, val/loss=0.117, train/accuracy=0.951, train/loss=0.130]

Validation DataLoader 0:  90%|████████▉ | 176/196 [00:03<00:00, 56.47it/s][A
Epoch 3:  97%|█████████▋| 762/782 [00:14<00:00, 53.85it/s, loss=0.106, val/accuracy=0.955, val/loss=0.117, train/accuracy=0.951, train/loss=0.130]

Validation DataLoader 0:  90%|█████████ | 177/196 [00:03<00:00, 56.49it/s][A
Epoch 3:  98%|█████████▊| 763/782 [00:14<00:00, 53.86it/s, loss=0.106, val/accuracy=0.955, val/loss=0.117, train/accuracy=0.951, train/loss=0.130]

Validation DataLoader 0:  91%|█████████ | 178/196 [00:03<00:00, 56.49it/s][A
Epoch 3:  98%|█████████▊| 764/782 [00:14<00:00, 53.86it/s, loss=0.106, val/accuracy=0.955, val/loss=0.117, train/accuracy=0.951, train/loss=0.130]

Validation DataLoader 0:  91%|█████████▏| 179/196 [00:03<00:00, 56.51it/s][A
Epoch 3:  98%|█████████▊| 765/782 [00:14<00:00, 53.87it/s, loss=0.106, val/accuracy=0.955, val/loss=0.117, train/accuracy=0.951, train/loss=0.130]

Validation DataLoader 0:  92%|█████████▏| 180/196 [00:03<00:00, 56.52it/s][A
Epoch 3:  98%|█████████▊| 766/782 [00:14<00:00, 53.87it/s, loss=0.106, val/accuracy=0.955, val/loss=0.117, train/accuracy=0.951, train/loss=0.130]

Validation DataLoader 0:  92%|█████████▏| 181/196 [00:03<00:00, 56.54it/s][A
Epoch 3:  98%|█████████▊| 767/782 [00:14<00:00, 53.88it/s, loss=0.106, val/accuracy=0.955, val/loss=0.117, train/accuracy=0.951, train/loss=0.130]

Validation DataLoader 0:  93%|█████████▎| 182/196 [00:03<00:00, 56.53it/s][A
Epoch 3:  98%|█████████▊| 768/782 [00:14<00:00, 53.88it/s, loss=0.106, val/accuracy=0.955, val/loss=0.117, train/accuracy=0.951, train/loss=0.130]

Validation DataLoader 0:  93%|█████████▎| 183/196 [00:03<00:00, 56.52it/s][A
Epoch 3:  98%|█████████▊| 769/782 [00:14<00:00, 53.88it/s, loss=0.106, val/accuracy=0.955, val/loss=0.117, train/accuracy=0.951, train/loss=0.130]

Validation DataLoader 0:  94%|█████████▍| 184/196 [00:03<00:00, 56.53it/s][A
Epoch 3:  98%|█████████▊| 770/782 [00:14<00:00, 53.89it/s, loss=0.106, val/accuracy=0.955, val/loss=0.117, train/accuracy=0.951, train/loss=0.130]

Validation DataLoader 0:  94%|█████████▍| 185/196 [00:03<00:00, 56.50it/s][A
Epoch 3:  99%|█████████▊| 771/782 [00:14<00:00, 53.88it/s, loss=0.106, val/accuracy=0.955, val/loss=0.117, train/accuracy=0.951, train/loss=0.130]

Validation DataLoader 0:  95%|█████████▍| 186/196 [00:03<00:00, 56.49it/s][A
Epoch 3:  99%|█████████▊| 772/782 [00:14<00:00, 53.89it/s, loss=0.106, val/accuracy=0.955, val/loss=0.117, train/accuracy=0.951, train/loss=0.130]

Validation DataLoader 0:  95%|█████████▌| 187/196 [00:03<00:00, 56.48it/s][A
Epoch 3:  99%|█████████▉| 773/782 [00:14<00:00, 53.89it/s, loss=0.106, val/accuracy=0.955, val/loss=0.117, train/accuracy=0.951, train/loss=0.130]

Validation DataLoader 0:  96%|█████████▌| 188/196 [00:03<00:00, 56.49it/s][A
Epoch 3:  99%|█████████▉| 774/782 [00:14<00:00, 53.89it/s, loss=0.106, val/accuracy=0.955, val/loss=0.117, train/accuracy=0.951, train/loss=0.130]

Validation DataLoader 0:  96%|█████████▋| 189/196 [00:03<00:00, 56.45it/s][A
Epoch 3:  99%|█████████▉| 775/782 [00:14<00:00, 53.89it/s, loss=0.106, val/accuracy=0.955, val/loss=0.117, train/accuracy=0.951, train/loss=0.130]

Validation DataLoader 0:  97%|█████████▋| 190/196 [00:03<00:00, 56.46it/s][A
Epoch 3:  99%|█████████▉| 776/782 [00:14<00:00, 53.89it/s, loss=0.106, val/accuracy=0.955, val/loss=0.117, train/accuracy=0.951, train/loss=0.130]

Validation DataLoader 0:  97%|█████████▋| 191/196 [00:03<00:00, 56.47it/s][A
Epoch 3:  99%|█████████▉| 777/782 [00:14<00:00, 53.90it/s, loss=0.106, val/accuracy=0.955, val/loss=0.117, train/accuracy=0.951, train/loss=0.130]

Validation DataLoader 0:  98%|█████████▊| 192/196 [00:03<00:00, 56.48it/s][A
Epoch 3:  99%|█████████▉| 778/782 [00:14<00:00, 53.90it/s, loss=0.106, val/accuracy=0.955, val/loss=0.117, train/accuracy=0.951, train/loss=0.130]

Validation DataLoader 0:  98%|█████████▊| 193/196 [00:03<00:00, 56.48it/s][A
Epoch 3: 100%|█████████▉| 779/782 [00:14<00:00, 53.91it/s, loss=0.106, val/accuracy=0.955, val/loss=0.117, train/accuracy=0.951, train/loss=0.130]

Validation DataLoader 0:  99%|█████████▉| 194/196 [00:03<00:00, 56.49it/s][A
Epoch 3: 100%|█████████▉| 780/782 [00:14<00:00, 53.91it/s, loss=0.106, val/accuracy=0.955, val/loss=0.117, train/accuracy=0.951, train/loss=0.130]

Validation DataLoader 0:  99%|█████████▉| 195/196 [00:03<00:00, 56.67it/s][A
Epoch 3: 100%|█████████▉| 781/782 [00:14<00:00, 53.96it/s, loss=0.106, val/accuracy=0.955, val/loss=0.117, train/accuracy=0.951, train/loss=0.130]

Validation DataLoader 0: 100%|██████████| 196/196 [00:03<00:00, 56.88it/s][A
Epoch 3: 100%|██████████| 782/782 [00:14<00:00, 54.01it/s, loss=0.106, val/accuracy=0.955, val/loss=0.117, train/accuracy=0.951, train/loss=0.130]
Epoch 3: 100%|██████████| 782/782 [00:14<00:00, 54.00it/s, loss=0.106, val/accuracy=0.957, val/loss=0.112, train/accuracy=0.951, train/loss=0.130]

                                                                          [A
Epoch 3: 100%|██████████| 782/782 [00:14<00:00, 53.98it/s, loss=0.106, val/accuracy=0.957, val/loss=0.112, train/accuracy=0.956, train/loss=0.116]Epoch 3, global step 2344: 'val/accuracy' reached 0.95660 (best 0.95660), saving model to '/home/cxo147/hyena-dna/results/genomic_benchmark_demo_human_or_worm_20251020_212705/checkpoints/val/accuracy.ckpt' as top 1

Epoch 3:   0%|          | 0/782 [00:00<?, ?it/s, loss=0.106, val/accuracy=0.957, val/loss=0.112, train/accuracy=0.956, train/loss=0.116]          
Epoch 4:   0%|          | 0/782 [00:00<?, ?it/s, loss=0.106, val/accuracy=0.957, val/loss=0.112, train/accuracy=0.956, train/loss=0.116]
Epoch 4:   0%|          | 1/782 [00:00<02:10,  6.00it/s, loss=0.106, val/accuracy=0.957, val/loss=0.112, train/accuracy=0.956, train/loss=0.116]
Epoch 4:   0%|          | 1/782 [00:00<02:11,  5.95it/s, loss=0.11, val/accuracy=0.957, val/loss=0.112, train/accuracy=0.956, train/loss=0.116] 
Epoch 4:   0%|          | 2/782 [00:00<01:13, 10.60it/s, loss=0.11, val/accuracy=0.957, val/loss=0.112, train/accuracy=0.956, train/loss=0.116]
Epoch 4:   0%|          | 2/782 [00:00<01:13, 10.58it/s, loss=0.108, val/accuracy=0.957, val/loss=0.112, train/accuracy=0.956, train/loss=0.116]
Epoch 4:   0%|          | 3/782 [00:00<00:54, 14.37it/s, loss=0.108, val/accuracy=0.957, val/loss=0.112, train/accuracy=0.956, train/loss=0.116]
Epoch 4:   0%|          | 3/782 [00:00<00:54, 14.35it/s, loss=0.114, val/accuracy=0.957, val/loss=0.112, train/accuracy=0.956, train/loss=0.116]
Epoch 4:   1%|          | 4/782 [00:00<00:44, 17.48it/s, loss=0.114, val/accuracy=0.957, val/loss=0.112, train/accuracy=0.956, train/loss=0.116]
Epoch 4:   1%|          | 4/782 [00:00<00:44, 17.46it/s, loss=0.119, val/accuracy=0.957, val/loss=0.112, train/accuracy=0.956, train/loss=0.116]
Epoch 4:   1%|          | 5/782 [00:00<00:38, 20.21it/s, loss=0.119, val/accuracy=0.957, val/loss=0.112, train/accuracy=0.956, train/loss=0.116]
Epoch 4:   1%|          | 5/782 [00:00<00:38, 20.19it/s, loss=0.116, val/accuracy=0.957, val/loss=0.112, train/accuracy=0.956, train/loss=0.116]
Epoch 4:   1%|          | 6/782 [00:00<00:34, 22.57it/s, loss=0.116, val/accuracy=0.957, val/loss=0.112, train/accuracy=0.956, train/loss=0.116]
Epoch 4:   1%|          | 6/782 [00:00<00:34, 22.55it/s, loss=0.119, val/accuracy=0.957, val/loss=0.112, train/accuracy=0.956, train/loss=0.116]
Epoch 4:   1%|          | 7/782 [00:00<00:31, 24.62it/s, loss=0.119, val/accuracy=0.957, val/loss=0.112, train/accuracy=0.956, train/loss=0.116]
Epoch 4:   1%|          | 7/782 [00:00<00:31, 24.60it/s, loss=0.115, val/accuracy=0.957, val/loss=0.112, train/accuracy=0.956, train/loss=0.116]
Epoch 4:   1%|          | 8/782 [00:00<00:29, 26.43it/s, loss=0.115, val/accuracy=0.957, val/loss=0.112, train/accuracy=0.956, train/loss=0.116]
Epoch 4:   1%|          | 8/782 [00:00<00:29, 26.41it/s, loss=0.11, val/accuracy=0.957, val/loss=0.112, train/accuracy=0.956, train/loss=0.116] 
Epoch 4:   1%|          | 9/782 [00:00<00:27, 28.05it/s, loss=0.11, val/accuracy=0.957, val/loss=0.112, train/accuracy=0.956, train/loss=0.116]
Epoch 4:   1%|          | 9/782 [00:00<00:27, 28.03it/s, loss=0.111, val/accuracy=0.957, val/loss=0.112, train/accuracy=0.956, train/loss=0.116]
Epoch 4:   1%|▏         | 10/782 [00:00<00:26, 29.49it/s, loss=0.111, val/accuracy=0.957, val/loss=0.112, train/accuracy=0.956, train/loss=0.116]
Epoch 4:   1%|▏         | 10/782 [00:00<00:26, 29.47it/s, loss=0.108, val/accuracy=0.957, val/loss=0.112, train/accuracy=0.956, train/loss=0.116]
Epoch 4:   1%|▏         | 11/782 [00:00<00:25, 30.79it/s, loss=0.108, val/accuracy=0.957, val/loss=0.112, train/accuracy=0.956, train/loss=0.116]
Epoch 4:   1%|▏         | 11/782 [00:00<00:25, 30.77it/s, loss=0.11, val/accuracy=0.957, val/loss=0.112, train/accuracy=0.956, train/loss=0.116] 
Epoch 4:   2%|▏         | 12/782 [00:00<00:24, 31.95it/s, loss=0.11, val/accuracy=0.957, val/loss=0.112, train/accuracy=0.956, train/loss=0.116]
Epoch 4:   2%|▏         | 12/782 [00:00<00:24, 31.93it/s, loss=0.111, val/accuracy=0.957, val/loss=0.112, train/accuracy=0.956, train/loss=0.116]
Epoch 4:   2%|▏         | 13/782 [00:00<00:23, 33.00it/s, loss=0.111, val/accuracy=0.957, val/loss=0.112, train/accuracy=0.956, train/loss=0.116]
Epoch 4:   2%|▏         | 13/782 [00:00<00:23, 32.98it/s, loss=0.111, val/accuracy=0.957, val/loss=0.112, train/accuracy=0.956, train/loss=0.116]
Epoch 4:   2%|▏         | 14/782 [00:00<00:22, 33.97it/s, loss=0.111, val/accuracy=0.957, val/loss=0.112, train/accuracy=0.956, train/loss=0.116]
Epoch 4:   2%|▏         | 14/782 [00:00<00:22, 33.95it/s, loss=0.107, val/accuracy=0.957, val/loss=0.112, train/accuracy=0.956, train/loss=0.116]
Epoch 4:   2%|▏         | 15/782 [00:00<00:22, 34.84it/s, loss=0.107, val/accuracy=0.957, val/loss=0.112, train/accuracy=0.956, train/loss=0.116]
Epoch 4:   2%|▏         | 15/782 [00:00<00:22, 34.82it/s, loss=0.106, val/accuracy=0.957, val/loss=0.112, train/accuracy=0.956, train/loss=0.116]
Epoch 4:   2%|▏         | 16/782 [00:00<00:21, 35.65it/s, loss=0.106, val/accuracy=0.957, val/loss=0.112, train/accuracy=0.956, train/loss=0.116]
Epoch 4:   2%|▏         | 16/782 [00:00<00:21, 35.63it/s, loss=0.108, val/accuracy=0.957, val/loss=0.112, train/accuracy=0.956, train/loss=0.116]
Epoch 4:   2%|▏         | 17/782 [00:00<00:21, 36.38it/s, loss=0.108, val/accuracy=0.957, val/loss=0.112, train/accuracy=0.956, train/loss=0.116]
Epoch 4:   2%|▏         | 17/782 [00:00<00:21, 36.36it/s, loss=0.109, val/accuracy=0.957, val/loss=0.112, train/accuracy=0.956, train/loss=0.116]
Epoch 4:   2%|▏         | 18/782 [00:00<00:20, 37.08it/s, loss=0.109, val/accuracy=0.957, val/loss=0.112, train/accuracy=0.956, train/loss=0.116]
Epoch 4:   2%|▏         | 18/782 [00:00<00:20, 37.06it/s, loss=0.108, val/accuracy=0.957, val/loss=0.112, train/accuracy=0.956, train/loss=0.116]
Epoch 4:   2%|▏         | 19/782 [00:00<00:20, 37.71it/s, loss=0.108, val/accuracy=0.957, val/loss=0.112, train/accuracy=0.956, train/loss=0.116]
Epoch 4:   2%|▏         | 19/782 [00:00<00:20, 37.69it/s, loss=0.103, val/accuracy=0.957, val/loss=0.112, train/accuracy=0.956, train/loss=0.116]
Epoch 4:   3%|▎         | 20/782 [00:00<00:19, 38.31it/s, loss=0.103, val/accuracy=0.957, val/loss=0.112, train/accuracy=0.956, train/loss=0.116]
Epoch 4:   3%|▎         | 20/782 [00:00<00:19, 38.29it/s, loss=0.105, val/accuracy=0.957, val/loss=0.112, train/accuracy=0.956, train/loss=0.116]
Epoch 4:   3%|▎         | 21/782 [00:00<00:19, 38.86it/s, loss=0.105, val/accuracy=0.957, val/loss=0.112, train/accuracy=0.956, train/loss=0.116]
Epoch 4:   3%|▎         | 21/782 [00:00<00:19, 38.84it/s, loss=0.106, val/accuracy=0.957, val/loss=0.112, train/accuracy=0.956, train/loss=0.116]
Epoch 4:   3%|▎         | 22/782 [00:00<00:19, 39.38it/s, loss=0.106, val/accuracy=0.957, val/loss=0.112, train/accuracy=0.956, train/loss=0.116]
Epoch 4:   3%|▎         | 22/782 [00:00<00:19, 39.36it/s, loss=0.109, val/accuracy=0.957, val/loss=0.112, train/accuracy=0.956, train/loss=0.116]
Epoch 4:   3%|▎         | 23/782 [00:00<00:19, 39.86it/s, loss=0.109, val/accuracy=0.957, val/loss=0.112, train/accuracy=0.956, train/loss=0.116]
Epoch 4:   3%|▎         | 23/782 [00:00<00:19, 39.84it/s, loss=0.103, val/accuracy=0.957, val/loss=0.112, train/accuracy=0.956, train/loss=0.116]
Epoch 4:   3%|▎         | 24/782 [00:00<00:18, 40.32it/s, loss=0.103, val/accuracy=0.957, val/loss=0.112, train/accuracy=0.956, train/loss=0.116]
Epoch 4:   3%|▎         | 24/782 [00:00<00:18, 40.31it/s, loss=0.0993, val/accuracy=0.957, val/loss=0.112, train/accuracy=0.956, train/loss=0.116]
Epoch 4:   3%|▎         | 25/782 [00:00<00:18, 40.75it/s, loss=0.0993, val/accuracy=0.957, val/loss=0.112, train/accuracy=0.956, train/loss=0.116]
Epoch 4:   3%|▎         | 25/782 [00:00<00:18, 40.74it/s, loss=0.102, val/accuracy=0.957, val/loss=0.112, train/accuracy=0.956, train/loss=0.116] 
Epoch 4:   3%|▎         | 26/782 [00:00<00:18, 41.16it/s, loss=0.102, val/accuracy=0.957, val/loss=0.112, train/accuracy=0.956, train/loss=0.116]
Epoch 4:   3%|▎         | 26/782 [00:00<00:18, 41.15it/s, loss=0.101, val/accuracy=0.957, val/loss=0.112, train/accuracy=0.956, train/loss=0.116]
Epoch 4:   3%|▎         | 27/782 [00:00<00:18, 41.54it/s, loss=0.101, val/accuracy=0.957, val/loss=0.112, train/accuracy=0.956, train/loss=0.116]
Epoch 4:   3%|▎         | 27/782 [00:00<00:18, 41.53it/s, loss=0.105, val/accuracy=0.957, val/loss=0.112, train/accuracy=0.956, train/loss=0.116]
Epoch 4:   4%|▎         | 28/782 [00:00<00:17, 41.91it/s, loss=0.105, val/accuracy=0.957, val/loss=0.112, train/accuracy=0.956, train/loss=0.116]
Epoch 4:   4%|▎         | 28/782 [00:00<00:17, 41.89it/s, loss=0.108, val/accuracy=0.957, val/loss=0.112, train/accuracy=0.956, train/loss=0.116]
Epoch 4:   4%|▎         | 29/782 [00:00<00:17, 42.25it/s, loss=0.108, val/accuracy=0.957, val/loss=0.112, train/accuracy=0.956, train/loss=0.116]
Epoch 4:   4%|▎         | 29/782 [00:00<00:17, 42.23it/s, loss=0.108, val/accuracy=0.957, val/loss=0.112, train/accuracy=0.956, train/loss=0.116]
Epoch 4:   4%|▍         | 30/782 [00:00<00:17, 42.57it/s, loss=0.108, val/accuracy=0.957, val/loss=0.112, train/accuracy=0.956, train/loss=0.116]
Epoch 4:   4%|▍         | 30/782 [00:00<00:17, 42.56it/s, loss=0.106, val/accuracy=0.957, val/loss=0.112, train/accuracy=0.956, train/loss=0.116]
Epoch 4:   4%|▍         | 31/782 [00:00<00:17, 42.89it/s, loss=0.106, val/accuracy=0.957, val/loss=0.112, train/accuracy=0.956, train/loss=0.116]
Epoch 4:   4%|▍         | 31/782 [00:00<00:17, 42.88it/s, loss=0.106, val/accuracy=0.957, val/loss=0.112, train/accuracy=0.956, train/loss=0.116]
Epoch 4:   4%|▍         | 32/782 [00:00<00:17, 43.19it/s, loss=0.106, val/accuracy=0.957, val/loss=0.112, train/accuracy=0.956, train/loss=0.116]
Epoch 4:   4%|▍         | 32/782 [00:00<00:17, 43.18it/s, loss=0.103, val/accuracy=0.957, val/loss=0.112, train/accuracy=0.956, train/loss=0.116]
Epoch 4:   4%|▍         | 33/782 [00:00<00:17, 43.47it/s, loss=0.103, val/accuracy=0.957, val/loss=0.112, train/accuracy=0.956, train/loss=0.116]
Epoch 4:   4%|▍         | 33/782 [00:00<00:17, 43.46it/s, loss=0.103, val/accuracy=0.957, val/loss=0.112, train/accuracy=0.956, train/loss=0.116]
Epoch 4:   4%|▍         | 34/782 [00:00<00:17, 43.73it/s, loss=0.103, val/accuracy=0.957, val/loss=0.112, train/accuracy=0.956, train/loss=0.116]
Epoch 4:   4%|▍         | 34/782 [00:00<00:17, 43.72it/s, loss=0.106, val/accuracy=0.957, val/loss=0.112, train/accuracy=0.956, train/loss=0.116]
Epoch 4:   4%|▍         | 35/782 [00:00<00:16, 43.99it/s, loss=0.106, val/accuracy=0.957, val/loss=0.112, train/accuracy=0.956, train/loss=0.116]
Epoch 4:   4%|▍         | 35/782 [00:00<00:16, 43.98it/s, loss=0.105, val/accuracy=0.957, val/loss=0.112, train/accuracy=0.956, train/loss=0.116]
Epoch 4:   5%|▍         | 36/782 [00:00<00:16, 44.23it/s, loss=0.105, val/accuracy=0.957, val/loss=0.112, train/accuracy=0.956, train/loss=0.116]
Epoch 4:   5%|▍         | 36/782 [00:00<00:16, 44.22it/s, loss=0.103, val/accuracy=0.957, val/loss=0.112, train/accuracy=0.956, train/loss=0.116]
Epoch 4:   5%|▍         | 37/782 [00:00<00:16, 44.47it/s, loss=0.103, val/accuracy=0.957, val/loss=0.112, train/accuracy=0.956, train/loss=0.116]
Epoch 4:   5%|▍         | 37/782 [00:00<00:16, 44.46it/s, loss=0.101, val/accuracy=0.957, val/loss=0.112, train/accuracy=0.956, train/loss=0.116]
Epoch 4:   5%|▍         | 38/782 [00:00<00:16, 44.70it/s, loss=0.101, val/accuracy=0.957, val/loss=0.112, train/accuracy=0.956, train/loss=0.116]
Epoch 4:   5%|▍         | 38/782 [00:00<00:16, 44.69it/s, loss=0.103, val/accuracy=0.957, val/loss=0.112, train/accuracy=0.956, train/loss=0.116]
Epoch 4:   5%|▍         | 39/782 [00:00<00:16, 44.91it/s, loss=0.103, val/accuracy=0.957, val/loss=0.112, train/accuracy=0.956, train/loss=0.116]
Epoch 4:   5%|▍         | 39/782 [00:00<00:16, 44.90it/s, loss=0.105, val/accuracy=0.957, val/loss=0.112, train/accuracy=0.956, train/loss=0.116]
Epoch 4:   5%|▌         | 40/782 [00:00<00:16, 45.12it/s, loss=0.105, val/accuracy=0.957, val/loss=0.112, train/accuracy=0.956, train/loss=0.116]
Epoch 4:   5%|▌         | 40/782 [00:00<00:16, 45.10it/s, loss=0.104, val/accuracy=0.957, val/loss=0.112, train/accuracy=0.956, train/loss=0.116]
Epoch 4:   5%|▌         | 41/782 [00:00<00:16, 45.31it/s, loss=0.104, val/accuracy=0.957, val/loss=0.112, train/accuracy=0.956, train/loss=0.116]
Epoch 4:   5%|▌         | 41/782 [00:00<00:16, 45.30it/s, loss=0.101, val/accuracy=0.957, val/loss=0.112, train/accuracy=0.956, train/loss=0.116]
Epoch 4:   5%|▌         | 42/782 [00:00<00:16, 45.50it/s, loss=0.101, val/accuracy=0.957, val/loss=0.112, train/accuracy=0.956, train/loss=0.116]
Epoch 4:   5%|▌         | 42/782 [00:00<00:16, 45.49it/s, loss=0.101, val/accuracy=0.957, val/loss=0.112, train/accuracy=0.956, train/loss=0.116]
Epoch 4:   5%|▌         | 43/782 [00:00<00:16, 45.68it/s, loss=0.101, val/accuracy=0.957, val/loss=0.112, train/accuracy=0.956, train/loss=0.116]
Epoch 4:   5%|▌         | 43/782 [00:00<00:16, 45.67it/s, loss=0.0999, val/accuracy=0.957, val/loss=0.112, train/accuracy=0.956, train/loss=0.116]
Epoch 4:   6%|▌         | 44/782 [00:00<00:16, 45.86it/s, loss=0.0999, val/accuracy=0.957, val/loss=0.112, train/accuracy=0.956, train/loss=0.116]
Epoch 4:   6%|▌         | 44/782 [00:00<00:16, 45.85it/s, loss=0.0993, val/accuracy=0.957, val/loss=0.112, train/accuracy=0.956, train/loss=0.116]
Epoch 4:   6%|▌         | 45/782 [00:00<00:16, 46.03it/s, loss=0.0993, val/accuracy=0.957, val/loss=0.112, train/accuracy=0.956, train/loss=0.116]
Epoch 4:   6%|▌         | 45/782 [00:00<00:16, 46.02it/s, loss=0.0982, val/accuracy=0.957, val/loss=0.112, train/accuracy=0.956, train/loss=0.116]
Epoch 4:   6%|▌         | 46/782 [00:00<00:15, 46.19it/s, loss=0.0982, val/accuracy=0.957, val/loss=0.112, train/accuracy=0.956, train/loss=0.116]
Epoch 4:   6%|▌         | 46/782 [00:00<00:15, 46.18it/s, loss=0.0989, val/accuracy=0.957, val/loss=0.112, train/accuracy=0.956, train/loss=0.116]
Epoch 4:   6%|▌         | 47/782 [00:01<00:15, 46.34it/s, loss=0.0989, val/accuracy=0.957, val/loss=0.112, train/accuracy=0.956, train/loss=0.116]
Epoch 4:   6%|▌         | 47/782 [00:01<00:15, 46.33it/s, loss=0.0998, val/accuracy=0.957, val/loss=0.112, train/accuracy=0.956, train/loss=0.116]
Epoch 4:   6%|▌         | 48/782 [00:01<00:15, 46.49it/s, loss=0.0998, val/accuracy=0.957, val/loss=0.112, train/accuracy=0.956, train/loss=0.116]
Epoch 4:   6%|▌         | 48/782 [00:01<00:15, 46.48it/s, loss=0.101, val/accuracy=0.957, val/loss=0.112, train/accuracy=0.956, train/loss=0.116] 
Epoch 4:   6%|▋         | 49/782 [00:01<00:15, 46.64it/s, loss=0.101, val/accuracy=0.957, val/loss=0.112, train/accuracy=0.956, train/loss=0.116]
Epoch 4:   6%|▋         | 49/782 [00:01<00:15, 46.62it/s, loss=0.101, val/accuracy=0.957, val/loss=0.112, train/accuracy=0.956, train/loss=0.116]
Epoch 4:   6%|▋         | 50/782 [00:01<00:15, 46.78it/s, loss=0.101, val/accuracy=0.957, val/loss=0.112, train/accuracy=0.956, train/loss=0.116]
Epoch 4:   6%|▋         | 50/782 [00:01<00:15, 46.77it/s, loss=0.104, val/accuracy=0.957, val/loss=0.112, train/accuracy=0.956, train/loss=0.116]
Epoch 4:   7%|▋         | 51/782 [00:01<00:15, 46.91it/s, loss=0.104, val/accuracy=0.957, val/loss=0.112, train/accuracy=0.956, train/loss=0.116]
Epoch 4:   7%|▋         | 51/782 [00:01<00:15, 46.90it/s, loss=0.102, val/accuracy=0.957, val/loss=0.112, train/accuracy=0.956, train/loss=0.116]
Epoch 4:   7%|▋         | 52/782 [00:01<00:15, 47.05it/s, loss=0.102, val/accuracy=0.957, val/loss=0.112, train/accuracy=0.956, train/loss=0.116]
Epoch 4:   7%|▋         | 52/782 [00:01<00:15, 47.04it/s, loss=0.103, val/accuracy=0.957, val/loss=0.112, train/accuracy=0.956, train/loss=0.116]
Epoch 4:   7%|▋         | 53/782 [00:01<00:15, 47.18it/s, loss=0.103, val/accuracy=0.957, val/loss=0.112, train/accuracy=0.956, train/loss=0.116]
Epoch 4:   7%|▋         | 53/782 [00:01<00:15, 47.17it/s, loss=0.103, val/accuracy=0.957, val/loss=0.112, train/accuracy=0.956, train/loss=0.116]
Epoch 4:   7%|▋         | 54/782 [00:01<00:15, 47.30it/s, loss=0.103, val/accuracy=0.957, val/loss=0.112, train/accuracy=0.956, train/loss=0.116]
Epoch 4:   7%|▋         | 54/782 [00:01<00:15, 47.29it/s, loss=0.102, val/accuracy=0.957, val/loss=0.112, train/accuracy=0.956, train/loss=0.116]
Epoch 4:   7%|▋         | 55/782 [00:01<00:15, 47.42it/s, loss=0.102, val/accuracy=0.957, val/loss=0.112, train/accuracy=0.956, train/loss=0.116]
Epoch 4:   7%|▋         | 55/782 [00:01<00:15, 47.41it/s, loss=0.106, val/accuracy=0.957, val/loss=0.112, train/accuracy=0.956, train/loss=0.116]
Epoch 4:   7%|▋         | 56/782 [00:01<00:15, 47.53it/s, loss=0.106, val/accuracy=0.957, val/loss=0.112, train/accuracy=0.956, train/loss=0.116]
Epoch 4:   7%|▋         | 56/782 [00:01<00:15, 47.52it/s, loss=0.107, val/accuracy=0.957, val/loss=0.112, train/accuracy=0.956, train/loss=0.116]
Epoch 4:   7%|▋         | 57/782 [00:01<00:15, 47.60it/s, loss=0.107, val/accuracy=0.957, val/loss=0.112, train/accuracy=0.956, train/loss=0.116]
Epoch 4:   7%|▋         | 57/782 [00:01<00:15, 47.59it/s, loss=0.108, val/accuracy=0.957, val/loss=0.112, train/accuracy=0.956, train/loss=0.116]
Epoch 4:   7%|▋         | 58/782 [00:01<00:15, 47.71it/s, loss=0.108, val/accuracy=0.957, val/loss=0.112, train/accuracy=0.956, train/loss=0.116]
Epoch 4:   7%|▋         | 58/782 [00:01<00:15, 47.70it/s, loss=0.111, val/accuracy=0.957, val/loss=0.112, train/accuracy=0.956, train/loss=0.116]
Epoch 4:   8%|▊         | 59/782 [00:01<00:15, 47.82it/s, loss=0.111, val/accuracy=0.957, val/loss=0.112, train/accuracy=0.956, train/loss=0.116]
Epoch 4:   8%|▊         | 59/782 [00:01<00:15, 47.81it/s, loss=0.11, val/accuracy=0.957, val/loss=0.112, train/accuracy=0.956, train/loss=0.116] 
Epoch 4:   8%|▊         | 60/782 [00:01<00:15, 47.92it/s, loss=0.11, val/accuracy=0.957, val/loss=0.112, train/accuracy=0.956, train/loss=0.116]
Epoch 4:   8%|▊         | 60/782 [00:01<00:15, 47.92it/s, loss=0.113, val/accuracy=0.957, val/loss=0.112, train/accuracy=0.956, train/loss=0.116]
Epoch 4:   8%|▊         | 61/782 [00:01<00:15, 48.03it/s, loss=0.113, val/accuracy=0.957, val/loss=0.112, train/accuracy=0.956, train/loss=0.116]
Epoch 4:   8%|▊         | 61/782 [00:01<00:15, 48.02it/s, loss=0.115, val/accuracy=0.957, val/loss=0.112, train/accuracy=0.956, train/loss=0.116]
Epoch 4:   8%|▊         | 62/782 [00:01<00:14, 48.13it/s, loss=0.115, val/accuracy=0.957, val/loss=0.112, train/accuracy=0.956, train/loss=0.116]
Epoch 4:   8%|▊         | 62/782 [00:01<00:14, 48.12it/s, loss=0.116, val/accuracy=0.957, val/loss=0.112, train/accuracy=0.956, train/loss=0.116]
Epoch 4:   8%|▊         | 63/782 [00:01<00:14, 48.23it/s, loss=0.116, val/accuracy=0.957, val/loss=0.112, train/accuracy=0.956, train/loss=0.116]
Epoch 4:   8%|▊         | 63/782 [00:01<00:14, 48.22it/s, loss=0.119, val/accuracy=0.957, val/loss=0.112, train/accuracy=0.956, train/loss=0.116]
Epoch 4:   8%|▊         | 64/782 [00:01<00:14, 48.32it/s, loss=0.119, val/accuracy=0.957, val/loss=0.112, train/accuracy=0.956, train/loss=0.116]
Epoch 4:   8%|▊         | 64/782 [00:01<00:14, 48.31it/s, loss=0.12, val/accuracy=0.957, val/loss=0.112, train/accuracy=0.956, train/loss=0.116] 
Epoch 4:   8%|▊         | 65/782 [00:01<00:14, 48.41it/s, loss=0.12, val/accuracy=0.957, val/loss=0.112, train/accuracy=0.956, train/loss=0.116]
Epoch 4:   8%|▊         | 65/782 [00:01<00:14, 48.40it/s, loss=0.123, val/accuracy=0.957, val/loss=0.112, train/accuracy=0.956, train/loss=0.116]
Epoch 4:   8%|▊         | 66/782 [00:01<00:14, 48.50it/s, loss=0.123, val/accuracy=0.957, val/loss=0.112, train/accuracy=0.956, train/loss=0.116]
Epoch 4:   8%|▊         | 66/782 [00:01<00:14, 48.50it/s, loss=0.124, val/accuracy=0.957, val/loss=0.112, train/accuracy=0.956, train/loss=0.116]
Epoch 4:   9%|▊         | 67/782 [00:01<00:14, 48.59it/s, loss=0.124, val/accuracy=0.957, val/loss=0.112, train/accuracy=0.956, train/loss=0.116]
Epoch 4:   9%|▊         | 67/782 [00:01<00:14, 48.58it/s, loss=0.123, val/accuracy=0.957, val/loss=0.112, train/accuracy=0.956, train/loss=0.116]
Epoch 4:   9%|▊         | 68/782 [00:01<00:14, 48.67it/s, loss=0.123, val/accuracy=0.957, val/loss=0.112, train/accuracy=0.956, train/loss=0.116]
Epoch 4:   9%|▊         | 68/782 [00:01<00:14, 48.66it/s, loss=0.122, val/accuracy=0.957, val/loss=0.112, train/accuracy=0.956, train/loss=0.116]
Epoch 4:   9%|▉         | 69/782 [00:01<00:14, 48.76it/s, loss=0.122, val/accuracy=0.957, val/loss=0.112, train/accuracy=0.956, train/loss=0.116]
Epoch 4:   9%|▉         | 69/782 [00:01<00:14, 48.75it/s, loss=0.12, val/accuracy=0.957, val/loss=0.112, train/accuracy=0.956, train/loss=0.116] 
Epoch 4:   9%|▉         | 70/782 [00:01<00:14, 48.84it/s, loss=0.12, val/accuracy=0.957, val/loss=0.112, train/accuracy=0.956, train/loss=0.116]
Epoch 4:   9%|▉         | 70/782 [00:01<00:14, 48.83it/s, loss=0.121, val/accuracy=0.957, val/loss=0.112, train/accuracy=0.956, train/loss=0.116]
Epoch 4:   9%|▉         | 71/782 [00:01<00:14, 48.91it/s, loss=0.121, val/accuracy=0.957, val/loss=0.112, train/accuracy=0.956, train/loss=0.116]
Epoch 4:   9%|▉         | 71/782 [00:01<00:14, 48.90it/s, loss=0.121, val/accuracy=0.957, val/loss=0.112, train/accuracy=0.956, train/loss=0.116]
Epoch 4:   9%|▉         | 72/782 [00:01<00:14, 48.99it/s, loss=0.121, val/accuracy=0.957, val/loss=0.112, train/accuracy=0.956, train/loss=0.116]
Epoch 4:   9%|▉         | 72/782 [00:01<00:14, 48.98it/s, loss=0.124, val/accuracy=0.957, val/loss=0.112, train/accuracy=0.956, train/loss=0.116]
Epoch 4:   9%|▉         | 73/782 [00:01<00:14, 49.06it/s, loss=0.124, val/accuracy=0.957, val/loss=0.112, train/accuracy=0.956, train/loss=0.116]
Epoch 4:   9%|▉         | 73/782 [00:01<00:14, 49.06it/s, loss=0.125, val/accuracy=0.957, val/loss=0.112, train/accuracy=0.956, train/loss=0.116]
Epoch 4:   9%|▉         | 74/782 [00:01<00:14, 49.14it/s, loss=0.125, val/accuracy=0.957, val/loss=0.112, train/accuracy=0.956, train/loss=0.116]
Epoch 4:   9%|▉         | 74/782 [00:01<00:14, 49.13it/s, loss=0.126, val/accuracy=0.957, val/loss=0.112, train/accuracy=0.956, train/loss=0.116]
Epoch 4:  10%|▉         | 75/782 [00:01<00:14, 49.20it/s, loss=0.126, val/accuracy=0.957, val/loss=0.112, train/accuracy=0.956, train/loss=0.116]
Epoch 4:  10%|▉         | 75/782 [00:01<00:14, 49.20it/s, loss=0.123, val/accuracy=0.957, val/loss=0.112, train/accuracy=0.956, train/loss=0.116]
Epoch 4:  10%|▉         | 76/782 [00:01<00:14, 49.26it/s, loss=0.123, val/accuracy=0.957, val/loss=0.112, train/accuracy=0.956, train/loss=0.116]
Epoch 4:  10%|▉         | 76/782 [00:01<00:14, 49.25it/s, loss=0.123, val/accuracy=0.957, val/loss=0.112, train/accuracy=0.956, train/loss=0.116]
Epoch 4:  10%|▉         | 77/782 [00:01<00:14, 49.32it/s, loss=0.123, val/accuracy=0.957, val/loss=0.112, train/accuracy=0.956, train/loss=0.116]
Epoch 4:  10%|▉         | 77/782 [00:01<00:14, 49.31it/s, loss=0.125, val/accuracy=0.957, val/loss=0.112, train/accuracy=0.956, train/loss=0.116]
Epoch 4:  10%|▉         | 78/782 [00:01<00:14, 49.39it/s, loss=0.125, val/accuracy=0.957, val/loss=0.112, train/accuracy=0.956, train/loss=0.116]
Epoch 4:  10%|▉         | 78/782 [00:01<00:14, 49.38it/s, loss=0.12, val/accuracy=0.957, val/loss=0.112, train/accuracy=0.956, train/loss=0.116] 
Epoch 4:  10%|█         | 79/782 [00:01<00:14, 49.45it/s, loss=0.12, val/accuracy=0.957, val/loss=0.112, train/accuracy=0.956, train/loss=0.116]
Epoch 4:  10%|█         | 79/782 [00:01<00:14, 49.44it/s, loss=0.124, val/accuracy=0.957, val/loss=0.112, train/accuracy=0.956, train/loss=0.116]
Epoch 4:  10%|█         | 80/782 [00:01<00:14, 49.52it/s, loss=0.124, val/accuracy=0.957, val/loss=0.112, train/accuracy=0.956, train/loss=0.116]
Epoch 4:  10%|█         | 80/782 [00:01<00:14, 49.51it/s, loss=0.123, val/accuracy=0.957, val/loss=0.112, train/accuracy=0.956, train/loss=0.116]
Epoch 4:  10%|█         | 81/782 [00:01<00:14, 49.58it/s, loss=0.123, val/accuracy=0.957, val/loss=0.112, train/accuracy=0.956, train/loss=0.116]
Epoch 4:  10%|█         | 81/782 [00:01<00:14, 49.57it/s, loss=0.121, val/accuracy=0.957, val/loss=0.112, train/accuracy=0.956, train/loss=0.116]
Epoch 4:  10%|█         | 82/782 [00:01<00:14, 49.63it/s, loss=0.121, val/accuracy=0.957, val/loss=0.112, train/accuracy=0.956, train/loss=0.116]
Epoch 4:  10%|█         | 82/782 [00:01<00:14, 49.63it/s, loss=0.116, val/accuracy=0.957, val/loss=0.112, train/accuracy=0.956, train/loss=0.116]
Epoch 4:  11%|█         | 83/782 [00:01<00:14, 49.69it/s, loss=0.116, val/accuracy=0.957, val/loss=0.112, train/accuracy=0.956, train/loss=0.116]
Epoch 4:  11%|█         | 83/782 [00:01<00:14, 49.68it/s, loss=0.116, val/accuracy=0.957, val/loss=0.112, train/accuracy=0.956, train/loss=0.116]
Epoch 4:  11%|█         | 84/782 [00:01<00:14, 49.75it/s, loss=0.116, val/accuracy=0.957, val/loss=0.112, train/accuracy=0.956, train/loss=0.116]
Epoch 4:  11%|█         | 84/782 [00:01<00:14, 49.74it/s, loss=0.116, val/accuracy=0.957, val/loss=0.112, train/accuracy=0.956, train/loss=0.116]
Epoch 4:  11%|█         | 85/782 [00:01<00:13, 49.81it/s, loss=0.116, val/accuracy=0.957, val/loss=0.112, train/accuracy=0.956, train/loss=0.116]
Epoch 4:  11%|█         | 85/782 [00:01<00:13, 49.80it/s, loss=0.116, val/accuracy=0.957, val/loss=0.112, train/accuracy=0.956, train/loss=0.116]
Epoch 4:  11%|█         | 86/782 [00:01<00:13, 49.86it/s, loss=0.116, val/accuracy=0.957, val/loss=0.112, train/accuracy=0.956, train/loss=0.116]
Epoch 4:  11%|█         | 86/782 [00:01<00:13, 49.86it/s, loss=0.11, val/accuracy=0.957, val/loss=0.112, train/accuracy=0.956, train/loss=0.116] 
Epoch 4:  11%|█         | 87/782 [00:01<00:13, 49.92it/s, loss=0.11, val/accuracy=0.957, val/loss=0.112, train/accuracy=0.956, train/loss=0.116]
Epoch 4:  11%|█         | 87/782 [00:01<00:13, 49.91it/s, loss=0.111, val/accuracy=0.957, val/loss=0.112, train/accuracy=0.956, train/loss=0.116]
Epoch 4:  11%|█▏        | 88/782 [00:01<00:13, 49.97it/s, loss=0.111, val/accuracy=0.957, val/loss=0.112, train/accuracy=0.956, train/loss=0.116]
Epoch 4:  11%|█▏        | 88/782 [00:01<00:13, 49.96it/s, loss=0.108, val/accuracy=0.957, val/loss=0.112, train/accuracy=0.956, train/loss=0.116]
Epoch 4:  11%|█▏        | 89/782 [00:01<00:13, 50.02it/s, loss=0.108, val/accuracy=0.957, val/loss=0.112, train/accuracy=0.956, train/loss=0.116]
Epoch 4:  11%|█▏        | 89/782 [00:01<00:13, 50.01it/s, loss=0.11, val/accuracy=0.957, val/loss=0.112, train/accuracy=0.956, train/loss=0.116] 
Epoch 4:  12%|█▏        | 90/782 [00:01<00:13, 50.07it/s, loss=0.11, val/accuracy=0.957, val/loss=0.112, train/accuracy=0.956, train/loss=0.116]
Epoch 4:  12%|█▏        | 90/782 [00:01<00:13, 50.06it/s, loss=0.11, val/accuracy=0.957, val/loss=0.112, train/accuracy=0.956, train/loss=0.116]
Epoch 4:  12%|█▏        | 91/782 [00:01<00:13, 50.12it/s, loss=0.11, val/accuracy=0.957, val/loss=0.112, train/accuracy=0.956, train/loss=0.116]
Epoch 4:  12%|█▏        | 91/782 [00:01<00:13, 50.11it/s, loss=0.113, val/accuracy=0.957, val/loss=0.112, train/accuracy=0.956, train/loss=0.116]
Epoch 4:  12%|█▏        | 92/782 [00:01<00:13, 50.17it/s, loss=0.113, val/accuracy=0.957, val/loss=0.112, train/accuracy=0.956, train/loss=0.116]
Epoch 4:  12%|█▏        | 92/782 [00:01<00:13, 50.16it/s, loss=0.11, val/accuracy=0.957, val/loss=0.112, train/accuracy=0.956, train/loss=0.116] 
Epoch 4:  12%|█▏        | 93/782 [00:01<00:13, 50.21it/s, loss=0.11, val/accuracy=0.957, val/loss=0.112, train/accuracy=0.956, train/loss=0.116]
Epoch 4:  12%|█▏        | 93/782 [00:01<00:13, 50.20it/s, loss=0.106, val/accuracy=0.957, val/loss=0.112, train/accuracy=0.956, train/loss=0.116]
Epoch 4:  12%|█▏        | 94/782 [00:01<00:13, 50.25it/s, loss=0.106, val/accuracy=0.957, val/loss=0.112, train/accuracy=0.956, train/loss=0.116]
Epoch 4:  12%|█▏        | 94/782 [00:01<00:13, 50.25it/s, loss=0.103, val/accuracy=0.957, val/loss=0.112, train/accuracy=0.956, train/loss=0.116]
Epoch 4:  12%|█▏        | 95/782 [00:01<00:13, 50.30it/s, loss=0.103, val/accuracy=0.957, val/loss=0.112, train/accuracy=0.956, train/loss=0.116]
Epoch 4:  12%|█▏        | 95/782 [00:01<00:13, 50.29it/s, loss=0.101, val/accuracy=0.957, val/loss=0.112, train/accuracy=0.956, train/loss=0.116]
Epoch 4:  12%|█▏        | 96/782 [00:01<00:13, 50.35it/s, loss=0.101, val/accuracy=0.957, val/loss=0.112, train/accuracy=0.956, train/loss=0.116]
Epoch 4:  12%|█▏        | 96/782 [00:01<00:13, 50.34it/s, loss=0.102, val/accuracy=0.957, val/loss=0.112, train/accuracy=0.956, train/loss=0.116]
Epoch 4:  12%|█▏        | 97/782 [00:01<00:13, 50.39it/s, loss=0.102, val/accuracy=0.957, val/loss=0.112, train/accuracy=0.956, train/loss=0.116]
Epoch 4:  12%|█▏        | 97/782 [00:01<00:13, 50.38it/s, loss=0.1, val/accuracy=0.957, val/loss=0.112, train/accuracy=0.956, train/loss=0.116]  
Epoch 4:  13%|█▎        | 98/782 [00:01<00:13, 50.43it/s, loss=0.1, val/accuracy=0.957, val/loss=0.112, train/accuracy=0.956, train/loss=0.116]
Epoch 4:  13%|█▎        | 98/782 [00:01<00:13, 50.42it/s, loss=0.102, val/accuracy=0.957, val/loss=0.112, train/accuracy=0.956, train/loss=0.116]
Epoch 4:  13%|█▎        | 99/782 [00:01<00:13, 50.47it/s, loss=0.102, val/accuracy=0.957, val/loss=0.112, train/accuracy=0.956, train/loss=0.116]
Epoch 4:  13%|█▎        | 99/782 [00:01<00:13, 50.47it/s, loss=0.0987, val/accuracy=0.957, val/loss=0.112, train/accuracy=0.956, train/loss=0.116]
Epoch 4:  13%|█▎        | 100/782 [00:01<00:13, 50.51it/s, loss=0.0987, val/accuracy=0.957, val/loss=0.112, train/accuracy=0.956, train/loss=0.116]
Epoch 4:  13%|█▎        | 100/782 [00:01<00:13, 50.50it/s, loss=0.0983, val/accuracy=0.957, val/loss=0.112, train/accuracy=0.956, train/loss=0.116]
Epoch 4:  13%|█▎        | 101/782 [00:01<00:13, 50.55it/s, loss=0.0983, val/accuracy=0.957, val/loss=0.112, train/accuracy=0.956, train/loss=0.116]
Epoch 4:  13%|█▎        | 101/782 [00:01<00:13, 50.54it/s, loss=0.0996, val/accuracy=0.957, val/loss=0.112, train/accuracy=0.956, train/loss=0.116]
Epoch 4:  13%|█▎        | 102/782 [00:02<00:13, 50.58it/s, loss=0.0996, val/accuracy=0.957, val/loss=0.112, train/accuracy=0.956, train/loss=0.116]
Epoch 4:  13%|█▎        | 102/782 [00:02<00:13, 50.58it/s, loss=0.105, val/accuracy=0.957, val/loss=0.112, train/accuracy=0.956, train/loss=0.116] 
Epoch 4:  13%|█▎        | 103/782 [00:02<00:13, 50.62it/s, loss=0.105, val/accuracy=0.957, val/loss=0.112, train/accuracy=0.956, train/loss=0.116]
Epoch 4:  13%|█▎        | 103/782 [00:02<00:13, 50.61it/s, loss=0.102, val/accuracy=0.957, val/loss=0.112, train/accuracy=0.956, train/loss=0.116]
Epoch 4:  13%|█▎        | 104/782 [00:02<00:13, 50.65it/s, loss=0.102, val/accuracy=0.957, val/loss=0.112, train/accuracy=0.956, train/loss=0.116]
Epoch 4:  13%|█▎        | 104/782 [00:02<00:13, 50.65it/s, loss=0.102, val/accuracy=0.957, val/loss=0.112, train/accuracy=0.956, train/loss=0.116]
Epoch 4:  13%|█▎        | 105/782 [00:02<00:13, 50.69it/s, loss=0.102, val/accuracy=0.957, val/loss=0.112, train/accuracy=0.956, train/loss=0.116]
Epoch 4:  13%|█▎        | 105/782 [00:02<00:13, 50.68it/s, loss=0.1, val/accuracy=0.957, val/loss=0.112, train/accuracy=0.956, train/loss=0.116]  
Epoch 4:  14%|█▎        | 106/782 [00:02<00:13, 50.72it/s, loss=0.1, val/accuracy=0.957, val/loss=0.112, train/accuracy=0.956, train/loss=0.116]
Epoch 4:  14%|█▎        | 106/782 [00:02<00:13, 50.72it/s, loss=0.103, val/accuracy=0.957, val/loss=0.112, train/accuracy=0.956, train/loss=0.116]
Epoch 4:  14%|█▎        | 107/782 [00:02<00:13, 50.75it/s, loss=0.103, val/accuracy=0.957, val/loss=0.112, train/accuracy=0.956, train/loss=0.116]
Epoch 4:  14%|█▎        | 107/782 [00:02<00:13, 50.75it/s, loss=0.1, val/accuracy=0.957, val/loss=0.112, train/accuracy=0.956, train/loss=0.116]  
Epoch 4:  14%|█▍        | 108/782 [00:02<00:13, 50.79it/s, loss=0.1, val/accuracy=0.957, val/loss=0.112, train/accuracy=0.956, train/loss=0.116]
Epoch 4:  14%|█▍        | 108/782 [00:02<00:13, 50.79it/s, loss=0.1, val/accuracy=0.957, val/loss=0.112, train/accuracy=0.956, train/loss=0.116]
Epoch 4:  14%|█▍        | 109/782 [00:02<00:13, 50.83it/s, loss=0.1, val/accuracy=0.957, val/loss=0.112, train/accuracy=0.956, train/loss=0.116]
Epoch 4:  14%|█▍        | 109/782 [00:02<00:13, 50.82it/s, loss=0.102, val/accuracy=0.957, val/loss=0.112, train/accuracy=0.956, train/loss=0.116]
Epoch 4:  14%|█▍        | 110/782 [00:02<00:13, 50.84it/s, loss=0.102, val/accuracy=0.957, val/loss=0.112, train/accuracy=0.956, train/loss=0.116]
Epoch 4:  14%|█▍        | 110/782 [00:02<00:13, 50.83it/s, loss=0.104, val/accuracy=0.957, val/loss=0.112, train/accuracy=0.956, train/loss=0.116]
Epoch 4:  14%|█▍        | 111/782 [00:02<00:13, 50.87it/s, loss=0.104, val/accuracy=0.957, val/loss=0.112, train/accuracy=0.956, train/loss=0.116]
Epoch 4:  14%|█▍        | 111/782 [00:02<00:13, 50.87it/s, loss=0.101, val/accuracy=0.957, val/loss=0.112, train/accuracy=0.956, train/loss=0.116]
Epoch 4:  14%|█▍        | 112/782 [00:02<00:13, 50.91it/s, loss=0.101, val/accuracy=0.957, val/loss=0.112, train/accuracy=0.956, train/loss=0.116]
Epoch 4:  14%|█▍        | 112/782 [00:02<00:13, 50.91it/s, loss=0.102, val/accuracy=0.957, val/loss=0.112, train/accuracy=0.956, train/loss=0.116]
Epoch 4:  14%|█▍        | 113/782 [00:02<00:13, 50.95it/s, loss=0.102, val/accuracy=0.957, val/loss=0.112, train/accuracy=0.956, train/loss=0.116]
Epoch 4:  14%|█▍        | 113/782 [00:02<00:13, 50.94it/s, loss=0.107, val/accuracy=0.957, val/loss=0.112, train/accuracy=0.956, train/loss=0.116]
Epoch 4:  15%|█▍        | 114/782 [00:02<00:13, 50.98it/s, loss=0.107, val/accuracy=0.957, val/loss=0.112, train/accuracy=0.956, train/loss=0.116]
Epoch 4:  15%|█▍        | 114/782 [00:02<00:13, 50.98it/s, loss=0.108, val/accuracy=0.957, val/loss=0.112, train/accuracy=0.956, train/loss=0.116]
Epoch 4:  15%|█▍        | 115/782 [00:02<00:13, 51.02it/s, loss=0.108, val/accuracy=0.957, val/loss=0.112, train/accuracy=0.956, train/loss=0.116]
Epoch 4:  15%|█▍        | 115/782 [00:02<00:13, 51.01it/s, loss=0.11, val/accuracy=0.957, val/loss=0.112, train/accuracy=0.956, train/loss=0.116] 
Epoch 4:  15%|█▍        | 116/782 [00:02<00:13, 51.05it/s, loss=0.11, val/accuracy=0.957, val/loss=0.112, train/accuracy=0.956, train/loss=0.116]
Epoch 4:  15%|█▍        | 116/782 [00:02<00:13, 51.05it/s, loss=0.109, val/accuracy=0.957, val/loss=0.112, train/accuracy=0.956, train/loss=0.116]
Epoch 4:  15%|█▍        | 117/782 [00:02<00:13, 51.09it/s, loss=0.109, val/accuracy=0.957, val/loss=0.112, train/accuracy=0.956, train/loss=0.116]
Epoch 4:  15%|█▍        | 117/782 [00:02<00:13, 51.08it/s, loss=0.111, val/accuracy=0.957, val/loss=0.112, train/accuracy=0.956, train/loss=0.116]
Epoch 4:  15%|█▌        | 118/782 [00:02<00:12, 51.12it/s, loss=0.111, val/accuracy=0.957, val/loss=0.112, train/accuracy=0.956, train/loss=0.116]
Epoch 4:  15%|█▌        | 118/782 [00:02<00:12, 51.12it/s, loss=0.112, val/accuracy=0.957, val/loss=0.112, train/accuracy=0.956, train/loss=0.116]
Epoch 4:  15%|█▌        | 119/782 [00:02<00:12, 51.15it/s, loss=0.112, val/accuracy=0.957, val/loss=0.112, train/accuracy=0.956, train/loss=0.116]
Epoch 4:  15%|█▌        | 119/782 [00:02<00:12, 51.14it/s, loss=0.111, val/accuracy=0.957, val/loss=0.112, train/accuracy=0.956, train/loss=0.116]
Epoch 4:  15%|█▌        | 120/782 [00:02<00:12, 51.18it/s, loss=0.111, val/accuracy=0.957, val/loss=0.112, train/accuracy=0.956, train/loss=0.116]
Epoch 4:  15%|█▌        | 120/782 [00:02<00:12, 51.17it/s, loss=0.112, val/accuracy=0.957, val/loss=0.112, train/accuracy=0.956, train/loss=0.116]
Epoch 4:  15%|█▌        | 121/782 [00:02<00:12, 51.21it/s, loss=0.112, val/accuracy=0.957, val/loss=0.112, train/accuracy=0.956, train/loss=0.116]
Epoch 4:  15%|█▌        | 121/782 [00:02<00:12, 51.20it/s, loss=0.113, val/accuracy=0.957, val/loss=0.112, train/accuracy=0.956, train/loss=0.116]
Epoch 4:  16%|█▌        | 122/782 [00:02<00:12, 51.23it/s, loss=0.113, val/accuracy=0.957, val/loss=0.112, train/accuracy=0.956, train/loss=0.116]
Epoch 4:  16%|█▌        | 122/782 [00:02<00:12, 51.23it/s, loss=0.109, val/accuracy=0.957, val/loss=0.112, train/accuracy=0.956, train/loss=0.116]
Epoch 4:  16%|█▌        | 123/782 [00:02<00:12, 51.26it/s, loss=0.109, val/accuracy=0.957, val/loss=0.112, train/accuracy=0.956, train/loss=0.116]
Epoch 4:  16%|█▌        | 123/782 [00:02<00:12, 51.25it/s, loss=0.113, val/accuracy=0.957, val/loss=0.112, train/accuracy=0.956, train/loss=0.116]
Epoch 4:  16%|█▌        | 124/782 [00:02<00:12, 51.29it/s, loss=0.113, val/accuracy=0.957, val/loss=0.112, train/accuracy=0.956, train/loss=0.116]
Epoch 4:  16%|█▌        | 124/782 [00:02<00:12, 51.28it/s, loss=0.114, val/accuracy=0.957, val/loss=0.112, train/accuracy=0.956, train/loss=0.116]
Epoch 4:  16%|█▌        | 125/782 [00:02<00:12, 51.32it/s, loss=0.114, val/accuracy=0.957, val/loss=0.112, train/accuracy=0.956, train/loss=0.116]
Epoch 4:  16%|█▌        | 125/782 [00:02<00:12, 51.31it/s, loss=0.112, val/accuracy=0.957, val/loss=0.112, train/accuracy=0.956, train/loss=0.116]
Epoch 4:  16%|█▌        | 126/782 [00:02<00:12, 51.34it/s, loss=0.112, val/accuracy=0.957, val/loss=0.112, train/accuracy=0.956, train/loss=0.116]
Epoch 4:  16%|█▌        | 126/782 [00:02<00:12, 51.34it/s, loss=0.111, val/accuracy=0.957, val/loss=0.112, train/accuracy=0.956, train/loss=0.116]
Epoch 4:  16%|█▌        | 127/782 [00:02<00:12, 51.37it/s, loss=0.111, val/accuracy=0.957, val/loss=0.112, train/accuracy=0.956, train/loss=0.116]
Epoch 4:  16%|█▌        | 127/782 [00:02<00:12, 51.37it/s, loss=0.111, val/accuracy=0.957, val/loss=0.112, train/accuracy=0.956, train/loss=0.116]
Epoch 4:  16%|█▋        | 128/782 [00:02<00:12, 51.37it/s, loss=0.111, val/accuracy=0.957, val/loss=0.112, train/accuracy=0.956, train/loss=0.116]
Epoch 4:  16%|█▋        | 128/782 [00:02<00:12, 51.37it/s, loss=0.111, val/accuracy=0.957, val/loss=0.112, train/accuracy=0.956, train/loss=0.116]
Epoch 4:  16%|█▋        | 129/782 [00:02<00:12, 51.40it/s, loss=0.111, val/accuracy=0.957, val/loss=0.112, train/accuracy=0.956, train/loss=0.116]
Epoch 4:  16%|█▋        | 129/782 [00:02<00:12, 51.40it/s, loss=0.107, val/accuracy=0.957, val/loss=0.112, train/accuracy=0.956, train/loss=0.116]
Epoch 4:  17%|█▋        | 130/782 [00:02<00:12, 51.43it/s, loss=0.107, val/accuracy=0.957, val/loss=0.112, train/accuracy=0.956, train/loss=0.116]
Epoch 4:  17%|█▋        | 130/782 [00:02<00:12, 51.42it/s, loss=0.106, val/accuracy=0.957, val/loss=0.112, train/accuracy=0.956, train/loss=0.116]
Epoch 4:  17%|█▋        | 131/782 [00:02<00:12, 51.45it/s, loss=0.106, val/accuracy=0.957, val/loss=0.112, train/accuracy=0.956, train/loss=0.116]
Epoch 4:  17%|█▋        | 131/782 [00:02<00:12, 51.45it/s, loss=0.104, val/accuracy=0.957, val/loss=0.112, train/accuracy=0.956, train/loss=0.116]
Epoch 4:  17%|█▋        | 132/782 [00:02<00:12, 51.48it/s, loss=0.104, val/accuracy=0.957, val/loss=0.112, train/accuracy=0.956, train/loss=0.116]
Epoch 4:  17%|█▋        | 132/782 [00:02<00:12, 51.47it/s, loss=0.103, val/accuracy=0.957, val/loss=0.112, train/accuracy=0.956, train/loss=0.116]
Epoch 4:  17%|█▋        | 133/782 [00:02<00:12, 51.50it/s, loss=0.103, val/accuracy=0.957, val/loss=0.112, train/accuracy=0.956, train/loss=0.116]
Epoch 4:  17%|█▋        | 133/782 [00:02<00:12, 51.49it/s, loss=0.1, val/accuracy=0.957, val/loss=0.112, train/accuracy=0.956, train/loss=0.116]  
Epoch 4:  17%|█▋        | 134/782 [00:02<00:12, 51.52it/s, loss=0.1, val/accuracy=0.957, val/loss=0.112, train/accuracy=0.956, train/loss=0.116]
Epoch 4:  17%|█▋        | 134/782 [00:02<00:12, 51.52it/s, loss=0.104, val/accuracy=0.957, val/loss=0.112, train/accuracy=0.956, train/loss=0.116]
Epoch 4:  17%|█▋        | 135/782 [00:02<00:12, 51.54it/s, loss=0.104, val/accuracy=0.957, val/loss=0.112, train/accuracy=0.956, train/loss=0.116]
Epoch 4:  17%|█▋        | 135/782 [00:02<00:12, 51.53it/s, loss=0.106, val/accuracy=0.957, val/loss=0.112, train/accuracy=0.956, train/loss=0.116]
Epoch 4:  17%|█▋        | 136/782 [00:02<00:12, 51.56it/s, loss=0.106, val/accuracy=0.957, val/loss=0.112, train/accuracy=0.956, train/loss=0.116]
Epoch 4:  17%|█▋        | 136/782 [00:02<00:12, 51.56it/s, loss=0.103, val/accuracy=0.957, val/loss=0.112, train/accuracy=0.956, train/loss=0.116]
Epoch 4:  18%|█▊        | 137/782 [00:02<00:12, 51.58it/s, loss=0.103, val/accuracy=0.957, val/loss=0.112, train/accuracy=0.956, train/loss=0.116]
Epoch 4:  18%|█▊        | 137/782 [00:02<00:12, 51.58it/s, loss=0.101, val/accuracy=0.957, val/loss=0.112, train/accuracy=0.956, train/loss=0.116]
Epoch 4:  18%|█▊        | 138/782 [00:02<00:12, 51.60it/s, loss=0.101, val/accuracy=0.957, val/loss=0.112, train/accuracy=0.956, train/loss=0.116]
Epoch 4:  18%|█▊        | 138/782 [00:02<00:12, 51.60it/s, loss=0.0984, val/accuracy=0.957, val/loss=0.112, train/accuracy=0.956, train/loss=0.116]
Epoch 4:  18%|█▊        | 139/782 [00:02<00:12, 51.62it/s, loss=0.0984, val/accuracy=0.957, val/loss=0.112, train/accuracy=0.956, train/loss=0.116]
Epoch 4:  18%|█▊        | 139/782 [00:02<00:12, 51.62it/s, loss=0.0983, val/accuracy=0.957, val/loss=0.112, train/accuracy=0.956, train/loss=0.116]
Epoch 4:  18%|█▊        | 140/782 [00:02<00:12, 51.64it/s, loss=0.0983, val/accuracy=0.957, val/loss=0.112, train/accuracy=0.956, train/loss=0.116]
Epoch 4:  18%|█▊        | 140/782 [00:02<00:12, 51.64it/s, loss=0.0954, val/accuracy=0.957, val/loss=0.112, train/accuracy=0.956, train/loss=0.116]
Epoch 4:  18%|█▊        | 141/782 [00:02<00:12, 51.66it/s, loss=0.0954, val/accuracy=0.957, val/loss=0.112, train/accuracy=0.956, train/loss=0.116]
Epoch 4:  18%|█▊        | 141/782 [00:02<00:12, 51.66it/s, loss=0.0923, val/accuracy=0.957, val/loss=0.112, train/accuracy=0.956, train/loss=0.116]
Epoch 4:  18%|█▊        | 142/782 [00:02<00:12, 51.69it/s, loss=0.0923, val/accuracy=0.957, val/loss=0.112, train/accuracy=0.956, train/loss=0.116]
Epoch 4:  18%|█▊        | 142/782 [00:02<00:12, 51.68it/s, loss=0.0954, val/accuracy=0.957, val/loss=0.112, train/accuracy=0.956, train/loss=0.116]
Epoch 4:  18%|█▊        | 143/782 [00:02<00:12, 51.71it/s, loss=0.0954, val/accuracy=0.957, val/loss=0.112, train/accuracy=0.956, train/loss=0.116]
Epoch 4:  18%|█▊        | 143/782 [00:02<00:12, 51.70it/s, loss=0.0918, val/accuracy=0.957, val/loss=0.112, train/accuracy=0.956, train/loss=0.116]
Epoch 4:  18%|█▊        | 144/782 [00:02<00:12, 51.73it/s, loss=0.0918, val/accuracy=0.957, val/loss=0.112, train/accuracy=0.956, train/loss=0.116]
Epoch 4:  18%|█▊        | 144/782 [00:02<00:12, 51.72it/s, loss=0.0914, val/accuracy=0.957, val/loss=0.112, train/accuracy=0.956, train/loss=0.116]
Epoch 4:  19%|█▊        | 145/782 [00:02<00:12, 51.75it/s, loss=0.0914, val/accuracy=0.957, val/loss=0.112, train/accuracy=0.956, train/loss=0.116]
Epoch 4:  19%|█▊        | 145/782 [00:02<00:12, 51.75it/s, loss=0.0931, val/accuracy=0.957, val/loss=0.112, train/accuracy=0.956, train/loss=0.116]
Epoch 4:  19%|█▊        | 146/782 [00:02<00:12, 51.77it/s, loss=0.0931, val/accuracy=0.957, val/loss=0.112, train/accuracy=0.956, train/loss=0.116]
Epoch 4:  19%|█▊        | 146/782 [00:02<00:12, 51.77it/s, loss=0.0971, val/accuracy=0.957, val/loss=0.112, train/accuracy=0.956, train/loss=0.116]
Epoch 4:  19%|█▉        | 147/782 [00:02<00:12, 51.79it/s, loss=0.0971, val/accuracy=0.957, val/loss=0.112, train/accuracy=0.956, train/loss=0.116]
Epoch 4:  19%|█▉        | 147/782 [00:02<00:12, 51.79it/s, loss=0.0984, val/accuracy=0.957, val/loss=0.112, train/accuracy=0.956, train/loss=0.116]
Epoch 4:  19%|█▉        | 148/782 [00:02<00:12, 51.81it/s, loss=0.0984, val/accuracy=0.957, val/loss=0.112, train/accuracy=0.956, train/loss=0.116]
Epoch 4:  19%|█▉        | 148/782 [00:02<00:12, 51.81it/s, loss=0.0996, val/accuracy=0.957, val/loss=0.112, train/accuracy=0.956, train/loss=0.116]
Epoch 4:  19%|█▉        | 149/782 [00:02<00:12, 51.83it/s, loss=0.0996, val/accuracy=0.957, val/loss=0.112, train/accuracy=0.956, train/loss=0.116]
Epoch 4:  19%|█▉        | 149/782 [00:02<00:12, 51.83it/s, loss=0.0999, val/accuracy=0.957, val/loss=0.112, train/accuracy=0.956, train/loss=0.116]
Epoch 4:  19%|█▉        | 150/782 [00:02<00:12, 51.85it/s, loss=0.0999, val/accuracy=0.957, val/loss=0.112, train/accuracy=0.956, train/loss=0.116]
Epoch 4:  19%|█▉        | 150/782 [00:02<00:12, 51.85it/s, loss=0.1, val/accuracy=0.957, val/loss=0.112, train/accuracy=0.956, train/loss=0.116]   
Epoch 4:  19%|█▉        | 151/782 [00:02<00:12, 51.87it/s, loss=0.1, val/accuracy=0.957, val/loss=0.112, train/accuracy=0.956, train/loss=0.116]
Epoch 4:  19%|█▉        | 151/782 [00:02<00:12, 51.87it/s, loss=0.101, val/accuracy=0.957, val/loss=0.112, train/accuracy=0.956, train/loss=0.116]
Epoch 4:  19%|█▉        | 152/782 [00:02<00:12, 51.89it/s, loss=0.101, val/accuracy=0.957, val/loss=0.112, train/accuracy=0.956, train/loss=0.116]
Epoch 4:  19%|█▉        | 152/782 [00:02<00:12, 51.89it/s, loss=0.101, val/accuracy=0.957, val/loss=0.112, train/accuracy=0.956, train/loss=0.116]
Epoch 4:  20%|█▉        | 153/782 [00:02<00:12, 51.91it/s, loss=0.101, val/accuracy=0.957, val/loss=0.112, train/accuracy=0.956, train/loss=0.116]
Epoch 4:  20%|█▉        | 153/782 [00:02<00:12, 51.90it/s, loss=0.0992, val/accuracy=0.957, val/loss=0.112, train/accuracy=0.956, train/loss=0.116]
Epoch 4:  20%|█▉        | 154/782 [00:02<00:12, 51.93it/s, loss=0.0992, val/accuracy=0.957, val/loss=0.112, train/accuracy=0.956, train/loss=0.116]
Epoch 4:  20%|█▉        | 154/782 [00:02<00:12, 51.92it/s, loss=0.0955, val/accuracy=0.957, val/loss=0.112, train/accuracy=0.956, train/loss=0.116]
Epoch 4:  20%|█▉        | 155/782 [00:02<00:12, 51.95it/s, loss=0.0955, val/accuracy=0.957, val/loss=0.112, train/accuracy=0.956, train/loss=0.116]
Epoch 4:  20%|█▉        | 155/782 [00:02<00:12, 51.94it/s, loss=0.0992, val/accuracy=0.957, val/loss=0.112, train/accuracy=0.956, train/loss=0.116]
Epoch 4:  20%|█▉        | 156/782 [00:03<00:12, 51.96it/s, loss=0.0992, val/accuracy=0.957, val/loss=0.112, train/accuracy=0.956, train/loss=0.116]
Epoch 4:  20%|█▉        | 156/782 [00:03<00:12, 51.96it/s, loss=0.0996, val/accuracy=0.957, val/loss=0.112, train/accuracy=0.956, train/loss=0.116]
Epoch 4:  20%|██        | 157/782 [00:03<00:12, 51.98it/s, loss=0.0996, val/accuracy=0.957, val/loss=0.112, train/accuracy=0.956, train/loss=0.116]
Epoch 4:  20%|██        | 157/782 [00:03<00:12, 51.97it/s, loss=0.099, val/accuracy=0.957, val/loss=0.112, train/accuracy=0.956, train/loss=0.116] 
Epoch 4:  20%|██        | 158/782 [00:03<00:12, 52.00it/s, loss=0.099, val/accuracy=0.957, val/loss=0.112, train/accuracy=0.956, train/loss=0.116]
Epoch 4:  20%|██        | 158/782 [00:03<00:12, 51.99it/s, loss=0.0994, val/accuracy=0.957, val/loss=0.112, train/accuracy=0.956, train/loss=0.116]
Epoch 4:  20%|██        | 159/782 [00:03<00:11, 52.01it/s, loss=0.0994, val/accuracy=0.957, val/loss=0.112, train/accuracy=0.956, train/loss=0.116]
Epoch 4:  20%|██        | 159/782 [00:03<00:11, 52.01it/s, loss=0.102, val/accuracy=0.957, val/loss=0.112, train/accuracy=0.956, train/loss=0.116] 
Epoch 4:  20%|██        | 160/782 [00:03<00:11, 52.03it/s, loss=0.102, val/accuracy=0.957, val/loss=0.112, train/accuracy=0.956, train/loss=0.116]
Epoch 4:  20%|██        | 160/782 [00:03<00:11, 52.03it/s, loss=0.1, val/accuracy=0.957, val/loss=0.112, train/accuracy=0.956, train/loss=0.116]  
Epoch 4:  21%|██        | 161/782 [00:03<00:11, 52.05it/s, loss=0.1, val/accuracy=0.957, val/loss=0.112, train/accuracy=0.956, train/loss=0.116]
Epoch 4:  21%|██        | 161/782 [00:03<00:11, 52.04it/s, loss=0.0999, val/accuracy=0.957, val/loss=0.112, train/accuracy=0.956, train/loss=0.116]
Epoch 4:  21%|██        | 162/782 [00:03<00:11, 52.07it/s, loss=0.0999, val/accuracy=0.957, val/loss=0.112, train/accuracy=0.956, train/loss=0.116]
Epoch 4:  21%|██        | 162/782 [00:03<00:11, 52.06it/s, loss=0.0997, val/accuracy=0.957, val/loss=0.112, train/accuracy=0.956, train/loss=0.116]
Epoch 4:  21%|██        | 163/782 [00:03<00:11, 52.08it/s, loss=0.0997, val/accuracy=0.957, val/loss=0.112, train/accuracy=0.956, train/loss=0.116]
Epoch 4:  21%|██        | 163/782 [00:03<00:11, 52.08it/s, loss=0.103, val/accuracy=0.957, val/loss=0.112, train/accuracy=0.956, train/loss=0.116] 
Epoch 4:  21%|██        | 164/782 [00:03<00:11, 52.10it/s, loss=0.103, val/accuracy=0.957, val/loss=0.112, train/accuracy=0.956, train/loss=0.116]
Epoch 4:  21%|██        | 164/782 [00:03<00:11, 52.10it/s, loss=0.104, val/accuracy=0.957, val/loss=0.112, train/accuracy=0.956, train/loss=0.116]
Epoch 4:  21%|██        | 165/782 [00:03<00:11, 52.12it/s, loss=0.104, val/accuracy=0.957, val/loss=0.112, train/accuracy=0.956, train/loss=0.116]
Epoch 4:  21%|██        | 165/782 [00:03<00:11, 52.11it/s, loss=0.103, val/accuracy=0.957, val/loss=0.112, train/accuracy=0.956, train/loss=0.116]
Epoch 4:  21%|██        | 166/782 [00:03<00:11, 52.13it/s, loss=0.103, val/accuracy=0.957, val/loss=0.112, train/accuracy=0.956, train/loss=0.116]
Epoch 4:  21%|██        | 166/782 [00:03<00:11, 52.13it/s, loss=0.0984, val/accuracy=0.957, val/loss=0.112, train/accuracy=0.956, train/loss=0.116]
Epoch 4:  21%|██▏       | 167/782 [00:03<00:11, 52.15it/s, loss=0.0984, val/accuracy=0.957, val/loss=0.112, train/accuracy=0.956, train/loss=0.116]
Epoch 4:  21%|██▏       | 167/782 [00:03<00:11, 52.14it/s, loss=0.0978, val/accuracy=0.957, val/loss=0.112, train/accuracy=0.956, train/loss=0.116]
Epoch 4:  21%|██▏       | 168/782 [00:03<00:11, 52.16it/s, loss=0.0978, val/accuracy=0.957, val/loss=0.112, train/accuracy=0.956, train/loss=0.116]
Epoch 4:  21%|██▏       | 168/782 [00:03<00:11, 52.16it/s, loss=0.0977, val/accuracy=0.957, val/loss=0.112, train/accuracy=0.956, train/loss=0.116]
Epoch 4:  22%|██▏       | 169/782 [00:03<00:11, 52.18it/s, loss=0.0977, val/accuracy=0.957, val/loss=0.112, train/accuracy=0.956, train/loss=0.116]
Epoch 4:  22%|██▏       | 169/782 [00:03<00:11, 52.17it/s, loss=0.0973, val/accuracy=0.957, val/loss=0.112, train/accuracy=0.956, train/loss=0.116]
Epoch 4:  22%|██▏       | 170/782 [00:03<00:11, 52.19it/s, loss=0.0973, val/accuracy=0.957, val/loss=0.112, train/accuracy=0.956, train/loss=0.116]
Epoch 4:  22%|██▏       | 170/782 [00:03<00:11, 52.19it/s, loss=0.0958, val/accuracy=0.957, val/loss=0.112, train/accuracy=0.956, train/loss=0.116]
Epoch 4:  22%|██▏       | 171/782 [00:03<00:11, 52.21it/s, loss=0.0958, val/accuracy=0.957, val/loss=0.112, train/accuracy=0.956, train/loss=0.116]
Epoch 4:  22%|██▏       | 171/782 [00:03<00:11, 52.21it/s, loss=0.0966, val/accuracy=0.957, val/loss=0.112, train/accuracy=0.956, train/loss=0.116]
Epoch 4:  22%|██▏       | 172/782 [00:03<00:11, 52.22it/s, loss=0.0966, val/accuracy=0.957, val/loss=0.112, train/accuracy=0.956, train/loss=0.116]
Epoch 4:  22%|██▏       | 172/782 [00:03<00:11, 52.22it/s, loss=0.0946, val/accuracy=0.957, val/loss=0.112, train/accuracy=0.956, train/loss=0.116]
Epoch 4:  22%|██▏       | 173/782 [00:03<00:11, 52.24it/s, loss=0.0946, val/accuracy=0.957, val/loss=0.112, train/accuracy=0.956, train/loss=0.116]
Epoch 4:  22%|██▏       | 173/782 [00:03<00:11, 52.24it/s, loss=0.0949, val/accuracy=0.957, val/loss=0.112, train/accuracy=0.956, train/loss=0.116]
Epoch 4:  22%|██▏       | 174/782 [00:03<00:11, 52.26it/s, loss=0.0949, val/accuracy=0.957, val/loss=0.112, train/accuracy=0.956, train/loss=0.116]
Epoch 4:  22%|██▏       | 174/782 [00:03<00:11, 52.25it/s, loss=0.0958, val/accuracy=0.957, val/loss=0.112, train/accuracy=0.956, train/loss=0.116]
Epoch 4:  22%|██▏       | 175/782 [00:03<00:11, 52.27it/s, loss=0.0958, val/accuracy=0.957, val/loss=0.112, train/accuracy=0.956, train/loss=0.116]
Epoch 4:  22%|██▏       | 175/782 [00:03<00:11, 52.27it/s, loss=0.0953, val/accuracy=0.957, val/loss=0.112, train/accuracy=0.956, train/loss=0.116]
Epoch 4:  23%|██▎       | 176/782 [00:03<00:11, 52.28it/s, loss=0.0953, val/accuracy=0.957, val/loss=0.112, train/accuracy=0.956, train/loss=0.116]
Epoch 4:  23%|██▎       | 176/782 [00:03<00:11, 52.28it/s, loss=0.0976, val/accuracy=0.957, val/loss=0.112, train/accuracy=0.956, train/loss=0.116]
Epoch 4:  23%|██▎       | 177/782 [00:03<00:11, 52.30it/s, loss=0.0976, val/accuracy=0.957, val/loss=0.112, train/accuracy=0.956, train/loss=0.116]
Epoch 4:  23%|██▎       | 177/782 [00:03<00:11, 52.30it/s, loss=0.0966, val/accuracy=0.957, val/loss=0.112, train/accuracy=0.956, train/loss=0.116]
Epoch 4:  23%|██▎       | 178/782 [00:03<00:11, 52.31it/s, loss=0.0966, val/accuracy=0.957, val/loss=0.112, train/accuracy=0.956, train/loss=0.116]
Epoch 4:  23%|██▎       | 178/782 [00:03<00:11, 52.31it/s, loss=0.101, val/accuracy=0.957, val/loss=0.112, train/accuracy=0.956, train/loss=0.116] 
Epoch 4:  23%|██▎       | 179/782 [00:03<00:11, 52.33it/s, loss=0.101, val/accuracy=0.957, val/loss=0.112, train/accuracy=0.956, train/loss=0.116]
Epoch 4:  23%|██▎       | 179/782 [00:03<00:11, 52.33it/s, loss=0.101, val/accuracy=0.957, val/loss=0.112, train/accuracy=0.956, train/loss=0.116]
Epoch 4:  23%|██▎       | 180/782 [00:03<00:11, 52.34it/s, loss=0.101, val/accuracy=0.957, val/loss=0.112, train/accuracy=0.956, train/loss=0.116]
Epoch 4:  23%|██▎       | 180/782 [00:03<00:11, 52.34it/s, loss=0.103, val/accuracy=0.957, val/loss=0.112, train/accuracy=0.956, train/loss=0.116]
Epoch 4:  23%|██▎       | 181/782 [00:03<00:11, 52.36it/s, loss=0.103, val/accuracy=0.957, val/loss=0.112, train/accuracy=0.956, train/loss=0.116]
Epoch 4:  23%|██▎       | 181/782 [00:03<00:11, 52.36it/s, loss=0.104, val/accuracy=0.957, val/loss=0.112, train/accuracy=0.956, train/loss=0.116]
Epoch 4:  23%|██▎       | 182/782 [00:03<00:11, 52.37it/s, loss=0.104, val/accuracy=0.957, val/loss=0.112, train/accuracy=0.956, train/loss=0.116]
Epoch 4:  23%|██▎       | 182/782 [00:03<00:11, 52.37it/s, loss=0.103, val/accuracy=0.957, val/loss=0.112, train/accuracy=0.956, train/loss=0.116]
Epoch 4:  23%|██▎       | 183/782 [00:03<00:11, 52.39it/s, loss=0.103, val/accuracy=0.957, val/loss=0.112, train/accuracy=0.956, train/loss=0.116]
Epoch 4:  23%|██▎       | 183/782 [00:03<00:11, 52.38it/s, loss=0.101, val/accuracy=0.957, val/loss=0.112, train/accuracy=0.956, train/loss=0.116]
Epoch 4:  24%|██▎       | 184/782 [00:03<00:11, 52.40it/s, loss=0.101, val/accuracy=0.957, val/loss=0.112, train/accuracy=0.956, train/loss=0.116]
Epoch 4:  24%|██▎       | 184/782 [00:03<00:11, 52.40it/s, loss=0.097, val/accuracy=0.957, val/loss=0.112, train/accuracy=0.956, train/loss=0.116]
Epoch 4:  24%|██▎       | 185/782 [00:03<00:11, 52.41it/s, loss=0.097, val/accuracy=0.957, val/loss=0.112, train/accuracy=0.956, train/loss=0.116]
Epoch 4:  24%|██▎       | 185/782 [00:03<00:11, 52.41it/s, loss=0.1, val/accuracy=0.957, val/loss=0.112, train/accuracy=0.956, train/loss=0.116]  
Epoch 4:  24%|██▍       | 186/782 [00:03<00:11, 52.43it/s, loss=0.1, val/accuracy=0.957, val/loss=0.112, train/accuracy=0.956, train/loss=0.116]
Epoch 4:  24%|██▍       | 186/782 [00:03<00:11, 52.42it/s, loss=0.101, val/accuracy=0.957, val/loss=0.112, train/accuracy=0.956, train/loss=0.116]
Epoch 4:  24%|██▍       | 187/782 [00:03<00:11, 52.44it/s, loss=0.101, val/accuracy=0.957, val/loss=0.112, train/accuracy=0.956, train/loss=0.116]
Epoch 4:  24%|██▍       | 187/782 [00:03<00:11, 52.44it/s, loss=0.0999, val/accuracy=0.957, val/loss=0.112, train/accuracy=0.956, train/loss=0.116]
Epoch 4:  24%|██▍       | 188/782 [00:03<00:11, 52.45it/s, loss=0.0999, val/accuracy=0.957, val/loss=0.112, train/accuracy=0.956, train/loss=0.116]
Epoch 4:  24%|██▍       | 188/782 [00:03<00:11, 52.45it/s, loss=0.1, val/accuracy=0.957, val/loss=0.112, train/accuracy=0.956, train/loss=0.116]   
Epoch 4:  24%|██▍       | 189/782 [00:03<00:11, 52.46it/s, loss=0.1, val/accuracy=0.957, val/loss=0.112, train/accuracy=0.956, train/loss=0.116]
Epoch 4:  24%|██▍       | 189/782 [00:03<00:11, 52.46it/s, loss=0.102, val/accuracy=0.957, val/loss=0.112, train/accuracy=0.956, train/loss=0.116]
Epoch 4:  24%|██▍       | 190/782 [00:03<00:11, 52.48it/s, loss=0.102, val/accuracy=0.957, val/loss=0.112, train/accuracy=0.956, train/loss=0.116]
Epoch 4:  24%|██▍       | 190/782 [00:03<00:11, 52.47it/s, loss=0.102, val/accuracy=0.957, val/loss=0.112, train/accuracy=0.956, train/loss=0.116]
Epoch 4:  24%|██▍       | 191/782 [00:03<00:11, 52.47it/s, loss=0.102, val/accuracy=0.957, val/loss=0.112, train/accuracy=0.956, train/loss=0.116]
Epoch 4:  24%|██▍       | 191/782 [00:03<00:11, 52.46it/s, loss=0.107, val/accuracy=0.957, val/loss=0.112, train/accuracy=0.956, train/loss=0.116]
Epoch 4:  25%|██▍       | 192/782 [00:03<00:11, 52.48it/s, loss=0.107, val/accuracy=0.957, val/loss=0.112, train/accuracy=0.956, train/loss=0.116]
Epoch 4:  25%|██▍       | 192/782 [00:03<00:11, 52.48it/s, loss=0.109, val/accuracy=0.957, val/loss=0.112, train/accuracy=0.956, train/loss=0.116]
Epoch 4:  25%|██▍       | 193/782 [00:03<00:11, 52.49it/s, loss=0.109, val/accuracy=0.957, val/loss=0.112, train/accuracy=0.956, train/loss=0.116]
Epoch 4:  25%|██▍       | 193/782 [00:03<00:11, 52.49it/s, loss=0.109, val/accuracy=0.957, val/loss=0.112, train/accuracy=0.956, train/loss=0.116]
Epoch 4:  25%|██▍       | 194/782 [00:03<00:11, 52.50it/s, loss=0.109, val/accuracy=0.957, val/loss=0.112, train/accuracy=0.956, train/loss=0.116]
Epoch 4:  25%|██▍       | 194/782 [00:03<00:11, 52.50it/s, loss=0.108, val/accuracy=0.957, val/loss=0.112, train/accuracy=0.956, train/loss=0.116]
Epoch 4:  25%|██▍       | 195/782 [00:03<00:11, 52.52it/s, loss=0.108, val/accuracy=0.957, val/loss=0.112, train/accuracy=0.956, train/loss=0.116]
Epoch 4:  25%|██▍       | 195/782 [00:03<00:11, 52.51it/s, loss=0.1, val/accuracy=0.957, val/loss=0.112, train/accuracy=0.956, train/loss=0.116]  
Epoch 4:  25%|██▌       | 196/782 [00:03<00:11, 52.53it/s, loss=0.1, val/accuracy=0.957, val/loss=0.112, train/accuracy=0.956, train/loss=0.116]
Epoch 4:  25%|██▌       | 196/782 [00:03<00:11, 52.52it/s, loss=0.099, val/accuracy=0.957, val/loss=0.112, train/accuracy=0.956, train/loss=0.116]
Epoch 4:  25%|██▌       | 197/782 [00:03<00:11, 52.54it/s, loss=0.099, val/accuracy=0.957, val/loss=0.112, train/accuracy=0.956, train/loss=0.116]
Epoch 4:  25%|██▌       | 197/782 [00:03<00:11, 52.54it/s, loss=0.1, val/accuracy=0.957, val/loss=0.112, train/accuracy=0.956, train/loss=0.116]  
Epoch 4:  25%|██▌       | 198/782 [00:03<00:11, 52.55it/s, loss=0.1, val/accuracy=0.957, val/loss=0.112, train/accuracy=0.956, train/loss=0.116]
Epoch 4:  25%|██▌       | 198/782 [00:03<00:11, 52.55it/s, loss=0.0964, val/accuracy=0.957, val/loss=0.112, train/accuracy=0.956, train/loss=0.116]
Epoch 4:  25%|██▌       | 199/782 [00:03<00:11, 52.56it/s, loss=0.0964, val/accuracy=0.957, val/loss=0.112, train/accuracy=0.956, train/loss=0.116]
Epoch 4:  25%|██▌       | 199/782 [00:03<00:11, 52.56it/s, loss=0.0927, val/accuracy=0.957, val/loss=0.112, train/accuracy=0.956, train/loss=0.116]
Epoch 4:  26%|██▌       | 200/782 [00:03<00:11, 52.58it/s, loss=0.0927, val/accuracy=0.957, val/loss=0.112, train/accuracy=0.956, train/loss=0.116]
Epoch 4:  26%|██▌       | 200/782 [00:03<00:11, 52.57it/s, loss=0.0924, val/accuracy=0.957, val/loss=0.112, train/accuracy=0.956, train/loss=0.116]
Epoch 4:  26%|██▌       | 201/782 [00:03<00:11, 52.59it/s, loss=0.0924, val/accuracy=0.957, val/loss=0.112, train/accuracy=0.956, train/loss=0.116]
Epoch 4:  26%|██▌       | 201/782 [00:03<00:11, 52.58it/s, loss=0.0926, val/accuracy=0.957, val/loss=0.112, train/accuracy=0.956, train/loss=0.116]
Epoch 4:  26%|██▌       | 202/782 [00:03<00:11, 52.60it/s, loss=0.0926, val/accuracy=0.957, val/loss=0.112, train/accuracy=0.956, train/loss=0.116]
Epoch 4:  26%|██▌       | 202/782 [00:03<00:11, 52.59it/s, loss=0.0897, val/accuracy=0.957, val/loss=0.112, train/accuracy=0.956, train/loss=0.116]
Epoch 4:  26%|██▌       | 203/782 [00:03<00:11, 52.61it/s, loss=0.0897, val/accuracy=0.957, val/loss=0.112, train/accuracy=0.956, train/loss=0.116]
Epoch 4:  26%|██▌       | 203/782 [00:03<00:11, 52.60it/s, loss=0.0892, val/accuracy=0.957, val/loss=0.112, train/accuracy=0.956, train/loss=0.116]
Epoch 4:  26%|██▌       | 204/782 [00:03<00:10, 52.62it/s, loss=0.0892, val/accuracy=0.957, val/loss=0.112, train/accuracy=0.956, train/loss=0.116]
Epoch 4:  26%|██▌       | 204/782 [00:03<00:10, 52.62it/s, loss=0.0906, val/accuracy=0.957, val/loss=0.112, train/accuracy=0.956, train/loss=0.116]
Epoch 4:  26%|██▌       | 205/782 [00:03<00:10, 52.63it/s, loss=0.0906, val/accuracy=0.957, val/loss=0.112, train/accuracy=0.956, train/loss=0.116]
Epoch 4:  26%|██▌       | 205/782 [00:03<00:10, 52.63it/s, loss=0.0864, val/accuracy=0.957, val/loss=0.112, train/accuracy=0.956, train/loss=0.116]
Epoch 4:  26%|██▋       | 206/782 [00:03<00:10, 52.64it/s, loss=0.0864, val/accuracy=0.957, val/loss=0.112, train/accuracy=0.956, train/loss=0.116]
Epoch 4:  26%|██▋       | 206/782 [00:03<00:10, 52.64it/s, loss=0.088, val/accuracy=0.957, val/loss=0.112, train/accuracy=0.956, train/loss=0.116] 
Epoch 4:  26%|██▋       | 207/782 [00:03<00:10, 52.65it/s, loss=0.088, val/accuracy=0.957, val/loss=0.112, train/accuracy=0.956, train/loss=0.116]
Epoch 4:  26%|██▋       | 207/782 [00:03<00:10, 52.65it/s, loss=0.0902, val/accuracy=0.957, val/loss=0.112, train/accuracy=0.956, train/loss=0.116]
Epoch 4:  27%|██▋       | 208/782 [00:03<00:10, 52.66it/s, loss=0.0902, val/accuracy=0.957, val/loss=0.112, train/accuracy=0.956, train/loss=0.116]
Epoch 4:  27%|██▋       | 208/782 [00:03<00:10, 52.66it/s, loss=0.0914, val/accuracy=0.957, val/loss=0.112, train/accuracy=0.956, train/loss=0.116]
Epoch 4:  27%|██▋       | 209/782 [00:03<00:10, 52.67it/s, loss=0.0914, val/accuracy=0.957, val/loss=0.112, train/accuracy=0.956, train/loss=0.116]
Epoch 4:  27%|██▋       | 209/782 [00:03<00:10, 52.67it/s, loss=0.0912, val/accuracy=0.957, val/loss=0.112, train/accuracy=0.956, train/loss=0.116]
Epoch 4:  27%|██▋       | 210/782 [00:03<00:10, 52.68it/s, loss=0.0912, val/accuracy=0.957, val/loss=0.112, train/accuracy=0.956, train/loss=0.116]
Epoch 4:  27%|██▋       | 210/782 [00:03<00:10, 52.68it/s, loss=0.0901, val/accuracy=0.957, val/loss=0.112, train/accuracy=0.956, train/loss=0.116]
Epoch 4:  27%|██▋       | 211/782 [00:04<00:10, 52.69it/s, loss=0.0901, val/accuracy=0.957, val/loss=0.112, train/accuracy=0.956, train/loss=0.116]
Epoch 4:  27%|██▋       | 211/782 [00:04<00:10, 52.69it/s, loss=0.0855, val/accuracy=0.957, val/loss=0.112, train/accuracy=0.956, train/loss=0.116]
Epoch 4:  27%|██▋       | 212/782 [00:04<00:10, 52.70it/s, loss=0.0855, val/accuracy=0.957, val/loss=0.112, train/accuracy=0.956, train/loss=0.116]
Epoch 4:  27%|██▋       | 212/782 [00:04<00:10, 52.70it/s, loss=0.0881, val/accuracy=0.957, val/loss=0.112, train/accuracy=0.956, train/loss=0.116]
Epoch 4:  27%|██▋       | 213/782 [00:04<00:10, 52.71it/s, loss=0.0881, val/accuracy=0.957, val/loss=0.112, train/accuracy=0.956, train/loss=0.116]
Epoch 4:  27%|██▋       | 213/782 [00:04<00:10, 52.71it/s, loss=0.0894, val/accuracy=0.957, val/loss=0.112, train/accuracy=0.956, train/loss=0.116]
Epoch 4:  27%|██▋       | 214/782 [00:04<00:10, 52.72it/s, loss=0.0894, val/accuracy=0.957, val/loss=0.112, train/accuracy=0.956, train/loss=0.116]
Epoch 4:  27%|██▋       | 214/782 [00:04<00:10, 52.72it/s, loss=0.0921, val/accuracy=0.957, val/loss=0.112, train/accuracy=0.956, train/loss=0.116]
Epoch 4:  27%|██▋       | 215/782 [00:04<00:10, 52.73it/s, loss=0.0921, val/accuracy=0.957, val/loss=0.112, train/accuracy=0.956, train/loss=0.116]
Epoch 4:  27%|██▋       | 215/782 [00:04<00:10, 52.73it/s, loss=0.0958, val/accuracy=0.957, val/loss=0.112, train/accuracy=0.956, train/loss=0.116]
Epoch 4:  28%|██▊       | 216/782 [00:04<00:10, 52.74it/s, loss=0.0958, val/accuracy=0.957, val/loss=0.112, train/accuracy=0.956, train/loss=0.116]
Epoch 4:  28%|██▊       | 216/782 [00:04<00:10, 52.74it/s, loss=0.096, val/accuracy=0.957, val/loss=0.112, train/accuracy=0.956, train/loss=0.116] 
Epoch 4:  28%|██▊       | 217/782 [00:04<00:10, 52.75it/s, loss=0.096, val/accuracy=0.957, val/loss=0.112, train/accuracy=0.956, train/loss=0.116]
Epoch 4:  28%|██▊       | 217/782 [00:04<00:10, 52.74it/s, loss=0.0961, val/accuracy=0.957, val/loss=0.112, train/accuracy=0.956, train/loss=0.116]
Epoch 4:  28%|██▊       | 218/782 [00:04<00:10, 52.76it/s, loss=0.0961, val/accuracy=0.957, val/loss=0.112, train/accuracy=0.956, train/loss=0.116]
Epoch 4:  28%|██▊       | 218/782 [00:04<00:10, 52.75it/s, loss=0.0967, val/accuracy=0.957, val/loss=0.112, train/accuracy=0.956, train/loss=0.116]
Epoch 4:  28%|██▊       | 219/782 [00:04<00:10, 52.77it/s, loss=0.0967, val/accuracy=0.957, val/loss=0.112, train/accuracy=0.956, train/loss=0.116]
Epoch 4:  28%|██▊       | 219/782 [00:04<00:10, 52.76it/s, loss=0.0994, val/accuracy=0.957, val/loss=0.112, train/accuracy=0.956, train/loss=0.116]
Epoch 4:  28%|██▊       | 220/782 [00:04<00:10, 52.78it/s, loss=0.0994, val/accuracy=0.957, val/loss=0.112, train/accuracy=0.956, train/loss=0.116]
Epoch 4:  28%|██▊       | 220/782 [00:04<00:10, 52.77it/s, loss=0.101, val/accuracy=0.957, val/loss=0.112, train/accuracy=0.956, train/loss=0.116] 
Epoch 4:  28%|██▊       | 221/782 [00:04<00:10, 52.79it/s, loss=0.101, val/accuracy=0.957, val/loss=0.112, train/accuracy=0.956, train/loss=0.116]
Epoch 4:  28%|██▊       | 221/782 [00:04<00:10, 52.78it/s, loss=0.101, val/accuracy=0.957, val/loss=0.112, train/accuracy=0.956, train/loss=0.116]
Epoch 4:  28%|██▊       | 222/782 [00:04<00:10, 52.80it/s, loss=0.101, val/accuracy=0.957, val/loss=0.112, train/accuracy=0.956, train/loss=0.116]
Epoch 4:  28%|██▊       | 222/782 [00:04<00:10, 52.79it/s, loss=0.104, val/accuracy=0.957, val/loss=0.112, train/accuracy=0.956, train/loss=0.116]
Epoch 4:  29%|██▊       | 223/782 [00:04<00:10, 52.81it/s, loss=0.104, val/accuracy=0.957, val/loss=0.112, train/accuracy=0.956, train/loss=0.116]
Epoch 4:  29%|██▊       | 223/782 [00:04<00:10, 52.80it/s, loss=0.103, val/accuracy=0.957, val/loss=0.112, train/accuracy=0.956, train/loss=0.116]
Epoch 4:  29%|██▊       | 224/782 [00:04<00:10, 52.81it/s, loss=0.103, val/accuracy=0.957, val/loss=0.112, train/accuracy=0.956, train/loss=0.116]
Epoch 4:  29%|██▊       | 224/782 [00:04<00:10, 52.81it/s, loss=0.102, val/accuracy=0.957, val/loss=0.112, train/accuracy=0.956, train/loss=0.116]
Epoch 4:  29%|██▉       | 225/782 [00:04<00:10, 52.82it/s, loss=0.102, val/accuracy=0.957, val/loss=0.112, train/accuracy=0.956, train/loss=0.116]
Epoch 4:  29%|██▉       | 225/782 [00:04<00:10, 52.82it/s, loss=0.107, val/accuracy=0.957, val/loss=0.112, train/accuracy=0.956, train/loss=0.116]
Epoch 4:  29%|██▉       | 226/782 [00:04<00:10, 52.83it/s, loss=0.107, val/accuracy=0.957, val/loss=0.112, train/accuracy=0.956, train/loss=0.116]
Epoch 4:  29%|██▉       | 226/782 [00:04<00:10, 52.83it/s, loss=0.106, val/accuracy=0.957, val/loss=0.112, train/accuracy=0.956, train/loss=0.116]
Epoch 4:  29%|██▉       | 227/782 [00:04<00:10, 52.84it/s, loss=0.106, val/accuracy=0.957, val/loss=0.112, train/accuracy=0.956, train/loss=0.116]
Epoch 4:  29%|██▉       | 227/782 [00:04<00:10, 52.84it/s, loss=0.103, val/accuracy=0.957, val/loss=0.112, train/accuracy=0.956, train/loss=0.116]
Epoch 4:  29%|██▉       | 228/782 [00:04<00:10, 52.85it/s, loss=0.103, val/accuracy=0.957, val/loss=0.112, train/accuracy=0.956, train/loss=0.116]
Epoch 4:  29%|██▉       | 228/782 [00:04<00:10, 52.85it/s, loss=0.102, val/accuracy=0.957, val/loss=0.112, train/accuracy=0.956, train/loss=0.116]
Epoch 4:  29%|██▉       | 229/782 [00:04<00:10, 52.86it/s, loss=0.102, val/accuracy=0.957, val/loss=0.112, train/accuracy=0.956, train/loss=0.116]
Epoch 4:  29%|██▉       | 229/782 [00:04<00:10, 52.86it/s, loss=0.101, val/accuracy=0.957, val/loss=0.112, train/accuracy=0.956, train/loss=0.116]
Epoch 4:  29%|██▉       | 230/782 [00:04<00:10, 52.87it/s, loss=0.101, val/accuracy=0.957, val/loss=0.112, train/accuracy=0.956, train/loss=0.116]
Epoch 4:  29%|██▉       | 230/782 [00:04<00:10, 52.86it/s, loss=0.1, val/accuracy=0.957, val/loss=0.112, train/accuracy=0.956, train/loss=0.116]  
Epoch 4:  30%|██▉       | 231/782 [00:04<00:10, 52.88it/s, loss=0.1, val/accuracy=0.957, val/loss=0.112, train/accuracy=0.956, train/loss=0.116]
Epoch 4:  30%|██▉       | 231/782 [00:04<00:10, 52.87it/s, loss=0.103, val/accuracy=0.957, val/loss=0.112, train/accuracy=0.956, train/loss=0.116]
Epoch 4:  30%|██▉       | 232/782 [00:04<00:10, 52.88it/s, loss=0.103, val/accuracy=0.957, val/loss=0.112, train/accuracy=0.956, train/loss=0.116]
Epoch 4:  30%|██▉       | 232/782 [00:04<00:10, 52.88it/s, loss=0.103, val/accuracy=0.957, val/loss=0.112, train/accuracy=0.956, train/loss=0.116]
Epoch 4:  30%|██▉       | 233/782 [00:04<00:10, 52.89it/s, loss=0.103, val/accuracy=0.957, val/loss=0.112, train/accuracy=0.956, train/loss=0.116]
Epoch 4:  30%|██▉       | 233/782 [00:04<00:10, 52.89it/s, loss=0.104, val/accuracy=0.957, val/loss=0.112, train/accuracy=0.956, train/loss=0.116]
Epoch 4:  30%|██▉       | 234/782 [00:04<00:10, 52.90it/s, loss=0.104, val/accuracy=0.957, val/loss=0.112, train/accuracy=0.956, train/loss=0.116]
Epoch 4:  30%|██▉       | 234/782 [00:04<00:10, 52.90it/s, loss=0.103, val/accuracy=0.957, val/loss=0.112, train/accuracy=0.956, train/loss=0.116]
Epoch 4:  30%|███       | 235/782 [00:04<00:10, 52.91it/s, loss=0.103, val/accuracy=0.957, val/loss=0.112, train/accuracy=0.956, train/loss=0.116]
Epoch 4:  30%|███       | 235/782 [00:04<00:10, 52.91it/s, loss=0.1, val/accuracy=0.957, val/loss=0.112, train/accuracy=0.956, train/loss=0.116]  
Epoch 4:  30%|███       | 236/782 [00:04<00:10, 52.92it/s, loss=0.1, val/accuracy=0.957, val/loss=0.112, train/accuracy=0.956, train/loss=0.116]
Epoch 4:  30%|███       | 236/782 [00:04<00:10, 52.92it/s, loss=0.1, val/accuracy=0.957, val/loss=0.112, train/accuracy=0.956, train/loss=0.116]
Epoch 4:  30%|███       | 237/782 [00:04<00:10, 52.93it/s, loss=0.1, val/accuracy=0.957, val/loss=0.112, train/accuracy=0.956, train/loss=0.116]
Epoch 4:  30%|███       | 237/782 [00:04<00:10, 52.93it/s, loss=0.0969, val/accuracy=0.957, val/loss=0.112, train/accuracy=0.956, train/loss=0.116]
Epoch 4:  30%|███       | 238/782 [00:04<00:10, 52.94it/s, loss=0.0969, val/accuracy=0.957, val/loss=0.112, train/accuracy=0.956, train/loss=0.116]
Epoch 4:  30%|███       | 238/782 [00:04<00:10, 52.93it/s, loss=0.0984, val/accuracy=0.957, val/loss=0.112, train/accuracy=0.956, train/loss=0.116]
Epoch 4:  31%|███       | 239/782 [00:04<00:10, 52.95it/s, loss=0.0984, val/accuracy=0.957, val/loss=0.112, train/accuracy=0.956, train/loss=0.116]
Epoch 4:  31%|███       | 239/782 [00:04<00:10, 52.94it/s, loss=0.0998, val/accuracy=0.957, val/loss=0.112, train/accuracy=0.956, train/loss=0.116]
Epoch 4:  31%|███       | 240/782 [00:04<00:10, 52.95it/s, loss=0.0998, val/accuracy=0.957, val/loss=0.112, train/accuracy=0.956, train/loss=0.116]
Epoch 4:  31%|███       | 240/782 [00:04<00:10, 52.95it/s, loss=0.0984, val/accuracy=0.957, val/loss=0.112, train/accuracy=0.956, train/loss=0.116]
Epoch 4:  31%|███       | 241/782 [00:04<00:10, 52.96it/s, loss=0.0984, val/accuracy=0.957, val/loss=0.112, train/accuracy=0.956, train/loss=0.116]
Epoch 4:  31%|███       | 241/782 [00:04<00:10, 52.96it/s, loss=0.103, val/accuracy=0.957, val/loss=0.112, train/accuracy=0.956, train/loss=0.116] 
Epoch 4:  31%|███       | 242/782 [00:04<00:10, 52.97it/s, loss=0.103, val/accuracy=0.957, val/loss=0.112, train/accuracy=0.956, train/loss=0.116]
Epoch 4:  31%|███       | 242/782 [00:04<00:10, 52.97it/s, loss=0.1, val/accuracy=0.957, val/loss=0.112, train/accuracy=0.956, train/loss=0.116]  
Epoch 4:  31%|███       | 243/782 [00:04<00:10, 52.98it/s, loss=0.1, val/accuracy=0.957, val/loss=0.112, train/accuracy=0.956, train/loss=0.116]
Epoch 4:  31%|███       | 243/782 [00:04<00:10, 52.98it/s, loss=0.103, val/accuracy=0.957, val/loss=0.112, train/accuracy=0.956, train/loss=0.116]
Epoch 4:  31%|███       | 244/782 [00:04<00:10, 52.99it/s, loss=0.103, val/accuracy=0.957, val/loss=0.112, train/accuracy=0.956, train/loss=0.116]
Epoch 4:  31%|███       | 244/782 [00:04<00:10, 52.99it/s, loss=0.105, val/accuracy=0.957, val/loss=0.112, train/accuracy=0.956, train/loss=0.116]
Epoch 4:  31%|███▏      | 245/782 [00:04<00:10, 53.00it/s, loss=0.105, val/accuracy=0.957, val/loss=0.112, train/accuracy=0.956, train/loss=0.116]
Epoch 4:  31%|███▏      | 245/782 [00:04<00:10, 52.99it/s, loss=0.101, val/accuracy=0.957, val/loss=0.112, train/accuracy=0.956, train/loss=0.116]
Epoch 4:  31%|███▏      | 246/782 [00:04<00:10, 53.00it/s, loss=0.101, val/accuracy=0.957, val/loss=0.112, train/accuracy=0.956, train/loss=0.116]
Epoch 4:  31%|███▏      | 246/782 [00:04<00:10, 53.00it/s, loss=0.101, val/accuracy=0.957, val/loss=0.112, train/accuracy=0.956, train/loss=0.116]
Epoch 4:  32%|███▏      | 247/782 [00:04<00:10, 53.01it/s, loss=0.101, val/accuracy=0.957, val/loss=0.112, train/accuracy=0.956, train/loss=0.116]
Epoch 4:  32%|███▏      | 247/782 [00:04<00:10, 53.01it/s, loss=0.102, val/accuracy=0.957, val/loss=0.112, train/accuracy=0.956, train/loss=0.116]
Epoch 4:  32%|███▏      | 248/782 [00:04<00:10, 53.02it/s, loss=0.102, val/accuracy=0.957, val/loss=0.112, train/accuracy=0.956, train/loss=0.116]
Epoch 4:  32%|███▏      | 248/782 [00:04<00:10, 53.02it/s, loss=0.102, val/accuracy=0.957, val/loss=0.112, train/accuracy=0.956, train/loss=0.116]
Epoch 4:  32%|███▏      | 249/782 [00:04<00:10, 53.03it/s, loss=0.102, val/accuracy=0.957, val/loss=0.112, train/accuracy=0.956, train/loss=0.116]
Epoch 4:  32%|███▏      | 249/782 [00:04<00:10, 53.03it/s, loss=0.105, val/accuracy=0.957, val/loss=0.112, train/accuracy=0.956, train/loss=0.116]
Epoch 4:  32%|███▏      | 250/782 [00:04<00:10, 53.04it/s, loss=0.105, val/accuracy=0.957, val/loss=0.112, train/accuracy=0.956, train/loss=0.116]
Epoch 4:  32%|███▏      | 250/782 [00:04<00:10, 53.03it/s, loss=0.108, val/accuracy=0.957, val/loss=0.112, train/accuracy=0.956, train/loss=0.116]
Epoch 4:  32%|███▏      | 251/782 [00:04<00:10, 53.05it/s, loss=0.108, val/accuracy=0.957, val/loss=0.112, train/accuracy=0.956, train/loss=0.116]
Epoch 4:  32%|███▏      | 251/782 [00:04<00:10, 53.04it/s, loss=0.107, val/accuracy=0.957, val/loss=0.112, train/accuracy=0.956, train/loss=0.116]
Epoch 4:  32%|███▏      | 252/782 [00:04<00:09, 53.05it/s, loss=0.107, val/accuracy=0.957, val/loss=0.112, train/accuracy=0.956, train/loss=0.116]
Epoch 4:  32%|███▏      | 252/782 [00:04<00:09, 53.05it/s, loss=0.103, val/accuracy=0.957, val/loss=0.112, train/accuracy=0.956, train/loss=0.116]
Epoch 4:  32%|███▏      | 253/782 [00:04<00:09, 53.06it/s, loss=0.103, val/accuracy=0.957, val/loss=0.112, train/accuracy=0.956, train/loss=0.116]
Epoch 4:  32%|███▏      | 253/782 [00:04<00:09, 53.06it/s, loss=0.101, val/accuracy=0.957, val/loss=0.112, train/accuracy=0.956, train/loss=0.116]
Epoch 4:  32%|███▏      | 254/782 [00:04<00:09, 53.07it/s, loss=0.101, val/accuracy=0.957, val/loss=0.112, train/accuracy=0.956, train/loss=0.116]
Epoch 4:  32%|███▏      | 254/782 [00:04<00:09, 53.07it/s, loss=0.0986, val/accuracy=0.957, val/loss=0.112, train/accuracy=0.956, train/loss=0.116]
Epoch 4:  33%|███▎      | 255/782 [00:04<00:09, 53.08it/s, loss=0.0986, val/accuracy=0.957, val/loss=0.112, train/accuracy=0.956, train/loss=0.116]
Epoch 4:  33%|███▎      | 255/782 [00:04<00:09, 53.07it/s, loss=0.103, val/accuracy=0.957, val/loss=0.112, train/accuracy=0.956, train/loss=0.116] 
Epoch 4:  33%|███▎      | 256/782 [00:04<00:09, 53.08it/s, loss=0.103, val/accuracy=0.957, val/loss=0.112, train/accuracy=0.956, train/loss=0.116]
Epoch 4:  33%|███▎      | 256/782 [00:04<00:09, 53.08it/s, loss=0.103, val/accuracy=0.957, val/loss=0.112, train/accuracy=0.956, train/loss=0.116]
Epoch 4:  33%|███▎      | 257/782 [00:04<00:09, 53.09it/s, loss=0.103, val/accuracy=0.957, val/loss=0.112, train/accuracy=0.956, train/loss=0.116]
Epoch 4:  33%|███▎      | 257/782 [00:04<00:09, 53.09it/s, loss=0.107, val/accuracy=0.957, val/loss=0.112, train/accuracy=0.956, train/loss=0.116]
Epoch 4:  33%|███▎      | 258/782 [00:04<00:09, 53.10it/s, loss=0.107, val/accuracy=0.957, val/loss=0.112, train/accuracy=0.956, train/loss=0.116]
Epoch 4:  33%|███▎      | 258/782 [00:04<00:09, 53.10it/s, loss=0.107, val/accuracy=0.957, val/loss=0.112, train/accuracy=0.956, train/loss=0.116]
Epoch 4:  33%|███▎      | 259/782 [00:04<00:09, 53.11it/s, loss=0.107, val/accuracy=0.957, val/loss=0.112, train/accuracy=0.956, train/loss=0.116]
Epoch 4:  33%|███▎      | 259/782 [00:04<00:09, 53.10it/s, loss=0.104, val/accuracy=0.957, val/loss=0.112, train/accuracy=0.956, train/loss=0.116]
Epoch 4:  33%|███▎      | 260/782 [00:04<00:09, 53.11it/s, loss=0.104, val/accuracy=0.957, val/loss=0.112, train/accuracy=0.956, train/loss=0.116]
Epoch 4:  33%|███▎      | 260/782 [00:04<00:09, 53.11it/s, loss=0.107, val/accuracy=0.957, val/loss=0.112, train/accuracy=0.956, train/loss=0.116]
Epoch 4:  33%|███▎      | 261/782 [00:04<00:09, 53.12it/s, loss=0.107, val/accuracy=0.957, val/loss=0.112, train/accuracy=0.956, train/loss=0.116]
Epoch 4:  33%|███▎      | 261/782 [00:04<00:09, 53.12it/s, loss=0.102, val/accuracy=0.957, val/loss=0.112, train/accuracy=0.956, train/loss=0.116]
Epoch 4:  34%|███▎      | 262/782 [00:04<00:09, 53.12it/s, loss=0.102, val/accuracy=0.957, val/loss=0.112, train/accuracy=0.956, train/loss=0.116]
Epoch 4:  34%|███▎      | 262/782 [00:04<00:09, 53.12it/s, loss=0.107, val/accuracy=0.957, val/loss=0.112, train/accuracy=0.956, train/loss=0.116]
Epoch 4:  34%|███▎      | 263/782 [00:04<00:09, 53.13it/s, loss=0.107, val/accuracy=0.957, val/loss=0.112, train/accuracy=0.956, train/loss=0.116]
Epoch 4:  34%|███▎      | 263/782 [00:04<00:09, 53.13it/s, loss=0.105, val/accuracy=0.957, val/loss=0.112, train/accuracy=0.956, train/loss=0.116]
Epoch 4:  34%|███▍      | 264/782 [00:04<00:09, 53.13it/s, loss=0.105, val/accuracy=0.957, val/loss=0.112, train/accuracy=0.956, train/loss=0.116]
Epoch 4:  34%|███▍      | 264/782 [00:04<00:09, 53.13it/s, loss=0.103, val/accuracy=0.957, val/loss=0.112, train/accuracy=0.956, train/loss=0.116]
Epoch 4:  34%|███▍      | 265/782 [00:04<00:09, 53.14it/s, loss=0.103, val/accuracy=0.957, val/loss=0.112, train/accuracy=0.956, train/loss=0.116]
Epoch 4:  34%|███▍      | 265/782 [00:04<00:09, 53.14it/s, loss=0.102, val/accuracy=0.957, val/loss=0.112, train/accuracy=0.956, train/loss=0.116]
Epoch 4:  34%|███▍      | 266/782 [00:05<00:09, 53.14it/s, loss=0.102, val/accuracy=0.957, val/loss=0.112, train/accuracy=0.956, train/loss=0.116]
Epoch 4:  34%|███▍      | 266/782 [00:05<00:09, 53.14it/s, loss=0.101, val/accuracy=0.957, val/loss=0.112, train/accuracy=0.956, train/loss=0.116]
Epoch 4:  34%|███▍      | 267/782 [00:05<00:09, 53.15it/s, loss=0.101, val/accuracy=0.957, val/loss=0.112, train/accuracy=0.956, train/loss=0.116]
Epoch 4:  34%|███▍      | 267/782 [00:05<00:09, 53.15it/s, loss=0.102, val/accuracy=0.957, val/loss=0.112, train/accuracy=0.956, train/loss=0.116]
Epoch 4:  34%|███▍      | 268/782 [00:05<00:09, 53.15it/s, loss=0.102, val/accuracy=0.957, val/loss=0.112, train/accuracy=0.956, train/loss=0.116]
Epoch 4:  34%|███▍      | 268/782 [00:05<00:09, 53.15it/s, loss=0.103, val/accuracy=0.957, val/loss=0.112, train/accuracy=0.956, train/loss=0.116]
Epoch 4:  34%|███▍      | 269/782 [00:05<00:09, 53.16it/s, loss=0.103, val/accuracy=0.957, val/loss=0.112, train/accuracy=0.956, train/loss=0.116]
Epoch 4:  34%|███▍      | 269/782 [00:05<00:09, 53.16it/s, loss=0.0983, val/accuracy=0.957, val/loss=0.112, train/accuracy=0.956, train/loss=0.116]
Epoch 4:  35%|███▍      | 270/782 [00:05<00:09, 53.17it/s, loss=0.0983, val/accuracy=0.957, val/loss=0.112, train/accuracy=0.956, train/loss=0.116]
Epoch 4:  35%|███▍      | 270/782 [00:05<00:09, 53.16it/s, loss=0.0991, val/accuracy=0.957, val/loss=0.112, train/accuracy=0.956, train/loss=0.116]
Epoch 4:  35%|███▍      | 271/782 [00:05<00:09, 53.17it/s, loss=0.0991, val/accuracy=0.957, val/loss=0.112, train/accuracy=0.956, train/loss=0.116]
Epoch 4:  35%|███▍      | 271/782 [00:05<00:09, 53.17it/s, loss=0.0974, val/accuracy=0.957, val/loss=0.112, train/accuracy=0.956, train/loss=0.116]
Epoch 4:  35%|███▍      | 272/782 [00:05<00:09, 53.18it/s, loss=0.0974, val/accuracy=0.957, val/loss=0.112, train/accuracy=0.956, train/loss=0.116]
Epoch 4:  35%|███▍      | 272/782 [00:05<00:09, 53.17it/s, loss=0.0998, val/accuracy=0.957, val/loss=0.112, train/accuracy=0.956, train/loss=0.116]
Epoch 4:  35%|███▍      | 273/782 [00:05<00:09, 53.18it/s, loss=0.0998, val/accuracy=0.957, val/loss=0.112, train/accuracy=0.956, train/loss=0.116]
Epoch 4:  35%|███▍      | 273/782 [00:05<00:09, 53.18it/s, loss=0.102, val/accuracy=0.957, val/loss=0.112, train/accuracy=0.956, train/loss=0.116] 
Epoch 4:  35%|███▌      | 274/782 [00:05<00:09, 53.19it/s, loss=0.102, val/accuracy=0.957, val/loss=0.112, train/accuracy=0.956, train/loss=0.116]
Epoch 4:  35%|███▌      | 274/782 [00:05<00:09, 53.18it/s, loss=0.106, val/accuracy=0.957, val/loss=0.112, train/accuracy=0.956, train/loss=0.116]
Epoch 4:  35%|███▌      | 275/782 [00:05<00:09, 53.19it/s, loss=0.106, val/accuracy=0.957, val/loss=0.112, train/accuracy=0.956, train/loss=0.116]
Epoch 4:  35%|███▌      | 275/782 [00:05<00:09, 53.19it/s, loss=0.103, val/accuracy=0.957, val/loss=0.112, train/accuracy=0.956, train/loss=0.116]
Epoch 4:  35%|███▌      | 276/782 [00:05<00:09, 53.19it/s, loss=0.103, val/accuracy=0.957, val/loss=0.112, train/accuracy=0.956, train/loss=0.116]
Epoch 4:  35%|███▌      | 276/782 [00:05<00:09, 53.19it/s, loss=0.103, val/accuracy=0.957, val/loss=0.112, train/accuracy=0.956, train/loss=0.116]
Epoch 4:  35%|███▌      | 277/782 [00:05<00:09, 53.18it/s, loss=0.103, val/accuracy=0.957, val/loss=0.112, train/accuracy=0.956, train/loss=0.116]
Epoch 4:  35%|███▌      | 277/782 [00:05<00:09, 53.17it/s, loss=0.101, val/accuracy=0.957, val/loss=0.112, train/accuracy=0.956, train/loss=0.116]
Epoch 4:  36%|███▌      | 278/782 [00:05<00:09, 53.18it/s, loss=0.101, val/accuracy=0.957, val/loss=0.112, train/accuracy=0.956, train/loss=0.116]
Epoch 4:  36%|███▌      | 278/782 [00:05<00:09, 53.17it/s, loss=0.101, val/accuracy=0.957, val/loss=0.112, train/accuracy=0.956, train/loss=0.116]
Epoch 4:  36%|███▌      | 279/782 [00:05<00:09, 53.18it/s, loss=0.101, val/accuracy=0.957, val/loss=0.112, train/accuracy=0.956, train/loss=0.116]
Epoch 4:  36%|███▌      | 279/782 [00:05<00:09, 53.18it/s, loss=0.098, val/accuracy=0.957, val/loss=0.112, train/accuracy=0.956, train/loss=0.116]
Epoch 4:  36%|███▌      | 280/782 [00:05<00:09, 53.19it/s, loss=0.098, val/accuracy=0.957, val/loss=0.112, train/accuracy=0.956, train/loss=0.116]
Epoch 4:  36%|███▌      | 280/782 [00:05<00:09, 53.18it/s, loss=0.0944, val/accuracy=0.957, val/loss=0.112, train/accuracy=0.956, train/loss=0.116]
Epoch 4:  36%|███▌      | 281/782 [00:05<00:09, 53.19it/s, loss=0.0944, val/accuracy=0.957, val/loss=0.112, train/accuracy=0.956, train/loss=0.116]
Epoch 4:  36%|███▌      | 281/782 [00:05<00:09, 53.19it/s, loss=0.0947, val/accuracy=0.957, val/loss=0.112, train/accuracy=0.956, train/loss=0.116]
Epoch 4:  36%|███▌      | 282/782 [00:05<00:09, 53.20it/s, loss=0.0947, val/accuracy=0.957, val/loss=0.112, train/accuracy=0.956, train/loss=0.116]
Epoch 4:  36%|███▌      | 282/782 [00:05<00:09, 53.20it/s, loss=0.0907, val/accuracy=0.957, val/loss=0.112, train/accuracy=0.956, train/loss=0.116]
Epoch 4:  36%|███▌      | 283/782 [00:05<00:09, 53.21it/s, loss=0.0907, val/accuracy=0.957, val/loss=0.112, train/accuracy=0.956, train/loss=0.116]
Epoch 4:  36%|███▌      | 283/782 [00:05<00:09, 53.20it/s, loss=0.0913, val/accuracy=0.957, val/loss=0.112, train/accuracy=0.956, train/loss=0.116]
Epoch 4:  36%|███▋      | 284/782 [00:05<00:09, 53.21it/s, loss=0.0913, val/accuracy=0.957, val/loss=0.112, train/accuracy=0.956, train/loss=0.116]
Epoch 4:  36%|███▋      | 284/782 [00:05<00:09, 53.21it/s, loss=0.0901, val/accuracy=0.957, val/loss=0.112, train/accuracy=0.956, train/loss=0.116]
Epoch 4:  36%|███▋      | 285/782 [00:05<00:09, 53.22it/s, loss=0.0901, val/accuracy=0.957, val/loss=0.112, train/accuracy=0.956, train/loss=0.116]
Epoch 4:  36%|███▋      | 285/782 [00:05<00:09, 53.22it/s, loss=0.0924, val/accuracy=0.957, val/loss=0.112, train/accuracy=0.956, train/loss=0.116]
Epoch 4:  37%|███▋      | 286/782 [00:05<00:09, 53.22it/s, loss=0.0924, val/accuracy=0.957, val/loss=0.112, train/accuracy=0.956, train/loss=0.116]
Epoch 4:  37%|███▋      | 286/782 [00:05<00:09, 53.22it/s, loss=0.0934, val/accuracy=0.957, val/loss=0.112, train/accuracy=0.956, train/loss=0.116]
Epoch 4:  37%|███▋      | 287/782 [00:05<00:09, 53.23it/s, loss=0.0934, val/accuracy=0.957, val/loss=0.112, train/accuracy=0.956, train/loss=0.116]
Epoch 4:  37%|███▋      | 287/782 [00:05<00:09, 53.23it/s, loss=0.0915, val/accuracy=0.957, val/loss=0.112, train/accuracy=0.956, train/loss=0.116]
Epoch 4:  37%|███▋      | 288/782 [00:05<00:09, 53.24it/s, loss=0.0915, val/accuracy=0.957, val/loss=0.112, train/accuracy=0.956, train/loss=0.116]
Epoch 4:  37%|███▋      | 288/782 [00:05<00:09, 53.24it/s, loss=0.0903, val/accuracy=0.957, val/loss=0.112, train/accuracy=0.956, train/loss=0.116]
Epoch 4:  37%|███▋      | 289/782 [00:05<00:09, 53.23it/s, loss=0.0903, val/accuracy=0.957, val/loss=0.112, train/accuracy=0.956, train/loss=0.116]
Epoch 4:  37%|███▋      | 289/782 [00:05<00:09, 53.23it/s, loss=0.0925, val/accuracy=0.957, val/loss=0.112, train/accuracy=0.956, train/loss=0.116]
Epoch 4:  37%|███▋      | 290/782 [00:05<00:09, 53.23it/s, loss=0.0925, val/accuracy=0.957, val/loss=0.112, train/accuracy=0.956, train/loss=0.116]
Epoch 4:  37%|███▋      | 290/782 [00:05<00:09, 53.23it/s, loss=0.0894, val/accuracy=0.957, val/loss=0.112, train/accuracy=0.956, train/loss=0.116]
Epoch 4:  37%|███▋      | 291/782 [00:05<00:09, 53.24it/s, loss=0.0894, val/accuracy=0.957, val/loss=0.112, train/accuracy=0.956, train/loss=0.116]
Epoch 4:  37%|███▋      | 291/782 [00:05<00:09, 53.24it/s, loss=0.0909, val/accuracy=0.957, val/loss=0.112, train/accuracy=0.956, train/loss=0.116]
Epoch 4:  37%|███▋      | 292/782 [00:05<00:09, 53.25it/s, loss=0.0909, val/accuracy=0.957, val/loss=0.112, train/accuracy=0.956, train/loss=0.116]
Epoch 4:  37%|███▋      | 292/782 [00:05<00:09, 53.25it/s, loss=0.0908, val/accuracy=0.957, val/loss=0.112, train/accuracy=0.956, train/loss=0.116]
Epoch 4:  37%|███▋      | 293/782 [00:05<00:09, 53.25it/s, loss=0.0908, val/accuracy=0.957, val/loss=0.112, train/accuracy=0.956, train/loss=0.116]
Epoch 4:  37%|███▋      | 293/782 [00:05<00:09, 53.25it/s, loss=0.0888, val/accuracy=0.957, val/loss=0.112, train/accuracy=0.956, train/loss=0.116]
Epoch 4:  38%|███▊      | 294/782 [00:05<00:09, 53.26it/s, loss=0.0888, val/accuracy=0.957, val/loss=0.112, train/accuracy=0.956, train/loss=0.116]
Epoch 4:  38%|███▊      | 294/782 [00:05<00:09, 53.26it/s, loss=0.0842, val/accuracy=0.957, val/loss=0.112, train/accuracy=0.956, train/loss=0.116]
Epoch 4:  38%|███▊      | 295/782 [00:05<00:09, 53.27it/s, loss=0.0842, val/accuracy=0.957, val/loss=0.112, train/accuracy=0.956, train/loss=0.116]
Epoch 4:  38%|███▊      | 295/782 [00:05<00:09, 53.26it/s, loss=0.085, val/accuracy=0.957, val/loss=0.112, train/accuracy=0.956, train/loss=0.116] 
Epoch 4:  38%|███▊      | 296/782 [00:05<00:09, 53.27it/s, loss=0.085, val/accuracy=0.957, val/loss=0.112, train/accuracy=0.956, train/loss=0.116]
Epoch 4:  38%|███▊      | 296/782 [00:05<00:09, 53.27it/s, loss=0.0866, val/accuracy=0.957, val/loss=0.112, train/accuracy=0.956, train/loss=0.116]
Epoch 4:  38%|███▊      | 297/782 [00:05<00:09, 53.28it/s, loss=0.0866, val/accuracy=0.957, val/loss=0.112, train/accuracy=0.956, train/loss=0.116]
Epoch 4:  38%|███▊      | 297/782 [00:05<00:09, 53.27it/s, loss=0.0898, val/accuracy=0.957, val/loss=0.112, train/accuracy=0.956, train/loss=0.116]
Epoch 4:  38%|███▊      | 298/782 [00:05<00:09, 53.28it/s, loss=0.0898, val/accuracy=0.957, val/loss=0.112, train/accuracy=0.956, train/loss=0.116]
Epoch 4:  38%|███▊      | 298/782 [00:05<00:09, 53.28it/s, loss=0.0943, val/accuracy=0.957, val/loss=0.112, train/accuracy=0.956, train/loss=0.116]
Epoch 4:  38%|███▊      | 299/782 [00:05<00:09, 53.29it/s, loss=0.0943, val/accuracy=0.957, val/loss=0.112, train/accuracy=0.956, train/loss=0.116]
Epoch 4:  38%|███▊      | 299/782 [00:05<00:09, 53.29it/s, loss=0.0981, val/accuracy=0.957, val/loss=0.112, train/accuracy=0.956, train/loss=0.116]
Epoch 4:  38%|███▊      | 300/782 [00:05<00:09, 53.30it/s, loss=0.0981, val/accuracy=0.957, val/loss=0.112, train/accuracy=0.956, train/loss=0.116]
Epoch 4:  38%|███▊      | 300/782 [00:05<00:09, 53.29it/s, loss=0.0989, val/accuracy=0.957, val/loss=0.112, train/accuracy=0.956, train/loss=0.116]
Epoch 4:  38%|███▊      | 301/782 [00:05<00:09, 53.30it/s, loss=0.0989, val/accuracy=0.957, val/loss=0.112, train/accuracy=0.956, train/loss=0.116]
Epoch 4:  38%|███▊      | 301/782 [00:05<00:09, 53.30it/s, loss=0.0994, val/accuracy=0.957, val/loss=0.112, train/accuracy=0.956, train/loss=0.116]
Epoch 4:  39%|███▊      | 302/782 [00:05<00:09, 53.31it/s, loss=0.0994, val/accuracy=0.957, val/loss=0.112, train/accuracy=0.956, train/loss=0.116]
Epoch 4:  39%|███▊      | 302/782 [00:05<00:09, 53.30it/s, loss=0.0999, val/accuracy=0.957, val/loss=0.112, train/accuracy=0.956, train/loss=0.116]
Epoch 4:  39%|███▊      | 303/782 [00:05<00:08, 53.31it/s, loss=0.0999, val/accuracy=0.957, val/loss=0.112, train/accuracy=0.956, train/loss=0.116]
Epoch 4:  39%|███▊      | 303/782 [00:05<00:08, 53.31it/s, loss=0.0996, val/accuracy=0.957, val/loss=0.112, train/accuracy=0.956, train/loss=0.116]
Epoch 4:  39%|███▉      | 304/782 [00:05<00:08, 53.32it/s, loss=0.0996, val/accuracy=0.957, val/loss=0.112, train/accuracy=0.956, train/loss=0.116]
Epoch 4:  39%|███▉      | 304/782 [00:05<00:08, 53.31it/s, loss=0.104, val/accuracy=0.957, val/loss=0.112, train/accuracy=0.956, train/loss=0.116] 
Epoch 4:  39%|███▉      | 305/782 [00:05<00:08, 53.32it/s, loss=0.104, val/accuracy=0.957, val/loss=0.112, train/accuracy=0.956, train/loss=0.116]
Epoch 4:  39%|███▉      | 305/782 [00:05<00:08, 53.32it/s, loss=0.106, val/accuracy=0.957, val/loss=0.112, train/accuracy=0.956, train/loss=0.116]
Epoch 4:  39%|███▉      | 306/782 [00:05<00:08, 53.33it/s, loss=0.106, val/accuracy=0.957, val/loss=0.112, train/accuracy=0.956, train/loss=0.116]
Epoch 4:  39%|███▉      | 306/782 [00:05<00:08, 53.33it/s, loss=0.106, val/accuracy=0.957, val/loss=0.112, train/accuracy=0.956, train/loss=0.116]
Epoch 4:  39%|███▉      | 307/782 [00:05<00:08, 53.33it/s, loss=0.106, val/accuracy=0.957, val/loss=0.112, train/accuracy=0.956, train/loss=0.116]
Epoch 4:  39%|███▉      | 307/782 [00:05<00:08, 53.33it/s, loss=0.109, val/accuracy=0.957, val/loss=0.112, train/accuracy=0.956, train/loss=0.116]
Epoch 4:  39%|███▉      | 308/782 [00:05<00:08, 53.34it/s, loss=0.109, val/accuracy=0.957, val/loss=0.112, train/accuracy=0.956, train/loss=0.116]
Epoch 4:  39%|███▉      | 308/782 [00:05<00:08, 53.34it/s, loss=0.109, val/accuracy=0.957, val/loss=0.112, train/accuracy=0.956, train/loss=0.116]
Epoch 4:  40%|███▉      | 309/782 [00:05<00:08, 53.34it/s, loss=0.109, val/accuracy=0.957, val/loss=0.112, train/accuracy=0.956, train/loss=0.116]
Epoch 4:  40%|███▉      | 309/782 [00:05<00:08, 53.34it/s, loss=0.109, val/accuracy=0.957, val/loss=0.112, train/accuracy=0.956, train/loss=0.116]
Epoch 4:  40%|███▉      | 310/782 [00:05<00:08, 53.35it/s, loss=0.109, val/accuracy=0.957, val/loss=0.112, train/accuracy=0.956, train/loss=0.116]
Epoch 4:  40%|███▉      | 310/782 [00:05<00:08, 53.35it/s, loss=0.112, val/accuracy=0.957, val/loss=0.112, train/accuracy=0.956, train/loss=0.116]
Epoch 4:  40%|███▉      | 311/782 [00:05<00:08, 53.35it/s, loss=0.112, val/accuracy=0.957, val/loss=0.112, train/accuracy=0.956, train/loss=0.116]
Epoch 4:  40%|███▉      | 311/782 [00:05<00:08, 53.35it/s, loss=0.11, val/accuracy=0.957, val/loss=0.112, train/accuracy=0.956, train/loss=0.116] 
Epoch 4:  40%|███▉      | 312/782 [00:05<00:08, 53.36it/s, loss=0.11, val/accuracy=0.957, val/loss=0.112, train/accuracy=0.956, train/loss=0.116]
Epoch 4:  40%|███▉      | 312/782 [00:05<00:08, 53.36it/s, loss=0.11, val/accuracy=0.957, val/loss=0.112, train/accuracy=0.956, train/loss=0.116]
Epoch 4:  40%|████      | 313/782 [00:05<00:08, 53.36it/s, loss=0.11, val/accuracy=0.957, val/loss=0.112, train/accuracy=0.956, train/loss=0.116]
Epoch 4:  40%|████      | 313/782 [00:05<00:08, 53.36it/s, loss=0.109, val/accuracy=0.957, val/loss=0.112, train/accuracy=0.956, train/loss=0.116]
Epoch 4:  40%|████      | 314/782 [00:05<00:08, 53.37it/s, loss=0.109, val/accuracy=0.957, val/loss=0.112, train/accuracy=0.956, train/loss=0.116]
Epoch 4:  40%|████      | 314/782 [00:05<00:08, 53.37it/s, loss=0.108, val/accuracy=0.957, val/loss=0.112, train/accuracy=0.956, train/loss=0.116]
Epoch 4:  40%|████      | 315/782 [00:05<00:08, 53.37it/s, loss=0.108, val/accuracy=0.957, val/loss=0.112, train/accuracy=0.956, train/loss=0.116]
Epoch 4:  40%|████      | 315/782 [00:05<00:08, 53.37it/s, loss=0.109, val/accuracy=0.957, val/loss=0.112, train/accuracy=0.956, train/loss=0.116]
Epoch 4:  40%|████      | 316/782 [00:05<00:08, 53.38it/s, loss=0.109, val/accuracy=0.957, val/loss=0.112, train/accuracy=0.956, train/loss=0.116]
Epoch 4:  40%|████      | 316/782 [00:05<00:08, 53.38it/s, loss=0.11, val/accuracy=0.957, val/loss=0.112, train/accuracy=0.956, train/loss=0.116] 
Epoch 4:  41%|████      | 317/782 [00:05<00:08, 53.38it/s, loss=0.11, val/accuracy=0.957, val/loss=0.112, train/accuracy=0.956, train/loss=0.116]
Epoch 4:  41%|████      | 317/782 [00:05<00:08, 53.38it/s, loss=0.11, val/accuracy=0.957, val/loss=0.112, train/accuracy=0.956, train/loss=0.116]
Epoch 4:  41%|████      | 318/782 [00:05<00:08, 53.39it/s, loss=0.11, val/accuracy=0.957, val/loss=0.112, train/accuracy=0.956, train/loss=0.116]
Epoch 4:  41%|████      | 318/782 [00:05<00:08, 53.39it/s, loss=0.106, val/accuracy=0.957, val/loss=0.112, train/accuracy=0.956, train/loss=0.116]
Epoch 4:  41%|████      | 319/782 [00:05<00:08, 53.39it/s, loss=0.106, val/accuracy=0.957, val/loss=0.112, train/accuracy=0.956, train/loss=0.116]
Epoch 4:  41%|████      | 319/782 [00:05<00:08, 53.39it/s, loss=0.107, val/accuracy=0.957, val/loss=0.112, train/accuracy=0.956, train/loss=0.116]
Epoch 4:  41%|████      | 320/782 [00:05<00:08, 53.40it/s, loss=0.107, val/accuracy=0.957, val/loss=0.112, train/accuracy=0.956, train/loss=0.116]
Epoch 4:  41%|████      | 320/782 [00:05<00:08, 53.40it/s, loss=0.109, val/accuracy=0.957, val/loss=0.112, train/accuracy=0.956, train/loss=0.116]
Epoch 4:  41%|████      | 321/782 [00:06<00:08, 53.40it/s, loss=0.109, val/accuracy=0.957, val/loss=0.112, train/accuracy=0.956, train/loss=0.116]
Epoch 4:  41%|████      | 321/782 [00:06<00:08, 53.40it/s, loss=0.108, val/accuracy=0.957, val/loss=0.112, train/accuracy=0.956, train/loss=0.116]
Epoch 4:  41%|████      | 322/782 [00:06<00:08, 53.41it/s, loss=0.108, val/accuracy=0.957, val/loss=0.112, train/accuracy=0.956, train/loss=0.116]
Epoch 4:  41%|████      | 322/782 [00:06<00:08, 53.40it/s, loss=0.11, val/accuracy=0.957, val/loss=0.112, train/accuracy=0.956, train/loss=0.116] 
Epoch 4:  41%|████▏     | 323/782 [00:06<00:08, 53.41it/s, loss=0.11, val/accuracy=0.957, val/loss=0.112, train/accuracy=0.956, train/loss=0.116]
Epoch 4:  41%|████▏     | 323/782 [00:06<00:08, 53.41it/s, loss=0.11, val/accuracy=0.957, val/loss=0.112, train/accuracy=0.956, train/loss=0.116]
Epoch 4:  41%|████▏     | 324/782 [00:06<00:08, 53.42it/s, loss=0.11, val/accuracy=0.957, val/loss=0.112, train/accuracy=0.956, train/loss=0.116]
Epoch 4:  41%|████▏     | 324/782 [00:06<00:08, 53.41it/s, loss=0.107, val/accuracy=0.957, val/loss=0.112, train/accuracy=0.956, train/loss=0.116]
Epoch 4:  42%|████▏     | 325/782 [00:06<00:08, 53.42it/s, loss=0.107, val/accuracy=0.957, val/loss=0.112, train/accuracy=0.956, train/loss=0.116]
Epoch 4:  42%|████▏     | 325/782 [00:06<00:08, 53.42it/s, loss=0.107, val/accuracy=0.957, val/loss=0.112, train/accuracy=0.956, train/loss=0.116]
Epoch 4:  42%|████▏     | 326/782 [00:06<00:08, 53.42it/s, loss=0.107, val/accuracy=0.957, val/loss=0.112, train/accuracy=0.956, train/loss=0.116]
Epoch 4:  42%|████▏     | 326/782 [00:06<00:08, 53.42it/s, loss=0.106, val/accuracy=0.957, val/loss=0.112, train/accuracy=0.956, train/loss=0.116]
Epoch 4:  42%|████▏     | 327/782 [00:06<00:08, 53.43it/s, loss=0.106, val/accuracy=0.957, val/loss=0.112, train/accuracy=0.956, train/loss=0.116]
Epoch 4:  42%|████▏     | 327/782 [00:06<00:08, 53.43it/s, loss=0.103, val/accuracy=0.957, val/loss=0.112, train/accuracy=0.956, train/loss=0.116]
Epoch 4:  42%|████▏     | 328/782 [00:06<00:08, 53.43it/s, loss=0.103, val/accuracy=0.957, val/loss=0.112, train/accuracy=0.956, train/loss=0.116]
Epoch 4:  42%|████▏     | 328/782 [00:06<00:08, 53.43it/s, loss=0.102, val/accuracy=0.957, val/loss=0.112, train/accuracy=0.956, train/loss=0.116]
Epoch 4:  42%|████▏     | 329/782 [00:06<00:08, 53.43it/s, loss=0.102, val/accuracy=0.957, val/loss=0.112, train/accuracy=0.956, train/loss=0.116]
Epoch 4:  42%|████▏     | 329/782 [00:06<00:08, 53.43it/s, loss=0.102, val/accuracy=0.957, val/loss=0.112, train/accuracy=0.956, train/loss=0.116]
Epoch 4:  42%|████▏     | 330/782 [00:06<00:08, 53.42it/s, loss=0.102, val/accuracy=0.957, val/loss=0.112, train/accuracy=0.956, train/loss=0.116]
Epoch 4:  42%|████▏     | 330/782 [00:06<00:08, 53.42it/s, loss=0.102, val/accuracy=0.957, val/loss=0.112, train/accuracy=0.956, train/loss=0.116]
Epoch 4:  42%|████▏     | 331/782 [00:06<00:08, 53.42it/s, loss=0.102, val/accuracy=0.957, val/loss=0.112, train/accuracy=0.956, train/loss=0.116]
Epoch 4:  42%|████▏     | 331/782 [00:06<00:08, 53.41it/s, loss=0.105, val/accuracy=0.957, val/loss=0.112, train/accuracy=0.956, train/loss=0.116]
Epoch 4:  42%|████▏     | 332/782 [00:06<00:08, 53.41it/s, loss=0.105, val/accuracy=0.957, val/loss=0.112, train/accuracy=0.956, train/loss=0.116]
Epoch 4:  42%|████▏     | 332/782 [00:06<00:08, 53.41it/s, loss=0.107, val/accuracy=0.957, val/loss=0.112, train/accuracy=0.956, train/loss=0.116]
Epoch 4:  43%|████▎     | 333/782 [00:06<00:08, 53.40it/s, loss=0.107, val/accuracy=0.957, val/loss=0.112, train/accuracy=0.956, train/loss=0.116]
Epoch 4:  43%|████▎     | 333/782 [00:06<00:08, 53.40it/s, loss=0.111, val/accuracy=0.957, val/loss=0.112, train/accuracy=0.956, train/loss=0.116]
Epoch 4:  43%|████▎     | 334/782 [00:06<00:08, 53.40it/s, loss=0.111, val/accuracy=0.957, val/loss=0.112, train/accuracy=0.956, train/loss=0.116]
Epoch 4:  43%|████▎     | 334/782 [00:06<00:08, 53.39it/s, loss=0.114, val/accuracy=0.957, val/loss=0.112, train/accuracy=0.956, train/loss=0.116]
Epoch 4:  43%|████▎     | 335/782 [00:06<00:08, 53.39it/s, loss=0.114, val/accuracy=0.957, val/loss=0.112, train/accuracy=0.956, train/loss=0.116]
Epoch 4:  43%|████▎     | 335/782 [00:06<00:08, 53.39it/s, loss=0.113, val/accuracy=0.957, val/loss=0.112, train/accuracy=0.956, train/loss=0.116]
Epoch 4:  43%|████▎     | 336/782 [00:06<00:08, 53.38it/s, loss=0.113, val/accuracy=0.957, val/loss=0.112, train/accuracy=0.956, train/loss=0.116]
Epoch 4:  43%|████▎     | 336/782 [00:06<00:08, 53.38it/s, loss=0.11, val/accuracy=0.957, val/loss=0.112, train/accuracy=0.956, train/loss=0.116] 
Epoch 4:  43%|████▎     | 337/782 [00:06<00:08, 53.38it/s, loss=0.11, val/accuracy=0.957, val/loss=0.112, train/accuracy=0.956, train/loss=0.116]
Epoch 4:  43%|████▎     | 337/782 [00:06<00:08, 53.38it/s, loss=0.11, val/accuracy=0.957, val/loss=0.112, train/accuracy=0.956, train/loss=0.116]
Epoch 4:  43%|████▎     | 338/782 [00:06<00:08, 53.38it/s, loss=0.11, val/accuracy=0.957, val/loss=0.112, train/accuracy=0.956, train/loss=0.116]
Epoch 4:  43%|████▎     | 338/782 [00:06<00:08, 53.38it/s, loss=0.112, val/accuracy=0.957, val/loss=0.112, train/accuracy=0.956, train/loss=0.116]
Epoch 4:  43%|████▎     | 339/782 [00:06<00:08, 53.39it/s, loss=0.112, val/accuracy=0.957, val/loss=0.112, train/accuracy=0.956, train/loss=0.116]
Epoch 4:  43%|████▎     | 339/782 [00:06<00:08, 53.39it/s, loss=0.112, val/accuracy=0.957, val/loss=0.112, train/accuracy=0.956, train/loss=0.116]
Epoch 4:  43%|████▎     | 340/782 [00:06<00:08, 53.39it/s, loss=0.112, val/accuracy=0.957, val/loss=0.112, train/accuracy=0.956, train/loss=0.116]
Epoch 4:  43%|████▎     | 340/782 [00:06<00:08, 53.39it/s, loss=0.11, val/accuracy=0.957, val/loss=0.112, train/accuracy=0.956, train/loss=0.116] 
Epoch 4:  44%|████▎     | 341/782 [00:06<00:08, 53.40it/s, loss=0.11, val/accuracy=0.957, val/loss=0.112, train/accuracy=0.956, train/loss=0.116]
Epoch 4:  44%|████▎     | 341/782 [00:06<00:08, 53.39it/s, loss=0.109, val/accuracy=0.957, val/loss=0.112, train/accuracy=0.956, train/loss=0.116]
Epoch 4:  44%|████▎     | 342/782 [00:06<00:08, 53.40it/s, loss=0.109, val/accuracy=0.957, val/loss=0.112, train/accuracy=0.956, train/loss=0.116]
Epoch 4:  44%|████▎     | 342/782 [00:06<00:08, 53.40it/s, loss=0.108, val/accuracy=0.957, val/loss=0.112, train/accuracy=0.956, train/loss=0.116]
Epoch 4:  44%|████▍     | 343/782 [00:06<00:08, 53.41it/s, loss=0.108, val/accuracy=0.957, val/loss=0.112, train/accuracy=0.956, train/loss=0.116]
Epoch 4:  44%|████▍     | 343/782 [00:06<00:08, 53.40it/s, loss=0.109, val/accuracy=0.957, val/loss=0.112, train/accuracy=0.956, train/loss=0.116]
Epoch 4:  44%|████▍     | 344/782 [00:06<00:08, 53.41it/s, loss=0.109, val/accuracy=0.957, val/loss=0.112, train/accuracy=0.956, train/loss=0.116]
Epoch 4:  44%|████▍     | 344/782 [00:06<00:08, 53.41it/s, loss=0.11, val/accuracy=0.957, val/loss=0.112, train/accuracy=0.956, train/loss=0.116] 
Epoch 4:  44%|████▍     | 345/782 [00:06<00:08, 53.41it/s, loss=0.11, val/accuracy=0.957, val/loss=0.112, train/accuracy=0.956, train/loss=0.116]
Epoch 4:  44%|████▍     | 345/782 [00:06<00:08, 53.41it/s, loss=0.111, val/accuracy=0.957, val/loss=0.112, train/accuracy=0.956, train/loss=0.116]
Epoch 4:  44%|████▍     | 346/782 [00:06<00:08, 53.42it/s, loss=0.111, val/accuracy=0.957, val/loss=0.112, train/accuracy=0.956, train/loss=0.116]
Epoch 4:  44%|████▍     | 346/782 [00:06<00:08, 53.42it/s, loss=0.109, val/accuracy=0.957, val/loss=0.112, train/accuracy=0.956, train/loss=0.116]
Epoch 4:  44%|████▍     | 347/782 [00:06<00:08, 53.42it/s, loss=0.109, val/accuracy=0.957, val/loss=0.112, train/accuracy=0.956, train/loss=0.116]
Epoch 4:  44%|████▍     | 347/782 [00:06<00:08, 53.42it/s, loss=0.112, val/accuracy=0.957, val/loss=0.112, train/accuracy=0.956, train/loss=0.116]
Epoch 4:  45%|████▍     | 348/782 [00:06<00:08, 53.43it/s, loss=0.112, val/accuracy=0.957, val/loss=0.112, train/accuracy=0.956, train/loss=0.116]
Epoch 4:  45%|████▍     | 348/782 [00:06<00:08, 53.43it/s, loss=0.112, val/accuracy=0.957, val/loss=0.112, train/accuracy=0.956, train/loss=0.116]
Epoch 4:  45%|████▍     | 349/782 [00:06<00:08, 53.43it/s, loss=0.112, val/accuracy=0.957, val/loss=0.112, train/accuracy=0.956, train/loss=0.116]
Epoch 4:  45%|████▍     | 349/782 [00:06<00:08, 53.43it/s, loss=0.114, val/accuracy=0.957, val/loss=0.112, train/accuracy=0.956, train/loss=0.116]
Epoch 4:  45%|████▍     | 350/782 [00:06<00:08, 53.44it/s, loss=0.114, val/accuracy=0.957, val/loss=0.112, train/accuracy=0.956, train/loss=0.116]
Epoch 4:  45%|████▍     | 350/782 [00:06<00:08, 53.44it/s, loss=0.112, val/accuracy=0.957, val/loss=0.112, train/accuracy=0.956, train/loss=0.116]
Epoch 4:  45%|████▍     | 351/782 [00:06<00:08, 53.44it/s, loss=0.112, val/accuracy=0.957, val/loss=0.112, train/accuracy=0.956, train/loss=0.116]
Epoch 4:  45%|████▍     | 351/782 [00:06<00:08, 53.44it/s, loss=0.115, val/accuracy=0.957, val/loss=0.112, train/accuracy=0.956, train/loss=0.116]
Epoch 4:  45%|████▌     | 352/782 [00:06<00:08, 53.45it/s, loss=0.115, val/accuracy=0.957, val/loss=0.112, train/accuracy=0.956, train/loss=0.116]
Epoch 4:  45%|████▌     | 352/782 [00:06<00:08, 53.45it/s, loss=0.114, val/accuracy=0.957, val/loss=0.112, train/accuracy=0.956, train/loss=0.116]
Epoch 4:  45%|████▌     | 353/782 [00:06<00:08, 53.45it/s, loss=0.114, val/accuracy=0.957, val/loss=0.112, train/accuracy=0.956, train/loss=0.116]
Epoch 4:  45%|████▌     | 353/782 [00:06<00:08, 53.45it/s, loss=0.11, val/accuracy=0.957, val/loss=0.112, train/accuracy=0.956, train/loss=0.116] 
Epoch 4:  45%|████▌     | 354/782 [00:06<00:08, 53.46it/s, loss=0.11, val/accuracy=0.957, val/loss=0.112, train/accuracy=0.956, train/loss=0.116]
Epoch 4:  45%|████▌     | 354/782 [00:06<00:08, 53.46it/s, loss=0.112, val/accuracy=0.957, val/loss=0.112, train/accuracy=0.956, train/loss=0.116]
Epoch 4:  45%|████▌     | 355/782 [00:06<00:07, 53.46it/s, loss=0.112, val/accuracy=0.957, val/loss=0.112, train/accuracy=0.956, train/loss=0.116]
Epoch 4:  45%|████▌     | 355/782 [00:06<00:07, 53.46it/s, loss=0.114, val/accuracy=0.957, val/loss=0.112, train/accuracy=0.956, train/loss=0.116]
Epoch 4:  46%|████▌     | 356/782 [00:06<00:07, 53.47it/s, loss=0.114, val/accuracy=0.957, val/loss=0.112, train/accuracy=0.956, train/loss=0.116]
Epoch 4:  46%|████▌     | 356/782 [00:06<00:07, 53.46it/s, loss=0.115, val/accuracy=0.957, val/loss=0.112, train/accuracy=0.956, train/loss=0.116]
Epoch 4:  46%|████▌     | 357/782 [00:06<00:07, 53.47it/s, loss=0.115, val/accuracy=0.957, val/loss=0.112, train/accuracy=0.956, train/loss=0.116]
Epoch 4:  46%|████▌     | 357/782 [00:06<00:07, 53.47it/s, loss=0.113, val/accuracy=0.957, val/loss=0.112, train/accuracy=0.956, train/loss=0.116]
Epoch 4:  46%|████▌     | 358/782 [00:06<00:07, 53.47it/s, loss=0.113, val/accuracy=0.957, val/loss=0.112, train/accuracy=0.956, train/loss=0.116]
Epoch 4:  46%|████▌     | 358/782 [00:06<00:07, 53.47it/s, loss=0.111, val/accuracy=0.957, val/loss=0.112, train/accuracy=0.956, train/loss=0.116]
Epoch 4:  46%|████▌     | 359/782 [00:06<00:07, 53.48it/s, loss=0.111, val/accuracy=0.957, val/loss=0.112, train/accuracy=0.956, train/loss=0.116]
Epoch 4:  46%|████▌     | 359/782 [00:06<00:07, 53.48it/s, loss=0.108, val/accuracy=0.957, val/loss=0.112, train/accuracy=0.956, train/loss=0.116]
Epoch 4:  46%|████▌     | 360/782 [00:06<00:07, 53.48it/s, loss=0.108, val/accuracy=0.957, val/loss=0.112, train/accuracy=0.956, train/loss=0.116]
Epoch 4:  46%|████▌     | 360/782 [00:06<00:07, 53.48it/s, loss=0.11, val/accuracy=0.957, val/loss=0.112, train/accuracy=0.956, train/loss=0.116] 
Epoch 4:  46%|████▌     | 361/782 [00:06<00:07, 53.49it/s, loss=0.11, val/accuracy=0.957, val/loss=0.112, train/accuracy=0.956, train/loss=0.116]
Epoch 4:  46%|████▌     | 361/782 [00:06<00:07, 53.48it/s, loss=0.111, val/accuracy=0.957, val/loss=0.112, train/accuracy=0.956, train/loss=0.116]
Epoch 4:  46%|████▋     | 362/782 [00:06<00:07, 53.49it/s, loss=0.111, val/accuracy=0.957, val/loss=0.112, train/accuracy=0.956, train/loss=0.116]
Epoch 4:  46%|████▋     | 362/782 [00:06<00:07, 53.49it/s, loss=0.112, val/accuracy=0.957, val/loss=0.112, train/accuracy=0.956, train/loss=0.116]
Epoch 4:  46%|████▋     | 363/782 [00:06<00:07, 53.49it/s, loss=0.112, val/accuracy=0.957, val/loss=0.112, train/accuracy=0.956, train/loss=0.116]
Epoch 4:  46%|████▋     | 363/782 [00:06<00:07, 53.49it/s, loss=0.114, val/accuracy=0.957, val/loss=0.112, train/accuracy=0.956, train/loss=0.116]
Epoch 4:  47%|████▋     | 364/782 [00:06<00:07, 53.50it/s, loss=0.114, val/accuracy=0.957, val/loss=0.112, train/accuracy=0.956, train/loss=0.116]
Epoch 4:  47%|████▋     | 364/782 [00:06<00:07, 53.50it/s, loss=0.115, val/accuracy=0.957, val/loss=0.112, train/accuracy=0.956, train/loss=0.116]
Epoch 4:  47%|████▋     | 365/782 [00:06<00:07, 53.50it/s, loss=0.115, val/accuracy=0.957, val/loss=0.112, train/accuracy=0.956, train/loss=0.116]
Epoch 4:  47%|████▋     | 365/782 [00:06<00:07, 53.50it/s, loss=0.118, val/accuracy=0.957, val/loss=0.112, train/accuracy=0.956, train/loss=0.116]
Epoch 4:  47%|████▋     | 366/782 [00:06<00:07, 53.51it/s, loss=0.118, val/accuracy=0.957, val/loss=0.112, train/accuracy=0.956, train/loss=0.116]
Epoch 4:  47%|████▋     | 366/782 [00:06<00:07, 53.50it/s, loss=0.119, val/accuracy=0.957, val/loss=0.112, train/accuracy=0.956, train/loss=0.116]
Epoch 4:  47%|████▋     | 367/782 [00:06<00:07, 53.51it/s, loss=0.119, val/accuracy=0.957, val/loss=0.112, train/accuracy=0.956, train/loss=0.116]
Epoch 4:  47%|████▋     | 367/782 [00:06<00:07, 53.51it/s, loss=0.122, val/accuracy=0.957, val/loss=0.112, train/accuracy=0.956, train/loss=0.116]
Epoch 4:  47%|████▋     | 368/782 [00:06<00:07, 53.51it/s, loss=0.122, val/accuracy=0.957, val/loss=0.112, train/accuracy=0.956, train/loss=0.116]
Epoch 4:  47%|████▋     | 368/782 [00:06<00:07, 53.51it/s, loss=0.125, val/accuracy=0.957, val/loss=0.112, train/accuracy=0.956, train/loss=0.116]
Epoch 4:  47%|████▋     | 369/782 [00:06<00:07, 53.52it/s, loss=0.125, val/accuracy=0.957, val/loss=0.112, train/accuracy=0.956, train/loss=0.116]
Epoch 4:  47%|████▋     | 369/782 [00:06<00:07, 53.52it/s, loss=0.125, val/accuracy=0.957, val/loss=0.112, train/accuracy=0.956, train/loss=0.116]
Epoch 4:  47%|████▋     | 370/782 [00:06<00:07, 53.52it/s, loss=0.125, val/accuracy=0.957, val/loss=0.112, train/accuracy=0.956, train/loss=0.116]
Epoch 4:  47%|████▋     | 370/782 [00:06<00:07, 53.52it/s, loss=0.127, val/accuracy=0.957, val/loss=0.112, train/accuracy=0.956, train/loss=0.116]
Epoch 4:  47%|████▋     | 371/782 [00:06<00:07, 53.52it/s, loss=0.127, val/accuracy=0.957, val/loss=0.112, train/accuracy=0.956, train/loss=0.116]
Epoch 4:  47%|████▋     | 371/782 [00:06<00:07, 53.52it/s, loss=0.123, val/accuracy=0.957, val/loss=0.112, train/accuracy=0.956, train/loss=0.116]
Epoch 4:  48%|████▊     | 372/782 [00:06<00:07, 53.53it/s, loss=0.123, val/accuracy=0.957, val/loss=0.112, train/accuracy=0.956, train/loss=0.116]
Epoch 4:  48%|████▊     | 372/782 [00:06<00:07, 53.53it/s, loss=0.124, val/accuracy=0.957, val/loss=0.112, train/accuracy=0.956, train/loss=0.116]
Epoch 4:  48%|████▊     | 373/782 [00:06<00:07, 53.53it/s, loss=0.124, val/accuracy=0.957, val/loss=0.112, train/accuracy=0.956, train/loss=0.116]
Epoch 4:  48%|████▊     | 373/782 [00:06<00:07, 53.53it/s, loss=0.123, val/accuracy=0.957, val/loss=0.112, train/accuracy=0.956, train/loss=0.116]
Epoch 4:  48%|████▊     | 374/782 [00:06<00:07, 53.53it/s, loss=0.123, val/accuracy=0.957, val/loss=0.112, train/accuracy=0.956, train/loss=0.116]
Epoch 4:  48%|████▊     | 374/782 [00:06<00:07, 53.53it/s, loss=0.121, val/accuracy=0.957, val/loss=0.112, train/accuracy=0.956, train/loss=0.116]
Epoch 4:  48%|████▊     | 375/782 [00:07<00:07, 53.54it/s, loss=0.121, val/accuracy=0.957, val/loss=0.112, train/accuracy=0.956, train/loss=0.116]
Epoch 4:  48%|████▊     | 375/782 [00:07<00:07, 53.54it/s, loss=0.117, val/accuracy=0.957, val/loss=0.112, train/accuracy=0.956, train/loss=0.116]
Epoch 4:  48%|████▊     | 376/782 [00:07<00:07, 53.54it/s, loss=0.117, val/accuracy=0.957, val/loss=0.112, train/accuracy=0.956, train/loss=0.116]
Epoch 4:  48%|████▊     | 376/782 [00:07<00:07, 53.54it/s, loss=0.117, val/accuracy=0.957, val/loss=0.112, train/accuracy=0.956, train/loss=0.116]
Epoch 4:  48%|████▊     | 377/782 [00:07<00:07, 53.54it/s, loss=0.117, val/accuracy=0.957, val/loss=0.112, train/accuracy=0.956, train/loss=0.116]
Epoch 4:  48%|████▊     | 377/782 [00:07<00:07, 53.54it/s, loss=0.118, val/accuracy=0.957, val/loss=0.112, train/accuracy=0.956, train/loss=0.116]
Epoch 4:  48%|████▊     | 378/782 [00:07<00:07, 53.55it/s, loss=0.118, val/accuracy=0.957, val/loss=0.112, train/accuracy=0.956, train/loss=0.116]
Epoch 4:  48%|████▊     | 378/782 [00:07<00:07, 53.55it/s, loss=0.117, val/accuracy=0.957, val/loss=0.112, train/accuracy=0.956, train/loss=0.116]
Epoch 4:  48%|████▊     | 379/782 [00:07<00:07, 53.55it/s, loss=0.117, val/accuracy=0.957, val/loss=0.112, train/accuracy=0.956, train/loss=0.116]
Epoch 4:  48%|████▊     | 379/782 [00:07<00:07, 53.55it/s, loss=0.115, val/accuracy=0.957, val/loss=0.112, train/accuracy=0.956, train/loss=0.116]
Epoch 4:  49%|████▊     | 380/782 [00:07<00:07, 53.56it/s, loss=0.115, val/accuracy=0.957, val/loss=0.112, train/accuracy=0.956, train/loss=0.116]
Epoch 4:  49%|████▊     | 380/782 [00:07<00:07, 53.55it/s, loss=0.114, val/accuracy=0.957, val/loss=0.112, train/accuracy=0.956, train/loss=0.116]
Epoch 4:  49%|████▊     | 381/782 [00:07<00:07, 53.56it/s, loss=0.114, val/accuracy=0.957, val/loss=0.112, train/accuracy=0.956, train/loss=0.116]
Epoch 4:  49%|████▊     | 381/782 [00:07<00:07, 53.56it/s, loss=0.116, val/accuracy=0.957, val/loss=0.112, train/accuracy=0.956, train/loss=0.116]
Epoch 4:  49%|████▉     | 382/782 [00:07<00:07, 53.56it/s, loss=0.116, val/accuracy=0.957, val/loss=0.112, train/accuracy=0.956, train/loss=0.116]
Epoch 4:  49%|████▉     | 382/782 [00:07<00:07, 53.56it/s, loss=0.118, val/accuracy=0.957, val/loss=0.112, train/accuracy=0.956, train/loss=0.116]
Epoch 4:  49%|████▉     | 383/782 [00:07<00:07, 53.57it/s, loss=0.118, val/accuracy=0.957, val/loss=0.112, train/accuracy=0.956, train/loss=0.116]
Epoch 4:  49%|████▉     | 383/782 [00:07<00:07, 53.56it/s, loss=0.117, val/accuracy=0.957, val/loss=0.112, train/accuracy=0.956, train/loss=0.116]
Epoch 4:  49%|████▉     | 384/782 [00:07<00:07, 53.57it/s, loss=0.117, val/accuracy=0.957, val/loss=0.112, train/accuracy=0.956, train/loss=0.116]
Epoch 4:  49%|████▉     | 384/782 [00:07<00:07, 53.57it/s, loss=0.12, val/accuracy=0.957, val/loss=0.112, train/accuracy=0.956, train/loss=0.116] 
Epoch 4:  49%|████▉     | 385/782 [00:07<00:07, 53.57it/s, loss=0.12, val/accuracy=0.957, val/loss=0.112, train/accuracy=0.956, train/loss=0.116]
Epoch 4:  49%|████▉     | 385/782 [00:07<00:07, 53.57it/s, loss=0.116, val/accuracy=0.957, val/loss=0.112, train/accuracy=0.956, train/loss=0.116]
Epoch 4:  49%|████▉     | 386/782 [00:07<00:07, 53.58it/s, loss=0.116, val/accuracy=0.957, val/loss=0.112, train/accuracy=0.956, train/loss=0.116]
Epoch 4:  49%|████▉     | 386/782 [00:07<00:07, 53.57it/s, loss=0.118, val/accuracy=0.957, val/loss=0.112, train/accuracy=0.956, train/loss=0.116]
Epoch 4:  49%|████▉     | 387/782 [00:07<00:07, 53.58it/s, loss=0.118, val/accuracy=0.957, val/loss=0.112, train/accuracy=0.956, train/loss=0.116]
Epoch 4:  49%|████▉     | 387/782 [00:07<00:07, 53.58it/s, loss=0.117, val/accuracy=0.957, val/loss=0.112, train/accuracy=0.956, train/loss=0.116]
Epoch 4:  50%|████▉     | 388/782 [00:07<00:07, 53.58it/s, loss=0.117, val/accuracy=0.957, val/loss=0.112, train/accuracy=0.956, train/loss=0.116]
Epoch 4:  50%|████▉     | 388/782 [00:07<00:07, 53.58it/s, loss=0.115, val/accuracy=0.957, val/loss=0.112, train/accuracy=0.956, train/loss=0.116]
Epoch 4:  50%|████▉     | 389/782 [00:07<00:07, 53.59it/s, loss=0.115, val/accuracy=0.957, val/loss=0.112, train/accuracy=0.956, train/loss=0.116]
Epoch 4:  50%|████▉     | 389/782 [00:07<00:07, 53.58it/s, loss=0.115, val/accuracy=0.957, val/loss=0.112, train/accuracy=0.956, train/loss=0.116]
Epoch 4:  50%|████▉     | 390/782 [00:07<00:07, 53.59it/s, loss=0.115, val/accuracy=0.957, val/loss=0.112, train/accuracy=0.956, train/loss=0.116]
Epoch 4:  50%|████▉     | 390/782 [00:07<00:07, 53.59it/s, loss=0.115, val/accuracy=0.957, val/loss=0.112, train/accuracy=0.956, train/loss=0.116]
Epoch 4:  50%|█████     | 391/782 [00:07<00:07, 53.59it/s, loss=0.115, val/accuracy=0.957, val/loss=0.112, train/accuracy=0.956, train/loss=0.116]
Epoch 4:  50%|█████     | 391/782 [00:07<00:07, 53.59it/s, loss=0.114, val/accuracy=0.957, val/loss=0.112, train/accuracy=0.956, train/loss=0.116]
Epoch 4:  50%|█████     | 392/782 [00:07<00:07, 53.60it/s, loss=0.114, val/accuracy=0.957, val/loss=0.112, train/accuracy=0.956, train/loss=0.116]
Epoch 4:  50%|█████     | 392/782 [00:07<00:07, 53.59it/s, loss=0.11, val/accuracy=0.957, val/loss=0.112, train/accuracy=0.956, train/loss=0.116] 
Epoch 4:  50%|█████     | 393/782 [00:07<00:07, 53.60it/s, loss=0.11, val/accuracy=0.957, val/loss=0.112, train/accuracy=0.956, train/loss=0.116]
Epoch 4:  50%|█████     | 393/782 [00:07<00:07, 53.60it/s, loss=0.112, val/accuracy=0.957, val/loss=0.112, train/accuracy=0.956, train/loss=0.116]
Epoch 4:  50%|█████     | 394/782 [00:07<00:07, 53.60it/s, loss=0.112, val/accuracy=0.957, val/loss=0.112, train/accuracy=0.956, train/loss=0.116]
Epoch 4:  50%|█████     | 394/782 [00:07<00:07, 53.60it/s, loss=0.112, val/accuracy=0.957, val/loss=0.112, train/accuracy=0.956, train/loss=0.116]
Epoch 4:  51%|█████     | 395/782 [00:07<00:07, 53.61it/s, loss=0.112, val/accuracy=0.957, val/loss=0.112, train/accuracy=0.956, train/loss=0.116]
Epoch 4:  51%|█████     | 395/782 [00:07<00:07, 53.60it/s, loss=0.111, val/accuracy=0.957, val/loss=0.112, train/accuracy=0.956, train/loss=0.116]
Epoch 4:  51%|█████     | 396/782 [00:07<00:07, 53.61it/s, loss=0.111, val/accuracy=0.957, val/loss=0.112, train/accuracy=0.956, train/loss=0.116]
Epoch 4:  51%|█████     | 396/782 [00:07<00:07, 53.61it/s, loss=0.11, val/accuracy=0.957, val/loss=0.112, train/accuracy=0.956, train/loss=0.116] 
Epoch 4:  51%|█████     | 397/782 [00:07<00:07, 53.61it/s, loss=0.11, val/accuracy=0.957, val/loss=0.112, train/accuracy=0.956, train/loss=0.116]
Epoch 4:  51%|█████     | 397/782 [00:07<00:07, 53.61it/s, loss=0.108, val/accuracy=0.957, val/loss=0.112, train/accuracy=0.956, train/loss=0.116]
Epoch 4:  51%|█████     | 398/782 [00:07<00:07, 53.62it/s, loss=0.108, val/accuracy=0.957, val/loss=0.112, train/accuracy=0.956, train/loss=0.116]
Epoch 4:  51%|█████     | 398/782 [00:07<00:07, 53.61it/s, loss=0.109, val/accuracy=0.957, val/loss=0.112, train/accuracy=0.956, train/loss=0.116]
Epoch 4:  51%|█████     | 399/782 [00:07<00:07, 53.61it/s, loss=0.109, val/accuracy=0.957, val/loss=0.112, train/accuracy=0.956, train/loss=0.116]
Epoch 4:  51%|█████     | 399/782 [00:07<00:07, 53.61it/s, loss=0.114, val/accuracy=0.957, val/loss=0.112, train/accuracy=0.956, train/loss=0.116]
Epoch 4:  51%|█████     | 400/782 [00:07<00:07, 53.61it/s, loss=0.114, val/accuracy=0.957, val/loss=0.112, train/accuracy=0.956, train/loss=0.116]
Epoch 4:  51%|█████     | 400/782 [00:07<00:07, 53.61it/s, loss=0.112, val/accuracy=0.957, val/loss=0.112, train/accuracy=0.956, train/loss=0.116]
Epoch 4:  51%|█████▏    | 401/782 [00:07<00:07, 53.61it/s, loss=0.112, val/accuracy=0.957, val/loss=0.112, train/accuracy=0.956, train/loss=0.116]
Epoch 4:  51%|█████▏    | 401/782 [00:07<00:07, 53.61it/s, loss=0.111, val/accuracy=0.957, val/loss=0.112, train/accuracy=0.956, train/loss=0.116]
Epoch 4:  51%|█████▏    | 402/782 [00:07<00:07, 53.61it/s, loss=0.111, val/accuracy=0.957, val/loss=0.112, train/accuracy=0.956, train/loss=0.116]
Epoch 4:  51%|█████▏    | 402/782 [00:07<00:07, 53.61it/s, loss=0.118, val/accuracy=0.957, val/loss=0.112, train/accuracy=0.956, train/loss=0.116]
Epoch 4:  52%|█████▏    | 403/782 [00:07<00:07, 53.62it/s, loss=0.118, val/accuracy=0.957, val/loss=0.112, train/accuracy=0.956, train/loss=0.116]
Epoch 4:  52%|█████▏    | 403/782 [00:07<00:07, 53.61it/s, loss=0.113, val/accuracy=0.957, val/loss=0.112, train/accuracy=0.956, train/loss=0.116]
Epoch 4:  52%|█████▏    | 404/782 [00:07<00:07, 53.62it/s, loss=0.113, val/accuracy=0.957, val/loss=0.112, train/accuracy=0.956, train/loss=0.116]
Epoch 4:  52%|█████▏    | 404/782 [00:07<00:07, 53.62it/s, loss=0.107, val/accuracy=0.957, val/loss=0.112, train/accuracy=0.956, train/loss=0.116]
Epoch 4:  52%|█████▏    | 405/782 [00:07<00:07, 53.62it/s, loss=0.107, val/accuracy=0.957, val/loss=0.112, train/accuracy=0.956, train/loss=0.116]
Epoch 4:  52%|█████▏    | 405/782 [00:07<00:07, 53.62it/s, loss=0.106, val/accuracy=0.957, val/loss=0.112, train/accuracy=0.956, train/loss=0.116]
Epoch 4:  52%|█████▏    | 406/782 [00:07<00:07, 53.62it/s, loss=0.106, val/accuracy=0.957, val/loss=0.112, train/accuracy=0.956, train/loss=0.116]
Epoch 4:  52%|█████▏    | 406/782 [00:07<00:07, 53.61it/s, loss=0.104, val/accuracy=0.957, val/loss=0.112, train/accuracy=0.956, train/loss=0.116]
Epoch 4:  52%|█████▏    | 407/782 [00:07<00:06, 53.62it/s, loss=0.104, val/accuracy=0.957, val/loss=0.112, train/accuracy=0.956, train/loss=0.116]
Epoch 4:  52%|█████▏    | 407/782 [00:07<00:06, 53.62it/s, loss=0.0999, val/accuracy=0.957, val/loss=0.112, train/accuracy=0.956, train/loss=0.116]
Epoch 4:  52%|█████▏    | 408/782 [00:07<00:06, 53.62it/s, loss=0.0999, val/accuracy=0.957, val/loss=0.112, train/accuracy=0.956, train/loss=0.116]
Epoch 4:  52%|█████▏    | 408/782 [00:07<00:06, 53.62it/s, loss=0.0995, val/accuracy=0.957, val/loss=0.112, train/accuracy=0.956, train/loss=0.116]
Epoch 4:  52%|█████▏    | 409/782 [00:07<00:06, 53.63it/s, loss=0.0995, val/accuracy=0.957, val/loss=0.112, train/accuracy=0.956, train/loss=0.116]
Epoch 4:  52%|█████▏    | 409/782 [00:07<00:06, 53.62it/s, loss=0.0963, val/accuracy=0.957, val/loss=0.112, train/accuracy=0.956, train/loss=0.116]
Epoch 4:  52%|█████▏    | 410/782 [00:07<00:06, 53.63it/s, loss=0.0963, val/accuracy=0.957, val/loss=0.112, train/accuracy=0.956, train/loss=0.116]
Epoch 4:  52%|█████▏    | 410/782 [00:07<00:06, 53.63it/s, loss=0.0946, val/accuracy=0.957, val/loss=0.112, train/accuracy=0.956, train/loss=0.116]
Epoch 4:  53%|█████▎    | 411/782 [00:07<00:06, 53.63it/s, loss=0.0946, val/accuracy=0.957, val/loss=0.112, train/accuracy=0.956, train/loss=0.116]
Epoch 4:  53%|█████▎    | 411/782 [00:07<00:06, 53.63it/s, loss=0.0941, val/accuracy=0.957, val/loss=0.112, train/accuracy=0.956, train/loss=0.116]
Epoch 4:  53%|█████▎    | 412/782 [00:07<00:06, 53.64it/s, loss=0.0941, val/accuracy=0.957, val/loss=0.112, train/accuracy=0.956, train/loss=0.116]
Epoch 4:  53%|█████▎    | 412/782 [00:07<00:06, 53.63it/s, loss=0.0945, val/accuracy=0.957, val/loss=0.112, train/accuracy=0.956, train/loss=0.116]
Epoch 4:  53%|█████▎    | 413/782 [00:07<00:06, 53.64it/s, loss=0.0945, val/accuracy=0.957, val/loss=0.112, train/accuracy=0.956, train/loss=0.116]
Epoch 4:  53%|█████▎    | 413/782 [00:07<00:06, 53.64it/s, loss=0.0943, val/accuracy=0.957, val/loss=0.112, train/accuracy=0.956, train/loss=0.116]
Epoch 4:  53%|█████▎    | 414/782 [00:07<00:06, 53.64it/s, loss=0.0943, val/accuracy=0.957, val/loss=0.112, train/accuracy=0.956, train/loss=0.116]
Epoch 4:  53%|█████▎    | 414/782 [00:07<00:06, 53.64it/s, loss=0.0931, val/accuracy=0.957, val/loss=0.112, train/accuracy=0.956, train/loss=0.116]
Epoch 4:  53%|█████▎    | 415/782 [00:07<00:06, 53.65it/s, loss=0.0931, val/accuracy=0.957, val/loss=0.112, train/accuracy=0.956, train/loss=0.116]
Epoch 4:  53%|█████▎    | 415/782 [00:07<00:06, 53.64it/s, loss=0.0968, val/accuracy=0.957, val/loss=0.112, train/accuracy=0.956, train/loss=0.116]
Epoch 4:  53%|█████▎    | 416/782 [00:07<00:06, 53.65it/s, loss=0.0968, val/accuracy=0.957, val/loss=0.112, train/accuracy=0.956, train/loss=0.116]
Epoch 4:  53%|█████▎    | 416/782 [00:07<00:06, 53.65it/s, loss=0.0957, val/accuracy=0.957, val/loss=0.112, train/accuracy=0.956, train/loss=0.116]
Epoch 4:  53%|█████▎    | 417/782 [00:07<00:06, 53.65it/s, loss=0.0957, val/accuracy=0.957, val/loss=0.112, train/accuracy=0.956, train/loss=0.116]
Epoch 4:  53%|█████▎    | 417/782 [00:07<00:06, 53.65it/s, loss=0.0999, val/accuracy=0.957, val/loss=0.112, train/accuracy=0.956, train/loss=0.116]
Epoch 4:  53%|█████▎    | 418/782 [00:07<00:06, 53.65it/s, loss=0.0999, val/accuracy=0.957, val/loss=0.112, train/accuracy=0.956, train/loss=0.116]
Epoch 4:  53%|█████▎    | 418/782 [00:07<00:06, 53.65it/s, loss=0.0985, val/accuracy=0.957, val/loss=0.112, train/accuracy=0.956, train/loss=0.116]
Epoch 4:  54%|█████▎    | 419/782 [00:07<00:06, 53.66it/s, loss=0.0985, val/accuracy=0.957, val/loss=0.112, train/accuracy=0.956, train/loss=0.116]
Epoch 4:  54%|█████▎    | 419/782 [00:07<00:06, 53.66it/s, loss=0.0937, val/accuracy=0.957, val/loss=0.112, train/accuracy=0.956, train/loss=0.116]
Epoch 4:  54%|█████▎    | 420/782 [00:07<00:06, 53.66it/s, loss=0.0937, val/accuracy=0.957, val/loss=0.112, train/accuracy=0.956, train/loss=0.116]
Epoch 4:  54%|█████▎    | 420/782 [00:07<00:06, 53.66it/s, loss=0.0935, val/accuracy=0.957, val/loss=0.112, train/accuracy=0.956, train/loss=0.116]
Epoch 4:  54%|█████▍    | 421/782 [00:07<00:06, 53.66it/s, loss=0.0935, val/accuracy=0.957, val/loss=0.112, train/accuracy=0.956, train/loss=0.116]
Epoch 4:  54%|█████▍    | 421/782 [00:07<00:06, 53.66it/s, loss=0.0925, val/accuracy=0.957, val/loss=0.112, train/accuracy=0.956, train/loss=0.116]
Epoch 4:  54%|█████▍    | 422/782 [00:07<00:06, 53.67it/s, loss=0.0925, val/accuracy=0.957, val/loss=0.112, train/accuracy=0.956, train/loss=0.116]
Epoch 4:  54%|█████▍    | 422/782 [00:07<00:06, 53.66it/s, loss=0.085, val/accuracy=0.957, val/loss=0.112, train/accuracy=0.956, train/loss=0.116] 
Epoch 4:  54%|█████▍    | 423/782 [00:07<00:06, 53.67it/s, loss=0.085, val/accuracy=0.957, val/loss=0.112, train/accuracy=0.956, train/loss=0.116]
Epoch 4:  54%|█████▍    | 423/782 [00:07<00:06, 53.67it/s, loss=0.0891, val/accuracy=0.957, val/loss=0.112, train/accuracy=0.956, train/loss=0.116]
Epoch 4:  54%|█████▍    | 424/782 [00:07<00:06, 53.67it/s, loss=0.0891, val/accuracy=0.957, val/loss=0.112, train/accuracy=0.956, train/loss=0.116]
Epoch 4:  54%|█████▍    | 424/782 [00:07<00:06, 53.67it/s, loss=0.091, val/accuracy=0.957, val/loss=0.112, train/accuracy=0.956, train/loss=0.116] 
Epoch 4:  54%|█████▍    | 425/782 [00:07<00:06, 53.68it/s, loss=0.091, val/accuracy=0.957, val/loss=0.112, train/accuracy=0.956, train/loss=0.116]
Epoch 4:  54%|█████▍    | 425/782 [00:07<00:06, 53.67it/s, loss=0.092, val/accuracy=0.957, val/loss=0.112, train/accuracy=0.956, train/loss=0.116]
Epoch 4:  54%|█████▍    | 426/782 [00:07<00:06, 53.68it/s, loss=0.092, val/accuracy=0.957, val/loss=0.112, train/accuracy=0.956, train/loss=0.116]
Epoch 4:  54%|█████▍    | 426/782 [00:07<00:06, 53.68it/s, loss=0.0909, val/accuracy=0.957, val/loss=0.112, train/accuracy=0.956, train/loss=0.116]
Epoch 4:  55%|█████▍    | 427/782 [00:07<00:06, 53.68it/s, loss=0.0909, val/accuracy=0.957, val/loss=0.112, train/accuracy=0.956, train/loss=0.116]
Epoch 4:  55%|█████▍    | 427/782 [00:07<00:06, 53.68it/s, loss=0.0936, val/accuracy=0.957, val/loss=0.112, train/accuracy=0.956, train/loss=0.116]
Epoch 4:  55%|█████▍    | 428/782 [00:07<00:06, 53.68it/s, loss=0.0936, val/accuracy=0.957, val/loss=0.112, train/accuracy=0.956, train/loss=0.116]
Epoch 4:  55%|█████▍    | 428/782 [00:07<00:06, 53.68it/s, loss=0.0945, val/accuracy=0.957, val/loss=0.112, train/accuracy=0.956, train/loss=0.116]
Epoch 4:  55%|█████▍    | 429/782 [00:07<00:06, 53.69it/s, loss=0.0945, val/accuracy=0.957, val/loss=0.112, train/accuracy=0.956, train/loss=0.116]
Epoch 4:  55%|█████▍    | 429/782 [00:07<00:06, 53.68it/s, loss=0.0958, val/accuracy=0.957, val/loss=0.112, train/accuracy=0.956, train/loss=0.116]
Epoch 4:  55%|█████▍    | 430/782 [00:08<00:06, 53.69it/s, loss=0.0958, val/accuracy=0.957, val/loss=0.112, train/accuracy=0.956, train/loss=0.116]
Epoch 4:  55%|█████▍    | 430/782 [00:08<00:06, 53.69it/s, loss=0.0982, val/accuracy=0.957, val/loss=0.112, train/accuracy=0.956, train/loss=0.116]
Epoch 4:  55%|█████▌    | 431/782 [00:08<00:06, 53.69it/s, loss=0.0982, val/accuracy=0.957, val/loss=0.112, train/accuracy=0.956, train/loss=0.116]
Epoch 4:  55%|█████▌    | 431/782 [00:08<00:06, 53.69it/s, loss=0.0975, val/accuracy=0.957, val/loss=0.112, train/accuracy=0.956, train/loss=0.116]
Epoch 4:  55%|█████▌    | 432/782 [00:08<00:06, 53.69it/s, loss=0.0975, val/accuracy=0.957, val/loss=0.112, train/accuracy=0.956, train/loss=0.116]
Epoch 4:  55%|█████▌    | 432/782 [00:08<00:06, 53.69it/s, loss=0.0979, val/accuracy=0.957, val/loss=0.112, train/accuracy=0.956, train/loss=0.116]
Epoch 4:  55%|█████▌    | 433/782 [00:08<00:06, 53.69it/s, loss=0.0979, val/accuracy=0.957, val/loss=0.112, train/accuracy=0.956, train/loss=0.116]
Epoch 4:  55%|█████▌    | 433/782 [00:08<00:06, 53.69it/s, loss=0.0963, val/accuracy=0.957, val/loss=0.112, train/accuracy=0.956, train/loss=0.116]
Epoch 4:  55%|█████▌    | 434/782 [00:08<00:06, 53.70it/s, loss=0.0963, val/accuracy=0.957, val/loss=0.112, train/accuracy=0.956, train/loss=0.116]
Epoch 4:  55%|█████▌    | 434/782 [00:08<00:06, 53.69it/s, loss=0.1, val/accuracy=0.957, val/loss=0.112, train/accuracy=0.956, train/loss=0.116]   
Epoch 4:  56%|█████▌    | 435/782 [00:08<00:06, 53.70it/s, loss=0.1, val/accuracy=0.957, val/loss=0.112, train/accuracy=0.956, train/loss=0.116]
Epoch 4:  56%|█████▌    | 435/782 [00:08<00:06, 53.70it/s, loss=0.099, val/accuracy=0.957, val/loss=0.112, train/accuracy=0.956, train/loss=0.116]
Epoch 4:  56%|█████▌    | 436/782 [00:08<00:06, 53.70it/s, loss=0.099, val/accuracy=0.957, val/loss=0.112, train/accuracy=0.956, train/loss=0.116]
Epoch 4:  56%|█████▌    | 436/782 [00:08<00:06, 53.70it/s, loss=0.0989, val/accuracy=0.957, val/loss=0.112, train/accuracy=0.956, train/loss=0.116]
Epoch 4:  56%|█████▌    | 437/782 [00:08<00:06, 53.70it/s, loss=0.0989, val/accuracy=0.957, val/loss=0.112, train/accuracy=0.956, train/loss=0.116]
Epoch 4:  56%|█████▌    | 437/782 [00:08<00:06, 53.70it/s, loss=0.104, val/accuracy=0.957, val/loss=0.112, train/accuracy=0.956, train/loss=0.116] 
Epoch 4:  56%|█████▌    | 438/782 [00:08<00:06, 53.70it/s, loss=0.104, val/accuracy=0.957, val/loss=0.112, train/accuracy=0.956, train/loss=0.116]
Epoch 4:  56%|█████▌    | 438/782 [00:08<00:06, 53.70it/s, loss=0.104, val/accuracy=0.957, val/loss=0.112, train/accuracy=0.956, train/loss=0.116]
Epoch 4:  56%|█████▌    | 439/782 [00:08<00:06, 53.70it/s, loss=0.104, val/accuracy=0.957, val/loss=0.112, train/accuracy=0.956, train/loss=0.116]
Epoch 4:  56%|█████▌    | 439/782 [00:08<00:06, 53.70it/s, loss=0.105, val/accuracy=0.957, val/loss=0.112, train/accuracy=0.956, train/loss=0.116]
Epoch 4:  56%|█████▋    | 440/782 [00:08<00:06, 53.70it/s, loss=0.105, val/accuracy=0.957, val/loss=0.112, train/accuracy=0.956, train/loss=0.116]
Epoch 4:  56%|█████▋    | 440/782 [00:08<00:06, 53.70it/s, loss=0.113, val/accuracy=0.957, val/loss=0.112, train/accuracy=0.956, train/loss=0.116]
Epoch 4:  56%|█████▋    | 441/782 [00:08<00:06, 53.71it/s, loss=0.113, val/accuracy=0.957, val/loss=0.112, train/accuracy=0.956, train/loss=0.116]
Epoch 4:  56%|█████▋    | 441/782 [00:08<00:06, 53.70it/s, loss=0.11, val/accuracy=0.957, val/loss=0.112, train/accuracy=0.956, train/loss=0.116] 
Epoch 4:  57%|█████▋    | 442/782 [00:08<00:06, 53.71it/s, loss=0.11, val/accuracy=0.957, val/loss=0.112, train/accuracy=0.956, train/loss=0.116]
Epoch 4:  57%|█████▋    | 442/782 [00:08<00:06, 53.71it/s, loss=0.108, val/accuracy=0.957, val/loss=0.112, train/accuracy=0.956, train/loss=0.116]
Epoch 4:  57%|█████▋    | 443/782 [00:08<00:06, 53.71it/s, loss=0.108, val/accuracy=0.957, val/loss=0.112, train/accuracy=0.956, train/loss=0.116]
Epoch 4:  57%|█████▋    | 443/782 [00:08<00:06, 53.71it/s, loss=0.107, val/accuracy=0.957, val/loss=0.112, train/accuracy=0.956, train/loss=0.116]
Epoch 4:  57%|█████▋    | 444/782 [00:08<00:06, 53.71it/s, loss=0.107, val/accuracy=0.957, val/loss=0.112, train/accuracy=0.956, train/loss=0.116]
Epoch 4:  57%|█████▋    | 444/782 [00:08<00:06, 53.71it/s, loss=0.109, val/accuracy=0.957, val/loss=0.112, train/accuracy=0.956, train/loss=0.116]
Epoch 4:  57%|█████▋    | 445/782 [00:08<00:06, 53.72it/s, loss=0.109, val/accuracy=0.957, val/loss=0.112, train/accuracy=0.956, train/loss=0.116]
Epoch 4:  57%|█████▋    | 445/782 [00:08<00:06, 53.71it/s, loss=0.109, val/accuracy=0.957, val/loss=0.112, train/accuracy=0.956, train/loss=0.116]
Epoch 4:  57%|█████▋    | 446/782 [00:08<00:06, 53.72it/s, loss=0.109, val/accuracy=0.957, val/loss=0.112, train/accuracy=0.956, train/loss=0.116]
Epoch 4:  57%|█████▋    | 446/782 [00:08<00:06, 53.72it/s, loss=0.111, val/accuracy=0.957, val/loss=0.112, train/accuracy=0.956, train/loss=0.116]
Epoch 4:  57%|█████▋    | 447/782 [00:08<00:06, 53.72it/s, loss=0.111, val/accuracy=0.957, val/loss=0.112, train/accuracy=0.956, train/loss=0.116]
Epoch 4:  57%|█████▋    | 447/782 [00:08<00:06, 53.72it/s, loss=0.111, val/accuracy=0.957, val/loss=0.112, train/accuracy=0.956, train/loss=0.116]
Epoch 4:  57%|█████▋    | 448/782 [00:08<00:06, 53.72it/s, loss=0.111, val/accuracy=0.957, val/loss=0.112, train/accuracy=0.956, train/loss=0.116]
Epoch 4:  57%|█████▋    | 448/782 [00:08<00:06, 53.72it/s, loss=0.116, val/accuracy=0.957, val/loss=0.112, train/accuracy=0.956, train/loss=0.116]
Epoch 4:  57%|█████▋    | 449/782 [00:08<00:06, 53.73it/s, loss=0.116, val/accuracy=0.957, val/loss=0.112, train/accuracy=0.956, train/loss=0.116]
Epoch 4:  57%|█████▋    | 449/782 [00:08<00:06, 53.73it/s, loss=0.115, val/accuracy=0.957, val/loss=0.112, train/accuracy=0.956, train/loss=0.116]
Epoch 4:  58%|█████▊    | 450/782 [00:08<00:06, 53.73it/s, loss=0.115, val/accuracy=0.957, val/loss=0.112, train/accuracy=0.956, train/loss=0.116]
Epoch 4:  58%|█████▊    | 450/782 [00:08<00:06, 53.73it/s, loss=0.113, val/accuracy=0.957, val/loss=0.112, train/accuracy=0.956, train/loss=0.116]
Epoch 4:  58%|█████▊    | 451/782 [00:08<00:06, 53.73it/s, loss=0.113, val/accuracy=0.957, val/loss=0.112, train/accuracy=0.956, train/loss=0.116]
Epoch 4:  58%|█████▊    | 451/782 [00:08<00:06, 53.73it/s, loss=0.113, val/accuracy=0.957, val/loss=0.112, train/accuracy=0.956, train/loss=0.116]
Epoch 4:  58%|█████▊    | 452/782 [00:08<00:06, 53.73it/s, loss=0.113, val/accuracy=0.957, val/loss=0.112, train/accuracy=0.956, train/loss=0.116]
Epoch 4:  58%|█████▊    | 452/782 [00:08<00:06, 53.73it/s, loss=0.116, val/accuracy=0.957, val/loss=0.112, train/accuracy=0.956, train/loss=0.116]
Epoch 4:  58%|█████▊    | 453/782 [00:08<00:06, 53.74it/s, loss=0.116, val/accuracy=0.957, val/loss=0.112, train/accuracy=0.956, train/loss=0.116]
Epoch 4:  58%|█████▊    | 453/782 [00:08<00:06, 53.74it/s, loss=0.12, val/accuracy=0.957, val/loss=0.112, train/accuracy=0.956, train/loss=0.116] 
Epoch 4:  58%|█████▊    | 454/782 [00:08<00:06, 53.74it/s, loss=0.12, val/accuracy=0.957, val/loss=0.112, train/accuracy=0.956, train/loss=0.116]
Epoch 4:  58%|█████▊    | 454/782 [00:08<00:06, 53.74it/s, loss=0.116, val/accuracy=0.957, val/loss=0.112, train/accuracy=0.956, train/loss=0.116]
Epoch 4:  58%|█████▊    | 455/782 [00:08<00:06, 53.74it/s, loss=0.116, val/accuracy=0.957, val/loss=0.112, train/accuracy=0.956, train/loss=0.116]
Epoch 4:  58%|█████▊    | 455/782 [00:08<00:06, 53.74it/s, loss=0.118, val/accuracy=0.957, val/loss=0.112, train/accuracy=0.956, train/loss=0.116]
Epoch 4:  58%|█████▊    | 456/782 [00:08<00:06, 53.74it/s, loss=0.118, val/accuracy=0.957, val/loss=0.112, train/accuracy=0.956, train/loss=0.116]
Epoch 4:  58%|█████▊    | 456/782 [00:08<00:06, 53.74it/s, loss=0.119, val/accuracy=0.957, val/loss=0.112, train/accuracy=0.956, train/loss=0.116]
Epoch 4:  58%|█████▊    | 457/782 [00:08<00:06, 53.74it/s, loss=0.119, val/accuracy=0.957, val/loss=0.112, train/accuracy=0.956, train/loss=0.116]
Epoch 4:  58%|█████▊    | 457/782 [00:08<00:06, 53.74it/s, loss=0.112, val/accuracy=0.957, val/loss=0.112, train/accuracy=0.956, train/loss=0.116]
Epoch 4:  59%|█████▊    | 458/782 [00:08<00:06, 53.75it/s, loss=0.112, val/accuracy=0.957, val/loss=0.112, train/accuracy=0.956, train/loss=0.116]
Epoch 4:  59%|█████▊    | 458/782 [00:08<00:06, 53.75it/s, loss=0.109, val/accuracy=0.957, val/loss=0.112, train/accuracy=0.956, train/loss=0.116]
Epoch 4:  59%|█████▊    | 459/782 [00:08<00:06, 53.75it/s, loss=0.109, val/accuracy=0.957, val/loss=0.112, train/accuracy=0.956, train/loss=0.116]
Epoch 4:  59%|█████▊    | 459/782 [00:08<00:06, 53.75it/s, loss=0.113, val/accuracy=0.957, val/loss=0.112, train/accuracy=0.956, train/loss=0.116]
Epoch 4:  59%|█████▉    | 460/782 [00:08<00:05, 53.75it/s, loss=0.113, val/accuracy=0.957, val/loss=0.112, train/accuracy=0.956, train/loss=0.116]
Epoch 4:  59%|█████▉    | 460/782 [00:08<00:05, 53.75it/s, loss=0.107, val/accuracy=0.957, val/loss=0.112, train/accuracy=0.956, train/loss=0.116]
Epoch 4:  59%|█████▉    | 461/782 [00:08<00:05, 53.75it/s, loss=0.107, val/accuracy=0.957, val/loss=0.112, train/accuracy=0.956, train/loss=0.116]
Epoch 4:  59%|█████▉    | 461/782 [00:08<00:05, 53.75it/s, loss=0.111, val/accuracy=0.957, val/loss=0.112, train/accuracy=0.956, train/loss=0.116]
Epoch 4:  59%|█████▉    | 462/782 [00:08<00:05, 53.76it/s, loss=0.111, val/accuracy=0.957, val/loss=0.112, train/accuracy=0.956, train/loss=0.116]
Epoch 4:  59%|█████▉    | 462/782 [00:08<00:05, 53.76it/s, loss=0.119, val/accuracy=0.957, val/loss=0.112, train/accuracy=0.956, train/loss=0.116]
Epoch 4:  59%|█████▉    | 463/782 [00:08<00:05, 53.76it/s, loss=0.119, val/accuracy=0.957, val/loss=0.112, train/accuracy=0.956, train/loss=0.116]
Epoch 4:  59%|█████▉    | 463/782 [00:08<00:05, 53.76it/s, loss=0.118, val/accuracy=0.957, val/loss=0.112, train/accuracy=0.956, train/loss=0.116]
Epoch 4:  59%|█████▉    | 464/782 [00:08<00:05, 53.76it/s, loss=0.118, val/accuracy=0.957, val/loss=0.112, train/accuracy=0.956, train/loss=0.116]
Epoch 4:  59%|█████▉    | 464/782 [00:08<00:05, 53.76it/s, loss=0.117, val/accuracy=0.957, val/loss=0.112, train/accuracy=0.956, train/loss=0.116]
Epoch 4:  59%|█████▉    | 465/782 [00:08<00:05, 53.76it/s, loss=0.117, val/accuracy=0.957, val/loss=0.112, train/accuracy=0.956, train/loss=0.116]
Epoch 4:  59%|█████▉    | 465/782 [00:08<00:05, 53.76it/s, loss=0.115, val/accuracy=0.957, val/loss=0.112, train/accuracy=0.956, train/loss=0.116]
Epoch 4:  60%|█████▉    | 466/782 [00:08<00:05, 53.77it/s, loss=0.115, val/accuracy=0.957, val/loss=0.112, train/accuracy=0.956, train/loss=0.116]
Epoch 4:  60%|█████▉    | 466/782 [00:08<00:05, 53.76it/s, loss=0.117, val/accuracy=0.957, val/loss=0.112, train/accuracy=0.956, train/loss=0.116]
Epoch 4:  60%|█████▉    | 467/782 [00:08<00:05, 53.77it/s, loss=0.117, val/accuracy=0.957, val/loss=0.112, train/accuracy=0.956, train/loss=0.116]
Epoch 4:  60%|█████▉    | 467/782 [00:08<00:05, 53.77it/s, loss=0.115, val/accuracy=0.957, val/loss=0.112, train/accuracy=0.956, train/loss=0.116]
Epoch 4:  60%|█████▉    | 468/782 [00:08<00:05, 53.77it/s, loss=0.115, val/accuracy=0.957, val/loss=0.112, train/accuracy=0.956, train/loss=0.116]
Epoch 4:  60%|█████▉    | 468/782 [00:08<00:05, 53.77it/s, loss=0.109, val/accuracy=0.957, val/loss=0.112, train/accuracy=0.956, train/loss=0.116]
Epoch 4:  60%|█████▉    | 469/782 [00:08<00:05, 53.77it/s, loss=0.109, val/accuracy=0.957, val/loss=0.112, train/accuracy=0.956, train/loss=0.116]
Epoch 4:  60%|█████▉    | 469/782 [00:08<00:05, 53.77it/s, loss=0.11, val/accuracy=0.957, val/loss=0.112, train/accuracy=0.956, train/loss=0.116] 
Epoch 4:  60%|██████    | 470/782 [00:08<00:05, 53.77it/s, loss=0.11, val/accuracy=0.957, val/loss=0.112, train/accuracy=0.956, train/loss=0.116]
Epoch 4:  60%|██████    | 470/782 [00:08<00:05, 53.77it/s, loss=0.109, val/accuracy=0.957, val/loss=0.112, train/accuracy=0.956, train/loss=0.116]
Epoch 4:  60%|██████    | 471/782 [00:08<00:05, 53.78it/s, loss=0.109, val/accuracy=0.957, val/loss=0.112, train/accuracy=0.956, train/loss=0.116]
Epoch 4:  60%|██████    | 471/782 [00:08<00:05, 53.77it/s, loss=0.117, val/accuracy=0.957, val/loss=0.112, train/accuracy=0.956, train/loss=0.116]
Epoch 4:  60%|██████    | 472/782 [00:08<00:05, 53.78it/s, loss=0.117, val/accuracy=0.957, val/loss=0.112, train/accuracy=0.956, train/loss=0.116]
Epoch 4:  60%|██████    | 472/782 [00:08<00:05, 53.78it/s, loss=0.117, val/accuracy=0.957, val/loss=0.112, train/accuracy=0.956, train/loss=0.116]
Epoch 4:  60%|██████    | 473/782 [00:08<00:05, 53.78it/s, loss=0.117, val/accuracy=0.957, val/loss=0.112, train/accuracy=0.956, train/loss=0.116]
Epoch 4:  60%|██████    | 473/782 [00:08<00:05, 53.78it/s, loss=0.114, val/accuracy=0.957, val/loss=0.112, train/accuracy=0.956, train/loss=0.116]
Epoch 4:  61%|██████    | 474/782 [00:08<00:05, 53.78it/s, loss=0.114, val/accuracy=0.957, val/loss=0.112, train/accuracy=0.956, train/loss=0.116]
Epoch 4:  61%|██████    | 474/782 [00:08<00:05, 53.78it/s, loss=0.118, val/accuracy=0.957, val/loss=0.112, train/accuracy=0.956, train/loss=0.116]
Epoch 4:  61%|██████    | 475/782 [00:08<00:05, 53.78it/s, loss=0.118, val/accuracy=0.957, val/loss=0.112, train/accuracy=0.956, train/loss=0.116]
Epoch 4:  61%|██████    | 475/782 [00:08<00:05, 53.78it/s, loss=0.114, val/accuracy=0.957, val/loss=0.112, train/accuracy=0.956, train/loss=0.116]
Epoch 4:  61%|██████    | 476/782 [00:08<00:05, 53.78it/s, loss=0.114, val/accuracy=0.957, val/loss=0.112, train/accuracy=0.956, train/loss=0.116]
Epoch 4:  61%|██████    | 476/782 [00:08<00:05, 53.78it/s, loss=0.114, val/accuracy=0.957, val/loss=0.112, train/accuracy=0.956, train/loss=0.116]
Epoch 4:  61%|██████    | 477/782 [00:08<00:05, 53.79it/s, loss=0.114, val/accuracy=0.957, val/loss=0.112, train/accuracy=0.956, train/loss=0.116]
Epoch 4:  61%|██████    | 477/782 [00:08<00:05, 53.78it/s, loss=0.114, val/accuracy=0.957, val/loss=0.112, train/accuracy=0.956, train/loss=0.116]
Epoch 4:  61%|██████    | 478/782 [00:08<00:05, 53.79it/s, loss=0.114, val/accuracy=0.957, val/loss=0.112, train/accuracy=0.956, train/loss=0.116]
Epoch 4:  61%|██████    | 478/782 [00:08<00:05, 53.78it/s, loss=0.117, val/accuracy=0.957, val/loss=0.112, train/accuracy=0.956, train/loss=0.116]
Epoch 4:  61%|██████▏   | 479/782 [00:08<00:05, 53.79it/s, loss=0.117, val/accuracy=0.957, val/loss=0.112, train/accuracy=0.956, train/loss=0.116]
Epoch 4:  61%|██████▏   | 479/782 [00:08<00:05, 53.79it/s, loss=0.115, val/accuracy=0.957, val/loss=0.112, train/accuracy=0.956, train/loss=0.116]
Epoch 4:  61%|██████▏   | 480/782 [00:08<00:05, 53.79it/s, loss=0.115, val/accuracy=0.957, val/loss=0.112, train/accuracy=0.956, train/loss=0.116]
Epoch 4:  61%|██████▏   | 480/782 [00:08<00:05, 53.79it/s, loss=0.115, val/accuracy=0.957, val/loss=0.112, train/accuracy=0.956, train/loss=0.116]
Epoch 4:  62%|██████▏   | 481/782 [00:08<00:05, 53.79it/s, loss=0.115, val/accuracy=0.957, val/loss=0.112, train/accuracy=0.956, train/loss=0.116]
Epoch 4:  62%|██████▏   | 481/782 [00:08<00:05, 53.79it/s, loss=0.112, val/accuracy=0.957, val/loss=0.112, train/accuracy=0.956, train/loss=0.116]
Epoch 4:  62%|██████▏   | 482/782 [00:08<00:05, 53.80it/s, loss=0.112, val/accuracy=0.957, val/loss=0.112, train/accuracy=0.956, train/loss=0.116]
Epoch 4:  62%|██████▏   | 482/782 [00:08<00:05, 53.79it/s, loss=0.103, val/accuracy=0.957, val/loss=0.112, train/accuracy=0.956, train/loss=0.116]
Epoch 4:  62%|██████▏   | 483/782 [00:08<00:05, 53.80it/s, loss=0.103, val/accuracy=0.957, val/loss=0.112, train/accuracy=0.956, train/loss=0.116]
Epoch 4:  62%|██████▏   | 483/782 [00:08<00:05, 53.80it/s, loss=0.101, val/accuracy=0.957, val/loss=0.112, train/accuracy=0.956, train/loss=0.116]
Epoch 4:  62%|██████▏   | 484/782 [00:08<00:05, 53.80it/s, loss=0.101, val/accuracy=0.957, val/loss=0.112, train/accuracy=0.956, train/loss=0.116]
Epoch 4:  62%|██████▏   | 484/782 [00:08<00:05, 53.80it/s, loss=0.1, val/accuracy=0.957, val/loss=0.112, train/accuracy=0.956, train/loss=0.116]  
Epoch 4:  62%|██████▏   | 485/782 [00:09<00:05, 53.80it/s, loss=0.1, val/accuracy=0.957, val/loss=0.112, train/accuracy=0.956, train/loss=0.116]
Epoch 4:  62%|██████▏   | 485/782 [00:09<00:05, 53.80it/s, loss=0.102, val/accuracy=0.957, val/loss=0.112, train/accuracy=0.956, train/loss=0.116]
Epoch 4:  62%|██████▏   | 486/782 [00:09<00:05, 53.80it/s, loss=0.102, val/accuracy=0.957, val/loss=0.112, train/accuracy=0.956, train/loss=0.116]
Epoch 4:  62%|██████▏   | 486/782 [00:09<00:05, 53.80it/s, loss=0.101, val/accuracy=0.957, val/loss=0.112, train/accuracy=0.956, train/loss=0.116]
Epoch 4:  62%|██████▏   | 487/782 [00:09<00:05, 53.81it/s, loss=0.101, val/accuracy=0.957, val/loss=0.112, train/accuracy=0.956, train/loss=0.116]
Epoch 4:  62%|██████▏   | 487/782 [00:09<00:05, 53.80it/s, loss=0.101, val/accuracy=0.957, val/loss=0.112, train/accuracy=0.956, train/loss=0.116]
Epoch 4:  62%|██████▏   | 488/782 [00:09<00:05, 53.81it/s, loss=0.101, val/accuracy=0.957, val/loss=0.112, train/accuracy=0.956, train/loss=0.116]
Epoch 4:  62%|██████▏   | 488/782 [00:09<00:05, 53.81it/s, loss=0.101, val/accuracy=0.957, val/loss=0.112, train/accuracy=0.956, train/loss=0.116]
Epoch 4:  63%|██████▎   | 489/782 [00:09<00:05, 53.81it/s, loss=0.101, val/accuracy=0.957, val/loss=0.112, train/accuracy=0.956, train/loss=0.116]
Epoch 4:  63%|██████▎   | 489/782 [00:09<00:05, 53.81it/s, loss=0.1, val/accuracy=0.957, val/loss=0.112, train/accuracy=0.956, train/loss=0.116]  
Epoch 4:  63%|██████▎   | 490/782 [00:09<00:05, 53.81it/s, loss=0.1, val/accuracy=0.957, val/loss=0.112, train/accuracy=0.956, train/loss=0.116]
Epoch 4:  63%|██████▎   | 490/782 [00:09<00:05, 53.81it/s, loss=0.103, val/accuracy=0.957, val/loss=0.112, train/accuracy=0.956, train/loss=0.116]
Epoch 4:  63%|██████▎   | 491/782 [00:09<00:05, 53.81it/s, loss=0.103, val/accuracy=0.957, val/loss=0.112, train/accuracy=0.956, train/loss=0.116]
Epoch 4:  63%|██████▎   | 491/782 [00:09<00:05, 53.81it/s, loss=0.0979, val/accuracy=0.957, val/loss=0.112, train/accuracy=0.956, train/loss=0.116]
Epoch 4:  63%|██████▎   | 492/782 [00:09<00:05, 53.81it/s, loss=0.0979, val/accuracy=0.957, val/loss=0.112, train/accuracy=0.956, train/loss=0.116]
Epoch 4:  63%|██████▎   | 492/782 [00:09<00:05, 53.81it/s, loss=0.0947, val/accuracy=0.957, val/loss=0.112, train/accuracy=0.956, train/loss=0.116]
Epoch 4:  63%|██████▎   | 493/782 [00:09<00:05, 53.82it/s, loss=0.0947, val/accuracy=0.957, val/loss=0.112, train/accuracy=0.956, train/loss=0.116]
Epoch 4:  63%|██████▎   | 493/782 [00:09<00:05, 53.81it/s, loss=0.0949, val/accuracy=0.957, val/loss=0.112, train/accuracy=0.956, train/loss=0.116]
Epoch 4:  63%|██████▎   | 494/782 [00:09<00:05, 53.82it/s, loss=0.0949, val/accuracy=0.957, val/loss=0.112, train/accuracy=0.956, train/loss=0.116]
Epoch 4:  63%|██████▎   | 494/782 [00:09<00:05, 53.82it/s, loss=0.0899, val/accuracy=0.957, val/loss=0.112, train/accuracy=0.956, train/loss=0.116]
Epoch 4:  63%|██████▎   | 495/782 [00:09<00:05, 53.82it/s, loss=0.0899, val/accuracy=0.957, val/loss=0.112, train/accuracy=0.956, train/loss=0.116]
Epoch 4:  63%|██████▎   | 495/782 [00:09<00:05, 53.82it/s, loss=0.091, val/accuracy=0.957, val/loss=0.112, train/accuracy=0.956, train/loss=0.116] 
Epoch 4:  63%|██████▎   | 496/782 [00:09<00:05, 53.82it/s, loss=0.091, val/accuracy=0.957, val/loss=0.112, train/accuracy=0.956, train/loss=0.116]
Epoch 4:  63%|██████▎   | 496/782 [00:09<00:05, 53.82it/s, loss=0.0956, val/accuracy=0.957, val/loss=0.112, train/accuracy=0.956, train/loss=0.116]
Epoch 4:  64%|██████▎   | 497/782 [00:09<00:05, 53.82it/s, loss=0.0956, val/accuracy=0.957, val/loss=0.112, train/accuracy=0.956, train/loss=0.116]
Epoch 4:  64%|██████▎   | 497/782 [00:09<00:05, 53.82it/s, loss=0.0945, val/accuracy=0.957, val/loss=0.112, train/accuracy=0.956, train/loss=0.116]
Epoch 4:  64%|██████▎   | 498/782 [00:09<00:05, 53.83it/s, loss=0.0945, val/accuracy=0.957, val/loss=0.112, train/accuracy=0.956, train/loss=0.116]
Epoch 4:  64%|██████▎   | 498/782 [00:09<00:05, 53.82it/s, loss=0.0944, val/accuracy=0.957, val/loss=0.112, train/accuracy=0.956, train/loss=0.116]
Epoch 4:  64%|██████▍   | 499/782 [00:09<00:05, 53.83it/s, loss=0.0944, val/accuracy=0.957, val/loss=0.112, train/accuracy=0.956, train/loss=0.116]
Epoch 4:  64%|██████▍   | 499/782 [00:09<00:05, 53.83it/s, loss=0.0937, val/accuracy=0.957, val/loss=0.112, train/accuracy=0.956, train/loss=0.116]
Epoch 4:  64%|██████▍   | 500/782 [00:09<00:05, 53.83it/s, loss=0.0937, val/accuracy=0.957, val/loss=0.112, train/accuracy=0.956, train/loss=0.116]
Epoch 4:  64%|██████▍   | 500/782 [00:09<00:05, 53.83it/s, loss=0.0922, val/accuracy=0.957, val/loss=0.112, train/accuracy=0.956, train/loss=0.116]
Epoch 4:  64%|██████▍   | 501/782 [00:09<00:05, 53.83it/s, loss=0.0922, val/accuracy=0.957, val/loss=0.112, train/accuracy=0.956, train/loss=0.116]
Epoch 4:  64%|██████▍   | 501/782 [00:09<00:05, 53.83it/s, loss=0.0921, val/accuracy=0.957, val/loss=0.112, train/accuracy=0.956, train/loss=0.116]
Epoch 4:  64%|██████▍   | 502/782 [00:09<00:05, 53.83it/s, loss=0.0921, val/accuracy=0.957, val/loss=0.112, train/accuracy=0.956, train/loss=0.116]
Epoch 4:  64%|██████▍   | 502/782 [00:09<00:05, 53.83it/s, loss=0.0921, val/accuracy=0.957, val/loss=0.112, train/accuracy=0.956, train/loss=0.116]
Epoch 4:  64%|██████▍   | 503/782 [00:09<00:05, 53.84it/s, loss=0.0921, val/accuracy=0.957, val/loss=0.112, train/accuracy=0.956, train/loss=0.116]
Epoch 4:  64%|██████▍   | 503/782 [00:09<00:05, 53.83it/s, loss=0.0939, val/accuracy=0.957, val/loss=0.112, train/accuracy=0.956, train/loss=0.116]
Epoch 4:  64%|██████▍   | 504/782 [00:09<00:05, 53.84it/s, loss=0.0939, val/accuracy=0.957, val/loss=0.112, train/accuracy=0.956, train/loss=0.116]
Epoch 4:  64%|██████▍   | 504/782 [00:09<00:05, 53.84it/s, loss=0.0946, val/accuracy=0.957, val/loss=0.112, train/accuracy=0.956, train/loss=0.116]
Epoch 4:  65%|██████▍   | 505/782 [00:09<00:05, 53.84it/s, loss=0.0946, val/accuracy=0.957, val/loss=0.112, train/accuracy=0.956, train/loss=0.116]
Epoch 4:  65%|██████▍   | 505/782 [00:09<00:05, 53.84it/s, loss=0.0953, val/accuracy=0.957, val/loss=0.112, train/accuracy=0.956, train/loss=0.116]
Epoch 4:  65%|██████▍   | 506/782 [00:09<00:05, 53.84it/s, loss=0.0953, val/accuracy=0.957, val/loss=0.112, train/accuracy=0.956, train/loss=0.116]
Epoch 4:  65%|██████▍   | 506/782 [00:09<00:05, 53.84it/s, loss=0.0928, val/accuracy=0.957, val/loss=0.112, train/accuracy=0.956, train/loss=0.116]
Epoch 4:  65%|██████▍   | 507/782 [00:09<00:05, 53.84it/s, loss=0.0928, val/accuracy=0.957, val/loss=0.112, train/accuracy=0.956, train/loss=0.116]
Epoch 4:  65%|██████▍   | 507/782 [00:09<00:05, 53.84it/s, loss=0.0919, val/accuracy=0.957, val/loss=0.112, train/accuracy=0.956, train/loss=0.116]
Epoch 4:  65%|██████▍   | 508/782 [00:09<00:05, 53.85it/s, loss=0.0919, val/accuracy=0.957, val/loss=0.112, train/accuracy=0.956, train/loss=0.116]
Epoch 4:  65%|██████▍   | 508/782 [00:09<00:05, 53.84it/s, loss=0.0949, val/accuracy=0.957, val/loss=0.112, train/accuracy=0.956, train/loss=0.116]
Epoch 4:  65%|██████▌   | 509/782 [00:09<00:05, 53.85it/s, loss=0.0949, val/accuracy=0.957, val/loss=0.112, train/accuracy=0.956, train/loss=0.116]
Epoch 4:  65%|██████▌   | 509/782 [00:09<00:05, 53.85it/s, loss=0.0941, val/accuracy=0.957, val/loss=0.112, train/accuracy=0.956, train/loss=0.116]
Epoch 4:  65%|██████▌   | 510/782 [00:09<00:05, 53.85it/s, loss=0.0941, val/accuracy=0.957, val/loss=0.112, train/accuracy=0.956, train/loss=0.116]
Epoch 4:  65%|██████▌   | 510/782 [00:09<00:05, 53.85it/s, loss=0.0919, val/accuracy=0.957, val/loss=0.112, train/accuracy=0.956, train/loss=0.116]
Epoch 4:  65%|██████▌   | 511/782 [00:09<00:05, 53.85it/s, loss=0.0919, val/accuracy=0.957, val/loss=0.112, train/accuracy=0.956, train/loss=0.116]
Epoch 4:  65%|██████▌   | 511/782 [00:09<00:05, 53.85it/s, loss=0.0909, val/accuracy=0.957, val/loss=0.112, train/accuracy=0.956, train/loss=0.116]
Epoch 4:  65%|██████▌   | 512/782 [00:09<00:05, 53.85it/s, loss=0.0909, val/accuracy=0.957, val/loss=0.112, train/accuracy=0.956, train/loss=0.116]
Epoch 4:  65%|██████▌   | 512/782 [00:09<00:05, 53.85it/s, loss=0.0929, val/accuracy=0.957, val/loss=0.112, train/accuracy=0.956, train/loss=0.116]
Epoch 4:  66%|██████▌   | 513/782 [00:09<00:04, 53.85it/s, loss=0.0929, val/accuracy=0.957, val/loss=0.112, train/accuracy=0.956, train/loss=0.116]
Epoch 4:  66%|██████▌   | 513/782 [00:09<00:04, 53.85it/s, loss=0.0932, val/accuracy=0.957, val/loss=0.112, train/accuracy=0.956, train/loss=0.116]
Epoch 4:  66%|██████▌   | 514/782 [00:09<00:04, 53.85it/s, loss=0.0932, val/accuracy=0.957, val/loss=0.112, train/accuracy=0.956, train/loss=0.116]
Epoch 4:  66%|██████▌   | 514/782 [00:09<00:04, 53.85it/s, loss=0.097, val/accuracy=0.957, val/loss=0.112, train/accuracy=0.956, train/loss=0.116] 
Epoch 4:  66%|██████▌   | 515/782 [00:09<00:04, 53.86it/s, loss=0.097, val/accuracy=0.957, val/loss=0.112, train/accuracy=0.956, train/loss=0.116]
Epoch 4:  66%|██████▌   | 515/782 [00:09<00:04, 53.85it/s, loss=0.0977, val/accuracy=0.957, val/loss=0.112, train/accuracy=0.956, train/loss=0.116]
Epoch 4:  66%|██████▌   | 516/782 [00:09<00:04, 53.86it/s, loss=0.0977, val/accuracy=0.957, val/loss=0.112, train/accuracy=0.956, train/loss=0.116]
Epoch 4:  66%|██████▌   | 516/782 [00:09<00:04, 53.86it/s, loss=0.098, val/accuracy=0.957, val/loss=0.112, train/accuracy=0.956, train/loss=0.116] 
Epoch 4:  66%|██████▌   | 517/782 [00:09<00:04, 53.86it/s, loss=0.098, val/accuracy=0.957, val/loss=0.112, train/accuracy=0.956, train/loss=0.116]
Epoch 4:  66%|██████▌   | 517/782 [00:09<00:04, 53.86it/s, loss=0.0983, val/accuracy=0.957, val/loss=0.112, train/accuracy=0.956, train/loss=0.116]
Epoch 4:  66%|██████▌   | 518/782 [00:09<00:04, 53.86it/s, loss=0.0983, val/accuracy=0.957, val/loss=0.112, train/accuracy=0.956, train/loss=0.116]
Epoch 4:  66%|██████▌   | 518/782 [00:09<00:04, 53.85it/s, loss=0.0977, val/accuracy=0.957, val/loss=0.112, train/accuracy=0.956, train/loss=0.116]
Epoch 4:  66%|██████▋   | 519/782 [00:09<00:04, 53.86it/s, loss=0.0977, val/accuracy=0.957, val/loss=0.112, train/accuracy=0.956, train/loss=0.116]
Epoch 4:  66%|██████▋   | 519/782 [00:09<00:04, 53.86it/s, loss=0.0982, val/accuracy=0.957, val/loss=0.112, train/accuracy=0.956, train/loss=0.116]
Epoch 4:  66%|██████▋   | 520/782 [00:09<00:04, 53.86it/s, loss=0.0982, val/accuracy=0.957, val/loss=0.112, train/accuracy=0.956, train/loss=0.116]
Epoch 4:  66%|██████▋   | 520/782 [00:09<00:04, 53.86it/s, loss=0.0988, val/accuracy=0.957, val/loss=0.112, train/accuracy=0.956, train/loss=0.116]
Epoch 4:  67%|██████▋   | 521/782 [00:09<00:04, 53.86it/s, loss=0.0988, val/accuracy=0.957, val/loss=0.112, train/accuracy=0.956, train/loss=0.116]
Epoch 4:  67%|██████▋   | 521/782 [00:09<00:04, 53.86it/s, loss=0.104, val/accuracy=0.957, val/loss=0.112, train/accuracy=0.956, train/loss=0.116] 
Epoch 4:  67%|██████▋   | 522/782 [00:09<00:04, 53.86it/s, loss=0.104, val/accuracy=0.957, val/loss=0.112, train/accuracy=0.956, train/loss=0.116]
Epoch 4:  67%|██████▋   | 522/782 [00:09<00:04, 53.86it/s, loss=0.11, val/accuracy=0.957, val/loss=0.112, train/accuracy=0.956, train/loss=0.116] 
Epoch 4:  67%|██████▋   | 523/782 [00:09<00:04, 53.87it/s, loss=0.11, val/accuracy=0.957, val/loss=0.112, train/accuracy=0.956, train/loss=0.116]
Epoch 4:  67%|██████▋   | 523/782 [00:09<00:04, 53.86it/s, loss=0.112, val/accuracy=0.957, val/loss=0.112, train/accuracy=0.956, train/loss=0.116]
Epoch 4:  67%|██████▋   | 524/782 [00:09<00:04, 53.87it/s, loss=0.112, val/accuracy=0.957, val/loss=0.112, train/accuracy=0.956, train/loss=0.116]
Epoch 4:  67%|██████▋   | 524/782 [00:09<00:04, 53.87it/s, loss=0.111, val/accuracy=0.957, val/loss=0.112, train/accuracy=0.956, train/loss=0.116]
Epoch 4:  67%|██████▋   | 525/782 [00:09<00:04, 53.87it/s, loss=0.111, val/accuracy=0.957, val/loss=0.112, train/accuracy=0.956, train/loss=0.116]
Epoch 4:  67%|██████▋   | 525/782 [00:09<00:04, 53.87it/s, loss=0.111, val/accuracy=0.957, val/loss=0.112, train/accuracy=0.956, train/loss=0.116]
Epoch 4:  67%|██████▋   | 526/782 [00:09<00:04, 53.87it/s, loss=0.111, val/accuracy=0.957, val/loss=0.112, train/accuracy=0.956, train/loss=0.116]
Epoch 4:  67%|██████▋   | 526/782 [00:09<00:04, 53.87it/s, loss=0.111, val/accuracy=0.957, val/loss=0.112, train/accuracy=0.956, train/loss=0.116]
Epoch 4:  67%|██████▋   | 527/782 [00:09<00:04, 53.87it/s, loss=0.111, val/accuracy=0.957, val/loss=0.112, train/accuracy=0.956, train/loss=0.116]
Epoch 4:  67%|██████▋   | 527/782 [00:09<00:04, 53.87it/s, loss=0.115, val/accuracy=0.957, val/loss=0.112, train/accuracy=0.956, train/loss=0.116]
Epoch 4:  68%|██████▊   | 528/782 [00:09<00:04, 53.88it/s, loss=0.115, val/accuracy=0.957, val/loss=0.112, train/accuracy=0.956, train/loss=0.116]
Epoch 4:  68%|██████▊   | 528/782 [00:09<00:04, 53.87it/s, loss=0.115, val/accuracy=0.957, val/loss=0.112, train/accuracy=0.956, train/loss=0.116]
Epoch 4:  68%|██████▊   | 529/782 [00:09<00:04, 53.88it/s, loss=0.115, val/accuracy=0.957, val/loss=0.112, train/accuracy=0.956, train/loss=0.116]
Epoch 4:  68%|██████▊   | 529/782 [00:09<00:04, 53.88it/s, loss=0.116, val/accuracy=0.957, val/loss=0.112, train/accuracy=0.956, train/loss=0.116]
Epoch 4:  68%|██████▊   | 530/782 [00:09<00:04, 53.88it/s, loss=0.116, val/accuracy=0.957, val/loss=0.112, train/accuracy=0.956, train/loss=0.116]
Epoch 4:  68%|██████▊   | 530/782 [00:09<00:04, 53.88it/s, loss=0.119, val/accuracy=0.957, val/loss=0.112, train/accuracy=0.956, train/loss=0.116]
Epoch 4:  68%|██████▊   | 531/782 [00:09<00:04, 53.88it/s, loss=0.119, val/accuracy=0.957, val/loss=0.112, train/accuracy=0.956, train/loss=0.116]
Epoch 4:  68%|██████▊   | 531/782 [00:09<00:04, 53.88it/s, loss=0.117, val/accuracy=0.957, val/loss=0.112, train/accuracy=0.956, train/loss=0.116]
Epoch 4:  68%|██████▊   | 532/782 [00:09<00:04, 53.88it/s, loss=0.117, val/accuracy=0.957, val/loss=0.112, train/accuracy=0.956, train/loss=0.116]
Epoch 4:  68%|██████▊   | 532/782 [00:09<00:04, 53.88it/s, loss=0.118, val/accuracy=0.957, val/loss=0.112, train/accuracy=0.956, train/loss=0.116]
Epoch 4:  68%|██████▊   | 533/782 [00:09<00:04, 53.88it/s, loss=0.118, val/accuracy=0.957, val/loss=0.112, train/accuracy=0.956, train/loss=0.116]
Epoch 4:  68%|██████▊   | 533/782 [00:09<00:04, 53.88it/s, loss=0.119, val/accuracy=0.957, val/loss=0.112, train/accuracy=0.956, train/loss=0.116]
Epoch 4:  68%|██████▊   | 534/782 [00:09<00:04, 53.88it/s, loss=0.119, val/accuracy=0.957, val/loss=0.112, train/accuracy=0.956, train/loss=0.116]
Epoch 4:  68%|██████▊   | 534/782 [00:09<00:04, 53.88it/s, loss=0.116, val/accuracy=0.957, val/loss=0.112, train/accuracy=0.956, train/loss=0.116]
Epoch 4:  68%|██████▊   | 535/782 [00:09<00:04, 53.88it/s, loss=0.116, val/accuracy=0.957, val/loss=0.112, train/accuracy=0.956, train/loss=0.116]
Epoch 4:  68%|██████▊   | 535/782 [00:09<00:04, 53.88it/s, loss=0.116, val/accuracy=0.957, val/loss=0.112, train/accuracy=0.956, train/loss=0.116]
Epoch 4:  69%|██████▊   | 536/782 [00:09<00:04, 53.89it/s, loss=0.116, val/accuracy=0.957, val/loss=0.112, train/accuracy=0.956, train/loss=0.116]
Epoch 4:  69%|██████▊   | 536/782 [00:09<00:04, 53.88it/s, loss=0.112, val/accuracy=0.957, val/loss=0.112, train/accuracy=0.956, train/loss=0.116]
Epoch 4:  69%|██████▊   | 537/782 [00:09<00:04, 53.89it/s, loss=0.112, val/accuracy=0.957, val/loss=0.112, train/accuracy=0.956, train/loss=0.116]
Epoch 4:  69%|██████▊   | 537/782 [00:09<00:04, 53.89it/s, loss=0.111, val/accuracy=0.957, val/loss=0.112, train/accuracy=0.956, train/loss=0.116]
Epoch 4:  69%|██████▉   | 538/782 [00:09<00:04, 53.89it/s, loss=0.111, val/accuracy=0.957, val/loss=0.112, train/accuracy=0.956, train/loss=0.116]
Epoch 4:  69%|██████▉   | 538/782 [00:09<00:04, 53.89it/s, loss=0.111, val/accuracy=0.957, val/loss=0.112, train/accuracy=0.956, train/loss=0.116]
Epoch 4:  69%|██████▉   | 539/782 [00:10<00:04, 53.89it/s, loss=0.111, val/accuracy=0.957, val/loss=0.112, train/accuracy=0.956, train/loss=0.116]
Epoch 4:  69%|██████▉   | 539/782 [00:10<00:04, 53.89it/s, loss=0.112, val/accuracy=0.957, val/loss=0.112, train/accuracy=0.956, train/loss=0.116]
Epoch 4:  69%|██████▉   | 540/782 [00:10<00:04, 53.89it/s, loss=0.112, val/accuracy=0.957, val/loss=0.112, train/accuracy=0.956, train/loss=0.116]
Epoch 4:  69%|██████▉   | 540/782 [00:10<00:04, 53.89it/s, loss=0.113, val/accuracy=0.957, val/loss=0.112, train/accuracy=0.956, train/loss=0.116]
Epoch 4:  69%|██████▉   | 541/782 [00:10<00:04, 53.89it/s, loss=0.113, val/accuracy=0.957, val/loss=0.112, train/accuracy=0.956, train/loss=0.116]
Epoch 4:  69%|██████▉   | 541/782 [00:10<00:04, 53.89it/s, loss=0.108, val/accuracy=0.957, val/loss=0.112, train/accuracy=0.956, train/loss=0.116]
Epoch 4:  69%|██████▉   | 542/782 [00:10<00:04, 53.90it/s, loss=0.108, val/accuracy=0.957, val/loss=0.112, train/accuracy=0.956, train/loss=0.116]
Epoch 4:  69%|██████▉   | 542/782 [00:10<00:04, 53.90it/s, loss=0.107, val/accuracy=0.957, val/loss=0.112, train/accuracy=0.956, train/loss=0.116]
Epoch 4:  69%|██████▉   | 543/782 [00:10<00:04, 53.90it/s, loss=0.107, val/accuracy=0.957, val/loss=0.112, train/accuracy=0.956, train/loss=0.116]
Epoch 4:  69%|██████▉   | 543/782 [00:10<00:04, 53.90it/s, loss=0.103, val/accuracy=0.957, val/loss=0.112, train/accuracy=0.956, train/loss=0.116]
Epoch 4:  70%|██████▉   | 544/782 [00:10<00:04, 53.90it/s, loss=0.103, val/accuracy=0.957, val/loss=0.112, train/accuracy=0.956, train/loss=0.116]
Epoch 4:  70%|██████▉   | 544/782 [00:10<00:04, 53.90it/s, loss=0.103, val/accuracy=0.957, val/loss=0.112, train/accuracy=0.956, train/loss=0.116]
Epoch 4:  70%|██████▉   | 545/782 [00:10<00:04, 53.90it/s, loss=0.103, val/accuracy=0.957, val/loss=0.112, train/accuracy=0.956, train/loss=0.116]
Epoch 4:  70%|██████▉   | 545/782 [00:10<00:04, 53.89it/s, loss=0.101, val/accuracy=0.957, val/loss=0.112, train/accuracy=0.956, train/loss=0.116]
Epoch 4:  70%|██████▉   | 546/782 [00:10<00:04, 53.90it/s, loss=0.101, val/accuracy=0.957, val/loss=0.112, train/accuracy=0.956, train/loss=0.116]
Epoch 4:  70%|██████▉   | 546/782 [00:10<00:04, 53.90it/s, loss=0.1, val/accuracy=0.957, val/loss=0.112, train/accuracy=0.956, train/loss=0.116]  
Epoch 4:  70%|██████▉   | 547/782 [00:10<00:04, 53.90it/s, loss=0.1, val/accuracy=0.957, val/loss=0.112, train/accuracy=0.956, train/loss=0.116]
Epoch 4:  70%|██████▉   | 547/782 [00:10<00:04, 53.90it/s, loss=0.102, val/accuracy=0.957, val/loss=0.112, train/accuracy=0.956, train/loss=0.116]
Epoch 4:  70%|███████   | 548/782 [00:10<00:04, 53.90it/s, loss=0.102, val/accuracy=0.957, val/loss=0.112, train/accuracy=0.956, train/loss=0.116]
Epoch 4:  70%|███████   | 548/782 [00:10<00:04, 53.90it/s, loss=0.101, val/accuracy=0.957, val/loss=0.112, train/accuracy=0.956, train/loss=0.116]
Epoch 4:  70%|███████   | 549/782 [00:10<00:04, 53.90it/s, loss=0.101, val/accuracy=0.957, val/loss=0.112, train/accuracy=0.956, train/loss=0.116]
Epoch 4:  70%|███████   | 549/782 [00:10<00:04, 53.90it/s, loss=0.0996, val/accuracy=0.957, val/loss=0.112, train/accuracy=0.956, train/loss=0.116]
Epoch 4:  70%|███████   | 550/782 [00:10<00:04, 53.90it/s, loss=0.0996, val/accuracy=0.957, val/loss=0.112, train/accuracy=0.956, train/loss=0.116]
Epoch 4:  70%|███████   | 550/782 [00:10<00:04, 53.90it/s, loss=0.0971, val/accuracy=0.957, val/loss=0.112, train/accuracy=0.956, train/loss=0.116]
Epoch 4:  70%|███████   | 551/782 [00:10<00:04, 53.91it/s, loss=0.0971, val/accuracy=0.957, val/loss=0.112, train/accuracy=0.956, train/loss=0.116]
Epoch 4:  70%|███████   | 551/782 [00:10<00:04, 53.90it/s, loss=0.0999, val/accuracy=0.957, val/loss=0.112, train/accuracy=0.956, train/loss=0.116]
Epoch 4:  71%|███████   | 552/782 [00:10<00:04, 53.89it/s, loss=0.0999, val/accuracy=0.957, val/loss=0.112, train/accuracy=0.956, train/loss=0.116]
Epoch 4:  71%|███████   | 552/782 [00:10<00:04, 53.89it/s, loss=0.0956, val/accuracy=0.957, val/loss=0.112, train/accuracy=0.956, train/loss=0.116]
Epoch 4:  71%|███████   | 553/782 [00:10<00:04, 53.87it/s, loss=0.0956, val/accuracy=0.957, val/loss=0.112, train/accuracy=0.956, train/loss=0.116]
Epoch 4:  71%|███████   | 553/782 [00:10<00:04, 53.87it/s, loss=0.0997, val/accuracy=0.957, val/loss=0.112, train/accuracy=0.956, train/loss=0.116]
Epoch 4:  71%|███████   | 554/782 [00:10<00:04, 53.85it/s, loss=0.0997, val/accuracy=0.957, val/loss=0.112, train/accuracy=0.956, train/loss=0.116]
Epoch 4:  71%|███████   | 554/782 [00:10<00:04, 53.85it/s, loss=0.0996, val/accuracy=0.957, val/loss=0.112, train/accuracy=0.956, train/loss=0.116]
Epoch 4:  71%|███████   | 555/782 [00:10<00:04, 53.83it/s, loss=0.0996, val/accuracy=0.957, val/loss=0.112, train/accuracy=0.956, train/loss=0.116]
Epoch 4:  71%|███████   | 555/782 [00:10<00:04, 53.83it/s, loss=0.1, val/accuracy=0.957, val/loss=0.112, train/accuracy=0.956, train/loss=0.116]   
Epoch 4:  71%|███████   | 556/782 [00:10<00:04, 53.79it/s, loss=0.1, val/accuracy=0.957, val/loss=0.112, train/accuracy=0.956, train/loss=0.116]
Epoch 4:  71%|███████   | 556/782 [00:10<00:04, 53.79it/s, loss=0.0992, val/accuracy=0.957, val/loss=0.112, train/accuracy=0.956, train/loss=0.116]
Epoch 4:  71%|███████   | 557/782 [00:10<00:04, 53.78it/s, loss=0.0992, val/accuracy=0.957, val/loss=0.112, train/accuracy=0.956, train/loss=0.116]
Epoch 4:  71%|███████   | 557/782 [00:10<00:04, 53.77it/s, loss=0.0998, val/accuracy=0.957, val/loss=0.112, train/accuracy=0.956, train/loss=0.116]
Epoch 4:  71%|███████▏  | 558/782 [00:10<00:04, 53.76it/s, loss=0.0998, val/accuracy=0.957, val/loss=0.112, train/accuracy=0.956, train/loss=0.116]
Epoch 4:  71%|███████▏  | 558/782 [00:10<00:04, 53.76it/s, loss=0.0982, val/accuracy=0.957, val/loss=0.112, train/accuracy=0.956, train/loss=0.116]
Epoch 4:  71%|███████▏  | 559/782 [00:10<00:04, 53.74it/s, loss=0.0982, val/accuracy=0.957, val/loss=0.112, train/accuracy=0.956, train/loss=0.116]
Epoch 4:  71%|███████▏  | 559/782 [00:10<00:04, 53.74it/s, loss=0.098, val/accuracy=0.957, val/loss=0.112, train/accuracy=0.956, train/loss=0.116] 
Epoch 4:  72%|███████▏  | 560/782 [00:10<00:04, 53.72it/s, loss=0.098, val/accuracy=0.957, val/loss=0.112, train/accuracy=0.956, train/loss=0.116]
Epoch 4:  72%|███████▏  | 560/782 [00:10<00:04, 53.72it/s, loss=0.0977, val/accuracy=0.957, val/loss=0.112, train/accuracy=0.956, train/loss=0.116]
Epoch 4:  72%|███████▏  | 561/782 [00:10<00:04, 53.70it/s, loss=0.0977, val/accuracy=0.957, val/loss=0.112, train/accuracy=0.956, train/loss=0.116]
Epoch 4:  72%|███████▏  | 561/782 [00:10<00:04, 53.70it/s, loss=0.101, val/accuracy=0.957, val/loss=0.112, train/accuracy=0.956, train/loss=0.116] 
Epoch 4:  72%|███████▏  | 562/782 [00:10<00:04, 53.68it/s, loss=0.101, val/accuracy=0.957, val/loss=0.112, train/accuracy=0.956, train/loss=0.116]
Epoch 4:  72%|███████▏  | 562/782 [00:10<00:04, 53.68it/s, loss=0.0986, val/accuracy=0.957, val/loss=0.112, train/accuracy=0.956, train/loss=0.116]
Epoch 4:  72%|███████▏  | 563/782 [00:10<00:04, 53.66it/s, loss=0.0986, val/accuracy=0.957, val/loss=0.112, train/accuracy=0.956, train/loss=0.116]
Epoch 4:  72%|███████▏  | 563/782 [00:10<00:04, 53.66it/s, loss=0.101, val/accuracy=0.957, val/loss=0.112, train/accuracy=0.956, train/loss=0.116] 
Epoch 4:  72%|███████▏  | 564/782 [00:10<00:04, 53.64it/s, loss=0.101, val/accuracy=0.957, val/loss=0.112, train/accuracy=0.956, train/loss=0.116]
Epoch 4:  72%|███████▏  | 564/782 [00:10<00:04, 53.64it/s, loss=0.103, val/accuracy=0.957, val/loss=0.112, train/accuracy=0.956, train/loss=0.116]
Epoch 4:  72%|███████▏  | 565/782 [00:10<00:04, 53.62it/s, loss=0.103, val/accuracy=0.957, val/loss=0.112, train/accuracy=0.956, train/loss=0.116]
Epoch 4:  72%|███████▏  | 565/782 [00:10<00:04, 53.62it/s, loss=0.103, val/accuracy=0.957, val/loss=0.112, train/accuracy=0.956, train/loss=0.116]
Epoch 4:  72%|███████▏  | 566/782 [00:10<00:04, 53.60it/s, loss=0.103, val/accuracy=0.957, val/loss=0.112, train/accuracy=0.956, train/loss=0.116]
Epoch 4:  72%|███████▏  | 566/782 [00:10<00:04, 53.60it/s, loss=0.106, val/accuracy=0.957, val/loss=0.112, train/accuracy=0.956, train/loss=0.116]
Epoch 4:  73%|███████▎  | 567/782 [00:10<00:04, 53.58it/s, loss=0.106, val/accuracy=0.957, val/loss=0.112, train/accuracy=0.956, train/loss=0.116]
Epoch 4:  73%|███████▎  | 567/782 [00:10<00:04, 53.58it/s, loss=0.103, val/accuracy=0.957, val/loss=0.112, train/accuracy=0.956, train/loss=0.116]
Epoch 4:  73%|███████▎  | 568/782 [00:10<00:03, 53.56it/s, loss=0.103, val/accuracy=0.957, val/loss=0.112, train/accuracy=0.956, train/loss=0.116]
Epoch 4:  73%|███████▎  | 568/782 [00:10<00:03, 53.56it/s, loss=0.106, val/accuracy=0.957, val/loss=0.112, train/accuracy=0.956, train/loss=0.116]
Epoch 4:  73%|███████▎  | 569/782 [00:10<00:03, 53.55it/s, loss=0.106, val/accuracy=0.957, val/loss=0.112, train/accuracy=0.956, train/loss=0.116]
Epoch 4:  73%|███████▎  | 569/782 [00:10<00:03, 53.54it/s, loss=0.106, val/accuracy=0.957, val/loss=0.112, train/accuracy=0.956, train/loss=0.116]
Epoch 4:  73%|███████▎  | 570/782 [00:10<00:03, 53.52it/s, loss=0.106, val/accuracy=0.957, val/loss=0.112, train/accuracy=0.956, train/loss=0.116]
Epoch 4:  73%|███████▎  | 570/782 [00:10<00:03, 53.52it/s, loss=0.109, val/accuracy=0.957, val/loss=0.112, train/accuracy=0.956, train/loss=0.116]
Epoch 4:  73%|███████▎  | 571/782 [00:10<00:03, 53.51it/s, loss=0.109, val/accuracy=0.957, val/loss=0.112, train/accuracy=0.956, train/loss=0.116]
Epoch 4:  73%|███████▎  | 571/782 [00:10<00:03, 53.51it/s, loss=0.111, val/accuracy=0.957, val/loss=0.112, train/accuracy=0.956, train/loss=0.116]
Epoch 4:  73%|███████▎  | 572/782 [00:10<00:03, 53.49it/s, loss=0.111, val/accuracy=0.957, val/loss=0.112, train/accuracy=0.956, train/loss=0.116]
Epoch 4:  73%|███████▎  | 572/782 [00:10<00:03, 53.48it/s, loss=0.112, val/accuracy=0.957, val/loss=0.112, train/accuracy=0.956, train/loss=0.116]
Epoch 4:  73%|███████▎  | 573/782 [00:10<00:03, 53.47it/s, loss=0.112, val/accuracy=0.957, val/loss=0.112, train/accuracy=0.956, train/loss=0.116]
Epoch 4:  73%|███████▎  | 573/782 [00:10<00:03, 53.47it/s, loss=0.104, val/accuracy=0.957, val/loss=0.112, train/accuracy=0.956, train/loss=0.116]
Epoch 4:  73%|███████▎  | 574/782 [00:10<00:03, 53.45it/s, loss=0.104, val/accuracy=0.957, val/loss=0.112, train/accuracy=0.956, train/loss=0.116]
Epoch 4:  73%|███████▎  | 574/782 [00:10<00:03, 53.45it/s, loss=0.103, val/accuracy=0.957, val/loss=0.112, train/accuracy=0.956, train/loss=0.116]
Epoch 4:  74%|███████▎  | 575/782 [00:10<00:03, 53.43it/s, loss=0.103, val/accuracy=0.957, val/loss=0.112, train/accuracy=0.956, train/loss=0.116]
Epoch 4:  74%|███████▎  | 575/782 [00:10<00:03, 53.43it/s, loss=0.0999, val/accuracy=0.957, val/loss=0.112, train/accuracy=0.956, train/loss=0.116]
Epoch 4:  74%|███████▎  | 576/782 [00:10<00:03, 53.41it/s, loss=0.0999, val/accuracy=0.957, val/loss=0.112, train/accuracy=0.956, train/loss=0.116]
Epoch 4:  74%|███████▎  | 576/782 [00:10<00:03, 53.41it/s, loss=0.101, val/accuracy=0.957, val/loss=0.112, train/accuracy=0.956, train/loss=0.116] 
Epoch 4:  74%|███████▍  | 577/782 [00:10<00:03, 53.39it/s, loss=0.101, val/accuracy=0.957, val/loss=0.112, train/accuracy=0.956, train/loss=0.116]
Epoch 4:  74%|███████▍  | 577/782 [00:10<00:03, 53.39it/s, loss=0.1, val/accuracy=0.957, val/loss=0.112, train/accuracy=0.956, train/loss=0.116]  
Epoch 4:  74%|███████▍  | 578/782 [00:10<00:03, 53.37it/s, loss=0.1, val/accuracy=0.957, val/loss=0.112, train/accuracy=0.956, train/loss=0.116]
Epoch 4:  74%|███████▍  | 578/782 [00:10<00:03, 53.37it/s, loss=0.101, val/accuracy=0.957, val/loss=0.112, train/accuracy=0.956, train/loss=0.116]
Epoch 4:  74%|███████▍  | 579/782 [00:10<00:03, 53.36it/s, loss=0.101, val/accuracy=0.957, val/loss=0.112, train/accuracy=0.956, train/loss=0.116]
Epoch 4:  74%|███████▍  | 579/782 [00:10<00:03, 53.36it/s, loss=0.104, val/accuracy=0.957, val/loss=0.112, train/accuracy=0.956, train/loss=0.116]
Epoch 4:  74%|███████▍  | 580/782 [00:10<00:03, 53.34it/s, loss=0.104, val/accuracy=0.957, val/loss=0.112, train/accuracy=0.956, train/loss=0.116]
Epoch 4:  74%|███████▍  | 580/782 [00:10<00:03, 53.34it/s, loss=0.102, val/accuracy=0.957, val/loss=0.112, train/accuracy=0.956, train/loss=0.116]
Epoch 4:  74%|███████▍  | 581/782 [00:10<00:03, 53.32it/s, loss=0.102, val/accuracy=0.957, val/loss=0.112, train/accuracy=0.956, train/loss=0.116]
Epoch 4:  74%|███████▍  | 581/782 [00:10<00:03, 53.32it/s, loss=0.101, val/accuracy=0.957, val/loss=0.112, train/accuracy=0.956, train/loss=0.116]
Epoch 4:  74%|███████▍  | 582/782 [00:10<00:03, 53.30it/s, loss=0.101, val/accuracy=0.957, val/loss=0.112, train/accuracy=0.956, train/loss=0.116]
Epoch 4:  74%|███████▍  | 582/782 [00:10<00:03, 53.30it/s, loss=0.099, val/accuracy=0.957, val/loss=0.112, train/accuracy=0.956, train/loss=0.116]
Epoch 4:  75%|███████▍  | 583/782 [00:10<00:03, 53.28it/s, loss=0.099, val/accuracy=0.957, val/loss=0.112, train/accuracy=0.956, train/loss=0.116]
Epoch 4:  75%|███████▍  | 583/782 [00:10<00:03, 53.28it/s, loss=0.0983, val/accuracy=0.957, val/loss=0.112, train/accuracy=0.956, train/loss=0.116]
Epoch 4:  75%|███████▍  | 584/782 [00:10<00:03, 53.24it/s, loss=0.0983, val/accuracy=0.957, val/loss=0.112, train/accuracy=0.956, train/loss=0.116]
Epoch 4:  75%|███████▍  | 584/782 [00:10<00:03, 53.24it/s, loss=0.099, val/accuracy=0.957, val/loss=0.112, train/accuracy=0.956, train/loss=0.116] 
Epoch 4:  75%|███████▍  | 585/782 [00:10<00:03, 53.24it/s, loss=0.099, val/accuracy=0.957, val/loss=0.112, train/accuracy=0.956, train/loss=0.116]
Epoch 4:  75%|███████▍  | 585/782 [00:10<00:03, 53.24it/s, loss=0.101, val/accuracy=0.957, val/loss=0.112, train/accuracy=0.956, train/loss=0.116]
Epoch 4:  75%|███████▍  | 586/782 [00:11<00:03, 53.25it/s, loss=0.101, val/accuracy=0.957, val/loss=0.112, train/accuracy=0.956, train/loss=0.116]
Epoch 4:  75%|███████▍  | 586/782 [00:11<00:03, 53.25it/s, loss=0.097, val/accuracy=0.957, val/loss=0.112, train/accuracy=0.956, train/loss=0.116]

Validation: 0it [00:00, ?it/s][A

Validation:   0%|          | 0/196 [00:00<?, ?it/s][A

Validation DataLoader 0:   0%|          | 0/196 [00:00<?, ?it/s][A

Validation DataLoader 0:   1%|          | 1/196 [00:00<00:01, 132.99it/s][A
Epoch 4:  75%|███████▌  | 587/782 [00:11<00:03, 52.60it/s, loss=0.097, val/accuracy=0.957, val/loss=0.112, train/accuracy=0.956, train/loss=0.116]

Validation DataLoader 0:   1%|          | 2/196 [00:00<00:02, 96.71it/s] [A
Epoch 4:  75%|███████▌  | 588/782 [00:11<00:03, 52.63it/s, loss=0.097, val/accuracy=0.957, val/loss=0.112, train/accuracy=0.956, train/loss=0.116]

Validation DataLoader 0:   2%|▏         | 3/196 [00:00<00:02, 80.62it/s][A
Epoch 4:  75%|███████▌  | 589/782 [00:11<00:03, 52.64it/s, loss=0.097, val/accuracy=0.957, val/loss=0.112, train/accuracy=0.956, train/loss=0.116]

Validation DataLoader 0:   2%|▏         | 4/196 [00:00<00:02, 73.44it/s][A
Epoch 4:  75%|███████▌  | 590/782 [00:11<00:03, 52.65it/s, loss=0.097, val/accuracy=0.957, val/loss=0.112, train/accuracy=0.956, train/loss=0.116]

Validation DataLoader 0:   3%|▎         | 5/196 [00:00<00:02, 70.24it/s][A
Epoch 4:  76%|███████▌  | 591/782 [00:11<00:03, 52.66it/s, loss=0.097, val/accuracy=0.957, val/loss=0.112, train/accuracy=0.956, train/loss=0.116]

Validation DataLoader 0:   3%|▎         | 6/196 [00:00<00:02, 67.97it/s][A
Epoch 4:  76%|███████▌  | 592/782 [00:11<00:03, 52.67it/s, loss=0.097, val/accuracy=0.957, val/loss=0.112, train/accuracy=0.956, train/loss=0.116]

Validation DataLoader 0:   4%|▎         | 7/196 [00:00<00:02, 66.72it/s][A
Epoch 4:  76%|███████▌  | 593/782 [00:11<00:03, 52.68it/s, loss=0.097, val/accuracy=0.957, val/loss=0.112, train/accuracy=0.956, train/loss=0.116]

Validation DataLoader 0:   4%|▍         | 8/196 [00:00<00:02, 65.46it/s][A
Epoch 4:  76%|███████▌  | 594/782 [00:11<00:03, 52.69it/s, loss=0.097, val/accuracy=0.957, val/loss=0.112, train/accuracy=0.956, train/loss=0.116]

Validation DataLoader 0:   5%|▍         | 9/196 [00:00<00:02, 64.82it/s][A
Epoch 4:  76%|███████▌  | 595/782 [00:11<00:03, 52.70it/s, loss=0.097, val/accuracy=0.957, val/loss=0.112, train/accuracy=0.956, train/loss=0.116]

Validation DataLoader 0:   5%|▌         | 10/196 [00:00<00:02, 64.11it/s][A
Epoch 4:  76%|███████▌  | 596/782 [00:11<00:03, 52.71it/s, loss=0.097, val/accuracy=0.957, val/loss=0.112, train/accuracy=0.956, train/loss=0.116]

Validation DataLoader 0:   6%|▌         | 11/196 [00:00<00:02, 63.74it/s][A
Epoch 4:  76%|███████▋  | 597/782 [00:11<00:03, 52.72it/s, loss=0.097, val/accuracy=0.957, val/loss=0.112, train/accuracy=0.956, train/loss=0.116]

Validation DataLoader 0:   6%|▌         | 12/196 [00:00<00:02, 63.27it/s][A
Epoch 4:  76%|███████▋  | 598/782 [00:11<00:03, 52.73it/s, loss=0.097, val/accuracy=0.957, val/loss=0.112, train/accuracy=0.956, train/loss=0.116]

Validation DataLoader 0:   7%|▋         | 13/196 [00:00<00:02, 63.02it/s][A
Epoch 4:  77%|███████▋  | 599/782 [00:11<00:03, 52.74it/s, loss=0.097, val/accuracy=0.957, val/loss=0.112, train/accuracy=0.956, train/loss=0.116]

Validation DataLoader 0:   7%|▋         | 14/196 [00:00<00:02, 62.67it/s][A
Epoch 4:  77%|███████▋  | 600/782 [00:11<00:03, 52.75it/s, loss=0.097, val/accuracy=0.957, val/loss=0.112, train/accuracy=0.956, train/loss=0.116]

Validation DataLoader 0:   8%|▊         | 15/196 [00:00<00:02, 62.51it/s][A
Epoch 4:  77%|███████▋  | 601/782 [00:11<00:03, 52.76it/s, loss=0.097, val/accuracy=0.957, val/loss=0.112, train/accuracy=0.956, train/loss=0.116]

Validation DataLoader 0:   8%|▊         | 16/196 [00:00<00:02, 62.20it/s][A
Epoch 4:  77%|███████▋  | 602/782 [00:11<00:03, 52.77it/s, loss=0.097, val/accuracy=0.957, val/loss=0.112, train/accuracy=0.956, train/loss=0.116]

Validation DataLoader 0:   9%|▊         | 17/196 [00:00<00:02, 62.07it/s][A
Epoch 4:  77%|███████▋  | 603/782 [00:11<00:03, 52.78it/s, loss=0.097, val/accuracy=0.957, val/loss=0.112, train/accuracy=0.956, train/loss=0.116]

Validation DataLoader 0:   9%|▉         | 18/196 [00:00<00:02, 61.85it/s][A
Epoch 4:  77%|███████▋  | 604/782 [00:11<00:03, 52.78it/s, loss=0.097, val/accuracy=0.957, val/loss=0.112, train/accuracy=0.956, train/loss=0.116]

Validation DataLoader 0:  10%|▉         | 19/196 [00:00<00:02, 61.75it/s][A
Epoch 4:  77%|███████▋  | 605/782 [00:11<00:03, 52.80it/s, loss=0.097, val/accuracy=0.957, val/loss=0.112, train/accuracy=0.956, train/loss=0.116]

Validation DataLoader 0:  10%|█         | 20/196 [00:00<00:02, 61.56it/s][A
Epoch 4:  77%|███████▋  | 606/782 [00:11<00:03, 52.80it/s, loss=0.097, val/accuracy=0.957, val/loss=0.112, train/accuracy=0.956, train/loss=0.116]

Validation DataLoader 0:  11%|█         | 21/196 [00:00<00:02, 61.42it/s][A
Epoch 4:  78%|███████▊  | 607/782 [00:11<00:03, 52.81it/s, loss=0.097, val/accuracy=0.957, val/loss=0.112, train/accuracy=0.956, train/loss=0.116]

Validation DataLoader 0:  11%|█         | 22/196 [00:00<00:02, 61.36it/s][A
Epoch 4:  78%|███████▊  | 608/782 [00:11<00:03, 52.82it/s, loss=0.097, val/accuracy=0.957, val/loss=0.112, train/accuracy=0.956, train/loss=0.116]

Validation DataLoader 0:  12%|█▏        | 23/196 [00:00<00:02, 61.26it/s][A
Epoch 4:  78%|███████▊  | 609/782 [00:11<00:03, 52.83it/s, loss=0.097, val/accuracy=0.957, val/loss=0.112, train/accuracy=0.956, train/loss=0.116]

Validation DataLoader 0:  12%|█▏        | 24/196 [00:00<00:02, 61.22it/s][A
Epoch 4:  78%|███████▊  | 610/782 [00:11<00:03, 52.84it/s, loss=0.097, val/accuracy=0.957, val/loss=0.112, train/accuracy=0.956, train/loss=0.116]

Validation DataLoader 0:  13%|█▎        | 25/196 [00:00<00:02, 61.11it/s][A
Epoch 4:  78%|███████▊  | 611/782 [00:11<00:03, 52.85it/s, loss=0.097, val/accuracy=0.957, val/loss=0.112, train/accuracy=0.956, train/loss=0.116]

Validation DataLoader 0:  13%|█▎        | 26/196 [00:00<00:02, 61.03it/s][A
Epoch 4:  78%|███████▊  | 612/782 [00:11<00:03, 52.86it/s, loss=0.097, val/accuracy=0.957, val/loss=0.112, train/accuracy=0.956, train/loss=0.116]

Validation DataLoader 0:  14%|█▍        | 27/196 [00:00<00:02, 61.00it/s][A
Epoch 4:  78%|███████▊  | 613/782 [00:11<00:03, 52.87it/s, loss=0.097, val/accuracy=0.957, val/loss=0.112, train/accuracy=0.956, train/loss=0.116]

Validation DataLoader 0:  14%|█▍        | 28/196 [00:00<00:02, 60.88it/s][A
Epoch 4:  79%|███████▊  | 614/782 [00:11<00:03, 52.88it/s, loss=0.097, val/accuracy=0.957, val/loss=0.112, train/accuracy=0.956, train/loss=0.116]

Validation DataLoader 0:  15%|█▍        | 29/196 [00:00<00:02, 60.86it/s][A
Epoch 4:  79%|███████▊  | 615/782 [00:11<00:03, 52.89it/s, loss=0.097, val/accuracy=0.957, val/loss=0.112, train/accuracy=0.956, train/loss=0.116]

Validation DataLoader 0:  15%|█▌        | 30/196 [00:00<00:02, 60.76it/s][A
Epoch 4:  79%|███████▉  | 616/782 [00:11<00:03, 52.90it/s, loss=0.097, val/accuracy=0.957, val/loss=0.112, train/accuracy=0.956, train/loss=0.116]

Validation DataLoader 0:  16%|█▌        | 31/196 [00:00<00:02, 60.74it/s][A
Epoch 4:  79%|███████▉  | 617/782 [00:11<00:03, 52.91it/s, loss=0.097, val/accuracy=0.957, val/loss=0.112, train/accuracy=0.956, train/loss=0.116]

Validation DataLoader 0:  16%|█▋        | 32/196 [00:00<00:02, 60.67it/s][A
Epoch 4:  79%|███████▉  | 618/782 [00:11<00:03, 52.92it/s, loss=0.097, val/accuracy=0.957, val/loss=0.112, train/accuracy=0.956, train/loss=0.116]

Validation DataLoader 0:  17%|█▋        | 33/196 [00:00<00:02, 60.62it/s][A
Epoch 4:  79%|███████▉  | 619/782 [00:11<00:03, 52.92it/s, loss=0.097, val/accuracy=0.957, val/loss=0.112, train/accuracy=0.956, train/loss=0.116]

Validation DataLoader 0:  17%|█▋        | 34/196 [00:00<00:02, 60.58it/s][A
Epoch 4:  79%|███████▉  | 620/782 [00:11<00:03, 52.93it/s, loss=0.097, val/accuracy=0.957, val/loss=0.112, train/accuracy=0.956, train/loss=0.116]

Validation DataLoader 0:  18%|█▊        | 35/196 [00:00<00:02, 60.57it/s][A
Epoch 4:  79%|███████▉  | 621/782 [00:11<00:03, 52.94it/s, loss=0.097, val/accuracy=0.957, val/loss=0.112, train/accuracy=0.956, train/loss=0.116]

Validation DataLoader 0:  18%|█▊        | 36/196 [00:00<00:02, 60.49it/s][A
Epoch 4:  80%|███████▉  | 622/782 [00:11<00:03, 52.95it/s, loss=0.097, val/accuracy=0.957, val/loss=0.112, train/accuracy=0.956, train/loss=0.116]

Validation DataLoader 0:  19%|█▉        | 37/196 [00:00<00:02, 60.50it/s][A
Epoch 4:  80%|███████▉  | 623/782 [00:11<00:03, 52.96it/s, loss=0.097, val/accuracy=0.957, val/loss=0.112, train/accuracy=0.956, train/loss=0.116]

Validation DataLoader 0:  19%|█▉        | 38/196 [00:00<00:02, 60.42it/s][A
Epoch 4:  80%|███████▉  | 624/782 [00:11<00:02, 52.97it/s, loss=0.097, val/accuracy=0.957, val/loss=0.112, train/accuracy=0.956, train/loss=0.116]

Validation DataLoader 0:  20%|█▉        | 39/196 [00:00<00:02, 60.41it/s][A
Epoch 4:  80%|███████▉  | 625/782 [00:11<00:02, 52.98it/s, loss=0.097, val/accuracy=0.957, val/loss=0.112, train/accuracy=0.956, train/loss=0.116]

Validation DataLoader 0:  20%|██        | 40/196 [00:00<00:02, 60.35it/s][A
Epoch 4:  80%|████████  | 626/782 [00:11<00:02, 52.99it/s, loss=0.097, val/accuracy=0.957, val/loss=0.112, train/accuracy=0.956, train/loss=0.116]

Validation DataLoader 0:  21%|██        | 41/196 [00:00<00:02, 60.32it/s][A
Epoch 4:  80%|████████  | 627/782 [00:11<00:02, 52.99it/s, loss=0.097, val/accuracy=0.957, val/loss=0.112, train/accuracy=0.956, train/loss=0.116]

Validation DataLoader 0:  21%|██▏       | 42/196 [00:00<00:02, 60.32it/s][A
Epoch 4:  80%|████████  | 628/782 [00:11<00:02, 53.00it/s, loss=0.097, val/accuracy=0.957, val/loss=0.112, train/accuracy=0.956, train/loss=0.116]

Validation DataLoader 0:  22%|██▏       | 43/196 [00:00<00:02, 60.30it/s][A
Epoch 4:  80%|████████  | 629/782 [00:11<00:02, 53.01it/s, loss=0.097, val/accuracy=0.957, val/loss=0.112, train/accuracy=0.956, train/loss=0.116]

Validation DataLoader 0:  22%|██▏       | 44/196 [00:00<00:02, 60.27it/s][A
Epoch 4:  81%|████████  | 630/782 [00:11<00:02, 53.02it/s, loss=0.097, val/accuracy=0.957, val/loss=0.112, train/accuracy=0.956, train/loss=0.116]

Validation DataLoader 0:  23%|██▎       | 45/196 [00:00<00:02, 60.27it/s][A
Epoch 4:  81%|████████  | 631/782 [00:11<00:02, 53.03it/s, loss=0.097, val/accuracy=0.957, val/loss=0.112, train/accuracy=0.956, train/loss=0.116]

Validation DataLoader 0:  23%|██▎       | 46/196 [00:00<00:02, 60.23it/s][A
Epoch 4:  81%|████████  | 632/782 [00:11<00:02, 53.04it/s, loss=0.097, val/accuracy=0.957, val/loss=0.112, train/accuracy=0.956, train/loss=0.116]

Validation DataLoader 0:  24%|██▍       | 47/196 [00:00<00:02, 60.23it/s][A
Epoch 4:  81%|████████  | 633/782 [00:11<00:02, 53.05it/s, loss=0.097, val/accuracy=0.957, val/loss=0.112, train/accuracy=0.956, train/loss=0.116]

Validation DataLoader 0:  24%|██▍       | 48/196 [00:00<00:02, 60.18it/s][A
Epoch 4:  81%|████████  | 634/782 [00:11<00:02, 53.06it/s, loss=0.097, val/accuracy=0.957, val/loss=0.112, train/accuracy=0.956, train/loss=0.116]

Validation DataLoader 0:  25%|██▌       | 49/196 [00:00<00:02, 60.19it/s][A
Epoch 4:  81%|████████  | 635/782 [00:11<00:02, 53.07it/s, loss=0.097, val/accuracy=0.957, val/loss=0.112, train/accuracy=0.956, train/loss=0.116]

Validation DataLoader 0:  26%|██▌       | 50/196 [00:00<00:02, 60.15it/s][A
Epoch 4:  81%|████████▏ | 636/782 [00:11<00:02, 53.08it/s, loss=0.097, val/accuracy=0.957, val/loss=0.112, train/accuracy=0.956, train/loss=0.116]

Validation DataLoader 0:  26%|██▌       | 51/196 [00:00<00:02, 60.16it/s][A
Epoch 4:  81%|████████▏ | 637/782 [00:11<00:02, 53.09it/s, loss=0.097, val/accuracy=0.957, val/loss=0.112, train/accuracy=0.956, train/loss=0.116]

Validation DataLoader 0:  27%|██▋       | 52/196 [00:00<00:02, 60.13it/s][A
Epoch 4:  82%|████████▏ | 638/782 [00:12<00:02, 53.09it/s, loss=0.097, val/accuracy=0.957, val/loss=0.112, train/accuracy=0.956, train/loss=0.116]

Validation DataLoader 0:  27%|██▋       | 53/196 [00:00<00:02, 60.13it/s][A
Epoch 4:  82%|████████▏ | 639/782 [00:12<00:02, 53.10it/s, loss=0.097, val/accuracy=0.957, val/loss=0.112, train/accuracy=0.956, train/loss=0.116]

Validation DataLoader 0:  28%|██▊       | 54/196 [00:00<00:02, 60.11it/s][A
Epoch 4:  82%|████████▏ | 640/782 [00:12<00:02, 53.11it/s, loss=0.097, val/accuracy=0.957, val/loss=0.112, train/accuracy=0.956, train/loss=0.116]

Validation DataLoader 0:  28%|██▊       | 55/196 [00:00<00:02, 60.11it/s][A
Epoch 4:  82%|████████▏ | 641/782 [00:12<00:02, 53.12it/s, loss=0.097, val/accuracy=0.957, val/loss=0.112, train/accuracy=0.956, train/loss=0.116]

Validation DataLoader 0:  29%|██▊       | 56/196 [00:00<00:02, 60.08it/s][A
Epoch 4:  82%|████████▏ | 642/782 [00:12<00:02, 53.13it/s, loss=0.097, val/accuracy=0.957, val/loss=0.112, train/accuracy=0.956, train/loss=0.116]

Validation DataLoader 0:  29%|██▉       | 57/196 [00:00<00:02, 60.06it/s][A
Epoch 4:  82%|████████▏ | 643/782 [00:12<00:02, 53.14it/s, loss=0.097, val/accuracy=0.957, val/loss=0.112, train/accuracy=0.956, train/loss=0.116]

Validation DataLoader 0:  30%|██▉       | 58/196 [00:00<00:02, 60.03it/s][A
Epoch 4:  82%|████████▏ | 644/782 [00:12<00:02, 53.15it/s, loss=0.097, val/accuracy=0.957, val/loss=0.112, train/accuracy=0.956, train/loss=0.116]

Validation DataLoader 0:  30%|███       | 59/196 [00:00<00:02, 60.04it/s][A
Epoch 4:  82%|████████▏ | 645/782 [00:12<00:02, 53.16it/s, loss=0.097, val/accuracy=0.957, val/loss=0.112, train/accuracy=0.956, train/loss=0.116]

Validation DataLoader 0:  31%|███       | 60/196 [00:00<00:02, 60.00it/s][A
Epoch 4:  83%|████████▎ | 646/782 [00:12<00:02, 53.16it/s, loss=0.097, val/accuracy=0.957, val/loss=0.112, train/accuracy=0.956, train/loss=0.116]

Validation DataLoader 0:  31%|███       | 61/196 [00:01<00:02, 59.98it/s][A
Epoch 4:  83%|████████▎ | 647/782 [00:12<00:02, 53.17it/s, loss=0.097, val/accuracy=0.957, val/loss=0.112, train/accuracy=0.956, train/loss=0.116]

Validation DataLoader 0:  32%|███▏      | 62/196 [00:01<00:02, 59.96it/s][A
Epoch 4:  83%|████████▎ | 648/782 [00:12<00:02, 53.18it/s, loss=0.097, val/accuracy=0.957, val/loss=0.112, train/accuracy=0.956, train/loss=0.116]

Validation DataLoader 0:  32%|███▏      | 63/196 [00:01<00:02, 59.95it/s][A
Epoch 4:  83%|████████▎ | 649/782 [00:12<00:02, 53.19it/s, loss=0.097, val/accuracy=0.957, val/loss=0.112, train/accuracy=0.956, train/loss=0.116]

Validation DataLoader 0:  33%|███▎      | 64/196 [00:01<00:02, 59.91it/s][A
Epoch 4:  83%|████████▎ | 650/782 [00:12<00:02, 53.19it/s, loss=0.097, val/accuracy=0.957, val/loss=0.112, train/accuracy=0.956, train/loss=0.116]

Validation DataLoader 0:  33%|███▎      | 65/196 [00:01<00:02, 59.91it/s][A
Epoch 4:  83%|████████▎ | 651/782 [00:12<00:02, 53.20it/s, loss=0.097, val/accuracy=0.957, val/loss=0.112, train/accuracy=0.956, train/loss=0.116]

Validation DataLoader 0:  34%|███▎      | 66/196 [00:01<00:02, 59.89it/s][A
Epoch 4:  83%|████████▎ | 652/782 [00:12<00:02, 53.21it/s, loss=0.097, val/accuracy=0.957, val/loss=0.112, train/accuracy=0.956, train/loss=0.116]

Validation DataLoader 0:  34%|███▍      | 67/196 [00:01<00:02, 59.88it/s][A
Epoch 4:  84%|████████▎ | 653/782 [00:12<00:02, 53.22it/s, loss=0.097, val/accuracy=0.957, val/loss=0.112, train/accuracy=0.956, train/loss=0.116]

Validation DataLoader 0:  35%|███▍      | 68/196 [00:01<00:02, 59.86it/s][A
Epoch 4:  84%|████████▎ | 654/782 [00:12<00:02, 53.22it/s, loss=0.097, val/accuracy=0.957, val/loss=0.112, train/accuracy=0.956, train/loss=0.116]

Validation DataLoader 0:  35%|███▌      | 69/196 [00:01<00:02, 59.86it/s][A
Epoch 4:  84%|████████▍ | 655/782 [00:12<00:02, 53.23it/s, loss=0.097, val/accuracy=0.957, val/loss=0.112, train/accuracy=0.956, train/loss=0.116]

Validation DataLoader 0:  36%|███▌      | 70/196 [00:01<00:02, 59.82it/s][A
Epoch 4:  84%|████████▍ | 656/782 [00:12<00:02, 53.24it/s, loss=0.097, val/accuracy=0.957, val/loss=0.112, train/accuracy=0.956, train/loss=0.116]

Validation DataLoader 0:  36%|███▌      | 71/196 [00:01<00:02, 59.82it/s][A
Epoch 4:  84%|████████▍ | 657/782 [00:12<00:02, 53.25it/s, loss=0.097, val/accuracy=0.957, val/loss=0.112, train/accuracy=0.956, train/loss=0.116]

Validation DataLoader 0:  37%|███▋      | 72/196 [00:01<00:02, 59.75it/s][A
Epoch 4:  84%|████████▍ | 658/782 [00:12<00:02, 53.25it/s, loss=0.097, val/accuracy=0.957, val/loss=0.112, train/accuracy=0.956, train/loss=0.116]

Validation DataLoader 0:  37%|███▋      | 73/196 [00:01<00:02, 59.75it/s][A
Epoch 4:  84%|████████▍ | 659/782 [00:12<00:02, 53.26it/s, loss=0.097, val/accuracy=0.957, val/loss=0.112, train/accuracy=0.956, train/loss=0.116]

Validation DataLoader 0:  38%|███▊      | 74/196 [00:01<00:02, 59.73it/s][A
Epoch 4:  84%|████████▍ | 660/782 [00:12<00:02, 53.27it/s, loss=0.097, val/accuracy=0.957, val/loss=0.112, train/accuracy=0.956, train/loss=0.116]

Validation DataLoader 0:  38%|███▊      | 75/196 [00:01<00:02, 59.73it/s][A
Epoch 4:  85%|████████▍ | 661/782 [00:12<00:02, 53.28it/s, loss=0.097, val/accuracy=0.957, val/loss=0.112, train/accuracy=0.956, train/loss=0.116]

Validation DataLoader 0:  39%|███▉      | 76/196 [00:01<00:02, 59.71it/s][A
Epoch 4:  85%|████████▍ | 662/782 [00:12<00:02, 53.28it/s, loss=0.097, val/accuracy=0.957, val/loss=0.112, train/accuracy=0.956, train/loss=0.116]

Validation DataLoader 0:  39%|███▉      | 77/196 [00:01<00:01, 59.72it/s][A
Epoch 4:  85%|████████▍ | 663/782 [00:12<00:02, 53.29it/s, loss=0.097, val/accuracy=0.957, val/loss=0.112, train/accuracy=0.956, train/loss=0.116]

Validation DataLoader 0:  40%|███▉      | 78/196 [00:01<00:01, 59.70it/s][A
Epoch 4:  85%|████████▍ | 664/782 [00:12<00:02, 53.30it/s, loss=0.097, val/accuracy=0.957, val/loss=0.112, train/accuracy=0.956, train/loss=0.116]

Validation DataLoader 0:  40%|████      | 79/196 [00:01<00:01, 59.70it/s][A
Epoch 4:  85%|████████▌ | 665/782 [00:12<00:02, 53.31it/s, loss=0.097, val/accuracy=0.957, val/loss=0.112, train/accuracy=0.956, train/loss=0.116]

Validation DataLoader 0:  41%|████      | 80/196 [00:01<00:01, 59.68it/s][A
Epoch 4:  85%|████████▌ | 666/782 [00:12<00:02, 53.31it/s, loss=0.097, val/accuracy=0.957, val/loss=0.112, train/accuracy=0.956, train/loss=0.116]

Validation DataLoader 0:  41%|████▏     | 81/196 [00:01<00:01, 59.69it/s][A
Epoch 4:  85%|████████▌ | 667/782 [00:12<00:02, 53.32it/s, loss=0.097, val/accuracy=0.957, val/loss=0.112, train/accuracy=0.956, train/loss=0.116]

Validation DataLoader 0:  42%|████▏     | 82/196 [00:01<00:01, 59.66it/s][A
Epoch 4:  85%|████████▌ | 668/782 [00:12<00:02, 53.33it/s, loss=0.097, val/accuracy=0.957, val/loss=0.112, train/accuracy=0.956, train/loss=0.116]

Validation DataLoader 0:  42%|████▏     | 83/196 [00:01<00:01, 59.67it/s][A
Epoch 4:  86%|████████▌ | 669/782 [00:12<00:02, 53.34it/s, loss=0.097, val/accuracy=0.957, val/loss=0.112, train/accuracy=0.956, train/loss=0.116]

Validation DataLoader 0:  43%|████▎     | 84/196 [00:01<00:01, 59.66it/s][A
Epoch 4:  86%|████████▌ | 670/782 [00:12<00:02, 53.35it/s, loss=0.097, val/accuracy=0.957, val/loss=0.112, train/accuracy=0.956, train/loss=0.116]

Validation DataLoader 0:  43%|████▎     | 85/196 [00:01<00:01, 59.66it/s][A
Epoch 4:  86%|████████▌ | 671/782 [00:12<00:02, 53.35it/s, loss=0.097, val/accuracy=0.957, val/loss=0.112, train/accuracy=0.956, train/loss=0.116]

Validation DataLoader 0:  44%|████▍     | 86/196 [00:01<00:01, 59.63it/s][A
Epoch 4:  86%|████████▌ | 672/782 [00:12<00:02, 53.36it/s, loss=0.097, val/accuracy=0.957, val/loss=0.112, train/accuracy=0.956, train/loss=0.116]

Validation DataLoader 0:  44%|████▍     | 87/196 [00:01<00:01, 59.58it/s][A
Epoch 4:  86%|████████▌ | 673/782 [00:12<00:02, 53.36it/s, loss=0.097, val/accuracy=0.957, val/loss=0.112, train/accuracy=0.956, train/loss=0.116]

Validation DataLoader 0:  45%|████▍     | 88/196 [00:01<00:01, 59.56it/s][A
Epoch 4:  86%|████████▌ | 674/782 [00:12<00:02, 53.37it/s, loss=0.097, val/accuracy=0.957, val/loss=0.112, train/accuracy=0.956, train/loss=0.116]

Validation DataLoader 0:  45%|████▌     | 89/196 [00:01<00:01, 59.56it/s][A
Epoch 4:  86%|████████▋ | 675/782 [00:12<00:02, 53.38it/s, loss=0.097, val/accuracy=0.957, val/loss=0.112, train/accuracy=0.956, train/loss=0.116]

Validation DataLoader 0:  46%|████▌     | 90/196 [00:01<00:01, 59.54it/s][A
Epoch 4:  86%|████████▋ | 676/782 [00:12<00:01, 53.38it/s, loss=0.097, val/accuracy=0.957, val/loss=0.112, train/accuracy=0.956, train/loss=0.116]

Validation DataLoader 0:  46%|████▋     | 91/196 [00:01<00:01, 59.54it/s][A
Epoch 4:  87%|████████▋ | 677/782 [00:12<00:01, 53.39it/s, loss=0.097, val/accuracy=0.957, val/loss=0.112, train/accuracy=0.956, train/loss=0.116]

Validation DataLoader 0:  47%|████▋     | 92/196 [00:01<00:01, 59.52it/s][A
Epoch 4:  87%|████████▋ | 678/782 [00:12<00:01, 53.40it/s, loss=0.097, val/accuracy=0.957, val/loss=0.112, train/accuracy=0.956, train/loss=0.116]

Validation DataLoader 0:  47%|████▋     | 93/196 [00:01<00:01, 59.52it/s][A
Epoch 4:  87%|████████▋ | 679/782 [00:12<00:01, 53.41it/s, loss=0.097, val/accuracy=0.957, val/loss=0.112, train/accuracy=0.956, train/loss=0.116]

Validation DataLoader 0:  48%|████▊     | 94/196 [00:01<00:01, 59.51it/s][A
Epoch 4:  87%|████████▋ | 680/782 [00:12<00:01, 53.41it/s, loss=0.097, val/accuracy=0.957, val/loss=0.112, train/accuracy=0.956, train/loss=0.116]

Validation DataLoader 0:  48%|████▊     | 95/196 [00:01<00:01, 59.51it/s][A
Epoch 4:  87%|████████▋ | 681/782 [00:12<00:01, 53.42it/s, loss=0.097, val/accuracy=0.957, val/loss=0.112, train/accuracy=0.956, train/loss=0.116]

Validation DataLoader 0:  49%|████▉     | 96/196 [00:01<00:01, 59.50it/s][A
Epoch 4:  87%|████████▋ | 682/782 [00:12<00:01, 53.43it/s, loss=0.097, val/accuracy=0.957, val/loss=0.112, train/accuracy=0.956, train/loss=0.116]

Validation DataLoader 0:  49%|████▉     | 97/196 [00:01<00:01, 59.50it/s][A
Epoch 4:  87%|████████▋ | 683/782 [00:12<00:01, 53.43it/s, loss=0.097, val/accuracy=0.957, val/loss=0.112, train/accuracy=0.956, train/loss=0.116]

Validation DataLoader 0:  50%|█████     | 98/196 [00:01<00:01, 59.49it/s][A
Epoch 4:  87%|████████▋ | 684/782 [00:12<00:01, 53.44it/s, loss=0.097, val/accuracy=0.957, val/loss=0.112, train/accuracy=0.956, train/loss=0.116]

Validation DataLoader 0:  51%|█████     | 99/196 [00:01<00:01, 59.50it/s][A
Epoch 4:  88%|████████▊ | 685/782 [00:12<00:01, 53.45it/s, loss=0.097, val/accuracy=0.957, val/loss=0.112, train/accuracy=0.956, train/loss=0.116]

Validation DataLoader 0:  51%|█████     | 100/196 [00:01<00:01, 59.49it/s][A
Epoch 4:  88%|████████▊ | 686/782 [00:12<00:01, 53.46it/s, loss=0.097, val/accuracy=0.957, val/loss=0.112, train/accuracy=0.956, train/loss=0.116]

Validation DataLoader 0:  52%|█████▏    | 101/196 [00:01<00:01, 59.48it/s][A
Epoch 4:  88%|████████▊ | 687/782 [00:12<00:01, 53.46it/s, loss=0.097, val/accuracy=0.957, val/loss=0.112, train/accuracy=0.956, train/loss=0.116]

Validation DataLoader 0:  52%|█████▏    | 102/196 [00:01<00:01, 59.45it/s][A
Epoch 4:  88%|████████▊ | 688/782 [00:12<00:01, 53.47it/s, loss=0.097, val/accuracy=0.957, val/loss=0.112, train/accuracy=0.956, train/loss=0.116]

Validation DataLoader 0:  53%|█████▎    | 103/196 [00:01<00:01, 59.44it/s][A
Epoch 4:  88%|████████▊ | 689/782 [00:12<00:01, 53.47it/s, loss=0.097, val/accuracy=0.957, val/loss=0.112, train/accuracy=0.956, train/loss=0.116]

Validation DataLoader 0:  53%|█████▎    | 104/196 [00:01<00:01, 59.43it/s][A
Epoch 4:  88%|████████▊ | 690/782 [00:12<00:01, 53.48it/s, loss=0.097, val/accuracy=0.957, val/loss=0.112, train/accuracy=0.956, train/loss=0.116]

Validation DataLoader 0:  54%|█████▎    | 105/196 [00:01<00:01, 59.43it/s][A
Epoch 4:  88%|████████▊ | 691/782 [00:12<00:01, 53.49it/s, loss=0.097, val/accuracy=0.957, val/loss=0.112, train/accuracy=0.956, train/loss=0.116]

Validation DataLoader 0:  54%|█████▍    | 106/196 [00:01<00:01, 59.42it/s][A
Epoch 4:  88%|████████▊ | 692/782 [00:12<00:01, 53.50it/s, loss=0.097, val/accuracy=0.957, val/loss=0.112, train/accuracy=0.956, train/loss=0.116]

Validation DataLoader 0:  55%|█████▍    | 107/196 [00:01<00:01, 59.43it/s][A
Epoch 4:  89%|████████▊ | 693/782 [00:12<00:01, 53.50it/s, loss=0.097, val/accuracy=0.957, val/loss=0.112, train/accuracy=0.956, train/loss=0.116]

Validation DataLoader 0:  55%|█████▌    | 108/196 [00:01<00:01, 59.42it/s][A
Epoch 4:  89%|████████▊ | 694/782 [00:12<00:01, 53.51it/s, loss=0.097, val/accuracy=0.957, val/loss=0.112, train/accuracy=0.956, train/loss=0.116]

Validation DataLoader 0:  56%|█████▌    | 109/196 [00:01<00:01, 59.42it/s][A
Epoch 4:  89%|████████▉ | 695/782 [00:12<00:01, 53.52it/s, loss=0.097, val/accuracy=0.957, val/loss=0.112, train/accuracy=0.956, train/loss=0.116]

Validation DataLoader 0:  56%|█████▌    | 110/196 [00:01<00:01, 59.41it/s][A
Epoch 4:  89%|████████▉ | 696/782 [00:13<00:01, 53.53it/s, loss=0.097, val/accuracy=0.957, val/loss=0.112, train/accuracy=0.956, train/loss=0.116]

Validation DataLoader 0:  57%|█████▋    | 111/196 [00:01<00:01, 59.42it/s][A
Epoch 4:  89%|████████▉ | 697/782 [00:13<00:01, 53.53it/s, loss=0.097, val/accuracy=0.957, val/loss=0.112, train/accuracy=0.956, train/loss=0.116]

Validation DataLoader 0:  57%|█████▋    | 112/196 [00:01<00:01, 59.40it/s][A
Epoch 4:  89%|████████▉ | 698/782 [00:13<00:01, 53.54it/s, loss=0.097, val/accuracy=0.957, val/loss=0.112, train/accuracy=0.956, train/loss=0.116]

Validation DataLoader 0:  58%|█████▊    | 113/196 [00:01<00:01, 59.40it/s][A
Epoch 4:  89%|████████▉ | 699/782 [00:13<00:01, 53.55it/s, loss=0.097, val/accuracy=0.957, val/loss=0.112, train/accuracy=0.956, train/loss=0.116]

Validation DataLoader 0:  58%|█████▊    | 114/196 [00:01<00:01, 59.41it/s][A
Epoch 4:  90%|████████▉ | 700/782 [00:13<00:01, 53.56it/s, loss=0.097, val/accuracy=0.957, val/loss=0.112, train/accuracy=0.956, train/loss=0.116]

Validation DataLoader 0:  59%|█████▊    | 115/196 [00:01<00:01, 59.40it/s][A
Epoch 4:  90%|████████▉ | 701/782 [00:13<00:01, 53.56it/s, loss=0.097, val/accuracy=0.957, val/loss=0.112, train/accuracy=0.956, train/loss=0.116]

Validation DataLoader 0:  59%|█████▉    | 116/196 [00:01<00:01, 59.41it/s][A
Epoch 4:  90%|████████▉ | 702/782 [00:13<00:01, 53.57it/s, loss=0.097, val/accuracy=0.957, val/loss=0.112, train/accuracy=0.956, train/loss=0.116]

Validation DataLoader 0:  60%|█████▉    | 117/196 [00:01<00:01, 59.41it/s][A
Epoch 4:  90%|████████▉ | 703/782 [00:13<00:01, 53.58it/s, loss=0.097, val/accuracy=0.957, val/loss=0.112, train/accuracy=0.956, train/loss=0.116]

Validation DataLoader 0:  60%|██████    | 118/196 [00:01<00:01, 59.36it/s][A
Epoch 4:  90%|█████████ | 704/782 [00:13<00:01, 53.58it/s, loss=0.097, val/accuracy=0.957, val/loss=0.112, train/accuracy=0.956, train/loss=0.116]

Validation DataLoader 0:  61%|██████    | 119/196 [00:02<00:01, 59.37it/s][A
Epoch 4:  90%|█████████ | 705/782 [00:13<00:01, 53.59it/s, loss=0.097, val/accuracy=0.957, val/loss=0.112, train/accuracy=0.956, train/loss=0.116]

Validation DataLoader 0:  61%|██████    | 120/196 [00:02<00:01, 59.36it/s][A
Epoch 4:  90%|█████████ | 706/782 [00:13<00:01, 53.59it/s, loss=0.097, val/accuracy=0.957, val/loss=0.112, train/accuracy=0.956, train/loss=0.116]

Validation DataLoader 0:  62%|██████▏   | 121/196 [00:02<00:01, 59.37it/s][A
Epoch 4:  90%|█████████ | 707/782 [00:13<00:01, 53.60it/s, loss=0.097, val/accuracy=0.957, val/loss=0.112, train/accuracy=0.956, train/loss=0.116]

Validation DataLoader 0:  62%|██████▏   | 122/196 [00:02<00:01, 59.36it/s][A
Epoch 4:  91%|█████████ | 708/782 [00:13<00:01, 53.61it/s, loss=0.097, val/accuracy=0.957, val/loss=0.112, train/accuracy=0.956, train/loss=0.116]

Validation DataLoader 0:  63%|██████▎   | 123/196 [00:02<00:01, 59.37it/s][A
Epoch 4:  91%|█████████ | 709/782 [00:13<00:01, 53.62it/s, loss=0.097, val/accuracy=0.957, val/loss=0.112, train/accuracy=0.956, train/loss=0.116]

Validation DataLoader 0:  63%|██████▎   | 124/196 [00:02<00:01, 59.35it/s][A
Epoch 4:  91%|█████████ | 710/782 [00:13<00:01, 53.62it/s, loss=0.097, val/accuracy=0.957, val/loss=0.112, train/accuracy=0.956, train/loss=0.116]

Validation DataLoader 0:  64%|██████▍   | 125/196 [00:02<00:01, 59.34it/s][A
Epoch 4:  91%|█████████ | 711/782 [00:13<00:01, 53.63it/s, loss=0.097, val/accuracy=0.957, val/loss=0.112, train/accuracy=0.956, train/loss=0.116]

Validation DataLoader 0:  64%|██████▍   | 126/196 [00:02<00:01, 59.34it/s][A
Epoch 4:  91%|█████████ | 712/782 [00:13<00:01, 53.63it/s, loss=0.097, val/accuracy=0.957, val/loss=0.112, train/accuracy=0.956, train/loss=0.116]

Validation DataLoader 0:  65%|██████▍   | 127/196 [00:02<00:01, 59.33it/s][A
Epoch 4:  91%|█████████ | 713/782 [00:13<00:01, 53.64it/s, loss=0.097, val/accuracy=0.957, val/loss=0.112, train/accuracy=0.956, train/loss=0.116]

Validation DataLoader 0:  65%|██████▌   | 128/196 [00:02<00:01, 59.32it/s][A
Epoch 4:  91%|█████████▏| 714/782 [00:13<00:01, 53.65it/s, loss=0.097, val/accuracy=0.957, val/loss=0.112, train/accuracy=0.956, train/loss=0.116]

Validation DataLoader 0:  66%|██████▌   | 129/196 [00:02<00:01, 59.33it/s][A
Epoch 4:  91%|█████████▏| 715/782 [00:13<00:01, 53.65it/s, loss=0.097, val/accuracy=0.957, val/loss=0.112, train/accuracy=0.956, train/loss=0.116]

Validation DataLoader 0:  66%|██████▋   | 130/196 [00:02<00:01, 59.32it/s][A
Epoch 4:  92%|█████████▏| 716/782 [00:13<00:01, 53.66it/s, loss=0.097, val/accuracy=0.957, val/loss=0.112, train/accuracy=0.956, train/loss=0.116]

Validation DataLoader 0:  67%|██████▋   | 131/196 [00:02<00:01, 59.32it/s][A
Epoch 4:  92%|█████████▏| 717/782 [00:13<00:01, 53.67it/s, loss=0.097, val/accuracy=0.957, val/loss=0.112, train/accuracy=0.956, train/loss=0.116]

Validation DataLoader 0:  67%|██████▋   | 132/196 [00:02<00:01, 59.31it/s][A
Epoch 4:  92%|█████████▏| 718/782 [00:13<00:01, 53.67it/s, loss=0.097, val/accuracy=0.957, val/loss=0.112, train/accuracy=0.956, train/loss=0.116]

Validation DataLoader 0:  68%|██████▊   | 133/196 [00:02<00:01, 59.31it/s][A
Epoch 4:  92%|█████████▏| 719/782 [00:13<00:01, 53.68it/s, loss=0.097, val/accuracy=0.957, val/loss=0.112, train/accuracy=0.956, train/loss=0.116]

Validation DataLoader 0:  68%|██████▊   | 134/196 [00:02<00:01, 59.31it/s][A
Epoch 4:  92%|█████████▏| 720/782 [00:13<00:01, 53.69it/s, loss=0.097, val/accuracy=0.957, val/loss=0.112, train/accuracy=0.956, train/loss=0.116]

Validation DataLoader 0:  69%|██████▉   | 135/196 [00:02<00:01, 59.23it/s][A
Epoch 4:  92%|█████████▏| 721/782 [00:13<00:01, 53.68it/s, loss=0.097, val/accuracy=0.957, val/loss=0.112, train/accuracy=0.956, train/loss=0.116]

Validation DataLoader 0:  69%|██████▉   | 136/196 [00:02<00:01, 59.23it/s][A
Epoch 4:  92%|█████████▏| 722/782 [00:13<00:01, 53.69it/s, loss=0.097, val/accuracy=0.957, val/loss=0.112, train/accuracy=0.956, train/loss=0.116]

Validation DataLoader 0:  70%|██████▉   | 137/196 [00:02<00:00, 59.22it/s][A
Epoch 4:  92%|█████████▏| 723/782 [00:13<00:01, 53.70it/s, loss=0.097, val/accuracy=0.957, val/loss=0.112, train/accuracy=0.956, train/loss=0.116]

Validation DataLoader 0:  70%|███████   | 138/196 [00:02<00:00, 59.22it/s][A
Epoch 4:  93%|█████████▎| 724/782 [00:13<00:01, 53.70it/s, loss=0.097, val/accuracy=0.957, val/loss=0.112, train/accuracy=0.956, train/loss=0.116]

Validation DataLoader 0:  71%|███████   | 139/196 [00:02<00:00, 59.23it/s][A
Epoch 4:  93%|█████████▎| 725/782 [00:13<00:01, 53.71it/s, loss=0.097, val/accuracy=0.957, val/loss=0.112, train/accuracy=0.956, train/loss=0.116]

Validation DataLoader 0:  71%|███████▏  | 140/196 [00:02<00:00, 59.22it/s][A
Epoch 4:  93%|█████████▎| 726/782 [00:13<00:01, 53.71it/s, loss=0.097, val/accuracy=0.957, val/loss=0.112, train/accuracy=0.956, train/loss=0.116]

Validation DataLoader 0:  72%|███████▏  | 141/196 [00:02<00:00, 59.22it/s][A
Epoch 4:  93%|█████████▎| 727/782 [00:13<00:01, 53.72it/s, loss=0.097, val/accuracy=0.957, val/loss=0.112, train/accuracy=0.956, train/loss=0.116]

Validation DataLoader 0:  72%|███████▏  | 142/196 [00:02<00:00, 59.21it/s][A
Epoch 4:  93%|█████████▎| 728/782 [00:13<00:01, 53.73it/s, loss=0.097, val/accuracy=0.957, val/loss=0.112, train/accuracy=0.956, train/loss=0.116]

Validation DataLoader 0:  73%|███████▎  | 143/196 [00:02<00:00, 59.22it/s][A
Epoch 4:  93%|█████████▎| 729/782 [00:13<00:00, 53.74it/s, loss=0.097, val/accuracy=0.957, val/loss=0.112, train/accuracy=0.956, train/loss=0.116]

Validation DataLoader 0:  73%|███████▎  | 144/196 [00:02<00:00, 59.18it/s][A
Epoch 4:  93%|█████████▎| 730/782 [00:13<00:00, 53.74it/s, loss=0.097, val/accuracy=0.957, val/loss=0.112, train/accuracy=0.956, train/loss=0.116]

Validation DataLoader 0:  74%|███████▍  | 145/196 [00:02<00:00, 59.20it/s][A
Epoch 4:  93%|█████████▎| 731/782 [00:13<00:00, 53.75it/s, loss=0.097, val/accuracy=0.957, val/loss=0.112, train/accuracy=0.956, train/loss=0.116]

Validation DataLoader 0:  74%|███████▍  | 146/196 [00:02<00:00, 59.20it/s][A
Epoch 4:  94%|█████████▎| 732/782 [00:13<00:00, 53.75it/s, loss=0.097, val/accuracy=0.957, val/loss=0.112, train/accuracy=0.956, train/loss=0.116]

Validation DataLoader 0:  75%|███████▌  | 147/196 [00:02<00:00, 59.21it/s][A
Epoch 4:  94%|█████████▎| 733/782 [00:13<00:00, 53.76it/s, loss=0.097, val/accuracy=0.957, val/loss=0.112, train/accuracy=0.956, train/loss=0.116]

Validation DataLoader 0:  76%|███████▌  | 148/196 [00:02<00:00, 59.20it/s][A
Epoch 4:  94%|█████████▍| 734/782 [00:13<00:00, 53.77it/s, loss=0.097, val/accuracy=0.957, val/loss=0.112, train/accuracy=0.956, train/loss=0.116]

Validation DataLoader 0:  76%|███████▌  | 149/196 [00:02<00:00, 59.20it/s][A
Epoch 4:  94%|█████████▍| 735/782 [00:13<00:00, 53.77it/s, loss=0.097, val/accuracy=0.957, val/loss=0.112, train/accuracy=0.956, train/loss=0.116]

Validation DataLoader 0:  77%|███████▋  | 150/196 [00:02<00:00, 59.19it/s][A
Epoch 4:  94%|█████████▍| 736/782 [00:13<00:00, 53.78it/s, loss=0.097, val/accuracy=0.957, val/loss=0.112, train/accuracy=0.956, train/loss=0.116]

Validation DataLoader 0:  77%|███████▋  | 151/196 [00:02<00:00, 59.19it/s][A
Epoch 4:  94%|█████████▍| 737/782 [00:13<00:00, 53.78it/s, loss=0.097, val/accuracy=0.957, val/loss=0.112, train/accuracy=0.956, train/loss=0.116]

Validation DataLoader 0:  78%|███████▊  | 152/196 [00:02<00:00, 59.19it/s][A
Epoch 4:  94%|█████████▍| 738/782 [00:13<00:00, 53.79it/s, loss=0.097, val/accuracy=0.957, val/loss=0.112, train/accuracy=0.956, train/loss=0.116]

Validation DataLoader 0:  78%|███████▊  | 153/196 [00:02<00:00, 59.19it/s][A
Epoch 4:  95%|█████████▍| 739/782 [00:13<00:00, 53.80it/s, loss=0.097, val/accuracy=0.957, val/loss=0.112, train/accuracy=0.956, train/loss=0.116]

Validation DataLoader 0:  79%|███████▊  | 154/196 [00:02<00:00, 59.19it/s][A
Epoch 4:  95%|█████████▍| 740/782 [00:13<00:00, 53.80it/s, loss=0.097, val/accuracy=0.957, val/loss=0.112, train/accuracy=0.956, train/loss=0.116]

Validation DataLoader 0:  79%|███████▉  | 155/196 [00:02<00:00, 59.18it/s][A
Epoch 4:  95%|█████████▍| 741/782 [00:13<00:00, 53.81it/s, loss=0.097, val/accuracy=0.957, val/loss=0.112, train/accuracy=0.956, train/loss=0.116]

Validation DataLoader 0:  80%|███████▉  | 156/196 [00:02<00:00, 59.16it/s][A
Epoch 4:  95%|█████████▍| 742/782 [00:13<00:00, 53.81it/s, loss=0.097, val/accuracy=0.957, val/loss=0.112, train/accuracy=0.956, train/loss=0.116]

Validation DataLoader 0:  80%|████████  | 157/196 [00:02<00:00, 59.16it/s][A
Epoch 4:  95%|█████████▌| 743/782 [00:13<00:00, 53.82it/s, loss=0.097, val/accuracy=0.957, val/loss=0.112, train/accuracy=0.956, train/loss=0.116]

Validation DataLoader 0:  81%|████████  | 158/196 [00:02<00:00, 59.16it/s][A
Epoch 4:  95%|█████████▌| 744/782 [00:13<00:00, 53.83it/s, loss=0.097, val/accuracy=0.957, val/loss=0.112, train/accuracy=0.956, train/loss=0.116]

Validation DataLoader 0:  81%|████████  | 159/196 [00:02<00:00, 59.16it/s][A
Epoch 4:  95%|█████████▌| 745/782 [00:13<00:00, 53.83it/s, loss=0.097, val/accuracy=0.957, val/loss=0.112, train/accuracy=0.956, train/loss=0.116]

Validation DataLoader 0:  82%|████████▏ | 160/196 [00:02<00:00, 59.16it/s][A
Epoch 4:  95%|█████████▌| 746/782 [00:13<00:00, 53.84it/s, loss=0.097, val/accuracy=0.957, val/loss=0.112, train/accuracy=0.956, train/loss=0.116]

Validation DataLoader 0:  82%|████████▏ | 161/196 [00:02<00:00, 59.16it/s][A
Epoch 4:  96%|█████████▌| 747/782 [00:13<00:00, 53.84it/s, loss=0.097, val/accuracy=0.957, val/loss=0.112, train/accuracy=0.956, train/loss=0.116]

Validation DataLoader 0:  83%|████████▎ | 162/196 [00:02<00:00, 59.16it/s][A
Epoch 4:  96%|█████████▌| 748/782 [00:13<00:00, 53.85it/s, loss=0.097, val/accuracy=0.957, val/loss=0.112, train/accuracy=0.956, train/loss=0.116]

Validation DataLoader 0:  83%|████████▎ | 163/196 [00:02<00:00, 59.16it/s][A
Epoch 4:  96%|█████████▌| 749/782 [00:13<00:00, 53.86it/s, loss=0.097, val/accuracy=0.957, val/loss=0.112, train/accuracy=0.956, train/loss=0.116]

Validation DataLoader 0:  84%|████████▎ | 164/196 [00:02<00:00, 59.16it/s][A
Epoch 4:  96%|█████████▌| 750/782 [00:13<00:00, 53.87it/s, loss=0.097, val/accuracy=0.957, val/loss=0.112, train/accuracy=0.956, train/loss=0.116]

Validation DataLoader 0:  84%|████████▍ | 165/196 [00:02<00:00, 59.16it/s][A
Epoch 4:  96%|█████████▌| 751/782 [00:13<00:00, 53.87it/s, loss=0.097, val/accuracy=0.957, val/loss=0.112, train/accuracy=0.956, train/loss=0.116]

Validation DataLoader 0:  85%|████████▍ | 166/196 [00:02<00:00, 59.16it/s][A
Epoch 4:  96%|█████████▌| 752/782 [00:13<00:00, 53.88it/s, loss=0.097, val/accuracy=0.957, val/loss=0.112, train/accuracy=0.956, train/loss=0.116]

Validation DataLoader 0:  85%|████████▌ | 167/196 [00:02<00:00, 59.16it/s][A
Epoch 4:  96%|█████████▋| 753/782 [00:13<00:00, 53.88it/s, loss=0.097, val/accuracy=0.957, val/loss=0.112, train/accuracy=0.956, train/loss=0.116]

Validation DataLoader 0:  86%|████████▌ | 168/196 [00:02<00:00, 59.16it/s][A
Epoch 4:  96%|█████████▋| 754/782 [00:13<00:00, 53.89it/s, loss=0.097, val/accuracy=0.957, val/loss=0.112, train/accuracy=0.956, train/loss=0.116]

Validation DataLoader 0:  86%|████████▌ | 169/196 [00:02<00:00, 59.16it/s][A
Epoch 4:  97%|█████████▋| 755/782 [00:14<00:00, 53.90it/s, loss=0.097, val/accuracy=0.957, val/loss=0.112, train/accuracy=0.956, train/loss=0.116]

Validation DataLoader 0:  87%|████████▋ | 170/196 [00:02<00:00, 59.16it/s][A
Epoch 4:  97%|█████████▋| 756/782 [00:14<00:00, 53.90it/s, loss=0.097, val/accuracy=0.957, val/loss=0.112, train/accuracy=0.956, train/loss=0.116]

Validation DataLoader 0:  87%|████████▋ | 171/196 [00:02<00:00, 59.16it/s][A
Epoch 4:  97%|█████████▋| 757/782 [00:14<00:00, 53.91it/s, loss=0.097, val/accuracy=0.957, val/loss=0.112, train/accuracy=0.956, train/loss=0.116]

Validation DataLoader 0:  88%|████████▊ | 172/196 [00:02<00:00, 59.16it/s][A
Epoch 4:  97%|█████████▋| 758/782 [00:14<00:00, 53.92it/s, loss=0.097, val/accuracy=0.957, val/loss=0.112, train/accuracy=0.956, train/loss=0.116]

Validation DataLoader 0:  88%|████████▊ | 173/196 [00:02<00:00, 59.16it/s][A
Epoch 4:  97%|█████████▋| 759/782 [00:14<00:00, 53.92it/s, loss=0.097, val/accuracy=0.957, val/loss=0.112, train/accuracy=0.956, train/loss=0.116]

Validation DataLoader 0:  89%|████████▉ | 174/196 [00:02<00:00, 59.16it/s][A
Epoch 4:  97%|█████████▋| 760/782 [00:14<00:00, 53.93it/s, loss=0.097, val/accuracy=0.957, val/loss=0.112, train/accuracy=0.956, train/loss=0.116]

Validation DataLoader 0:  89%|████████▉ | 175/196 [00:02<00:00, 59.14it/s][A
Epoch 4:  97%|█████████▋| 761/782 [00:14<00:00, 53.93it/s, loss=0.097, val/accuracy=0.957, val/loss=0.112, train/accuracy=0.956, train/loss=0.116]

Validation DataLoader 0:  90%|████████▉ | 176/196 [00:02<00:00, 59.14it/s][A
Epoch 4:  97%|█████████▋| 762/782 [00:14<00:00, 53.94it/s, loss=0.097, val/accuracy=0.957, val/loss=0.112, train/accuracy=0.956, train/loss=0.116]

Validation DataLoader 0:  90%|█████████ | 177/196 [00:02<00:00, 59.14it/s][A
Epoch 4:  98%|█████████▊| 763/782 [00:14<00:00, 53.94it/s, loss=0.097, val/accuracy=0.957, val/loss=0.112, train/accuracy=0.956, train/loss=0.116]

Validation DataLoader 0:  91%|█████████ | 178/196 [00:03<00:00, 59.14it/s][A
Epoch 4:  98%|█████████▊| 764/782 [00:14<00:00, 53.95it/s, loss=0.097, val/accuracy=0.957, val/loss=0.112, train/accuracy=0.956, train/loss=0.116]

Validation DataLoader 0:  91%|█████████▏| 179/196 [00:03<00:00, 59.14it/s][A
Epoch 4:  98%|█████████▊| 765/782 [00:14<00:00, 53.95it/s, loss=0.097, val/accuracy=0.957, val/loss=0.112, train/accuracy=0.956, train/loss=0.116]

Validation DataLoader 0:  92%|█████████▏| 180/196 [00:03<00:00, 59.14it/s][A
Epoch 4:  98%|█████████▊| 766/782 [00:14<00:00, 53.96it/s, loss=0.097, val/accuracy=0.957, val/loss=0.112, train/accuracy=0.956, train/loss=0.116]

Validation DataLoader 0:  92%|█████████▏| 181/196 [00:03<00:00, 59.13it/s][A
Epoch 4:  98%|█████████▊| 767/782 [00:14<00:00, 53.97it/s, loss=0.097, val/accuracy=0.957, val/loss=0.112, train/accuracy=0.956, train/loss=0.116]

Validation DataLoader 0:  93%|█████████▎| 182/196 [00:03<00:00, 59.14it/s][A
Epoch 4:  98%|█████████▊| 768/782 [00:14<00:00, 53.97it/s, loss=0.097, val/accuracy=0.957, val/loss=0.112, train/accuracy=0.956, train/loss=0.116]

Validation DataLoader 0:  93%|█████████▎| 183/196 [00:03<00:00, 59.14it/s][A
Epoch 4:  98%|█████████▊| 769/782 [00:14<00:00, 53.98it/s, loss=0.097, val/accuracy=0.957, val/loss=0.112, train/accuracy=0.956, train/loss=0.116]

Validation DataLoader 0:  94%|█████████▍| 184/196 [00:03<00:00, 59.14it/s][A
Epoch 4:  98%|█████████▊| 770/782 [00:14<00:00, 53.99it/s, loss=0.097, val/accuracy=0.957, val/loss=0.112, train/accuracy=0.956, train/loss=0.116]

Validation DataLoader 0:  94%|█████████▍| 185/196 [00:03<00:00, 59.14it/s][A
Epoch 4:  99%|█████████▊| 771/782 [00:14<00:00, 53.99it/s, loss=0.097, val/accuracy=0.957, val/loss=0.112, train/accuracy=0.956, train/loss=0.116]

Validation DataLoader 0:  95%|█████████▍| 186/196 [00:03<00:00, 59.15it/s][A
Epoch 4:  99%|█████████▊| 772/782 [00:14<00:00, 54.00it/s, loss=0.097, val/accuracy=0.957, val/loss=0.112, train/accuracy=0.956, train/loss=0.116]

Validation DataLoader 0:  95%|█████████▌| 187/196 [00:03<00:00, 59.14it/s][A
Epoch 4:  99%|█████████▉| 773/782 [00:14<00:00, 54.00it/s, loss=0.097, val/accuracy=0.957, val/loss=0.112, train/accuracy=0.956, train/loss=0.116]

Validation DataLoader 0:  96%|█████████▌| 188/196 [00:03<00:00, 59.15it/s][A
Epoch 4:  99%|█████████▉| 774/782 [00:14<00:00, 54.01it/s, loss=0.097, val/accuracy=0.957, val/loss=0.112, train/accuracy=0.956, train/loss=0.116]

Validation DataLoader 0:  96%|█████████▋| 189/196 [00:03<00:00, 59.13it/s][A
Epoch 4:  99%|█████████▉| 775/782 [00:14<00:00, 54.02it/s, loss=0.097, val/accuracy=0.957, val/loss=0.112, train/accuracy=0.956, train/loss=0.116]

Validation DataLoader 0:  97%|█████████▋| 190/196 [00:03<00:00, 59.13it/s][A
Epoch 4:  99%|█████████▉| 776/782 [00:14<00:00, 54.02it/s, loss=0.097, val/accuracy=0.957, val/loss=0.112, train/accuracy=0.956, train/loss=0.116]

Validation DataLoader 0:  97%|█████████▋| 191/196 [00:03<00:00, 59.13it/s][A
Epoch 4:  99%|█████████▉| 777/782 [00:14<00:00, 54.03it/s, loss=0.097, val/accuracy=0.957, val/loss=0.112, train/accuracy=0.956, train/loss=0.116]

Validation DataLoader 0:  98%|█████████▊| 192/196 [00:03<00:00, 59.13it/s][A
Epoch 4:  99%|█████████▉| 778/782 [00:14<00:00, 54.03it/s, loss=0.097, val/accuracy=0.957, val/loss=0.112, train/accuracy=0.956, train/loss=0.116]

Validation DataLoader 0:  98%|█████████▊| 193/196 [00:03<00:00, 59.05it/s][A
Epoch 4: 100%|█████████▉| 779/782 [00:14<00:00, 54.02it/s, loss=0.097, val/accuracy=0.957, val/loss=0.112, train/accuracy=0.956, train/loss=0.116]

Validation DataLoader 0:  99%|█████████▉| 194/196 [00:03<00:00, 59.05it/s][A
Epoch 4: 100%|█████████▉| 780/782 [00:14<00:00, 54.03it/s, loss=0.097, val/accuracy=0.957, val/loss=0.112, train/accuracy=0.956, train/loss=0.116]

Validation DataLoader 0:  99%|█████████▉| 195/196 [00:03<00:00, 59.25it/s][A
Epoch 4: 100%|█████████▉| 781/782 [00:14<00:00, 54.08it/s, loss=0.097, val/accuracy=0.957, val/loss=0.112, train/accuracy=0.956, train/loss=0.116]

Validation DataLoader 0: 100%|██████████| 196/196 [00:03<00:00, 59.47it/s][A
Epoch 4: 100%|██████████| 782/782 [00:14<00:00, 54.13it/s, loss=0.097, val/accuracy=0.957, val/loss=0.112, train/accuracy=0.956, train/loss=0.116]
Epoch 4: 100%|██████████| 782/782 [00:14<00:00, 54.12it/s, loss=0.097, val/accuracy=0.959, val/loss=0.105, train/accuracy=0.956, train/loss=0.116]

                                                                          [A
Epoch 4: 100%|██████████| 782/782 [00:14<00:00, 54.10it/s, loss=0.097, val/accuracy=0.959, val/loss=0.105, train/accuracy=0.961, train/loss=0.105]Epoch 4, global step 2930: 'val/accuracy' reached 0.95924 (best 0.95924), saving model to '/home/cxo147/hyena-dna/results/genomic_benchmark_demo_human_or_worm_20251020_212705/checkpoints/val/accuracy.ckpt' as top 1
`Trainer.fit` stopped: `max_epochs=5` reached.

Epoch 4: 100%|██████████| 782/782 [00:14<00:00, 53.94it/s, loss=0.097, val/accuracy=0.959, val/loss=0.105, train/accuracy=0.961, train/loss=0.105]
