/home/cxo147/anaconda3/lib/python3.11/site-packages/pydantic/_internal/_generate_schema.py:2249: UnsupportedFieldAttributeWarning: The 'repr' attribute with value False was provided to the `Field()` function, which has no effect in the context it was used. 'repr' is field-specific metadata, and can only be attached to a model field using `Annotated` metadata or by assignment. This may have happened because an `Annotated` type alias using the `type` statement was used, or if the `Field()` function was attached to a single member of a union type.
  warnings.warn(
/home/cxo147/anaconda3/lib/python3.11/site-packages/pydantic/_internal/_generate_schema.py:2249: UnsupportedFieldAttributeWarning: The 'frozen' attribute with value True was provided to the `Field()` function, which has no effect in the context it was used. 'frozen' is field-specific metadata, and can only be attached to a model field using `Annotated` metadata or by assignment. This may have happened because an `Annotated` type alias using the `type` statement was used, or if the `Field()` function was attached to a single member of a union type.
  warnings.warn(
CONFIG
├── train
│   └── seed: 2222                                                                                             
│       interval: step                                                                                         
│       monitor: val/accuracy                                                                                  
│       mode: max                                                                                              
│       ema: 0.0                                                                                               
│       test: false                                                                                            
│       debug: false                                                                                           
│       ignore_warnings: false                                                                                 
│       state:                                                                                                 
│         mode: null                                                                                           
│         n_context: 0                                                                                         
│         n_context_eval: 0                                                                                    
│       ckpt: null                                                                                             
│       disable_dataset: false                                                                                 
│       validate_at_start: false                                                                               
│       pretrained_model_path: null                                                                            
│       pretrained_model_strict_load: false                                                                    
│       pretrained_model_state_hook:                                                                           
│         _name_: load_backbone                                                                                
│         freeze_backbone: false                                                                               
│       post_init_hook:                                                                                        
│         _name_: null                                                                                         
│       layer_decay:                                                                                           
│         _name_: null                                                                                         
│         decay: 0.7                                                                                           
│       gpu_mem: 33                                                                                            
│       global_batch_size: 128                                                                                 
│       remove_test_loader_in_eval: true                                                                       
│                                                                                                              
├── tolerance
│   └── logdir: ./resume                                                                                       
│       id: null                                                                                               
│                                                                                                              
├── wandb
│   └── None                                                                                                   
├── trainer
│   └── _target_: pytorch_lightning.Trainer                                                                    
│       devices: 1                                                                                             
│       accelerator: gpu                                                                                       
│       accumulate_grad_batches: 1                                                                             
│       max_epochs: 5                                                                                          
│       gradient_clip_val: 1.0                                                                                 
│       log_every_n_steps: 10                                                                                  
│       limit_train_batches: 1.0                                                                               
│       limit_val_batches: 1.0                                                                                 
│       num_nodes: 1                                                                                           
│       precision: 16                                                                                          
│                                                                                                              
├── loader
│   └── batch_size: 50                                                                                         
│       num_workers: 4                                                                                         
│       pin_memory: true                                                                                       
│       drop_last: true                                                                                        
│                                                                                                              
├── dataset
│   └── _name_: genomic_benchmark                                                                              
│       dataset_name: human_enhancers_cohn                                                                     
│       dest_path: null                                                                                        
│       max_length: 500                                                                                        
│       d_output: 2                                                                                            
│       use_padding: true                                                                                      
│       padding_side: left                                                                                     
│       add_eos: false                                                                                         
│       batch_size: 128                                                                                        
│       train_len: 27791                                                                                       
│       shuffle: true                                                                                          
│       dummy_mouse_enhancers_ensembl:                                                                         
│         train_len: 1210                                                                                      
│         classes: 2                                                                                           
│       demo_coding_vs_intergenomic_seqs:                                                                      
│         train_len: 100000                                                                                    
│         classes: 2                                                                                           
│       demo_human_or_worm:                                                                                    
│         train_len: 100000                                                                                    
│         classes: 2                                                                                           
│       human_enhancers_cohn:                                                                                  
│         train_len: 27791                                                                                     
│         classes: 2                                                                                           
│       human_enhancers_ensembl:                                                                               
│         train_len: 154842                                                                                    
│         classes: 2                                                                                           
│       human_ensembl_regulatory:                                                                              
│         train_len: 289061                                                                                    
│         classes: 3                                                                                           
│       human_nontata_promoters:                                                                               
│         train_len: 36131                                                                                     
│         classes: 2                                                                                           
│       human_ocr_ensembl:                                                                                     
│         train_len: 174756                                                                                    
│         classes: 2                                                                                           
│       tokenizer_name: char                                                                                   
│       rc_aug: false                                                                                          
│       return_mask: false                                                                                     
│                                                                                                              
├── task
│   └── _name_: masked_multiclass                                                                              
│       loss: cross_entropy                                                                                    
│       metrics:                                                                                               
│       - accuracy                                                                                             
│       torchmetrics: null                                                                                     
│                                                                                                              
├── optimizer
│   └── _name_: adamw                                                                                          
│       lr: 0.0006                                                                                             
│       weight_decay: 0.1                                                                                      
│       betas:                                                                                                 
│       - 0.9                                                                                                  
│       - 0.999                                                                                                
│                                                                                                              
├── scheduler
│   └── _name_: cosine_warmup_timm                                                                             
│       t_in_epochs: false                                                                                     
│       t_initial: 1090                                                                                        
│       lr_min: 5.9999999999999995e-05                                                                         
│       warmup_lr_init: 1.0e-06                                                                                
│       warmup_t: 10.9                                                                                         
│                                                                                                              
├── callbacks
│   └── learning_rate_monitor:                                                                                 
│         logging_interval: step                                                                               
│       timer:                                                                                                 
│         step: true                                                                                           
│         inter_step: false                                                                                    
│         epoch: true                                                                                          
│         val: true                                                                                            
│       params:                                                                                                
│         total: true                                                                                          
│         trainable: true                                                                                      
│         fixed: true                                                                                          
│       model_checkpoint:                                                                                      
│         monitor: val/accuracy                                                                                
│         mode: max                                                                                            
│         save_top_k: 1                                                                                        
│         save_last: true                                                                                      
│         dirpath: checkpoints/                                                                                
│         filename: val/accuracy                                                                               
│         auto_insert_metric_name: false                                                                       
│         verbose: true                                                                                        
│                                                                                                              
├── encoder
│   └── id                                                                                                     
├── decoder
│   └── _name_: sequence                                                                                       
│       mode: pool                                                                                             
│                                                                                                              
└── model
    └── _name_: dna_embedding                                                                                  
        d_model: 128                                                                                           
        n_layer: 2                                                                                             
        d_inner: 512                                                                                           
        vocab_size: 12                                                                                         
        resid_dropout: 0.0                                                                                     
        embed_dropout: 0.1                                                                                     
        fused_mlp: false                                                                                       
        fused_dropout_add_ln: true                                                                             
        residual_in_fp32: true                                                                                 
        pad_vocab_size_multiple: 8                                                                             
        layer:                                                                                                 
          _name_: hyena                                                                                        
          emb_dim: 5                                                                                           
          filter_order: 64                                                                                     
          short_filter_order: 3                                                                                
          l_max: 502                                                                                           
          modulate: true                                                                                       
          w: 10                                                                                                
          lr: 0.0006                                                                                           
          wd: 0.0                                                                                              
          lr_pos_emb: 0.0                                                                                      
                                                                                                               
Global seed set to 2222
[2025-10-20 20:58:14,171][__main__][INFO] - Instantiating callback <src.callbacks.timer.Timer>
[2025-10-20 20:58:14,171][__main__][INFO] - Instantiating callback <src.callbacks.params.ParamsLog>
[2025-10-20 20:58:14,172][__main__][INFO] - Instantiating callback <pytorch_lightning.callbacks.ModelCheckpoint>
[2025-10-20 20:58:14,173][__main__][INFO] - Instantiating trainer <pytorch_lightning.Trainer>
Using 16bit native Automatic Mixed Precision (AMP)
GPU available: True (cuda), used: True
TPU available: False, using: 0 TPU cores
IPU available: False, using: 0 IPUs
HPU available: False, using: 0 HPUs
`Trainer(limit_train_batches=1.0)` was configured so 100% of the batches per epoch will be used..
`Trainer(limit_val_batches=1.0)` was configured so 100% of the batches will be used..
LOCAL_RANK: 0 - CUDA_VISIBLE_DEVICES: [0,1,2,3,4,5,6,7]
**Using Char-level tokenizer**
already downloaded train-human_enhancers_cohn
already downloaded val-human_enhancers_cohn
Warning: dropout_add_layer_norm not available (flash_attn not installed). Disabling fused_dropout_add_ln.
**Using Char-level tokenizer**
already downloaded train-human_enhancers_cohn
already downloaded val-human_enhancers_cohn
Hyperparameter groups [{'lr': 0.0006, 'weight_decay': 0.0}]
[2025-10-20 20:58:15,076][__main__][INFO] - Optimizer group 0 | 35 tensors | lr 0.0006 | weight_decay 0.1
[2025-10-20 20:58:15,077][__main__][INFO] - Optimizer group 1 | 16 tensors | lr 0.0006 | weight_decay 0.0

  | Name               | Type              | Params
---------------------------------------------------------
0 | model              | DNAEmbeddingModel | 436 K 
1 | encoder            | Identity          | 0     
2 | decoder            | SequenceDecoder   | 258   
3 | train_torchmetrics | MetricCollection  | 0     
4 | val_torchmetrics   | MetricCollection  | 0     
5 | test_torchmetrics  | MetricCollection  | 0     
---------------------------------------------------------
436 K     Trainable params
0         Non-trainable params
436 K     Total params
0.873     Total estimated model params size (MB)

Sanity Checking: 0it [00:00, ?it/s]
Sanity Checking:   0%|          | 0/2 [00:00<?, ?it/s]
Sanity Checking DataLoader 0:   0%|          | 0/2 [00:00<?, ?it/s]
Sanity Checking DataLoader 0:  50%|█████     | 1/2 [00:00<00:00,  4.51it/s]
Sanity Checking DataLoader 0: 100%|██████████| 2/2 [00:00<00:00,  8.77it/s]
                                                                           

Training: 0it [00:00, ?it/s]
Training:   0%|          | 0/218 [00:00<?, ?it/s]
Epoch 0:   0%|          | 0/218 [00:00<?, ?it/s] 
Epoch 0:   0%|          | 1/218 [00:00<00:55,  3.94it/s]
Epoch 0:   0%|          | 1/218 [00:00<00:55,  3.93it/s, loss=0.712]
Epoch 0:   1%|          | 2/218 [00:00<00:31,  6.83it/s, loss=0.712]
Epoch 0:   1%|          | 2/218 [00:00<00:31,  6.83it/s, loss=0.702]
Epoch 0:   1%|▏         | 3/218 [00:00<00:23,  9.12it/s, loss=0.702]
Epoch 0:   1%|▏         | 3/218 [00:00<00:23,  9.11it/s, loss=0.753]
Epoch 0:   2%|▏         | 4/218 [00:00<00:19, 10.92it/s, loss=0.753]
Epoch 0:   2%|▏         | 4/218 [00:00<00:19, 10.92it/s, loss=0.762]
Epoch 0:   2%|▏         | 5/218 [00:00<00:17, 12.41it/s, loss=0.762]
Epoch 0:   2%|▏         | 5/218 [00:00<00:17, 12.40it/s, loss=0.786]
Epoch 0:   3%|▎         | 6/218 [00:00<00:15, 13.68it/s, loss=0.786]
Epoch 0:   3%|▎         | 6/218 [00:00<00:15, 13.67it/s, loss=0.772]
Epoch 0:   3%|▎         | 7/218 [00:00<00:14, 14.79it/s, loss=0.772]
Epoch 0:   3%|▎         | 7/218 [00:00<00:14, 14.79it/s, loss=0.81] 
Epoch 0:   4%|▎         | 8/218 [00:00<00:13, 15.72it/s, loss=0.81]
Epoch 0:   4%|▎         | 8/218 [00:00<00:13, 15.72it/s, loss=0.818]
Epoch 0:   4%|▍         | 9/218 [00:00<00:12, 16.54it/s, loss=0.818]
Epoch 0:   4%|▍         | 9/218 [00:00<00:12, 16.53it/s, loss=0.829]
Epoch 0:   5%|▍         | 10/218 [00:00<00:12, 17.21it/s, loss=0.829]
Epoch 0:   5%|▍         | 10/218 [00:00<00:12, 17.21it/s, loss=0.816]
Epoch 0:   5%|▌         | 11/218 [00:00<00:11, 17.87it/s, loss=0.816]
Epoch 0:   5%|▌         | 11/218 [00:00<00:11, 17.86it/s, loss=0.807]
Epoch 0:   6%|▌         | 12/218 [00:00<00:11, 18.46it/s, loss=0.807]
Epoch 0:   6%|▌         | 12/218 [00:00<00:11, 18.46it/s, loss=0.805]
Epoch 0:   6%|▌         | 13/218 [00:00<00:10, 18.99it/s, loss=0.805]
Epoch 0:   6%|▌         | 13/218 [00:00<00:10, 18.99it/s, loss=0.8]  
Epoch 0:   6%|▋         | 14/218 [00:00<00:10, 19.47it/s, loss=0.8]
Epoch 0:   6%|▋         | 14/218 [00:00<00:10, 19.47it/s, loss=0.791]
Epoch 0:   7%|▋         | 15/218 [00:00<00:10, 19.91it/s, loss=0.791]
Epoch 0:   7%|▋         | 15/218 [00:00<00:10, 19.90it/s, loss=0.786]
Epoch 0:   7%|▋         | 16/218 [00:00<00:09, 20.31it/s, loss=0.786]
Epoch 0:   7%|▋         | 16/218 [00:00<00:09, 20.30it/s, loss=0.779]
Epoch 0:   8%|▊         | 17/218 [00:00<00:09, 20.67it/s, loss=0.779]
Epoch 0:   8%|▊         | 17/218 [00:00<00:09, 20.66it/s, loss=0.772]
Epoch 0:   8%|▊         | 18/218 [00:00<00:09, 21.01it/s, loss=0.772]
Epoch 0:   8%|▊         | 18/218 [00:00<00:09, 21.00it/s, loss=0.765]
Epoch 0:   9%|▊         | 19/218 [00:00<00:09, 21.32it/s, loss=0.765]
Epoch 0:   9%|▊         | 19/218 [00:00<00:09, 21.31it/s, loss=0.762]
Epoch 0:   9%|▉         | 20/218 [00:00<00:09, 21.60it/s, loss=0.762]
Epoch 0:   9%|▉         | 20/218 [00:00<00:09, 21.60it/s, loss=0.756]
Epoch 0:  10%|▉         | 21/218 [00:00<00:09, 21.87it/s, loss=0.756]
Epoch 0:  10%|▉         | 21/218 [00:00<00:09, 21.87it/s, loss=0.754]
Epoch 0:  10%|█         | 22/218 [00:00<00:08, 22.12it/s, loss=0.754]
Epoch 0:  10%|█         | 22/218 [00:00<00:08, 22.11it/s, loss=0.751]
Epoch 0:  11%|█         | 23/218 [00:01<00:08, 22.33it/s, loss=0.751]
Epoch 0:  11%|█         | 23/218 [00:01<00:08, 22.32it/s, loss=0.739]
Epoch 0:  11%|█         | 24/218 [00:01<00:08, 22.53it/s, loss=0.739]
Epoch 0:  11%|█         | 24/218 [00:01<00:08, 22.53it/s, loss=0.731]
Epoch 0:  11%|█▏        | 25/218 [00:01<00:08, 22.73it/s, loss=0.731]
Epoch 0:  11%|█▏        | 25/218 [00:01<00:08, 22.73it/s, loss=0.717]
Epoch 0:  12%|█▏        | 26/218 [00:01<00:08, 22.92it/s, loss=0.717]
Epoch 0:  12%|█▏        | 26/218 [00:01<00:08, 22.92it/s, loss=0.711]
Epoch 0:  12%|█▏        | 27/218 [00:01<00:08, 23.10it/s, loss=0.711]
Epoch 0:  12%|█▏        | 27/218 [00:01<00:08, 23.10it/s, loss=0.69] 
Epoch 0:  13%|█▎        | 28/218 [00:01<00:08, 23.27it/s, loss=0.69]
Epoch 0:  13%|█▎        | 28/218 [00:01<00:08, 23.27it/s, loss=0.678]
Epoch 0:  13%|█▎        | 29/218 [00:01<00:08, 23.43it/s, loss=0.678]
Epoch 0:  13%|█▎        | 29/218 [00:01<00:08, 23.43it/s, loss=0.662]
Epoch 0:  14%|█▍        | 30/218 [00:01<00:07, 23.57it/s, loss=0.662]
Epoch 0:  14%|█▍        | 30/218 [00:01<00:07, 23.57it/s, loss=0.657]
Epoch 0:  14%|█▍        | 31/218 [00:01<00:07, 23.71it/s, loss=0.657]
Epoch 0:  14%|█▍        | 31/218 [00:01<00:07, 23.71it/s, loss=0.651]
Epoch 0:  15%|█▍        | 32/218 [00:01<00:07, 23.85it/s, loss=0.651]
Epoch 0:  15%|█▍        | 32/218 [00:01<00:07, 23.84it/s, loss=0.643]
Epoch 0:  15%|█▌        | 33/218 [00:01<00:07, 23.98it/s, loss=0.643]
Epoch 0:  15%|█▌        | 33/218 [00:01<00:07, 23.97it/s, loss=0.635]
Epoch 0:  16%|█▌        | 34/218 [00:01<00:07, 24.10it/s, loss=0.635]
Epoch 0:  16%|█▌        | 34/218 [00:01<00:07, 24.10it/s, loss=0.636]
Epoch 0:  16%|█▌        | 35/218 [00:01<00:07, 24.19it/s, loss=0.636]
Epoch 0:  16%|█▌        | 35/218 [00:01<00:07, 24.19it/s, loss=0.63] 
Epoch 0:  17%|█▋        | 36/218 [00:01<00:07, 24.30it/s, loss=0.63]
Epoch 0:  17%|█▋        | 36/218 [00:01<00:07, 24.29it/s, loss=0.626]
Epoch 0:  17%|█▋        | 37/218 [00:01<00:07, 24.40it/s, loss=0.626]
Epoch 0:  17%|█▋        | 37/218 [00:01<00:07, 24.40it/s, loss=0.622]
Epoch 0:  17%|█▋        | 38/218 [00:01<00:07, 24.51it/s, loss=0.622]
Epoch 0:  17%|█▋        | 38/218 [00:01<00:07, 24.50it/s, loss=0.622]
Epoch 0:  18%|█▊        | 39/218 [00:01<00:07, 24.61it/s, loss=0.622]
Epoch 0:  18%|█▊        | 39/218 [00:01<00:07, 24.60it/s, loss=0.618]
Epoch 0:  18%|█▊        | 40/218 [00:01<00:07, 24.70it/s, loss=0.618]
Epoch 0:  18%|█▊        | 40/218 [00:01<00:07, 24.70it/s, loss=0.62] 
Epoch 0:  19%|█▉        | 41/218 [00:01<00:07, 24.79it/s, loss=0.62]
Epoch 0:  19%|█▉        | 41/218 [00:01<00:07, 24.79it/s, loss=0.617]
Epoch 0:  19%|█▉        | 42/218 [00:01<00:07, 24.88it/s, loss=0.617]
Epoch 0:  19%|█▉        | 42/218 [00:01<00:07, 24.87it/s, loss=0.614]
Epoch 0:  20%|█▉        | 43/218 [00:01<00:07, 24.96it/s, loss=0.614]
Epoch 0:  20%|█▉        | 43/218 [00:01<00:07, 24.96it/s, loss=0.612]
Epoch 0:  20%|██        | 44/218 [00:01<00:06, 25.04it/s, loss=0.612]
Epoch 0:  20%|██        | 44/218 [00:01<00:06, 25.03it/s, loss=0.611]
Epoch 0:  21%|██        | 45/218 [00:01<00:06, 25.11it/s, loss=0.611]
Epoch 0:  21%|██        | 45/218 [00:01<00:06, 25.11it/s, loss=0.612]
Epoch 0:  21%|██        | 46/218 [00:01<00:06, 25.19it/s, loss=0.612]
Epoch 0:  21%|██        | 46/218 [00:01<00:06, 25.18it/s, loss=0.61] 
Epoch 0:  22%|██▏       | 47/218 [00:01<00:06, 25.25it/s, loss=0.61]
Epoch 0:  22%|██▏       | 47/218 [00:01<00:06, 25.24it/s, loss=0.612]
Epoch 0:  22%|██▏       | 48/218 [00:01<00:06, 25.31it/s, loss=0.612]
Epoch 0:  22%|██▏       | 48/218 [00:01<00:06, 25.30it/s, loss=0.617]
Epoch 0:  22%|██▏       | 49/218 [00:01<00:06, 25.37it/s, loss=0.617]
Epoch 0:  22%|██▏       | 49/218 [00:01<00:06, 25.37it/s, loss=0.621]
Epoch 0:  23%|██▎       | 50/218 [00:01<00:06, 25.43it/s, loss=0.621]
Epoch 0:  23%|██▎       | 50/218 [00:01<00:06, 25.43it/s, loss=0.621]
Epoch 0:  23%|██▎       | 51/218 [00:02<00:06, 25.49it/s, loss=0.621]
Epoch 0:  23%|██▎       | 51/218 [00:02<00:06, 25.49it/s, loss=0.619]
Epoch 0:  24%|██▍       | 52/218 [00:02<00:06, 25.55it/s, loss=0.619]
Epoch 0:  24%|██▍       | 52/218 [00:02<00:06, 25.55it/s, loss=0.617]
Epoch 0:  24%|██▍       | 53/218 [00:02<00:06, 25.61it/s, loss=0.617]
Epoch 0:  24%|██▍       | 53/218 [00:02<00:06, 25.61it/s, loss=0.616]
Epoch 0:  25%|██▍       | 54/218 [00:02<00:06, 25.67it/s, loss=0.616]
Epoch 0:  25%|██▍       | 54/218 [00:02<00:06, 25.66it/s, loss=0.612]
Epoch 0:  25%|██▌       | 55/218 [00:02<00:06, 25.72it/s, loss=0.612]
Epoch 0:  25%|██▌       | 55/218 [00:02<00:06, 25.72it/s, loss=0.61] 
Epoch 0:  26%|██▌       | 56/218 [00:02<00:06, 25.77it/s, loss=0.61]
Epoch 0:  26%|██▌       | 56/218 [00:02<00:06, 25.77it/s, loss=0.61]
Epoch 0:  26%|██▌       | 57/218 [00:02<00:06, 25.82it/s, loss=0.61]
Epoch 0:  26%|██▌       | 57/218 [00:02<00:06, 25.82it/s, loss=0.611]
Epoch 0:  27%|██▋       | 58/218 [00:02<00:06, 25.87it/s, loss=0.611]
Epoch 0:  27%|██▋       | 58/218 [00:02<00:06, 25.87it/s, loss=0.609]
Epoch 0:  27%|██▋       | 59/218 [00:02<00:06, 25.92it/s, loss=0.609]
Epoch 0:  27%|██▋       | 59/218 [00:02<00:06, 25.91it/s, loss=0.608]
Epoch 0:  28%|██▊       | 60/218 [00:02<00:06, 25.96it/s, loss=0.608]
Epoch 0:  28%|██▊       | 60/218 [00:02<00:06, 25.96it/s, loss=0.603]
Epoch 0:  28%|██▊       | 61/218 [00:02<00:06, 26.01it/s, loss=0.603]
Epoch 0:  28%|██▊       | 61/218 [00:02<00:06, 26.00it/s, loss=0.603]
Epoch 0:  28%|██▊       | 62/218 [00:02<00:05, 26.05it/s, loss=0.603]
Epoch 0:  28%|██▊       | 62/218 [00:02<00:05, 26.05it/s, loss=0.603]
Epoch 0:  29%|██▉       | 63/218 [00:02<00:05, 26.09it/s, loss=0.603]
Epoch 0:  29%|██▉       | 63/218 [00:02<00:05, 26.09it/s, loss=0.605]
Epoch 0:  29%|██▉       | 64/218 [00:02<00:05, 26.13it/s, loss=0.605]
Epoch 0:  29%|██▉       | 64/218 [00:02<00:05, 26.13it/s, loss=0.605]
Epoch 0:  30%|██▉       | 65/218 [00:02<00:05, 26.17it/s, loss=0.605]
Epoch 0:  30%|██▉       | 65/218 [00:02<00:05, 26.17it/s, loss=0.605]
Epoch 0:  30%|███       | 66/218 [00:02<00:05, 26.21it/s, loss=0.605]
Epoch 0:  30%|███       | 66/218 [00:02<00:05, 26.21it/s, loss=0.608]
Epoch 0:  31%|███       | 67/218 [00:02<00:05, 26.25it/s, loss=0.608]
Epoch 0:  31%|███       | 67/218 [00:02<00:05, 26.25it/s, loss=0.605]
Epoch 0:  31%|███       | 68/218 [00:02<00:05, 26.28it/s, loss=0.605]
Epoch 0:  31%|███       | 68/218 [00:02<00:05, 26.28it/s, loss=0.597]
Epoch 0:  32%|███▏      | 69/218 [00:02<00:05, 26.32it/s, loss=0.597]
Epoch 0:  32%|███▏      | 69/218 [00:02<00:05, 26.32it/s, loss=0.594]
Epoch 0:  32%|███▏      | 70/218 [00:02<00:05, 26.36it/s, loss=0.594]
Epoch 0:  32%|███▏      | 70/218 [00:02<00:05, 26.35it/s, loss=0.592]
Epoch 0:  33%|███▎      | 71/218 [00:02<00:05, 26.39it/s, loss=0.592]
Epoch 0:  33%|███▎      | 71/218 [00:02<00:05, 26.39it/s, loss=0.596]
Epoch 0:  33%|███▎      | 72/218 [00:02<00:05, 26.42it/s, loss=0.596]
Epoch 0:  33%|███▎      | 72/218 [00:02<00:05, 26.42it/s, loss=0.595]
Epoch 0:  33%|███▎      | 73/218 [00:02<00:05, 26.46it/s, loss=0.595]
Epoch 0:  33%|███▎      | 73/218 [00:02<00:05, 26.45it/s, loss=0.599]
Epoch 0:  34%|███▍      | 74/218 [00:02<00:05, 26.49it/s, loss=0.599]
Epoch 0:  34%|███▍      | 74/218 [00:02<00:05, 26.49it/s, loss=0.602]
Epoch 0:  34%|███▍      | 75/218 [00:02<00:05, 26.52it/s, loss=0.602]
Epoch 0:  34%|███▍      | 75/218 [00:02<00:05, 26.52it/s, loss=0.603]
Epoch 0:  35%|███▍      | 76/218 [00:02<00:05, 26.55it/s, loss=0.603]
Epoch 0:  35%|███▍      | 76/218 [00:02<00:05, 26.55it/s, loss=0.604]
Epoch 0:  35%|███▌      | 77/218 [00:02<00:05, 26.58it/s, loss=0.604]
Epoch 0:  35%|███▌      | 77/218 [00:02<00:05, 26.58it/s, loss=0.604]
Epoch 0:  36%|███▌      | 78/218 [00:02<00:05, 26.61it/s, loss=0.604]
Epoch 0:  36%|███▌      | 78/218 [00:02<00:05, 26.61it/s, loss=0.601]
Epoch 0:  36%|███▌      | 79/218 [00:02<00:05, 26.64it/s, loss=0.601]
Epoch 0:  36%|███▌      | 79/218 [00:02<00:05, 26.63it/s, loss=0.6]  
Epoch 0:  37%|███▋      | 80/218 [00:03<00:05, 26.66it/s, loss=0.6]
Epoch 0:  37%|███▋      | 80/218 [00:03<00:05, 26.66it/s, loss=0.599]
Epoch 0:  37%|███▋      | 81/218 [00:03<00:05, 26.69it/s, loss=0.599]
Epoch 0:  37%|███▋      | 81/218 [00:03<00:05, 26.69it/s, loss=0.595]
Epoch 0:  38%|███▊      | 82/218 [00:03<00:05, 26.72it/s, loss=0.595]
Epoch 0:  38%|███▊      | 82/218 [00:03<00:05, 26.72it/s, loss=0.596]
Epoch 0:  38%|███▊      | 83/218 [00:03<00:05, 26.74it/s, loss=0.596]
Epoch 0:  38%|███▊      | 83/218 [00:03<00:05, 26.74it/s, loss=0.596]
Epoch 0:  39%|███▊      | 84/218 [00:03<00:05, 26.77it/s, loss=0.596]
Epoch 0:  39%|███▊      | 84/218 [00:03<00:05, 26.77it/s, loss=0.597]
Epoch 0:  39%|███▉      | 85/218 [00:03<00:04, 26.79it/s, loss=0.597]
Epoch 0:  39%|███▉      | 85/218 [00:03<00:04, 26.79it/s, loss=0.595]
Epoch 0:  39%|███▉      | 86/218 [00:03<00:04, 26.81it/s, loss=0.595]
Epoch 0:  39%|███▉      | 86/218 [00:03<00:04, 26.81it/s, loss=0.594]
Epoch 0:  40%|███▉      | 87/218 [00:03<00:04, 26.84it/s, loss=0.594]
Epoch 0:  40%|███▉      | 87/218 [00:03<00:04, 26.83it/s, loss=0.595]
Epoch 0:  40%|████      | 88/218 [00:03<00:04, 26.86it/s, loss=0.595]
Epoch 0:  40%|████      | 88/218 [00:03<00:04, 26.86it/s, loss=0.594]
Epoch 0:  41%|████      | 89/218 [00:03<00:04, 26.88it/s, loss=0.594]
Epoch 0:  41%|████      | 89/218 [00:03<00:04, 26.88it/s, loss=0.594]
Epoch 0:  41%|████▏     | 90/218 [00:03<00:04, 26.91it/s, loss=0.594]
Epoch 0:  41%|████▏     | 90/218 [00:03<00:04, 26.91it/s, loss=0.595]
Epoch 0:  42%|████▏     | 91/218 [00:03<00:04, 26.93it/s, loss=0.595]
Epoch 0:  42%|████▏     | 91/218 [00:03<00:04, 26.93it/s, loss=0.592]
Epoch 0:  42%|████▏     | 92/218 [00:03<00:04, 26.95it/s, loss=0.592]
Epoch 0:  42%|████▏     | 92/218 [00:03<00:04, 26.95it/s, loss=0.595]
Epoch 0:  43%|████▎     | 93/218 [00:03<00:04, 26.98it/s, loss=0.595]
Epoch 0:  43%|████▎     | 93/218 [00:03<00:04, 26.97it/s, loss=0.593]
Epoch 0:  43%|████▎     | 94/218 [00:03<00:04, 27.00it/s, loss=0.593]
Epoch 0:  43%|████▎     | 94/218 [00:03<00:04, 27.00it/s, loss=0.592]
Epoch 0:  44%|████▎     | 95/218 [00:03<00:04, 27.02it/s, loss=0.592]
Epoch 0:  44%|████▎     | 95/218 [00:03<00:04, 27.02it/s, loss=0.591]
Epoch 0:  44%|████▍     | 96/218 [00:03<00:04, 27.04it/s, loss=0.591]
Epoch 0:  44%|████▍     | 96/218 [00:03<00:04, 27.04it/s, loss=0.591]
Epoch 0:  44%|████▍     | 97/218 [00:03<00:04, 27.06it/s, loss=0.591]
Epoch 0:  44%|████▍     | 97/218 [00:03<00:04, 27.06it/s, loss=0.591]
Epoch 0:  45%|████▍     | 98/218 [00:03<00:04, 27.08it/s, loss=0.591]
Epoch 0:  45%|████▍     | 98/218 [00:03<00:04, 27.08it/s, loss=0.591]
Epoch 0:  45%|████▌     | 99/218 [00:03<00:04, 27.10it/s, loss=0.591]
Epoch 0:  45%|████▌     | 99/218 [00:03<00:04, 27.09it/s, loss=0.591]
Epoch 0:  46%|████▌     | 100/218 [00:03<00:04, 27.12it/s, loss=0.591]
Epoch 0:  46%|████▌     | 100/218 [00:03<00:04, 27.11it/s, loss=0.593]
Epoch 0:  46%|████▋     | 101/218 [00:03<00:04, 27.13it/s, loss=0.593]
Epoch 0:  46%|████▋     | 101/218 [00:03<00:04, 27.13it/s, loss=0.594]
Epoch 0:  47%|████▋     | 102/218 [00:03<00:04, 27.15it/s, loss=0.594]
Epoch 0:  47%|████▋     | 102/218 [00:03<00:04, 27.15it/s, loss=0.594]
Epoch 0:  47%|████▋     | 103/218 [00:03<00:04, 27.17it/s, loss=0.594]
Epoch 0:  47%|████▋     | 103/218 [00:03<00:04, 27.17it/s, loss=0.591]
Epoch 0:  48%|████▊     | 104/218 [00:03<00:04, 27.19it/s, loss=0.591]
Epoch 0:  48%|████▊     | 104/218 [00:03<00:04, 27.19it/s, loss=0.593]
Epoch 0:  48%|████▊     | 105/218 [00:03<00:04, 27.21it/s, loss=0.593]
Epoch 0:  48%|████▊     | 105/218 [00:03<00:04, 27.20it/s, loss=0.594]
Epoch 0:  49%|████▊     | 106/218 [00:03<00:04, 27.19it/s, loss=0.594]
Epoch 0:  49%|████▊     | 106/218 [00:03<00:04, 27.18it/s, loss=0.591]
Epoch 0:  49%|████▉     | 107/218 [00:03<00:04, 27.20it/s, loss=0.591]
Epoch 0:  49%|████▉     | 107/218 [00:03<00:04, 27.20it/s, loss=0.594]
Epoch 0:  50%|████▉     | 108/218 [00:03<00:04, 27.21it/s, loss=0.594]
Epoch 0:  50%|████▉     | 108/218 [00:03<00:04, 27.21it/s, loss=0.591]
Epoch 0:  50%|█████     | 109/218 [00:04<00:04, 27.23it/s, loss=0.591]
Epoch 0:  50%|█████     | 109/218 [00:04<00:04, 27.23it/s, loss=0.589]
Epoch 0:  50%|█████     | 110/218 [00:04<00:03, 27.24it/s, loss=0.589]
Epoch 0:  50%|█████     | 110/218 [00:04<00:03, 27.24it/s, loss=0.591]
Epoch 0:  51%|█████     | 111/218 [00:04<00:03, 27.26it/s, loss=0.591]
Epoch 0:  51%|█████     | 111/218 [00:04<00:03, 27.26it/s, loss=0.593]
Epoch 0:  51%|█████▏    | 112/218 [00:04<00:03, 27.27it/s, loss=0.593]
Epoch 0:  51%|█████▏    | 112/218 [00:04<00:03, 27.27it/s, loss=0.598]
Epoch 0:  52%|█████▏    | 113/218 [00:04<00:03, 27.29it/s, loss=0.598]
Epoch 0:  52%|█████▏    | 113/218 [00:04<00:03, 27.28it/s, loss=0.597]
Epoch 0:  52%|█████▏    | 114/218 [00:04<00:03, 27.30it/s, loss=0.597]
Epoch 0:  52%|█████▏    | 114/218 [00:04<00:03, 27.30it/s, loss=0.594]
Epoch 0:  53%|█████▎    | 115/218 [00:04<00:03, 27.31it/s, loss=0.594]
Epoch 0:  53%|█████▎    | 115/218 [00:04<00:03, 27.31it/s, loss=0.594]
Epoch 0:  53%|█████▎    | 116/218 [00:04<00:03, 27.33it/s, loss=0.594]
Epoch 0:  53%|█████▎    | 116/218 [00:04<00:03, 27.32it/s, loss=0.593]
Epoch 0:  54%|█████▎    | 117/218 [00:04<00:03, 27.34it/s, loss=0.593]
Epoch 0:  54%|█████▎    | 117/218 [00:04<00:03, 27.34it/s, loss=0.594]
Epoch 0:  54%|█████▍    | 118/218 [00:04<00:03, 27.35it/s, loss=0.594]
Epoch 0:  54%|█████▍    | 118/218 [00:04<00:03, 27.35it/s, loss=0.596]
Epoch 0:  55%|█████▍    | 119/218 [00:04<00:03, 27.37it/s, loss=0.596]
Epoch 0:  55%|█████▍    | 119/218 [00:04<00:03, 27.36it/s, loss=0.596]
Epoch 0:  55%|█████▌    | 120/218 [00:04<00:03, 27.38it/s, loss=0.596]
Epoch 0:  55%|█████▌    | 120/218 [00:04<00:03, 27.38it/s, loss=0.595]
Epoch 0:  56%|█████▌    | 121/218 [00:04<00:03, 27.39it/s, loss=0.595]
Epoch 0:  56%|█████▌    | 121/218 [00:04<00:03, 27.39it/s, loss=0.598]
Epoch 0:  56%|█████▌    | 122/218 [00:04<00:03, 27.40it/s, loss=0.598]
Epoch 0:  56%|█████▌    | 122/218 [00:04<00:03, 27.40it/s, loss=0.597]
Epoch 0:  56%|█████▋    | 123/218 [00:04<00:03, 27.42it/s, loss=0.597]
Epoch 0:  56%|█████▋    | 123/218 [00:04<00:03, 27.42it/s, loss=0.597]
Epoch 0:  57%|█████▋    | 124/218 [00:04<00:03, 27.43it/s, loss=0.597]
Epoch 0:  57%|█████▋    | 124/218 [00:04<00:03, 27.43it/s, loss=0.592]
Epoch 0:  57%|█████▋    | 125/218 [00:04<00:03, 27.44it/s, loss=0.592]
Epoch 0:  57%|█████▋    | 125/218 [00:04<00:03, 27.44it/s, loss=0.593]
Epoch 0:  58%|█████▊    | 126/218 [00:04<00:03, 27.45it/s, loss=0.593]
Epoch 0:  58%|█████▊    | 126/218 [00:04<00:03, 27.45it/s, loss=0.592]
Epoch 0:  58%|█████▊    | 127/218 [00:04<00:03, 27.47it/s, loss=0.592]
Epoch 0:  58%|█████▊    | 127/218 [00:04<00:03, 27.46it/s, loss=0.587]
Epoch 0:  59%|█████▊    | 128/218 [00:04<00:03, 27.48it/s, loss=0.587]
Epoch 0:  59%|█████▊    | 128/218 [00:04<00:03, 27.48it/s, loss=0.588]
Epoch 0:  59%|█████▉    | 129/218 [00:04<00:03, 27.49it/s, loss=0.588]
Epoch 0:  59%|█████▉    | 129/218 [00:04<00:03, 27.49it/s, loss=0.587]
Epoch 0:  60%|█████▉    | 130/218 [00:04<00:03, 27.50it/s, loss=0.587]
Epoch 0:  60%|█████▉    | 130/218 [00:04<00:03, 27.50it/s, loss=0.585]
Epoch 0:  60%|██████    | 131/218 [00:04<00:03, 27.51it/s, loss=0.585]
Epoch 0:  60%|██████    | 131/218 [00:04<00:03, 27.51it/s, loss=0.588]
Epoch 0:  61%|██████    | 132/218 [00:04<00:03, 27.53it/s, loss=0.588]
Epoch 0:  61%|██████    | 132/218 [00:04<00:03, 27.52it/s, loss=0.579]
Epoch 0:  61%|██████    | 133/218 [00:04<00:03, 27.54it/s, loss=0.579]
Epoch 0:  61%|██████    | 133/218 [00:04<00:03, 27.54it/s, loss=0.583]
Epoch 0:  61%|██████▏   | 134/218 [00:04<00:03, 27.55it/s, loss=0.583]
Epoch 0:  61%|██████▏   | 134/218 [00:04<00:03, 27.55it/s, loss=0.581]
Epoch 0:  62%|██████▏   | 135/218 [00:04<00:03, 27.56it/s, loss=0.581]
Epoch 0:  62%|██████▏   | 135/218 [00:04<00:03, 27.56it/s, loss=0.578]
Epoch 0:  62%|██████▏   | 136/218 [00:04<00:02, 27.57it/s, loss=0.578]
Epoch 0:  62%|██████▏   | 136/218 [00:04<00:02, 27.57it/s, loss=0.579]
Epoch 0:  63%|██████▎   | 137/218 [00:04<00:02, 27.58it/s, loss=0.579]
Epoch 0:  63%|██████▎   | 137/218 [00:04<00:02, 27.58it/s, loss=0.58] 
Epoch 0:  63%|██████▎   | 138/218 [00:05<00:02, 27.58it/s, loss=0.58]
Epoch 0:  63%|██████▎   | 138/218 [00:05<00:02, 27.58it/s, loss=0.578]
Epoch 0:  64%|██████▍   | 139/218 [00:05<00:02, 27.59it/s, loss=0.578]
Epoch 0:  64%|██████▍   | 139/218 [00:05<00:02, 27.59it/s, loss=0.578]
Epoch 0:  64%|██████▍   | 140/218 [00:05<00:02, 27.60it/s, loss=0.578]
Epoch 0:  64%|██████▍   | 140/218 [00:05<00:02, 27.60it/s, loss=0.575]
Epoch 0:  65%|██████▍   | 141/218 [00:05<00:02, 27.61it/s, loss=0.575]
Epoch 0:  65%|██████▍   | 141/218 [00:05<00:02, 27.61it/s, loss=0.572]
Epoch 0:  65%|██████▌   | 142/218 [00:05<00:02, 27.62it/s, loss=0.572]
Epoch 0:  65%|██████▌   | 142/218 [00:05<00:02, 27.62it/s, loss=0.575]
Epoch 0:  66%|██████▌   | 143/218 [00:05<00:02, 27.63it/s, loss=0.575]
Epoch 0:  66%|██████▌   | 143/218 [00:05<00:02, 27.63it/s, loss=0.576]
Epoch 0:  66%|██████▌   | 144/218 [00:05<00:02, 27.64it/s, loss=0.576]
Epoch 0:  66%|██████▌   | 144/218 [00:05<00:02, 27.64it/s, loss=0.576]
Epoch 0:  67%|██████▋   | 145/218 [00:05<00:02, 27.65it/s, loss=0.576]
Epoch 0:  67%|██████▋   | 145/218 [00:05<00:02, 27.65it/s, loss=0.575]
Epoch 0:  67%|██████▋   | 146/218 [00:05<00:02, 27.66it/s, loss=0.575]
Epoch 0:  67%|██████▋   | 146/218 [00:05<00:02, 27.66it/s, loss=0.578]
Epoch 0:  67%|██████▋   | 147/218 [00:05<00:02, 27.67it/s, loss=0.578]
Epoch 0:  67%|██████▋   | 147/218 [00:05<00:02, 27.67it/s, loss=0.579]
Epoch 0:  68%|██████▊   | 148/218 [00:05<00:02, 27.68it/s, loss=0.579]
Epoch 0:  68%|██████▊   | 148/218 [00:05<00:02, 27.68it/s, loss=0.579]
Epoch 0:  68%|██████▊   | 149/218 [00:05<00:02, 27.69it/s, loss=0.579]
Epoch 0:  68%|██████▊   | 149/218 [00:05<00:02, 27.69it/s, loss=0.583]
Epoch 0:  69%|██████▉   | 150/218 [00:05<00:02, 27.70it/s, loss=0.583]
Epoch 0:  69%|██████▉   | 150/218 [00:05<00:02, 27.70it/s, loss=0.584]
Epoch 0:  69%|██████▉   | 151/218 [00:05<00:02, 27.71it/s, loss=0.584]
Epoch 0:  69%|██████▉   | 151/218 [00:05<00:02, 27.71it/s, loss=0.578]
Epoch 0:  70%|██████▉   | 152/218 [00:05<00:02, 27.72it/s, loss=0.578]
Epoch 0:  70%|██████▉   | 152/218 [00:05<00:02, 27.72it/s, loss=0.578]
Epoch 0:  70%|███████   | 153/218 [00:05<00:02, 27.73it/s, loss=0.578]
Epoch 0:  70%|███████   | 153/218 [00:05<00:02, 27.73it/s, loss=0.572]
Epoch 0:  71%|███████   | 154/218 [00:05<00:02, 27.74it/s, loss=0.572]
Epoch 0:  71%|███████   | 154/218 [00:05<00:02, 27.74it/s, loss=0.574]
Epoch 0:  71%|███████   | 155/218 [00:05<00:02, 27.75it/s, loss=0.574]
Epoch 0:  71%|███████   | 155/218 [00:05<00:02, 27.74it/s, loss=0.576]
Epoch 0:  72%|███████▏  | 156/218 [00:05<00:02, 27.75it/s, loss=0.576]
Epoch 0:  72%|███████▏  | 156/218 [00:05<00:02, 27.75it/s, loss=0.577]
Epoch 0:  72%|███████▏  | 157/218 [00:05<00:02, 27.76it/s, loss=0.577]
Epoch 0:  72%|███████▏  | 157/218 [00:05<00:02, 27.76it/s, loss=0.572]
Epoch 0:  72%|███████▏  | 158/218 [00:05<00:02, 27.77it/s, loss=0.572]
Epoch 0:  72%|███████▏  | 158/218 [00:05<00:02, 27.77it/s, loss=0.57] 
Epoch 0:  73%|███████▎  | 159/218 [00:05<00:02, 27.78it/s, loss=0.57]
Epoch 0:  73%|███████▎  | 159/218 [00:05<00:02, 27.78it/s, loss=0.571]
Epoch 0:  73%|███████▎  | 160/218 [00:05<00:02, 27.79it/s, loss=0.571]
Epoch 0:  73%|███████▎  | 160/218 [00:05<00:02, 27.79it/s, loss=0.58] 
Epoch 0:  74%|███████▍  | 161/218 [00:05<00:02, 27.79it/s, loss=0.58]
Epoch 0:  74%|███████▍  | 161/218 [00:05<00:02, 27.79it/s, loss=0.579]
Epoch 0:  74%|███████▍  | 162/218 [00:05<00:02, 27.80it/s, loss=0.579]
Epoch 0:  74%|███████▍  | 162/218 [00:05<00:02, 27.80it/s, loss=0.579]
Epoch 0:  75%|███████▍  | 163/218 [00:05<00:01, 27.82it/s, loss=0.579]
Epoch 0:  75%|███████▍  | 163/218 [00:05<00:01, 27.82it/s, loss=0.579]

Validation: 0it [00:00, ?it/s][A

Validation:   0%|          | 0/55 [00:00<?, ?it/s][A

Validation DataLoader 0:   0%|          | 0/55 [00:00<?, ?it/s][A

Validation DataLoader 0:   2%|▏         | 1/55 [00:00<00:00, 130.98it/s][A
Epoch 0:  75%|███████▌  | 164/218 [00:05<00:01, 27.36it/s, loss=0.579]

Validation DataLoader 0:   4%|▎         | 2/55 [00:00<00:00, 56.35it/s] [A
Epoch 0:  76%|███████▌  | 165/218 [00:06<00:01, 27.40it/s, loss=0.579]

Validation DataLoader 0:   5%|▌         | 3/55 [00:00<00:01, 44.22it/s][A
Epoch 0:  76%|███████▌  | 166/218 [00:06<00:01, 27.42it/s, loss=0.579]

Validation DataLoader 0:   7%|▋         | 4/55 [00:00<00:01, 40.05it/s][A
Epoch 0:  77%|███████▋  | 167/218 [00:06<00:01, 27.44it/s, loss=0.579]

Validation DataLoader 0:   9%|▉         | 5/55 [00:00<00:01, 37.75it/s][A
Epoch 0:  77%|███████▋  | 168/218 [00:06<00:01, 27.46it/s, loss=0.579]

Validation DataLoader 0:  11%|█         | 6/55 [00:00<00:01, 36.38it/s][A
Epoch 0:  78%|███████▊  | 169/218 [00:06<00:01, 27.47it/s, loss=0.579]

Validation DataLoader 0:  13%|█▎        | 7/55 [00:00<00:01, 35.47it/s][A
Epoch 0:  78%|███████▊  | 170/218 [00:06<00:01, 27.49it/s, loss=0.579]

Validation DataLoader 0:  15%|█▍        | 8/55 [00:00<00:01, 34.81it/s][A
Epoch 0:  78%|███████▊  | 171/218 [00:06<00:01, 27.51it/s, loss=0.579]

Validation DataLoader 0:  16%|█▋        | 9/55 [00:00<00:01, 34.29it/s][A
Epoch 0:  79%|███████▉  | 172/218 [00:06<00:01, 27.53it/s, loss=0.579]

Validation DataLoader 0:  18%|█▊        | 10/55 [00:00<00:01, 33.91it/s][A
Epoch 0:  79%|███████▉  | 173/218 [00:06<00:01, 27.54it/s, loss=0.579]

Validation DataLoader 0:  20%|██        | 11/55 [00:00<00:01, 33.63it/s][A
Epoch 0:  80%|███████▉  | 174/218 [00:06<00:01, 27.56it/s, loss=0.579]

Validation DataLoader 0:  22%|██▏       | 12/55 [00:00<00:01, 33.39it/s][A
Epoch 0:  80%|████████  | 175/218 [00:06<00:01, 27.58it/s, loss=0.579]

Validation DataLoader 0:  24%|██▎       | 13/55 [00:00<00:01, 33.19it/s][A
Epoch 0:  81%|████████  | 176/218 [00:06<00:01, 27.60it/s, loss=0.579]

Validation DataLoader 0:  25%|██▌       | 14/55 [00:00<00:01, 33.02it/s][A
Epoch 0:  81%|████████  | 177/218 [00:06<00:01, 27.61it/s, loss=0.579]

Validation DataLoader 0:  27%|██▋       | 15/55 [00:00<00:01, 32.87it/s][A
Epoch 0:  82%|████████▏ | 178/218 [00:06<00:01, 27.63it/s, loss=0.579]

Validation DataLoader 0:  29%|██▉       | 16/55 [00:00<00:01, 32.74it/s][A
Epoch 0:  82%|████████▏ | 179/218 [00:06<00:01, 27.65it/s, loss=0.579]

Validation DataLoader 0:  31%|███       | 17/55 [00:00<00:01, 32.64it/s][A
Epoch 0:  83%|████████▎ | 180/218 [00:06<00:01, 27.66it/s, loss=0.579]

Validation DataLoader 0:  33%|███▎      | 18/55 [00:00<00:01, 32.52it/s][A
Epoch 0:  83%|████████▎ | 181/218 [00:06<00:01, 27.68it/s, loss=0.579]

Validation DataLoader 0:  35%|███▍      | 19/55 [00:00<00:01, 32.43it/s][A
Epoch 0:  83%|████████▎ | 182/218 [00:06<00:01, 27.69it/s, loss=0.579]

Validation DataLoader 0:  36%|███▋      | 20/55 [00:00<00:01, 32.33it/s][A
Epoch 0:  84%|████████▍ | 183/218 [00:06<00:01, 27.71it/s, loss=0.579]

Validation DataLoader 0:  38%|███▊      | 21/55 [00:00<00:01, 32.25it/s][A
Epoch 0:  84%|████████▍ | 184/218 [00:06<00:01, 27.72it/s, loss=0.579]

Validation DataLoader 0:  40%|████      | 22/55 [00:00<00:01, 32.18it/s][A
Epoch 0:  85%|████████▍ | 185/218 [00:06<00:01, 27.74it/s, loss=0.579]

Validation DataLoader 0:  42%|████▏     | 23/55 [00:00<00:00, 32.13it/s][A
Epoch 0:  85%|████████▌ | 186/218 [00:06<00:01, 27.75it/s, loss=0.579]

Validation DataLoader 0:  44%|████▎     | 24/55 [00:00<00:00, 32.07it/s][A
Epoch 0:  86%|████████▌ | 187/218 [00:06<00:01, 27.77it/s, loss=0.579]

Validation DataLoader 0:  45%|████▌     | 25/55 [00:00<00:00, 32.03it/s][A
Epoch 0:  86%|████████▌ | 188/218 [00:06<00:01, 27.78it/s, loss=0.579]

Validation DataLoader 0:  47%|████▋     | 26/55 [00:00<00:00, 31.98it/s][A
Epoch 0:  87%|████████▋ | 189/218 [00:06<00:01, 27.80it/s, loss=0.579]

Validation DataLoader 0:  49%|████▉     | 27/55 [00:00<00:00, 31.94it/s][A
Epoch 0:  87%|████████▋ | 190/218 [00:06<00:01, 27.81it/s, loss=0.579]

Validation DataLoader 0:  51%|█████     | 28/55 [00:00<00:00, 31.87it/s][A
Epoch 0:  88%|████████▊ | 191/218 [00:06<00:00, 27.82it/s, loss=0.579]

Validation DataLoader 0:  53%|█████▎    | 29/55 [00:00<00:00, 31.83it/s][A
Epoch 0:  88%|████████▊ | 192/218 [00:06<00:00, 27.84it/s, loss=0.579]

Validation DataLoader 0:  55%|█████▍    | 30/55 [00:00<00:00, 31.78it/s][A
Epoch 0:  89%|████████▊ | 193/218 [00:06<00:00, 27.85it/s, loss=0.579]

Validation DataLoader 0:  56%|█████▋    | 31/55 [00:00<00:00, 31.74it/s][A
Epoch 0:  89%|████████▉ | 194/218 [00:06<00:00, 27.86it/s, loss=0.579]

Validation DataLoader 0:  58%|█████▊    | 32/55 [00:01<00:00, 31.70it/s][A
Epoch 0:  89%|████████▉ | 195/218 [00:06<00:00, 27.87it/s, loss=0.579]

Validation DataLoader 0:  60%|██████    | 33/55 [00:01<00:00, 31.67it/s][A
Epoch 0:  90%|████████▉ | 196/218 [00:07<00:00, 27.89it/s, loss=0.579]

Validation DataLoader 0:  62%|██████▏   | 34/55 [00:01<00:00, 31.65it/s][A
Epoch 0:  90%|█████████ | 197/218 [00:07<00:00, 27.90it/s, loss=0.579]

Validation DataLoader 0:  64%|██████▎   | 35/55 [00:01<00:00, 31.62it/s][A
Epoch 0:  91%|█████████ | 198/218 [00:07<00:00, 27.91it/s, loss=0.579]

Validation DataLoader 0:  65%|██████▌   | 36/55 [00:01<00:00, 31.59it/s][A
Epoch 0:  91%|█████████▏| 199/218 [00:07<00:00, 27.93it/s, loss=0.579]

Validation DataLoader 0:  67%|██████▋   | 37/55 [00:01<00:00, 31.50it/s][A
Epoch 0:  92%|█████████▏| 200/218 [00:07<00:00, 27.93it/s, loss=0.579]

Validation DataLoader 0:  69%|██████▉   | 38/55 [00:01<00:00, 31.47it/s][A
Epoch 0:  92%|█████████▏| 201/218 [00:07<00:00, 27.94it/s, loss=0.579]

Validation DataLoader 0:  71%|███████   | 39/55 [00:01<00:00, 31.45it/s][A
Epoch 0:  93%|█████████▎| 202/218 [00:07<00:00, 27.95it/s, loss=0.579]

Validation DataLoader 0:  73%|███████▎  | 40/55 [00:01<00:00, 31.42it/s][A
Epoch 0:  93%|█████████▎| 203/218 [00:07<00:00, 27.96it/s, loss=0.579]

Validation DataLoader 0:  75%|███████▍  | 41/55 [00:01<00:00, 31.39it/s][A
Epoch 0:  94%|█████████▎| 204/218 [00:07<00:00, 27.97it/s, loss=0.579]

Validation DataLoader 0:  76%|███████▋  | 42/55 [00:01<00:00, 31.37it/s][A
Epoch 0:  94%|█████████▍| 205/218 [00:07<00:00, 27.99it/s, loss=0.579]

Validation DataLoader 0:  78%|███████▊  | 43/55 [00:01<00:00, 31.36it/s][A
Epoch 0:  94%|█████████▍| 206/218 [00:07<00:00, 28.00it/s, loss=0.579]

Validation DataLoader 0:  80%|████████  | 44/55 [00:01<00:00, 31.35it/s][A
Epoch 0:  95%|█████████▍| 207/218 [00:07<00:00, 28.01it/s, loss=0.579]

Validation DataLoader 0:  82%|████████▏ | 45/55 [00:01<00:00, 31.34it/s][A
Epoch 0:  95%|█████████▌| 208/218 [00:07<00:00, 28.02it/s, loss=0.579]

Validation DataLoader 0:  84%|████████▎ | 46/55 [00:01<00:00, 31.30it/s][A
Epoch 0:  96%|█████████▌| 209/218 [00:07<00:00, 28.03it/s, loss=0.579]

Validation DataLoader 0:  85%|████████▌ | 47/55 [00:01<00:00, 31.29it/s][A
Epoch 0:  96%|█████████▋| 210/218 [00:07<00:00, 28.04it/s, loss=0.579]

Validation DataLoader 0:  87%|████████▋ | 48/55 [00:01<00:00, 31.28it/s][A
Epoch 0:  97%|█████████▋| 211/218 [00:07<00:00, 28.06it/s, loss=0.579]

Validation DataLoader 0:  89%|████████▉ | 49/55 [00:01<00:00, 31.27it/s][A
Epoch 0:  97%|█████████▋| 212/218 [00:07<00:00, 28.07it/s, loss=0.579]

Validation DataLoader 0:  91%|█████████ | 50/55 [00:01<00:00, 31.26it/s][A
Epoch 0:  98%|█████████▊| 213/218 [00:07<00:00, 28.08it/s, loss=0.579]

Validation DataLoader 0:  93%|█████████▎| 51/55 [00:01<00:00, 31.26it/s][A
Epoch 0:  98%|█████████▊| 214/218 [00:07<00:00, 28.09it/s, loss=0.579]

Validation DataLoader 0:  95%|█████████▍| 52/55 [00:01<00:00, 31.24it/s][A
Epoch 0:  99%|█████████▊| 215/218 [00:07<00:00, 28.10it/s, loss=0.579]

Validation DataLoader 0:  96%|█████████▋| 53/55 [00:01<00:00, 31.24it/s][A
Epoch 0:  99%|█████████▉| 216/218 [00:07<00:00, 28.11it/s, loss=0.579]

Validation DataLoader 0:  98%|█████████▊| 54/55 [00:01<00:00, 31.62it/s][A
Epoch 0: 100%|█████████▉| 217/218 [00:07<00:00, 28.20it/s, loss=0.579]

Validation DataLoader 0: 100%|██████████| 55/55 [00:01<00:00, 32.04it/s][A
Epoch 0: 100%|██████████| 218/218 [00:07<00:00, 28.30it/s, loss=0.579]
Epoch 0: 100%|██████████| 218/218 [00:07<00:00, 28.30it/s, loss=0.579, val/accuracy=0.687, val/loss=0.595]

                                                                        [A
Epoch 0: 100%|██████████| 218/218 [00:07<00:00, 28.29it/s, loss=0.579, val/accuracy=0.687, val/loss=0.595, train/accuracy=0.658, train/loss=0.615]Epoch 0, global step 163: 'val/accuracy' reached 0.68667 (best 0.68667), saving model to '/home/cxo147/hyena-dna/results/genomic_benchmark_human_enhancers_cohn_20251020_205809/checkpoints/val/accuracy.ckpt' as top 1

Epoch 0:   0%|          | 0/218 [00:00<?, ?it/s, loss=0.579, val/accuracy=0.687, val/loss=0.595, train/accuracy=0.658, train/loss=0.615]          
Epoch 1:   0%|          | 0/218 [00:00<?, ?it/s, loss=0.579, val/accuracy=0.687, val/loss=0.595, train/accuracy=0.658, train/loss=0.615]
Epoch 1:   0%|          | 1/218 [00:00<00:32,  6.59it/s, loss=0.579, val/accuracy=0.687, val/loss=0.595, train/accuracy=0.658, train/loss=0.615]
Epoch 1:   0%|          | 1/218 [00:00<00:33,  6.57it/s, loss=0.581, val/accuracy=0.687, val/loss=0.595, train/accuracy=0.658, train/loss=0.615]
Epoch 1:   1%|          | 2/218 [00:00<00:20, 10.70it/s, loss=0.581, val/accuracy=0.687, val/loss=0.595, train/accuracy=0.658, train/loss=0.615]
Epoch 1:   1%|          | 2/218 [00:00<00:20, 10.68it/s, loss=0.579, val/accuracy=0.687, val/loss=0.595, train/accuracy=0.658, train/loss=0.615]
Epoch 1:   1%|▏         | 3/218 [00:00<00:15, 13.55it/s, loss=0.579, val/accuracy=0.687, val/loss=0.595, train/accuracy=0.658, train/loss=0.615]
Epoch 1:   1%|▏         | 3/218 [00:00<00:15, 13.53it/s, loss=0.575, val/accuracy=0.687, val/loss=0.595, train/accuracy=0.658, train/loss=0.615]
Epoch 1:   2%|▏         | 4/218 [00:00<00:13, 15.63it/s, loss=0.575, val/accuracy=0.687, val/loss=0.595, train/accuracy=0.658, train/loss=0.615]
Epoch 1:   2%|▏         | 4/218 [00:00<00:13, 15.61it/s, loss=0.575, val/accuracy=0.687, val/loss=0.595, train/accuracy=0.658, train/loss=0.615]
Epoch 1:   2%|▏         | 5/218 [00:00<00:12, 17.22it/s, loss=0.575, val/accuracy=0.687, val/loss=0.595, train/accuracy=0.658, train/loss=0.615]
Epoch 1:   2%|▏         | 5/218 [00:00<00:12, 17.20it/s, loss=0.579, val/accuracy=0.687, val/loss=0.595, train/accuracy=0.658, train/loss=0.615]
Epoch 1:   3%|▎         | 6/218 [00:00<00:11, 18.46it/s, loss=0.579, val/accuracy=0.687, val/loss=0.595, train/accuracy=0.658, train/loss=0.615]
Epoch 1:   3%|▎         | 6/218 [00:00<00:11, 18.44it/s, loss=0.578, val/accuracy=0.687, val/loss=0.595, train/accuracy=0.658, train/loss=0.615]
Epoch 1:   3%|▎         | 7/218 [00:00<00:10, 19.46it/s, loss=0.578, val/accuracy=0.687, val/loss=0.595, train/accuracy=0.658, train/loss=0.615]
Epoch 1:   3%|▎         | 7/218 [00:00<00:10, 19.45it/s, loss=0.576, val/accuracy=0.687, val/loss=0.595, train/accuracy=0.658, train/loss=0.615]
Epoch 1:   4%|▎         | 8/218 [00:00<00:10, 20.29it/s, loss=0.576, val/accuracy=0.687, val/loss=0.595, train/accuracy=0.658, train/loss=0.615]
Epoch 1:   4%|▎         | 8/218 [00:00<00:10, 20.28it/s, loss=0.576, val/accuracy=0.687, val/loss=0.595, train/accuracy=0.658, train/loss=0.615]
Epoch 1:   4%|▍         | 9/218 [00:00<00:09, 20.99it/s, loss=0.576, val/accuracy=0.687, val/loss=0.595, train/accuracy=0.658, train/loss=0.615]
Epoch 1:   4%|▍         | 9/218 [00:00<00:09, 20.98it/s, loss=0.576, val/accuracy=0.687, val/loss=0.595, train/accuracy=0.658, train/loss=0.615]
Epoch 1:   5%|▍         | 10/218 [00:00<00:09, 21.60it/s, loss=0.576, val/accuracy=0.687, val/loss=0.595, train/accuracy=0.658, train/loss=0.615]
Epoch 1:   5%|▍         | 10/218 [00:00<00:09, 21.59it/s, loss=0.578, val/accuracy=0.687, val/loss=0.595, train/accuracy=0.658, train/loss=0.615]
Epoch 1:   5%|▌         | 11/218 [00:00<00:09, 22.12it/s, loss=0.578, val/accuracy=0.687, val/loss=0.595, train/accuracy=0.658, train/loss=0.615]
Epoch 1:   5%|▌         | 11/218 [00:00<00:09, 22.11it/s, loss=0.58, val/accuracy=0.687, val/loss=0.595, train/accuracy=0.658, train/loss=0.615] 
Epoch 1:   6%|▌         | 12/218 [00:00<00:09, 22.57it/s, loss=0.58, val/accuracy=0.687, val/loss=0.595, train/accuracy=0.658, train/loss=0.615]
Epoch 1:   6%|▌         | 12/218 [00:00<00:09, 22.56it/s, loss=0.577, val/accuracy=0.687, val/loss=0.595, train/accuracy=0.658, train/loss=0.615]
Epoch 1:   6%|▌         | 13/218 [00:00<00:08, 22.97it/s, loss=0.577, val/accuracy=0.687, val/loss=0.595, train/accuracy=0.658, train/loss=0.615]
Epoch 1:   6%|▌         | 13/218 [00:00<00:08, 22.96it/s, loss=0.575, val/accuracy=0.687, val/loss=0.595, train/accuracy=0.658, train/loss=0.615]
Epoch 1:   6%|▋         | 14/218 [00:00<00:08, 23.33it/s, loss=0.575, val/accuracy=0.687, val/loss=0.595, train/accuracy=0.658, train/loss=0.615]
Epoch 1:   6%|▋         | 14/218 [00:00<00:08, 23.32it/s, loss=0.582, val/accuracy=0.687, val/loss=0.595, train/accuracy=0.658, train/loss=0.615]
Epoch 1:   7%|▋         | 15/218 [00:00<00:08, 23.65it/s, loss=0.582, val/accuracy=0.687, val/loss=0.595, train/accuracy=0.658, train/loss=0.615]
Epoch 1:   7%|▋         | 15/218 [00:00<00:08, 23.64it/s, loss=0.585, val/accuracy=0.687, val/loss=0.595, train/accuracy=0.658, train/loss=0.615]
Epoch 1:   7%|▋         | 16/218 [00:00<00:08, 23.93it/s, loss=0.585, val/accuracy=0.687, val/loss=0.595, train/accuracy=0.658, train/loss=0.615]
Epoch 1:   7%|▋         | 16/218 [00:00<00:08, 23.92it/s, loss=0.585, val/accuracy=0.687, val/loss=0.595, train/accuracy=0.658, train/loss=0.615]
Epoch 1:   8%|▊         | 17/218 [00:00<00:08, 24.19it/s, loss=0.585, val/accuracy=0.687, val/loss=0.595, train/accuracy=0.658, train/loss=0.615]
Epoch 1:   8%|▊         | 17/218 [00:00<00:08, 24.18it/s, loss=0.576, val/accuracy=0.687, val/loss=0.595, train/accuracy=0.658, train/loss=0.615]
Epoch 1:   8%|▊         | 18/218 [00:00<00:08, 24.42it/s, loss=0.576, val/accuracy=0.687, val/loss=0.595, train/accuracy=0.658, train/loss=0.615]
Epoch 1:   8%|▊         | 18/218 [00:00<00:08, 24.41it/s, loss=0.575, val/accuracy=0.687, val/loss=0.595, train/accuracy=0.658, train/loss=0.615]
Epoch 1:   9%|▊         | 19/218 [00:00<00:08, 24.63it/s, loss=0.575, val/accuracy=0.687, val/loss=0.595, train/accuracy=0.658, train/loss=0.615]
Epoch 1:   9%|▊         | 19/218 [00:00<00:08, 24.62it/s, loss=0.576, val/accuracy=0.687, val/loss=0.595, train/accuracy=0.658, train/loss=0.615]
Epoch 1:   9%|▉         | 20/218 [00:00<00:07, 24.81it/s, loss=0.576, val/accuracy=0.687, val/loss=0.595, train/accuracy=0.658, train/loss=0.615]
Epoch 1:   9%|▉         | 20/218 [00:00<00:07, 24.81it/s, loss=0.572, val/accuracy=0.687, val/loss=0.595, train/accuracy=0.658, train/loss=0.615]
Epoch 1:  10%|▉         | 21/218 [00:00<00:07, 24.99it/s, loss=0.572, val/accuracy=0.687, val/loss=0.595, train/accuracy=0.658, train/loss=0.615]
Epoch 1:  10%|▉         | 21/218 [00:00<00:07, 24.98it/s, loss=0.57, val/accuracy=0.687, val/loss=0.595, train/accuracy=0.658, train/loss=0.615] 
Epoch 1:  10%|█         | 22/218 [00:00<00:07, 25.15it/s, loss=0.57, val/accuracy=0.687, val/loss=0.595, train/accuracy=0.658, train/loss=0.615]
Epoch 1:  10%|█         | 22/218 [00:00<00:07, 25.14it/s, loss=0.574, val/accuracy=0.687, val/loss=0.595, train/accuracy=0.658, train/loss=0.615]
Epoch 1:  11%|█         | 23/218 [00:00<00:07, 25.29it/s, loss=0.574, val/accuracy=0.687, val/loss=0.595, train/accuracy=0.658, train/loss=0.615]
Epoch 1:  11%|█         | 23/218 [00:00<00:07, 25.29it/s, loss=0.579, val/accuracy=0.687, val/loss=0.595, train/accuracy=0.658, train/loss=0.615]
Epoch 1:  11%|█         | 24/218 [00:00<00:07, 25.43it/s, loss=0.579, val/accuracy=0.687, val/loss=0.595, train/accuracy=0.658, train/loss=0.615]
Epoch 1:  11%|█         | 24/218 [00:00<00:07, 25.43it/s, loss=0.577, val/accuracy=0.687, val/loss=0.595, train/accuracy=0.658, train/loss=0.615]
Epoch 1:  11%|█▏        | 25/218 [00:00<00:07, 25.56it/s, loss=0.577, val/accuracy=0.687, val/loss=0.595, train/accuracy=0.658, train/loss=0.615]
Epoch 1:  11%|█▏        | 25/218 [00:00<00:07, 25.55it/s, loss=0.574, val/accuracy=0.687, val/loss=0.595, train/accuracy=0.658, train/loss=0.615]
Epoch 1:  12%|█▏        | 26/218 [00:01<00:07, 25.68it/s, loss=0.574, val/accuracy=0.687, val/loss=0.595, train/accuracy=0.658, train/loss=0.615]
Epoch 1:  12%|█▏        | 26/218 [00:01<00:07, 25.67it/s, loss=0.573, val/accuracy=0.687, val/loss=0.595, train/accuracy=0.658, train/loss=0.615]
Epoch 1:  12%|█▏        | 27/218 [00:01<00:07, 25.79it/s, loss=0.573, val/accuracy=0.687, val/loss=0.595, train/accuracy=0.658, train/loss=0.615]
Epoch 1:  12%|█▏        | 27/218 [00:01<00:07, 25.79it/s, loss=0.573, val/accuracy=0.687, val/loss=0.595, train/accuracy=0.658, train/loss=0.615]
Epoch 1:  13%|█▎        | 28/218 [00:01<00:07, 25.89it/s, loss=0.573, val/accuracy=0.687, val/loss=0.595, train/accuracy=0.658, train/loss=0.615]
Epoch 1:  13%|█▎        | 28/218 [00:01<00:07, 25.89it/s, loss=0.574, val/accuracy=0.687, val/loss=0.595, train/accuracy=0.658, train/loss=0.615]
Epoch 1:  13%|█▎        | 29/218 [00:01<00:07, 26.00it/s, loss=0.574, val/accuracy=0.687, val/loss=0.595, train/accuracy=0.658, train/loss=0.615]
Epoch 1:  13%|█▎        | 29/218 [00:01<00:07, 25.99it/s, loss=0.575, val/accuracy=0.687, val/loss=0.595, train/accuracy=0.658, train/loss=0.615]
Epoch 1:  14%|█▍        | 30/218 [00:01<00:07, 26.09it/s, loss=0.575, val/accuracy=0.687, val/loss=0.595, train/accuracy=0.658, train/loss=0.615]
Epoch 1:  14%|█▍        | 30/218 [00:01<00:07, 26.08it/s, loss=0.573, val/accuracy=0.687, val/loss=0.595, train/accuracy=0.658, train/loss=0.615]
Epoch 1:  14%|█▍        | 31/218 [00:01<00:07, 26.18it/s, loss=0.573, val/accuracy=0.687, val/loss=0.595, train/accuracy=0.658, train/loss=0.615]
Epoch 1:  14%|█▍        | 31/218 [00:01<00:07, 26.17it/s, loss=0.573, val/accuracy=0.687, val/loss=0.595, train/accuracy=0.658, train/loss=0.615]
Epoch 1:  15%|█▍        | 32/218 [00:01<00:07, 26.25it/s, loss=0.573, val/accuracy=0.687, val/loss=0.595, train/accuracy=0.658, train/loss=0.615]
Epoch 1:  15%|█▍        | 32/218 [00:01<00:07, 26.25it/s, loss=0.576, val/accuracy=0.687, val/loss=0.595, train/accuracy=0.658, train/loss=0.615]
Epoch 1:  15%|█▌        | 33/218 [00:01<00:07, 26.33it/s, loss=0.576, val/accuracy=0.687, val/loss=0.595, train/accuracy=0.658, train/loss=0.615]
Epoch 1:  15%|█▌        | 33/218 [00:01<00:07, 26.33it/s, loss=0.576, val/accuracy=0.687, val/loss=0.595, train/accuracy=0.658, train/loss=0.615]
Epoch 1:  16%|█▌        | 34/218 [00:01<00:06, 26.41it/s, loss=0.576, val/accuracy=0.687, val/loss=0.595, train/accuracy=0.658, train/loss=0.615]
Epoch 1:  16%|█▌        | 34/218 [00:01<00:06, 26.40it/s, loss=0.568, val/accuracy=0.687, val/loss=0.595, train/accuracy=0.658, train/loss=0.615]
Epoch 1:  16%|█▌        | 35/218 [00:01<00:06, 26.48it/s, loss=0.568, val/accuracy=0.687, val/loss=0.595, train/accuracy=0.658, train/loss=0.615]
Epoch 1:  16%|█▌        | 35/218 [00:01<00:06, 26.47it/s, loss=0.565, val/accuracy=0.687, val/loss=0.595, train/accuracy=0.658, train/loss=0.615]
Epoch 1:  17%|█▋        | 36/218 [00:01<00:06, 26.54it/s, loss=0.565, val/accuracy=0.687, val/loss=0.595, train/accuracy=0.658, train/loss=0.615]
Epoch 1:  17%|█▋        | 36/218 [00:01<00:06, 26.54it/s, loss=0.566, val/accuracy=0.687, val/loss=0.595, train/accuracy=0.658, train/loss=0.615]
Epoch 1:  17%|█▋        | 37/218 [00:01<00:06, 26.60it/s, loss=0.566, val/accuracy=0.687, val/loss=0.595, train/accuracy=0.658, train/loss=0.615]
Epoch 1:  17%|█▋        | 37/218 [00:01<00:06, 26.59it/s, loss=0.566, val/accuracy=0.687, val/loss=0.595, train/accuracy=0.658, train/loss=0.615]
Epoch 1:  17%|█▋        | 38/218 [00:01<00:06, 26.66it/s, loss=0.566, val/accuracy=0.687, val/loss=0.595, train/accuracy=0.658, train/loss=0.615]
Epoch 1:  17%|█▋        | 38/218 [00:01<00:06, 26.66it/s, loss=0.568, val/accuracy=0.687, val/loss=0.595, train/accuracy=0.658, train/loss=0.615]
Epoch 1:  18%|█▊        | 39/218 [00:01<00:06, 26.72it/s, loss=0.568, val/accuracy=0.687, val/loss=0.595, train/accuracy=0.658, train/loss=0.615]
Epoch 1:  18%|█▊        | 39/218 [00:01<00:06, 26.71it/s, loss=0.566, val/accuracy=0.687, val/loss=0.595, train/accuracy=0.658, train/loss=0.615]
Epoch 1:  18%|█▊        | 40/218 [00:01<00:06, 26.77it/s, loss=0.566, val/accuracy=0.687, val/loss=0.595, train/accuracy=0.658, train/loss=0.615]
Epoch 1:  18%|█▊        | 40/218 [00:01<00:06, 26.77it/s, loss=0.567, val/accuracy=0.687, val/loss=0.595, train/accuracy=0.658, train/loss=0.615]
Epoch 1:  19%|█▉        | 41/218 [00:01<00:06, 26.82it/s, loss=0.567, val/accuracy=0.687, val/loss=0.595, train/accuracy=0.658, train/loss=0.615]
Epoch 1:  19%|█▉        | 41/218 [00:01<00:06, 26.82it/s, loss=0.564, val/accuracy=0.687, val/loss=0.595, train/accuracy=0.658, train/loss=0.615]
Epoch 1:  19%|█▉        | 42/218 [00:01<00:06, 26.87it/s, loss=0.564, val/accuracy=0.687, val/loss=0.595, train/accuracy=0.658, train/loss=0.615]
Epoch 1:  19%|█▉        | 42/218 [00:01<00:06, 26.87it/s, loss=0.563, val/accuracy=0.687, val/loss=0.595, train/accuracy=0.658, train/loss=0.615]
Epoch 1:  20%|█▉        | 43/218 [00:01<00:06, 26.92it/s, loss=0.563, val/accuracy=0.687, val/loss=0.595, train/accuracy=0.658, train/loss=0.615]
Epoch 1:  20%|█▉        | 43/218 [00:01<00:06, 26.92it/s, loss=0.559, val/accuracy=0.687, val/loss=0.595, train/accuracy=0.658, train/loss=0.615]
Epoch 1:  20%|██        | 44/218 [00:01<00:06, 26.97it/s, loss=0.559, val/accuracy=0.687, val/loss=0.595, train/accuracy=0.658, train/loss=0.615]
Epoch 1:  20%|██        | 44/218 [00:01<00:06, 26.96it/s, loss=0.561, val/accuracy=0.687, val/loss=0.595, train/accuracy=0.658, train/loss=0.615]
Epoch 1:  21%|██        | 45/218 [00:01<00:06, 27.01it/s, loss=0.561, val/accuracy=0.687, val/loss=0.595, train/accuracy=0.658, train/loss=0.615]
Epoch 1:  21%|██        | 45/218 [00:01<00:06, 27.01it/s, loss=0.564, val/accuracy=0.687, val/loss=0.595, train/accuracy=0.658, train/loss=0.615]
Epoch 1:  21%|██        | 46/218 [00:01<00:06, 27.06it/s, loss=0.564, val/accuracy=0.687, val/loss=0.595, train/accuracy=0.658, train/loss=0.615]
Epoch 1:  21%|██        | 46/218 [00:01<00:06, 27.05it/s, loss=0.559, val/accuracy=0.687, val/loss=0.595, train/accuracy=0.658, train/loss=0.615]
Epoch 1:  22%|██▏       | 47/218 [00:01<00:06, 27.10it/s, loss=0.559, val/accuracy=0.687, val/loss=0.595, train/accuracy=0.658, train/loss=0.615]
Epoch 1:  22%|██▏       | 47/218 [00:01<00:06, 27.09it/s, loss=0.56, val/accuracy=0.687, val/loss=0.595, train/accuracy=0.658, train/loss=0.615] 
Epoch 1:  22%|██▏       | 48/218 [00:01<00:06, 27.13it/s, loss=0.56, val/accuracy=0.687, val/loss=0.595, train/accuracy=0.658, train/loss=0.615]
Epoch 1:  22%|██▏       | 48/218 [00:01<00:06, 27.13it/s, loss=0.56, val/accuracy=0.687, val/loss=0.595, train/accuracy=0.658, train/loss=0.615]
Epoch 1:  22%|██▏       | 49/218 [00:01<00:06, 27.17it/s, loss=0.56, val/accuracy=0.687, val/loss=0.595, train/accuracy=0.658, train/loss=0.615]
Epoch 1:  22%|██▏       | 49/218 [00:01<00:06, 27.17it/s, loss=0.56, val/accuracy=0.687, val/loss=0.595, train/accuracy=0.658, train/loss=0.615]
Epoch 1:  23%|██▎       | 50/218 [00:01<00:06, 27.21it/s, loss=0.56, val/accuracy=0.687, val/loss=0.595, train/accuracy=0.658, train/loss=0.615]
Epoch 1:  23%|██▎       | 50/218 [00:01<00:06, 27.21it/s, loss=0.56, val/accuracy=0.687, val/loss=0.595, train/accuracy=0.658, train/loss=0.615]
Epoch 1:  23%|██▎       | 51/218 [00:01<00:06, 27.24it/s, loss=0.56, val/accuracy=0.687, val/loss=0.595, train/accuracy=0.658, train/loss=0.615]
Epoch 1:  23%|██▎       | 51/218 [00:01<00:06, 27.24it/s, loss=0.556, val/accuracy=0.687, val/loss=0.595, train/accuracy=0.658, train/loss=0.615]
Epoch 1:  24%|██▍       | 52/218 [00:01<00:06, 27.28it/s, loss=0.556, val/accuracy=0.687, val/loss=0.595, train/accuracy=0.658, train/loss=0.615]
Epoch 1:  24%|██▍       | 52/218 [00:01<00:06, 27.27it/s, loss=0.555, val/accuracy=0.687, val/loss=0.595, train/accuracy=0.658, train/loss=0.615]
Epoch 1:  24%|██▍       | 53/218 [00:01<00:06, 27.31it/s, loss=0.555, val/accuracy=0.687, val/loss=0.595, train/accuracy=0.658, train/loss=0.615]
Epoch 1:  24%|██▍       | 53/218 [00:01<00:06, 27.31it/s, loss=0.553, val/accuracy=0.687, val/loss=0.595, train/accuracy=0.658, train/loss=0.615]
Epoch 1:  25%|██▍       | 54/218 [00:01<00:05, 27.34it/s, loss=0.553, val/accuracy=0.687, val/loss=0.595, train/accuracy=0.658, train/loss=0.615]
Epoch 1:  25%|██▍       | 54/218 [00:01<00:05, 27.34it/s, loss=0.556, val/accuracy=0.687, val/loss=0.595, train/accuracy=0.658, train/loss=0.615]
Epoch 1:  25%|██▌       | 55/218 [00:02<00:05, 27.37it/s, loss=0.556, val/accuracy=0.687, val/loss=0.595, train/accuracy=0.658, train/loss=0.615]
Epoch 1:  25%|██▌       | 55/218 [00:02<00:05, 27.37it/s, loss=0.559, val/accuracy=0.687, val/loss=0.595, train/accuracy=0.658, train/loss=0.615]
Epoch 1:  26%|██▌       | 56/218 [00:02<00:05, 27.40it/s, loss=0.559, val/accuracy=0.687, val/loss=0.595, train/accuracy=0.658, train/loss=0.615]
Epoch 1:  26%|██▌       | 56/218 [00:02<00:05, 27.39it/s, loss=0.557, val/accuracy=0.687, val/loss=0.595, train/accuracy=0.658, train/loss=0.615]
Epoch 1:  26%|██▌       | 57/218 [00:02<00:05, 27.43it/s, loss=0.557, val/accuracy=0.687, val/loss=0.595, train/accuracy=0.658, train/loss=0.615]
Epoch 1:  26%|██▌       | 57/218 [00:02<00:05, 27.42it/s, loss=0.56, val/accuracy=0.687, val/loss=0.595, train/accuracy=0.658, train/loss=0.615] 
Epoch 1:  27%|██▋       | 58/218 [00:02<00:05, 27.45it/s, loss=0.56, val/accuracy=0.687, val/loss=0.595, train/accuracy=0.658, train/loss=0.615]
Epoch 1:  27%|██▋       | 58/218 [00:02<00:05, 27.45it/s, loss=0.561, val/accuracy=0.687, val/loss=0.595, train/accuracy=0.658, train/loss=0.615]
Epoch 1:  27%|██▋       | 59/218 [00:02<00:05, 27.48it/s, loss=0.561, val/accuracy=0.687, val/loss=0.595, train/accuracy=0.658, train/loss=0.615]
Epoch 1:  27%|██▋       | 59/218 [00:02<00:05, 27.47it/s, loss=0.56, val/accuracy=0.687, val/loss=0.595, train/accuracy=0.658, train/loss=0.615] 
Epoch 1:  28%|██▊       | 60/218 [00:02<00:05, 27.50it/s, loss=0.56, val/accuracy=0.687, val/loss=0.595, train/accuracy=0.658, train/loss=0.615]
Epoch 1:  28%|██▊       | 60/218 [00:02<00:05, 27.50it/s, loss=0.564, val/accuracy=0.687, val/loss=0.595, train/accuracy=0.658, train/loss=0.615]
Epoch 1:  28%|██▊       | 61/218 [00:02<00:05, 27.53it/s, loss=0.564, val/accuracy=0.687, val/loss=0.595, train/accuracy=0.658, train/loss=0.615]
Epoch 1:  28%|██▊       | 61/218 [00:02<00:05, 27.52it/s, loss=0.567, val/accuracy=0.687, val/loss=0.595, train/accuracy=0.658, train/loss=0.615]
Epoch 1:  28%|██▊       | 62/218 [00:02<00:05, 27.55it/s, loss=0.567, val/accuracy=0.687, val/loss=0.595, train/accuracy=0.658, train/loss=0.615]
Epoch 1:  28%|██▊       | 62/218 [00:02<00:05, 27.55it/s, loss=0.566, val/accuracy=0.687, val/loss=0.595, train/accuracy=0.658, train/loss=0.615]
Epoch 1:  29%|██▉       | 63/218 [00:02<00:05, 27.57it/s, loss=0.566, val/accuracy=0.687, val/loss=0.595, train/accuracy=0.658, train/loss=0.615]
Epoch 1:  29%|██▉       | 63/218 [00:02<00:05, 27.57it/s, loss=0.566, val/accuracy=0.687, val/loss=0.595, train/accuracy=0.658, train/loss=0.615]
Epoch 1:  29%|██▉       | 64/218 [00:02<00:05, 27.59it/s, loss=0.566, val/accuracy=0.687, val/loss=0.595, train/accuracy=0.658, train/loss=0.615]
Epoch 1:  29%|██▉       | 64/218 [00:02<00:05, 27.59it/s, loss=0.564, val/accuracy=0.687, val/loss=0.595, train/accuracy=0.658, train/loss=0.615]
Epoch 1:  30%|██▉       | 65/218 [00:02<00:05, 27.61it/s, loss=0.564, val/accuracy=0.687, val/loss=0.595, train/accuracy=0.658, train/loss=0.615]
Epoch 1:  30%|██▉       | 65/218 [00:02<00:05, 27.61it/s, loss=0.562, val/accuracy=0.687, val/loss=0.595, train/accuracy=0.658, train/loss=0.615]
Epoch 1:  30%|███       | 66/218 [00:02<00:05, 27.63it/s, loss=0.562, val/accuracy=0.687, val/loss=0.595, train/accuracy=0.658, train/loss=0.615]
Epoch 1:  30%|███       | 66/218 [00:02<00:05, 27.63it/s, loss=0.567, val/accuracy=0.687, val/loss=0.595, train/accuracy=0.658, train/loss=0.615]
Epoch 1:  31%|███       | 67/218 [00:02<00:05, 27.65it/s, loss=0.567, val/accuracy=0.687, val/loss=0.595, train/accuracy=0.658, train/loss=0.615]
Epoch 1:  31%|███       | 67/218 [00:02<00:05, 27.65it/s, loss=0.565, val/accuracy=0.687, val/loss=0.595, train/accuracy=0.658, train/loss=0.615]
Epoch 1:  31%|███       | 68/218 [00:02<00:05, 27.67it/s, loss=0.565, val/accuracy=0.687, val/loss=0.595, train/accuracy=0.658, train/loss=0.615]
Epoch 1:  31%|███       | 68/218 [00:02<00:05, 27.67it/s, loss=0.562, val/accuracy=0.687, val/loss=0.595, train/accuracy=0.658, train/loss=0.615]
Epoch 1:  32%|███▏      | 69/218 [00:02<00:05, 27.69it/s, loss=0.562, val/accuracy=0.687, val/loss=0.595, train/accuracy=0.658, train/loss=0.615]
Epoch 1:  32%|███▏      | 69/218 [00:02<00:05, 27.69it/s, loss=0.562, val/accuracy=0.687, val/loss=0.595, train/accuracy=0.658, train/loss=0.615]
Epoch 1:  32%|███▏      | 70/218 [00:02<00:05, 27.71it/s, loss=0.562, val/accuracy=0.687, val/loss=0.595, train/accuracy=0.658, train/loss=0.615]
Epoch 1:  32%|███▏      | 70/218 [00:02<00:05, 27.71it/s, loss=0.565, val/accuracy=0.687, val/loss=0.595, train/accuracy=0.658, train/loss=0.615]
Epoch 1:  33%|███▎      | 71/218 [00:02<00:05, 27.73it/s, loss=0.565, val/accuracy=0.687, val/loss=0.595, train/accuracy=0.658, train/loss=0.615]
Epoch 1:  33%|███▎      | 71/218 [00:02<00:05, 27.73it/s, loss=0.569, val/accuracy=0.687, val/loss=0.595, train/accuracy=0.658, train/loss=0.615]
Epoch 1:  33%|███▎      | 72/218 [00:02<00:05, 27.75it/s, loss=0.569, val/accuracy=0.687, val/loss=0.595, train/accuracy=0.658, train/loss=0.615]
Epoch 1:  33%|███▎      | 72/218 [00:02<00:05, 27.75it/s, loss=0.574, val/accuracy=0.687, val/loss=0.595, train/accuracy=0.658, train/loss=0.615]
Epoch 1:  33%|███▎      | 73/218 [00:02<00:05, 27.77it/s, loss=0.574, val/accuracy=0.687, val/loss=0.595, train/accuracy=0.658, train/loss=0.615]
Epoch 1:  33%|███▎      | 73/218 [00:02<00:05, 27.76it/s, loss=0.57, val/accuracy=0.687, val/loss=0.595, train/accuracy=0.658, train/loss=0.615] 
Epoch 1:  34%|███▍      | 74/218 [00:02<00:05, 27.78it/s, loss=0.57, val/accuracy=0.687, val/loss=0.595, train/accuracy=0.658, train/loss=0.615]
Epoch 1:  34%|███▍      | 74/218 [00:02<00:05, 27.78it/s, loss=0.575, val/accuracy=0.687, val/loss=0.595, train/accuracy=0.658, train/loss=0.615]
Epoch 1:  34%|███▍      | 75/218 [00:02<00:05, 27.80it/s, loss=0.575, val/accuracy=0.687, val/loss=0.595, train/accuracy=0.658, train/loss=0.615]
Epoch 1:  34%|███▍      | 75/218 [00:02<00:05, 27.80it/s, loss=0.575, val/accuracy=0.687, val/loss=0.595, train/accuracy=0.658, train/loss=0.615]
Epoch 1:  35%|███▍      | 76/218 [00:02<00:05, 27.81it/s, loss=0.575, val/accuracy=0.687, val/loss=0.595, train/accuracy=0.658, train/loss=0.615]
Epoch 1:  35%|███▍      | 76/218 [00:02<00:05, 27.81it/s, loss=0.577, val/accuracy=0.687, val/loss=0.595, train/accuracy=0.658, train/loss=0.615]
Epoch 1:  35%|███▌      | 77/218 [00:02<00:05, 27.83it/s, loss=0.577, val/accuracy=0.687, val/loss=0.595, train/accuracy=0.658, train/loss=0.615]
Epoch 1:  35%|███▌      | 77/218 [00:02<00:05, 27.83it/s, loss=0.577, val/accuracy=0.687, val/loss=0.595, train/accuracy=0.658, train/loss=0.615]
Epoch 1:  36%|███▌      | 78/218 [00:02<00:05, 27.85it/s, loss=0.577, val/accuracy=0.687, val/loss=0.595, train/accuracy=0.658, train/loss=0.615]
Epoch 1:  36%|███▌      | 78/218 [00:02<00:05, 27.84it/s, loss=0.576, val/accuracy=0.687, val/loss=0.595, train/accuracy=0.658, train/loss=0.615]
Epoch 1:  36%|███▌      | 79/218 [00:02<00:04, 27.86it/s, loss=0.576, val/accuracy=0.687, val/loss=0.595, train/accuracy=0.658, train/loss=0.615]
Epoch 1:  36%|███▌      | 79/218 [00:02<00:04, 27.86it/s, loss=0.574, val/accuracy=0.687, val/loss=0.595, train/accuracy=0.658, train/loss=0.615]
Epoch 1:  37%|███▋      | 80/218 [00:02<00:04, 27.88it/s, loss=0.574, val/accuracy=0.687, val/loss=0.595, train/accuracy=0.658, train/loss=0.615]
Epoch 1:  37%|███▋      | 80/218 [00:02<00:04, 27.87it/s, loss=0.574, val/accuracy=0.687, val/loss=0.595, train/accuracy=0.658, train/loss=0.615]
Epoch 1:  37%|███▋      | 81/218 [00:02<00:04, 27.89it/s, loss=0.574, val/accuracy=0.687, val/loss=0.595, train/accuracy=0.658, train/loss=0.615]
Epoch 1:  37%|███▋      | 81/218 [00:02<00:04, 27.89it/s, loss=0.574, val/accuracy=0.687, val/loss=0.595, train/accuracy=0.658, train/loss=0.615]
Epoch 1:  38%|███▊      | 82/218 [00:02<00:04, 27.90it/s, loss=0.574, val/accuracy=0.687, val/loss=0.595, train/accuracy=0.658, train/loss=0.615]
Epoch 1:  38%|███▊      | 82/218 [00:02<00:04, 27.90it/s, loss=0.572, val/accuracy=0.687, val/loss=0.595, train/accuracy=0.658, train/loss=0.615]
Epoch 1:  38%|███▊      | 83/218 [00:02<00:04, 27.92it/s, loss=0.572, val/accuracy=0.687, val/loss=0.595, train/accuracy=0.658, train/loss=0.615]
Epoch 1:  38%|███▊      | 83/218 [00:02<00:04, 27.92it/s, loss=0.572, val/accuracy=0.687, val/loss=0.595, train/accuracy=0.658, train/loss=0.615]
Epoch 1:  39%|███▊      | 84/218 [00:03<00:04, 27.93it/s, loss=0.572, val/accuracy=0.687, val/loss=0.595, train/accuracy=0.658, train/loss=0.615]
Epoch 1:  39%|███▊      | 84/218 [00:03<00:04, 27.93it/s, loss=0.573, val/accuracy=0.687, val/loss=0.595, train/accuracy=0.658, train/loss=0.615]
Epoch 1:  39%|███▉      | 85/218 [00:03<00:04, 27.94it/s, loss=0.573, val/accuracy=0.687, val/loss=0.595, train/accuracy=0.658, train/loss=0.615]
Epoch 1:  39%|███▉      | 85/218 [00:03<00:04, 27.94it/s, loss=0.57, val/accuracy=0.687, val/loss=0.595, train/accuracy=0.658, train/loss=0.615] 
Epoch 1:  39%|███▉      | 86/218 [00:03<00:04, 27.96it/s, loss=0.57, val/accuracy=0.687, val/loss=0.595, train/accuracy=0.658, train/loss=0.615]
Epoch 1:  39%|███▉      | 86/218 [00:03<00:04, 27.96it/s, loss=0.567, val/accuracy=0.687, val/loss=0.595, train/accuracy=0.658, train/loss=0.615]
Epoch 1:  40%|███▉      | 87/218 [00:03<00:04, 27.97it/s, loss=0.567, val/accuracy=0.687, val/loss=0.595, train/accuracy=0.658, train/loss=0.615]
Epoch 1:  40%|███▉      | 87/218 [00:03<00:04, 27.97it/s, loss=0.569, val/accuracy=0.687, val/loss=0.595, train/accuracy=0.658, train/loss=0.615]
Epoch 1:  40%|████      | 88/218 [00:03<00:04, 27.98it/s, loss=0.569, val/accuracy=0.687, val/loss=0.595, train/accuracy=0.658, train/loss=0.615]
Epoch 1:  40%|████      | 88/218 [00:03<00:04, 27.98it/s, loss=0.572, val/accuracy=0.687, val/loss=0.595, train/accuracy=0.658, train/loss=0.615]
Epoch 1:  41%|████      | 89/218 [00:03<00:04, 28.00it/s, loss=0.572, val/accuracy=0.687, val/loss=0.595, train/accuracy=0.658, train/loss=0.615]
Epoch 1:  41%|████      | 89/218 [00:03<00:04, 27.99it/s, loss=0.575, val/accuracy=0.687, val/loss=0.595, train/accuracy=0.658, train/loss=0.615]
Epoch 1:  41%|████▏     | 90/218 [00:03<00:04, 28.01it/s, loss=0.575, val/accuracy=0.687, val/loss=0.595, train/accuracy=0.658, train/loss=0.615]
Epoch 1:  41%|████▏     | 90/218 [00:03<00:04, 28.01it/s, loss=0.573, val/accuracy=0.687, val/loss=0.595, train/accuracy=0.658, train/loss=0.615]
Epoch 1:  42%|████▏     | 91/218 [00:03<00:04, 28.02it/s, loss=0.573, val/accuracy=0.687, val/loss=0.595, train/accuracy=0.658, train/loss=0.615]
Epoch 1:  42%|████▏     | 91/218 [00:03<00:04, 28.02it/s, loss=0.572, val/accuracy=0.687, val/loss=0.595, train/accuracy=0.658, train/loss=0.615]
Epoch 1:  42%|████▏     | 92/218 [00:03<00:04, 28.03it/s, loss=0.572, val/accuracy=0.687, val/loss=0.595, train/accuracy=0.658, train/loss=0.615]
Epoch 1:  42%|████▏     | 92/218 [00:03<00:04, 28.03it/s, loss=0.564, val/accuracy=0.687, val/loss=0.595, train/accuracy=0.658, train/loss=0.615]
Epoch 1:  43%|████▎     | 93/218 [00:03<00:04, 28.04it/s, loss=0.564, val/accuracy=0.687, val/loss=0.595, train/accuracy=0.658, train/loss=0.615]
Epoch 1:  43%|████▎     | 93/218 [00:03<00:04, 28.04it/s, loss=0.566, val/accuracy=0.687, val/loss=0.595, train/accuracy=0.658, train/loss=0.615]
Epoch 1:  43%|████▎     | 94/218 [00:03<00:04, 28.05it/s, loss=0.566, val/accuracy=0.687, val/loss=0.595, train/accuracy=0.658, train/loss=0.615]
Epoch 1:  43%|████▎     | 94/218 [00:03<00:04, 28.05it/s, loss=0.562, val/accuracy=0.687, val/loss=0.595, train/accuracy=0.658, train/loss=0.615]
Epoch 1:  44%|████▎     | 95/218 [00:03<00:04, 28.06it/s, loss=0.562, val/accuracy=0.687, val/loss=0.595, train/accuracy=0.658, train/loss=0.615]
Epoch 1:  44%|████▎     | 95/218 [00:03<00:04, 28.06it/s, loss=0.563, val/accuracy=0.687, val/loss=0.595, train/accuracy=0.658, train/loss=0.615]
Epoch 1:  44%|████▍     | 96/218 [00:03<00:04, 28.07it/s, loss=0.563, val/accuracy=0.687, val/loss=0.595, train/accuracy=0.658, train/loss=0.615]
Epoch 1:  44%|████▍     | 96/218 [00:03<00:04, 28.07it/s, loss=0.559, val/accuracy=0.687, val/loss=0.595, train/accuracy=0.658, train/loss=0.615]
Epoch 1:  44%|████▍     | 97/218 [00:03<00:04, 28.08it/s, loss=0.559, val/accuracy=0.687, val/loss=0.595, train/accuracy=0.658, train/loss=0.615]
Epoch 1:  44%|████▍     | 97/218 [00:03<00:04, 28.08it/s, loss=0.56, val/accuracy=0.687, val/loss=0.595, train/accuracy=0.658, train/loss=0.615] 
Epoch 1:  45%|████▍     | 98/218 [00:03<00:04, 28.09it/s, loss=0.56, val/accuracy=0.687, val/loss=0.595, train/accuracy=0.658, train/loss=0.615]
Epoch 1:  45%|████▍     | 98/218 [00:03<00:04, 28.09it/s, loss=0.559, val/accuracy=0.687, val/loss=0.595, train/accuracy=0.658, train/loss=0.615]
Epoch 1:  45%|████▌     | 99/218 [00:03<00:04, 28.10it/s, loss=0.559, val/accuracy=0.687, val/loss=0.595, train/accuracy=0.658, train/loss=0.615]
Epoch 1:  45%|████▌     | 99/218 [00:03<00:04, 28.10it/s, loss=0.559, val/accuracy=0.687, val/loss=0.595, train/accuracy=0.658, train/loss=0.615]
Epoch 1:  46%|████▌     | 100/218 [00:03<00:04, 28.11it/s, loss=0.559, val/accuracy=0.687, val/loss=0.595, train/accuracy=0.658, train/loss=0.615]
Epoch 1:  46%|████▌     | 100/218 [00:03<00:04, 28.11it/s, loss=0.558, val/accuracy=0.687, val/loss=0.595, train/accuracy=0.658, train/loss=0.615]
Epoch 1:  46%|████▋     | 101/218 [00:03<00:04, 28.12it/s, loss=0.558, val/accuracy=0.687, val/loss=0.595, train/accuracy=0.658, train/loss=0.615]
Epoch 1:  46%|████▋     | 101/218 [00:03<00:04, 28.12it/s, loss=0.555, val/accuracy=0.687, val/loss=0.595, train/accuracy=0.658, train/loss=0.615]
Epoch 1:  47%|████▋     | 102/218 [00:03<00:04, 28.13it/s, loss=0.555, val/accuracy=0.687, val/loss=0.595, train/accuracy=0.658, train/loss=0.615]
Epoch 1:  47%|████▋     | 102/218 [00:03<00:04, 28.13it/s, loss=0.555, val/accuracy=0.687, val/loss=0.595, train/accuracy=0.658, train/loss=0.615]
Epoch 1:  47%|████▋     | 103/218 [00:03<00:04, 28.14it/s, loss=0.555, val/accuracy=0.687, val/loss=0.595, train/accuracy=0.658, train/loss=0.615]
Epoch 1:  47%|████▋     | 103/218 [00:03<00:04, 28.14it/s, loss=0.556, val/accuracy=0.687, val/loss=0.595, train/accuracy=0.658, train/loss=0.615]
Epoch 1:  48%|████▊     | 104/218 [00:03<00:04, 28.15it/s, loss=0.556, val/accuracy=0.687, val/loss=0.595, train/accuracy=0.658, train/loss=0.615]
Epoch 1:  48%|████▊     | 104/218 [00:03<00:04, 28.15it/s, loss=0.552, val/accuracy=0.687, val/loss=0.595, train/accuracy=0.658, train/loss=0.615]
Epoch 1:  48%|████▊     | 105/218 [00:03<00:04, 28.16it/s, loss=0.552, val/accuracy=0.687, val/loss=0.595, train/accuracy=0.658, train/loss=0.615]
Epoch 1:  48%|████▊     | 105/218 [00:03<00:04, 28.15it/s, loss=0.553, val/accuracy=0.687, val/loss=0.595, train/accuracy=0.658, train/loss=0.615]
Epoch 1:  49%|████▊     | 106/218 [00:03<00:03, 28.17it/s, loss=0.553, val/accuracy=0.687, val/loss=0.595, train/accuracy=0.658, train/loss=0.615]
Epoch 1:  49%|████▊     | 106/218 [00:03<00:03, 28.16it/s, loss=0.555, val/accuracy=0.687, val/loss=0.595, train/accuracy=0.658, train/loss=0.615]
Epoch 1:  49%|████▉     | 107/218 [00:03<00:03, 28.17it/s, loss=0.555, val/accuracy=0.687, val/loss=0.595, train/accuracy=0.658, train/loss=0.615]
Epoch 1:  49%|████▉     | 107/218 [00:03<00:03, 28.17it/s, loss=0.555, val/accuracy=0.687, val/loss=0.595, train/accuracy=0.658, train/loss=0.615]
Epoch 1:  50%|████▉     | 108/218 [00:03<00:03, 28.18it/s, loss=0.555, val/accuracy=0.687, val/loss=0.595, train/accuracy=0.658, train/loss=0.615]
Epoch 1:  50%|████▉     | 108/218 [00:03<00:03, 28.18it/s, loss=0.555, val/accuracy=0.687, val/loss=0.595, train/accuracy=0.658, train/loss=0.615]
Epoch 1:  50%|█████     | 109/218 [00:03<00:03, 28.19it/s, loss=0.555, val/accuracy=0.687, val/loss=0.595, train/accuracy=0.658, train/loss=0.615]
Epoch 1:  50%|█████     | 109/218 [00:03<00:03, 28.19it/s, loss=0.551, val/accuracy=0.687, val/loss=0.595, train/accuracy=0.658, train/loss=0.615]
Epoch 1:  50%|█████     | 110/218 [00:03<00:03, 28.20it/s, loss=0.551, val/accuracy=0.687, val/loss=0.595, train/accuracy=0.658, train/loss=0.615]
Epoch 1:  50%|█████     | 110/218 [00:03<00:03, 28.20it/s, loss=0.55, val/accuracy=0.687, val/loss=0.595, train/accuracy=0.658, train/loss=0.615] 
Epoch 1:  51%|█████     | 111/218 [00:03<00:03, 28.20it/s, loss=0.55, val/accuracy=0.687, val/loss=0.595, train/accuracy=0.658, train/loss=0.615]
Epoch 1:  51%|█████     | 111/218 [00:03<00:03, 28.20it/s, loss=0.55, val/accuracy=0.687, val/loss=0.595, train/accuracy=0.658, train/loss=0.615]
Epoch 1:  51%|█████▏    | 112/218 [00:03<00:03, 28.21it/s, loss=0.55, val/accuracy=0.687, val/loss=0.595, train/accuracy=0.658, train/loss=0.615]
Epoch 1:  51%|█████▏    | 112/218 [00:03<00:03, 28.21it/s, loss=0.553, val/accuracy=0.687, val/loss=0.595, train/accuracy=0.658, train/loss=0.615]
Epoch 1:  52%|█████▏    | 113/218 [00:04<00:03, 28.22it/s, loss=0.553, val/accuracy=0.687, val/loss=0.595, train/accuracy=0.658, train/loss=0.615]
Epoch 1:  52%|█████▏    | 113/218 [00:04<00:03, 28.22it/s, loss=0.556, val/accuracy=0.687, val/loss=0.595, train/accuracy=0.658, train/loss=0.615]
Epoch 1:  52%|█████▏    | 114/218 [00:04<00:03, 28.23it/s, loss=0.556, val/accuracy=0.687, val/loss=0.595, train/accuracy=0.658, train/loss=0.615]
Epoch 1:  52%|█████▏    | 114/218 [00:04<00:03, 28.23it/s, loss=0.553, val/accuracy=0.687, val/loss=0.595, train/accuracy=0.658, train/loss=0.615]
Epoch 1:  53%|█████▎    | 115/218 [00:04<00:03, 28.23it/s, loss=0.553, val/accuracy=0.687, val/loss=0.595, train/accuracy=0.658, train/loss=0.615]
Epoch 1:  53%|█████▎    | 115/218 [00:04<00:03, 28.23it/s, loss=0.549, val/accuracy=0.687, val/loss=0.595, train/accuracy=0.658, train/loss=0.615]
Epoch 1:  53%|█████▎    | 116/218 [00:04<00:03, 28.24it/s, loss=0.549, val/accuracy=0.687, val/loss=0.595, train/accuracy=0.658, train/loss=0.615]
Epoch 1:  53%|█████▎    | 116/218 [00:04<00:03, 28.24it/s, loss=0.55, val/accuracy=0.687, val/loss=0.595, train/accuracy=0.658, train/loss=0.615] 
Epoch 1:  54%|█████▎    | 117/218 [00:04<00:03, 28.25it/s, loss=0.55, val/accuracy=0.687, val/loss=0.595, train/accuracy=0.658, train/loss=0.615]
Epoch 1:  54%|█████▎    | 117/218 [00:04<00:03, 28.25it/s, loss=0.551, val/accuracy=0.687, val/loss=0.595, train/accuracy=0.658, train/loss=0.615]
Epoch 1:  54%|█████▍    | 118/218 [00:04<00:03, 28.25it/s, loss=0.551, val/accuracy=0.687, val/loss=0.595, train/accuracy=0.658, train/loss=0.615]
Epoch 1:  54%|█████▍    | 118/218 [00:04<00:03, 28.25it/s, loss=0.553, val/accuracy=0.687, val/loss=0.595, train/accuracy=0.658, train/loss=0.615]
Epoch 1:  55%|█████▍    | 119/218 [00:04<00:03, 28.26it/s, loss=0.553, val/accuracy=0.687, val/loss=0.595, train/accuracy=0.658, train/loss=0.615]
Epoch 1:  55%|█████▍    | 119/218 [00:04<00:03, 28.26it/s, loss=0.553, val/accuracy=0.687, val/loss=0.595, train/accuracy=0.658, train/loss=0.615]
Epoch 1:  55%|█████▌    | 120/218 [00:04<00:03, 28.27it/s, loss=0.553, val/accuracy=0.687, val/loss=0.595, train/accuracy=0.658, train/loss=0.615]
Epoch 1:  55%|█████▌    | 120/218 [00:04<00:03, 28.27it/s, loss=0.548, val/accuracy=0.687, val/loss=0.595, train/accuracy=0.658, train/loss=0.615]
Epoch 1:  56%|█████▌    | 121/218 [00:04<00:03, 28.27it/s, loss=0.548, val/accuracy=0.687, val/loss=0.595, train/accuracy=0.658, train/loss=0.615]
Epoch 1:  56%|█████▌    | 121/218 [00:04<00:03, 28.27it/s, loss=0.55, val/accuracy=0.687, val/loss=0.595, train/accuracy=0.658, train/loss=0.615] 
Epoch 1:  56%|█████▌    | 122/218 [00:04<00:03, 28.28it/s, loss=0.55, val/accuracy=0.687, val/loss=0.595, train/accuracy=0.658, train/loss=0.615]
Epoch 1:  56%|█████▌    | 122/218 [00:04<00:03, 28.28it/s, loss=0.556, val/accuracy=0.687, val/loss=0.595, train/accuracy=0.658, train/loss=0.615]
Epoch 1:  56%|█████▋    | 123/218 [00:04<00:03, 28.29it/s, loss=0.556, val/accuracy=0.687, val/loss=0.595, train/accuracy=0.658, train/loss=0.615]
Epoch 1:  56%|█████▋    | 123/218 [00:04<00:03, 28.29it/s, loss=0.558, val/accuracy=0.687, val/loss=0.595, train/accuracy=0.658, train/loss=0.615]
Epoch 1:  57%|█████▋    | 124/218 [00:04<00:03, 28.29it/s, loss=0.558, val/accuracy=0.687, val/loss=0.595, train/accuracy=0.658, train/loss=0.615]
Epoch 1:  57%|█████▋    | 124/218 [00:04<00:03, 28.29it/s, loss=0.562, val/accuracy=0.687, val/loss=0.595, train/accuracy=0.658, train/loss=0.615]
Epoch 1:  57%|█████▋    | 125/218 [00:04<00:03, 28.30it/s, loss=0.562, val/accuracy=0.687, val/loss=0.595, train/accuracy=0.658, train/loss=0.615]
Epoch 1:  57%|█████▋    | 125/218 [00:04<00:03, 28.30it/s, loss=0.563, val/accuracy=0.687, val/loss=0.595, train/accuracy=0.658, train/loss=0.615]
Epoch 1:  58%|█████▊    | 126/218 [00:04<00:03, 28.31it/s, loss=0.563, val/accuracy=0.687, val/loss=0.595, train/accuracy=0.658, train/loss=0.615]
Epoch 1:  58%|█████▊    | 126/218 [00:04<00:03, 28.31it/s, loss=0.563, val/accuracy=0.687, val/loss=0.595, train/accuracy=0.658, train/loss=0.615]
Epoch 1:  58%|█████▊    | 127/218 [00:04<00:03, 28.31it/s, loss=0.563, val/accuracy=0.687, val/loss=0.595, train/accuracy=0.658, train/loss=0.615]
Epoch 1:  58%|█████▊    | 127/218 [00:04<00:03, 28.31it/s, loss=0.563, val/accuracy=0.687, val/loss=0.595, train/accuracy=0.658, train/loss=0.615]
Epoch 1:  59%|█████▊    | 128/218 [00:04<00:03, 28.32it/s, loss=0.563, val/accuracy=0.687, val/loss=0.595, train/accuracy=0.658, train/loss=0.615]
Epoch 1:  59%|█████▊    | 128/218 [00:04<00:03, 28.31it/s, loss=0.56, val/accuracy=0.687, val/loss=0.595, train/accuracy=0.658, train/loss=0.615] 
Epoch 1:  59%|█████▉    | 129/218 [00:04<00:03, 28.32it/s, loss=0.56, val/accuracy=0.687, val/loss=0.595, train/accuracy=0.658, train/loss=0.615]
Epoch 1:  59%|█████▉    | 129/218 [00:04<00:03, 28.32it/s, loss=0.558, val/accuracy=0.687, val/loss=0.595, train/accuracy=0.658, train/loss=0.615]
Epoch 1:  60%|█████▉    | 130/218 [00:04<00:03, 28.33it/s, loss=0.558, val/accuracy=0.687, val/loss=0.595, train/accuracy=0.658, train/loss=0.615]
Epoch 1:  60%|█████▉    | 130/218 [00:04<00:03, 28.33it/s, loss=0.558, val/accuracy=0.687, val/loss=0.595, train/accuracy=0.658, train/loss=0.615]
Epoch 1:  60%|██████    | 131/218 [00:04<00:03, 28.33it/s, loss=0.558, val/accuracy=0.687, val/loss=0.595, train/accuracy=0.658, train/loss=0.615]
Epoch 1:  60%|██████    | 131/218 [00:04<00:03, 28.33it/s, loss=0.561, val/accuracy=0.687, val/loss=0.595, train/accuracy=0.658, train/loss=0.615]
Epoch 1:  61%|██████    | 132/218 [00:04<00:03, 28.34it/s, loss=0.561, val/accuracy=0.687, val/loss=0.595, train/accuracy=0.658, train/loss=0.615]
Epoch 1:  61%|██████    | 132/218 [00:04<00:03, 28.34it/s, loss=0.563, val/accuracy=0.687, val/loss=0.595, train/accuracy=0.658, train/loss=0.615]
Epoch 1:  61%|██████    | 133/218 [00:04<00:02, 28.34it/s, loss=0.563, val/accuracy=0.687, val/loss=0.595, train/accuracy=0.658, train/loss=0.615]
Epoch 1:  61%|██████    | 133/218 [00:04<00:02, 28.34it/s, loss=0.561, val/accuracy=0.687, val/loss=0.595, train/accuracy=0.658, train/loss=0.615]
Epoch 1:  61%|██████▏   | 134/218 [00:04<00:02, 28.35it/s, loss=0.561, val/accuracy=0.687, val/loss=0.595, train/accuracy=0.658, train/loss=0.615]
Epoch 1:  61%|██████▏   | 134/218 [00:04<00:02, 28.35it/s, loss=0.565, val/accuracy=0.687, val/loss=0.595, train/accuracy=0.658, train/loss=0.615]
Epoch 1:  62%|██████▏   | 135/218 [00:04<00:02, 28.35it/s, loss=0.565, val/accuracy=0.687, val/loss=0.595, train/accuracy=0.658, train/loss=0.615]
Epoch 1:  62%|██████▏   | 135/218 [00:04<00:02, 28.35it/s, loss=0.571, val/accuracy=0.687, val/loss=0.595, train/accuracy=0.658, train/loss=0.615]
Epoch 1:  62%|██████▏   | 136/218 [00:04<00:02, 28.36it/s, loss=0.571, val/accuracy=0.687, val/loss=0.595, train/accuracy=0.658, train/loss=0.615]
Epoch 1:  62%|██████▏   | 136/218 [00:04<00:02, 28.36it/s, loss=0.574, val/accuracy=0.687, val/loss=0.595, train/accuracy=0.658, train/loss=0.615]
Epoch 1:  63%|██████▎   | 137/218 [00:04<00:02, 28.36it/s, loss=0.574, val/accuracy=0.687, val/loss=0.595, train/accuracy=0.658, train/loss=0.615]
Epoch 1:  63%|██████▎   | 137/218 [00:04<00:02, 28.36it/s, loss=0.573, val/accuracy=0.687, val/loss=0.595, train/accuracy=0.658, train/loss=0.615]
Epoch 1:  63%|██████▎   | 138/218 [00:04<00:02, 28.37it/s, loss=0.573, val/accuracy=0.687, val/loss=0.595, train/accuracy=0.658, train/loss=0.615]
Epoch 1:  63%|██████▎   | 138/218 [00:04<00:02, 28.37it/s, loss=0.573, val/accuracy=0.687, val/loss=0.595, train/accuracy=0.658, train/loss=0.615]
Epoch 1:  64%|██████▍   | 139/218 [00:04<00:02, 28.37it/s, loss=0.573, val/accuracy=0.687, val/loss=0.595, train/accuracy=0.658, train/loss=0.615]
Epoch 1:  64%|██████▍   | 139/218 [00:04<00:02, 28.37it/s, loss=0.576, val/accuracy=0.687, val/loss=0.595, train/accuracy=0.658, train/loss=0.615]
Epoch 1:  64%|██████▍   | 140/218 [00:04<00:02, 28.38it/s, loss=0.576, val/accuracy=0.687, val/loss=0.595, train/accuracy=0.658, train/loss=0.615]
Epoch 1:  64%|██████▍   | 140/218 [00:04<00:02, 28.38it/s, loss=0.578, val/accuracy=0.687, val/loss=0.595, train/accuracy=0.658, train/loss=0.615]
Epoch 1:  65%|██████▍   | 141/218 [00:04<00:02, 28.38it/s, loss=0.578, val/accuracy=0.687, val/loss=0.595, train/accuracy=0.658, train/loss=0.615]
Epoch 1:  65%|██████▍   | 141/218 [00:04<00:02, 28.38it/s, loss=0.58, val/accuracy=0.687, val/loss=0.595, train/accuracy=0.658, train/loss=0.615] 
Epoch 1:  65%|██████▌   | 142/218 [00:05<00:02, 28.39it/s, loss=0.58, val/accuracy=0.687, val/loss=0.595, train/accuracy=0.658, train/loss=0.615]
Epoch 1:  65%|██████▌   | 142/218 [00:05<00:02, 28.39it/s, loss=0.575, val/accuracy=0.687, val/loss=0.595, train/accuracy=0.658, train/loss=0.615]
Epoch 1:  66%|██████▌   | 143/218 [00:05<00:02, 28.39it/s, loss=0.575, val/accuracy=0.687, val/loss=0.595, train/accuracy=0.658, train/loss=0.615]
Epoch 1:  66%|██████▌   | 143/218 [00:05<00:02, 28.39it/s, loss=0.573, val/accuracy=0.687, val/loss=0.595, train/accuracy=0.658, train/loss=0.615]
Epoch 1:  66%|██████▌   | 144/218 [00:05<00:02, 28.40it/s, loss=0.573, val/accuracy=0.687, val/loss=0.595, train/accuracy=0.658, train/loss=0.615]
Epoch 1:  66%|██████▌   | 144/218 [00:05<00:02, 28.40it/s, loss=0.573, val/accuracy=0.687, val/loss=0.595, train/accuracy=0.658, train/loss=0.615]
Epoch 1:  67%|██████▋   | 145/218 [00:05<00:02, 28.40it/s, loss=0.573, val/accuracy=0.687, val/loss=0.595, train/accuracy=0.658, train/loss=0.615]
Epoch 1:  67%|██████▋   | 145/218 [00:05<00:02, 28.40it/s, loss=0.572, val/accuracy=0.687, val/loss=0.595, train/accuracy=0.658, train/loss=0.615]
Epoch 1:  67%|██████▋   | 146/218 [00:05<00:02, 28.41it/s, loss=0.572, val/accuracy=0.687, val/loss=0.595, train/accuracy=0.658, train/loss=0.615]
Epoch 1:  67%|██████▋   | 146/218 [00:05<00:02, 28.41it/s, loss=0.574, val/accuracy=0.687, val/loss=0.595, train/accuracy=0.658, train/loss=0.615]
Epoch 1:  67%|██████▋   | 147/218 [00:05<00:02, 28.41it/s, loss=0.574, val/accuracy=0.687, val/loss=0.595, train/accuracy=0.658, train/loss=0.615]
Epoch 1:  67%|██████▋   | 147/218 [00:05<00:02, 28.41it/s, loss=0.571, val/accuracy=0.687, val/loss=0.595, train/accuracy=0.658, train/loss=0.615]
Epoch 1:  68%|██████▊   | 148/218 [00:05<00:02, 28.42it/s, loss=0.571, val/accuracy=0.687, val/loss=0.595, train/accuracy=0.658, train/loss=0.615]
Epoch 1:  68%|██████▊   | 148/218 [00:05<00:02, 28.41it/s, loss=0.574, val/accuracy=0.687, val/loss=0.595, train/accuracy=0.658, train/loss=0.615]
Epoch 1:  68%|██████▊   | 149/218 [00:05<00:02, 28.42it/s, loss=0.574, val/accuracy=0.687, val/loss=0.595, train/accuracy=0.658, train/loss=0.615]
Epoch 1:  68%|██████▊   | 149/218 [00:05<00:02, 28.42it/s, loss=0.576, val/accuracy=0.687, val/loss=0.595, train/accuracy=0.658, train/loss=0.615]
Epoch 1:  69%|██████▉   | 150/218 [00:05<00:02, 28.42it/s, loss=0.576, val/accuracy=0.687, val/loss=0.595, train/accuracy=0.658, train/loss=0.615]
Epoch 1:  69%|██████▉   | 150/218 [00:05<00:02, 28.42it/s, loss=0.572, val/accuracy=0.687, val/loss=0.595, train/accuracy=0.658, train/loss=0.615]
Epoch 1:  69%|██████▉   | 151/218 [00:05<00:02, 28.43it/s, loss=0.572, val/accuracy=0.687, val/loss=0.595, train/accuracy=0.658, train/loss=0.615]
Epoch 1:  69%|██████▉   | 151/218 [00:05<00:02, 28.43it/s, loss=0.564, val/accuracy=0.687, val/loss=0.595, train/accuracy=0.658, train/loss=0.615]
Epoch 1:  70%|██████▉   | 152/218 [00:05<00:02, 28.43it/s, loss=0.564, val/accuracy=0.687, val/loss=0.595, train/accuracy=0.658, train/loss=0.615]
Epoch 1:  70%|██████▉   | 152/218 [00:05<00:02, 28.43it/s, loss=0.559, val/accuracy=0.687, val/loss=0.595, train/accuracy=0.658, train/loss=0.615]
Epoch 1:  70%|███████   | 153/218 [00:05<00:02, 28.43it/s, loss=0.559, val/accuracy=0.687, val/loss=0.595, train/accuracy=0.658, train/loss=0.615]
Epoch 1:  70%|███████   | 153/218 [00:05<00:02, 28.43it/s, loss=0.559, val/accuracy=0.687, val/loss=0.595, train/accuracy=0.658, train/loss=0.615]
Epoch 1:  71%|███████   | 154/218 [00:05<00:02, 28.43it/s, loss=0.559, val/accuracy=0.687, val/loss=0.595, train/accuracy=0.658, train/loss=0.615]
Epoch 1:  71%|███████   | 154/218 [00:05<00:02, 28.42it/s, loss=0.558, val/accuracy=0.687, val/loss=0.595, train/accuracy=0.658, train/loss=0.615]
Epoch 1:  71%|███████   | 155/218 [00:05<00:02, 28.43it/s, loss=0.558, val/accuracy=0.687, val/loss=0.595, train/accuracy=0.658, train/loss=0.615]
Epoch 1:  71%|███████   | 155/218 [00:05<00:02, 28.43it/s, loss=0.553, val/accuracy=0.687, val/loss=0.595, train/accuracy=0.658, train/loss=0.615]
Epoch 1:  72%|███████▏  | 156/218 [00:05<00:02, 28.43it/s, loss=0.553, val/accuracy=0.687, val/loss=0.595, train/accuracy=0.658, train/loss=0.615]
Epoch 1:  72%|███████▏  | 156/218 [00:05<00:02, 28.43it/s, loss=0.55, val/accuracy=0.687, val/loss=0.595, train/accuracy=0.658, train/loss=0.615] 
Epoch 1:  72%|███████▏  | 157/218 [00:05<00:02, 28.44it/s, loss=0.55, val/accuracy=0.687, val/loss=0.595, train/accuracy=0.658, train/loss=0.615]
Epoch 1:  72%|███████▏  | 157/218 [00:05<00:02, 28.44it/s, loss=0.548, val/accuracy=0.687, val/loss=0.595, train/accuracy=0.658, train/loss=0.615]
Epoch 1:  72%|███████▏  | 158/218 [00:05<00:02, 28.44it/s, loss=0.548, val/accuracy=0.687, val/loss=0.595, train/accuracy=0.658, train/loss=0.615]
Epoch 1:  72%|███████▏  | 158/218 [00:05<00:02, 28.44it/s, loss=0.546, val/accuracy=0.687, val/loss=0.595, train/accuracy=0.658, train/loss=0.615]
Epoch 1:  73%|███████▎  | 159/218 [00:05<00:02, 28.44it/s, loss=0.546, val/accuracy=0.687, val/loss=0.595, train/accuracy=0.658, train/loss=0.615]
Epoch 1:  73%|███████▎  | 159/218 [00:05<00:02, 28.44it/s, loss=0.541, val/accuracy=0.687, val/loss=0.595, train/accuracy=0.658, train/loss=0.615]
Epoch 1:  73%|███████▎  | 160/218 [00:05<00:02, 28.45it/s, loss=0.541, val/accuracy=0.687, val/loss=0.595, train/accuracy=0.658, train/loss=0.615]
Epoch 1:  73%|███████▎  | 160/218 [00:05<00:02, 28.45it/s, loss=0.542, val/accuracy=0.687, val/loss=0.595, train/accuracy=0.658, train/loss=0.615]
Epoch 1:  74%|███████▍  | 161/218 [00:05<00:02, 28.45it/s, loss=0.542, val/accuracy=0.687, val/loss=0.595, train/accuracy=0.658, train/loss=0.615]
Epoch 1:  74%|███████▍  | 161/218 [00:05<00:02, 28.45it/s, loss=0.541, val/accuracy=0.687, val/loss=0.595, train/accuracy=0.658, train/loss=0.615]
Epoch 1:  74%|███████▍  | 162/218 [00:05<00:01, 28.45it/s, loss=0.541, val/accuracy=0.687, val/loss=0.595, train/accuracy=0.658, train/loss=0.615]
Epoch 1:  74%|███████▍  | 162/218 [00:05<00:01, 28.45it/s, loss=0.54, val/accuracy=0.687, val/loss=0.595, train/accuracy=0.658, train/loss=0.615] 
Epoch 1:  75%|███████▍  | 163/218 [00:05<00:01, 28.47it/s, loss=0.54, val/accuracy=0.687, val/loss=0.595, train/accuracy=0.658, train/loss=0.615]
Epoch 1:  75%|███████▍  | 163/218 [00:05<00:01, 28.47it/s, loss=0.542, val/accuracy=0.687, val/loss=0.595, train/accuracy=0.658, train/loss=0.615]

Validation: 0it [00:00, ?it/s][A

Validation:   0%|          | 0/55 [00:00<?, ?it/s][A

Validation DataLoader 0:   0%|          | 0/55 [00:00<?, ?it/s][A

Validation DataLoader 0:   2%|▏         | 1/55 [00:00<00:00, 134.48it/s][A
Epoch 1:  75%|███████▌  | 164/218 [00:05<00:01, 28.02it/s, loss=0.542, val/accuracy=0.687, val/loss=0.595, train/accuracy=0.658, train/loss=0.615]

Validation DataLoader 0:   4%|▎         | 2/55 [00:00<00:00, 54.11it/s] [A
Epoch 1:  76%|███████▌  | 165/218 [00:05<00:01, 28.05it/s, loss=0.542, val/accuracy=0.687, val/loss=0.595, train/accuracy=0.658, train/loss=0.615]

Validation DataLoader 0:   5%|▌         | 3/55 [00:00<00:01, 42.47it/s][A
Epoch 1:  76%|███████▌  | 166/218 [00:05<00:01, 28.06it/s, loss=0.542, val/accuracy=0.687, val/loss=0.595, train/accuracy=0.658, train/loss=0.615]

Validation DataLoader 0:   7%|▋         | 4/55 [00:00<00:01, 38.78it/s][A
Epoch 1:  77%|███████▋  | 167/218 [00:05<00:01, 28.07it/s, loss=0.542, val/accuracy=0.687, val/loss=0.595, train/accuracy=0.658, train/loss=0.615]

Validation DataLoader 0:   9%|▉         | 5/55 [00:00<00:01, 36.74it/s][A
Epoch 1:  77%|███████▋  | 168/218 [00:05<00:01, 28.09it/s, loss=0.542, val/accuracy=0.687, val/loss=0.595, train/accuracy=0.658, train/loss=0.615]

Validation DataLoader 0:  11%|█         | 6/55 [00:00<00:01, 35.38it/s][A
Epoch 1:  78%|███████▊  | 169/218 [00:06<00:01, 28.10it/s, loss=0.542, val/accuracy=0.687, val/loss=0.595, train/accuracy=0.658, train/loss=0.615]

Validation DataLoader 0:  13%|█▎        | 7/55 [00:00<00:01, 34.56it/s][A
Epoch 1:  78%|███████▊  | 170/218 [00:06<00:01, 28.11it/s, loss=0.542, val/accuracy=0.687, val/loss=0.595, train/accuracy=0.658, train/loss=0.615]

Validation DataLoader 0:  15%|█▍        | 8/55 [00:00<00:01, 33.96it/s][A
Epoch 1:  78%|███████▊  | 171/218 [00:06<00:01, 28.12it/s, loss=0.542, val/accuracy=0.687, val/loss=0.595, train/accuracy=0.658, train/loss=0.615]

Validation DataLoader 0:  16%|█▋        | 9/55 [00:00<00:01, 33.49it/s][A
Epoch 1:  79%|███████▉  | 172/218 [00:06<00:01, 28.13it/s, loss=0.542, val/accuracy=0.687, val/loss=0.595, train/accuracy=0.658, train/loss=0.615]

Validation DataLoader 0:  18%|█▊        | 10/55 [00:00<00:01, 33.12it/s][A
Epoch 1:  79%|███████▉  | 173/218 [00:06<00:01, 28.14it/s, loss=0.542, val/accuracy=0.687, val/loss=0.595, train/accuracy=0.658, train/loss=0.615]

Validation DataLoader 0:  20%|██        | 11/55 [00:00<00:01, 33.00it/s][A
Epoch 1:  80%|███████▉  | 174/218 [00:06<00:01, 28.16it/s, loss=0.542, val/accuracy=0.687, val/loss=0.595, train/accuracy=0.658, train/loss=0.615]

Validation DataLoader 0:  22%|██▏       | 12/55 [00:00<00:01, 32.61it/s][A
Epoch 1:  80%|████████  | 175/218 [00:06<00:01, 28.17it/s, loss=0.542, val/accuracy=0.687, val/loss=0.595, train/accuracy=0.658, train/loss=0.615]

Validation DataLoader 0:  24%|██▎       | 13/55 [00:00<00:01, 32.42it/s][A
Epoch 1:  81%|████████  | 176/218 [00:06<00:01, 28.18it/s, loss=0.542, val/accuracy=0.687, val/loss=0.595, train/accuracy=0.658, train/loss=0.615]

Validation DataLoader 0:  25%|██▌       | 14/55 [00:00<00:01, 32.26it/s][A
Epoch 1:  81%|████████  | 177/218 [00:06<00:01, 28.19it/s, loss=0.542, val/accuracy=0.687, val/loss=0.595, train/accuracy=0.658, train/loss=0.615]

Validation DataLoader 0:  27%|██▋       | 15/55 [00:00<00:01, 32.18it/s][A
Epoch 1:  82%|████████▏ | 178/218 [00:06<00:01, 28.20it/s, loss=0.542, val/accuracy=0.687, val/loss=0.595, train/accuracy=0.658, train/loss=0.615]

Validation DataLoader 0:  29%|██▉       | 16/55 [00:00<00:01, 32.03it/s][A
Epoch 1:  82%|████████▏ | 179/218 [00:06<00:01, 28.21it/s, loss=0.542, val/accuracy=0.687, val/loss=0.595, train/accuracy=0.658, train/loss=0.615]

Validation DataLoader 0:  31%|███       | 17/55 [00:00<00:01, 31.93it/s][A
Epoch 1:  83%|████████▎ | 180/218 [00:06<00:01, 28.22it/s, loss=0.542, val/accuracy=0.687, val/loss=0.595, train/accuracy=0.658, train/loss=0.615]

Validation DataLoader 0:  33%|███▎      | 18/55 [00:00<00:01, 31.85it/s][A
Epoch 1:  83%|████████▎ | 181/218 [00:06<00:01, 28.23it/s, loss=0.542, val/accuracy=0.687, val/loss=0.595, train/accuracy=0.658, train/loss=0.615]

Validation DataLoader 0:  35%|███▍      | 19/55 [00:00<00:01, 31.77it/s][A
Epoch 1:  83%|████████▎ | 182/218 [00:06<00:01, 28.25it/s, loss=0.542, val/accuracy=0.687, val/loss=0.595, train/accuracy=0.658, train/loss=0.615]

Validation DataLoader 0:  36%|███▋      | 20/55 [00:00<00:01, 31.69it/s][A
Epoch 1:  84%|████████▍ | 183/218 [00:06<00:01, 28.26it/s, loss=0.542, val/accuracy=0.687, val/loss=0.595, train/accuracy=0.658, train/loss=0.615]

Validation DataLoader 0:  38%|███▊      | 21/55 [00:00<00:01, 31.65it/s][A
Epoch 1:  84%|████████▍ | 184/218 [00:06<00:01, 28.27it/s, loss=0.542, val/accuracy=0.687, val/loss=0.595, train/accuracy=0.658, train/loss=0.615]

Validation DataLoader 0:  40%|████      | 22/55 [00:00<00:01, 31.91it/s][A
Epoch 1:  85%|████████▍ | 185/218 [00:06<00:01, 28.31it/s, loss=0.542, val/accuracy=0.687, val/loss=0.595, train/accuracy=0.658, train/loss=0.615]

Validation DataLoader 0:  42%|████▏     | 23/55 [00:00<00:01, 31.46it/s][A
Epoch 1:  85%|████████▌ | 186/218 [00:06<00:01, 28.28it/s, loss=0.542, val/accuracy=0.687, val/loss=0.595, train/accuracy=0.658, train/loss=0.615]

Validation DataLoader 0:  44%|████▎     | 24/55 [00:00<00:00, 31.43it/s][A
Epoch 1:  86%|████████▌ | 187/218 [00:06<00:01, 28.29it/s, loss=0.542, val/accuracy=0.687, val/loss=0.595, train/accuracy=0.658, train/loss=0.615]

Validation DataLoader 0:  45%|████▌     | 25/55 [00:00<00:00, 31.39it/s][A
Epoch 1:  86%|████████▌ | 188/218 [00:06<00:01, 28.31it/s, loss=0.542, val/accuracy=0.687, val/loss=0.595, train/accuracy=0.658, train/loss=0.615]

Validation DataLoader 0:  47%|████▋     | 26/55 [00:00<00:00, 31.34it/s][A
Epoch 1:  87%|████████▋ | 189/218 [00:06<00:01, 28.31it/s, loss=0.542, val/accuracy=0.687, val/loss=0.595, train/accuracy=0.658, train/loss=0.615]

Validation DataLoader 0:  49%|████▉     | 27/55 [00:00<00:00, 31.49it/s][A
Epoch 1:  87%|████████▋ | 190/218 [00:06<00:00, 28.35it/s, loss=0.542, val/accuracy=0.687, val/loss=0.595, train/accuracy=0.658, train/loss=0.615]

Validation DataLoader 0:  51%|█████     | 28/55 [00:00<00:00, 31.27it/s][A
Epoch 1:  88%|████████▊ | 191/218 [00:06<00:00, 28.33it/s, loss=0.542, val/accuracy=0.687, val/loss=0.595, train/accuracy=0.658, train/loss=0.615]

Validation DataLoader 0:  53%|█████▎    | 29/55 [00:00<00:00, 31.25it/s][A
Epoch 1:  88%|████████▊ | 192/218 [00:06<00:00, 28.35it/s, loss=0.542, val/accuracy=0.687, val/loss=0.595, train/accuracy=0.658, train/loss=0.615]

Validation DataLoader 0:  55%|█████▍    | 30/55 [00:00<00:00, 31.23it/s][A
Epoch 1:  89%|████████▊ | 193/218 [00:06<00:00, 28.36it/s, loss=0.542, val/accuracy=0.687, val/loss=0.595, train/accuracy=0.658, train/loss=0.615]

Validation DataLoader 0:  56%|█████▋    | 31/55 [00:00<00:00, 31.20it/s][A
Epoch 1:  89%|████████▉ | 194/218 [00:06<00:00, 28.37it/s, loss=0.542, val/accuracy=0.687, val/loss=0.595, train/accuracy=0.658, train/loss=0.615]

Validation DataLoader 0:  58%|█████▊    | 32/55 [00:01<00:00, 31.17it/s][A
Epoch 1:  89%|████████▉ | 195/218 [00:06<00:00, 28.38it/s, loss=0.542, val/accuracy=0.687, val/loss=0.595, train/accuracy=0.658, train/loss=0.615]

Validation DataLoader 0:  60%|██████    | 33/55 [00:01<00:00, 31.15it/s][A
Epoch 1:  90%|████████▉ | 196/218 [00:06<00:00, 28.39it/s, loss=0.542, val/accuracy=0.687, val/loss=0.595, train/accuracy=0.658, train/loss=0.615]

Validation DataLoader 0:  62%|██████▏   | 34/55 [00:01<00:00, 31.13it/s][A
Epoch 1:  90%|█████████ | 197/218 [00:06<00:00, 28.40it/s, loss=0.542, val/accuracy=0.687, val/loss=0.595, train/accuracy=0.658, train/loss=0.615]

Validation DataLoader 0:  64%|██████▎   | 35/55 [00:01<00:00, 31.34it/s][A
Epoch 1:  91%|█████████ | 198/218 [00:06<00:00, 28.44it/s, loss=0.542, val/accuracy=0.687, val/loss=0.595, train/accuracy=0.658, train/loss=0.615]

Validation DataLoader 0:  65%|██████▌   | 36/55 [00:01<00:00, 31.10it/s][A
Epoch 1:  91%|█████████▏| 199/218 [00:07<00:00, 28.42it/s, loss=0.542, val/accuracy=0.687, val/loss=0.595, train/accuracy=0.658, train/loss=0.615]

Validation DataLoader 0:  67%|██████▋   | 37/55 [00:01<00:00, 31.06it/s][A
Epoch 1:  92%|█████████▏| 200/218 [00:07<00:00, 28.42it/s, loss=0.542, val/accuracy=0.687, val/loss=0.595, train/accuracy=0.658, train/loss=0.615]

Validation DataLoader 0:  69%|██████▉   | 38/55 [00:01<00:00, 31.04it/s][A
Epoch 1:  92%|█████████▏| 201/218 [00:07<00:00, 28.43it/s, loss=0.542, val/accuracy=0.687, val/loss=0.595, train/accuracy=0.658, train/loss=0.615]

Validation DataLoader 0:  71%|███████   | 39/55 [00:01<00:00, 31.03it/s][A
Epoch 1:  93%|█████████▎| 202/218 [00:07<00:00, 28.44it/s, loss=0.542, val/accuracy=0.687, val/loss=0.595, train/accuracy=0.658, train/loss=0.615]

Validation DataLoader 0:  73%|███████▎  | 40/55 [00:01<00:00, 31.01it/s][A
Epoch 1:  93%|█████████▎| 203/218 [00:07<00:00, 28.45it/s, loss=0.542, val/accuracy=0.687, val/loss=0.595, train/accuracy=0.658, train/loss=0.615]

Validation DataLoader 0:  75%|███████▍  | 41/55 [00:01<00:00, 31.00it/s][A
Epoch 1:  94%|█████████▎| 204/218 [00:07<00:00, 28.46it/s, loss=0.542, val/accuracy=0.687, val/loss=0.595, train/accuracy=0.658, train/loss=0.615]

Validation DataLoader 0:  76%|███████▋  | 42/55 [00:01<00:00, 30.99it/s][A
Epoch 1:  94%|█████████▍| 205/218 [00:07<00:00, 28.47it/s, loss=0.542, val/accuracy=0.687, val/loss=0.595, train/accuracy=0.658, train/loss=0.615]

Validation DataLoader 0:  78%|███████▊  | 43/55 [00:01<00:00, 30.97it/s][A
Epoch 1:  94%|█████████▍| 206/218 [00:07<00:00, 28.48it/s, loss=0.542, val/accuracy=0.687, val/loss=0.595, train/accuracy=0.658, train/loss=0.615]

Validation DataLoader 0:  80%|████████  | 44/55 [00:01<00:00, 30.94it/s][A
Epoch 1:  95%|█████████▍| 207/218 [00:07<00:00, 28.48it/s, loss=0.542, val/accuracy=0.687, val/loss=0.595, train/accuracy=0.658, train/loss=0.615]

Validation DataLoader 0:  82%|████████▏ | 45/55 [00:01<00:00, 30.87it/s][A
Epoch 1:  95%|█████████▌| 208/218 [00:07<00:00, 28.48it/s, loss=0.542, val/accuracy=0.687, val/loss=0.595, train/accuracy=0.658, train/loss=0.615]

Validation DataLoader 0:  84%|████████▎ | 46/55 [00:01<00:00, 30.87it/s][A
Epoch 1:  96%|█████████▌| 209/218 [00:07<00:00, 28.49it/s, loss=0.542, val/accuracy=0.687, val/loss=0.595, train/accuracy=0.658, train/loss=0.615]

Validation DataLoader 0:  85%|████████▌ | 47/55 [00:01<00:00, 30.84it/s][A
Epoch 1:  96%|█████████▋| 210/218 [00:07<00:00, 28.50it/s, loss=0.542, val/accuracy=0.687, val/loss=0.595, train/accuracy=0.658, train/loss=0.615]

Validation DataLoader 0:  87%|████████▋ | 48/55 [00:01<00:00, 30.84it/s][A
Epoch 1:  97%|█████████▋| 211/218 [00:07<00:00, 28.51it/s, loss=0.542, val/accuracy=0.687, val/loss=0.595, train/accuracy=0.658, train/loss=0.615]

Validation DataLoader 0:  89%|████████▉ | 49/55 [00:01<00:00, 30.83it/s][A
Epoch 1:  97%|█████████▋| 212/218 [00:07<00:00, 28.51it/s, loss=0.542, val/accuracy=0.687, val/loss=0.595, train/accuracy=0.658, train/loss=0.615]

Validation DataLoader 0:  91%|█████████ | 50/55 [00:01<00:00, 30.83it/s][A
Epoch 1:  98%|█████████▊| 213/218 [00:07<00:00, 28.53it/s, loss=0.542, val/accuracy=0.687, val/loss=0.595, train/accuracy=0.658, train/loss=0.615]

Validation DataLoader 0:  93%|█████████▎| 51/55 [00:01<00:00, 30.82it/s][A
Epoch 1:  98%|█████████▊| 214/218 [00:07<00:00, 28.53it/s, loss=0.542, val/accuracy=0.687, val/loss=0.595, train/accuracy=0.658, train/loss=0.615]

Validation DataLoader 0:  95%|█████████▍| 52/55 [00:01<00:00, 30.81it/s][A
Epoch 1:  99%|█████████▊| 215/218 [00:07<00:00, 28.54it/s, loss=0.542, val/accuracy=0.687, val/loss=0.595, train/accuracy=0.658, train/loss=0.615]

Validation DataLoader 0:  96%|█████████▋| 53/55 [00:01<00:00, 30.81it/s][A
Epoch 1:  99%|█████████▉| 216/218 [00:07<00:00, 28.55it/s, loss=0.542, val/accuracy=0.687, val/loss=0.595, train/accuracy=0.658, train/loss=0.615]

Validation DataLoader 0:  98%|█████████▊| 54/55 [00:01<00:00, 31.19it/s][A
Epoch 1: 100%|█████████▉| 217/218 [00:07<00:00, 28.64it/s, loss=0.542, val/accuracy=0.687, val/loss=0.595, train/accuracy=0.658, train/loss=0.615]

Validation DataLoader 0: 100%|██████████| 55/55 [00:01<00:00, 31.68it/s][A
Epoch 1: 100%|██████████| 218/218 [00:07<00:00, 28.75it/s, loss=0.542, val/accuracy=0.687, val/loss=0.595, train/accuracy=0.658, train/loss=0.615]
Epoch 1: 100%|██████████| 218/218 [00:07<00:00, 28.74it/s, loss=0.542, val/accuracy=0.703, val/loss=0.567, train/accuracy=0.658, train/loss=0.615]

                                                                        [A
Epoch 1: 100%|██████████| 218/218 [00:07<00:00, 28.73it/s, loss=0.542, val/accuracy=0.703, val/loss=0.567, train/accuracy=0.707, train/loss=0.563]Epoch 1, global step 326: 'val/accuracy' reached 0.70322 (best 0.70322), saving model to '/home/cxo147/hyena-dna/results/genomic_benchmark_human_enhancers_cohn_20251020_205809/checkpoints/val/accuracy.ckpt' as top 1

Epoch 1:   0%|          | 0/218 [00:00<?, ?it/s, loss=0.542, val/accuracy=0.703, val/loss=0.567, train/accuracy=0.707, train/loss=0.563]          
Epoch 2:   0%|          | 0/218 [00:00<?, ?it/s, loss=0.542, val/accuracy=0.703, val/loss=0.567, train/accuracy=0.707, train/loss=0.563]
Epoch 2:   0%|          | 1/218 [00:00<00:33,  6.42it/s, loss=0.542, val/accuracy=0.703, val/loss=0.567, train/accuracy=0.707, train/loss=0.563]
Epoch 2:   0%|          | 1/218 [00:00<00:33,  6.40it/s, loss=0.539, val/accuracy=0.703, val/loss=0.567, train/accuracy=0.707, train/loss=0.563]
Epoch 2:   1%|          | 2/218 [00:00<00:20, 10.47it/s, loss=0.539, val/accuracy=0.703, val/loss=0.567, train/accuracy=0.707, train/loss=0.563]
Epoch 2:   1%|          | 2/218 [00:00<00:20, 10.46it/s, loss=0.536, val/accuracy=0.703, val/loss=0.567, train/accuracy=0.707, train/loss=0.563]
Epoch 2:   1%|▏         | 3/218 [00:00<00:16, 13.29it/s, loss=0.536, val/accuracy=0.703, val/loss=0.567, train/accuracy=0.707, train/loss=0.563]
Epoch 2:   1%|▏         | 3/218 [00:00<00:16, 13.27it/s, loss=0.535, val/accuracy=0.703, val/loss=0.567, train/accuracy=0.707, train/loss=0.563]
Epoch 2:   2%|▏         | 4/218 [00:00<00:13, 15.37it/s, loss=0.535, val/accuracy=0.703, val/loss=0.567, train/accuracy=0.707, train/loss=0.563]
Epoch 2:   2%|▏         | 4/218 [00:00<00:13, 15.35it/s, loss=0.538, val/accuracy=0.703, val/loss=0.567, train/accuracy=0.707, train/loss=0.563]
Epoch 2:   2%|▏         | 5/218 [00:00<00:12, 16.95it/s, loss=0.538, val/accuracy=0.703, val/loss=0.567, train/accuracy=0.707, train/loss=0.563]
Epoch 2:   2%|▏         | 5/218 [00:00<00:12, 16.94it/s, loss=0.535, val/accuracy=0.703, val/loss=0.567, train/accuracy=0.707, train/loss=0.563]
Epoch 2:   3%|▎         | 6/218 [00:00<00:11, 18.22it/s, loss=0.535, val/accuracy=0.703, val/loss=0.567, train/accuracy=0.707, train/loss=0.563]
Epoch 2:   3%|▎         | 6/218 [00:00<00:11, 18.20it/s, loss=0.534, val/accuracy=0.703, val/loss=0.567, train/accuracy=0.707, train/loss=0.563]
Epoch 2:   3%|▎         | 7/218 [00:00<00:10, 19.24it/s, loss=0.534, val/accuracy=0.703, val/loss=0.567, train/accuracy=0.707, train/loss=0.563]
Epoch 2:   3%|▎         | 7/218 [00:00<00:10, 19.23it/s, loss=0.536, val/accuracy=0.703, val/loss=0.567, train/accuracy=0.707, train/loss=0.563]
Epoch 2:   4%|▎         | 8/218 [00:00<00:10, 20.08it/s, loss=0.536, val/accuracy=0.703, val/loss=0.567, train/accuracy=0.707, train/loss=0.563]
Epoch 2:   4%|▎         | 8/218 [00:00<00:10, 20.07it/s, loss=0.539, val/accuracy=0.703, val/loss=0.567, train/accuracy=0.707, train/loss=0.563]
Epoch 2:   4%|▍         | 9/218 [00:00<00:10, 20.79it/s, loss=0.539, val/accuracy=0.703, val/loss=0.567, train/accuracy=0.707, train/loss=0.563]
Epoch 2:   4%|▍         | 9/218 [00:00<00:10, 20.78it/s, loss=0.541, val/accuracy=0.703, val/loss=0.567, train/accuracy=0.707, train/loss=0.563]
Epoch 2:   5%|▍         | 10/218 [00:00<00:09, 21.40it/s, loss=0.541, val/accuracy=0.703, val/loss=0.567, train/accuracy=0.707, train/loss=0.563]
Epoch 2:   5%|▍         | 10/218 [00:00<00:09, 21.39it/s, loss=0.539, val/accuracy=0.703, val/loss=0.567, train/accuracy=0.707, train/loss=0.563]
Epoch 2:   5%|▌         | 11/218 [00:00<00:09, 21.91it/s, loss=0.539, val/accuracy=0.703, val/loss=0.567, train/accuracy=0.707, train/loss=0.563]
Epoch 2:   5%|▌         | 11/218 [00:00<00:09, 21.90it/s, loss=0.536, val/accuracy=0.703, val/loss=0.567, train/accuracy=0.707, train/loss=0.563]
Epoch 2:   6%|▌         | 12/218 [00:00<00:09, 22.37it/s, loss=0.536, val/accuracy=0.703, val/loss=0.567, train/accuracy=0.707, train/loss=0.563]
Epoch 2:   6%|▌         | 12/218 [00:00<00:09, 22.36it/s, loss=0.536, val/accuracy=0.703, val/loss=0.567, train/accuracy=0.707, train/loss=0.563]
Epoch 2:   6%|▌         | 13/218 [00:00<00:09, 22.77it/s, loss=0.536, val/accuracy=0.703, val/loss=0.567, train/accuracy=0.707, train/loss=0.563]
Epoch 2:   6%|▌         | 13/218 [00:00<00:09, 22.76it/s, loss=0.537, val/accuracy=0.703, val/loss=0.567, train/accuracy=0.707, train/loss=0.563]
Epoch 2:   6%|▋         | 14/218 [00:00<00:08, 23.12it/s, loss=0.537, val/accuracy=0.703, val/loss=0.567, train/accuracy=0.707, train/loss=0.563]
Epoch 2:   6%|▋         | 14/218 [00:00<00:08, 23.11it/s, loss=0.538, val/accuracy=0.703, val/loss=0.567, train/accuracy=0.707, train/loss=0.563]
Epoch 2:   7%|▋         | 15/218 [00:00<00:08, 23.44it/s, loss=0.538, val/accuracy=0.703, val/loss=0.567, train/accuracy=0.707, train/loss=0.563]
Epoch 2:   7%|▋         | 15/218 [00:00<00:08, 23.43it/s, loss=0.541, val/accuracy=0.703, val/loss=0.567, train/accuracy=0.707, train/loss=0.563]
Epoch 2:   7%|▋         | 16/218 [00:00<00:08, 23.72it/s, loss=0.541, val/accuracy=0.703, val/loss=0.567, train/accuracy=0.707, train/loss=0.563]
Epoch 2:   7%|▋         | 16/218 [00:00<00:08, 23.71it/s, loss=0.545, val/accuracy=0.703, val/loss=0.567, train/accuracy=0.707, train/loss=0.563]
Epoch 2:   8%|▊         | 17/218 [00:00<00:08, 23.98it/s, loss=0.545, val/accuracy=0.703, val/loss=0.567, train/accuracy=0.707, train/loss=0.563]
Epoch 2:   8%|▊         | 17/218 [00:00<00:08, 23.97it/s, loss=0.54, val/accuracy=0.703, val/loss=0.567, train/accuracy=0.707, train/loss=0.563] 
Epoch 2:   8%|▊         | 18/218 [00:00<00:08, 24.21it/s, loss=0.54, val/accuracy=0.703, val/loss=0.567, train/accuracy=0.707, train/loss=0.563]
Epoch 2:   8%|▊         | 18/218 [00:00<00:08, 24.21it/s, loss=0.543, val/accuracy=0.703, val/loss=0.567, train/accuracy=0.707, train/loss=0.563]
Epoch 2:   9%|▊         | 19/218 [00:00<00:08, 24.43it/s, loss=0.543, val/accuracy=0.703, val/loss=0.567, train/accuracy=0.707, train/loss=0.563]
Epoch 2:   9%|▊         | 19/218 [00:00<00:08, 24.42it/s, loss=0.545, val/accuracy=0.703, val/loss=0.567, train/accuracy=0.707, train/loss=0.563]
Epoch 2:   9%|▉         | 20/218 [00:00<00:08, 24.62it/s, loss=0.545, val/accuracy=0.703, val/loss=0.567, train/accuracy=0.707, train/loss=0.563]
Epoch 2:   9%|▉         | 20/218 [00:00<00:08, 24.61it/s, loss=0.544, val/accuracy=0.703, val/loss=0.567, train/accuracy=0.707, train/loss=0.563]
Epoch 2:  10%|▉         | 21/218 [00:00<00:07, 24.80it/s, loss=0.544, val/accuracy=0.703, val/loss=0.567, train/accuracy=0.707, train/loss=0.563]
Epoch 2:  10%|▉         | 21/218 [00:00<00:07, 24.79it/s, loss=0.548, val/accuracy=0.703, val/loss=0.567, train/accuracy=0.707, train/loss=0.563]
Epoch 2:  10%|█         | 22/218 [00:00<00:07, 24.97it/s, loss=0.548, val/accuracy=0.703, val/loss=0.567, train/accuracy=0.707, train/loss=0.563]
Epoch 2:  10%|█         | 22/218 [00:00<00:07, 24.96it/s, loss=0.552, val/accuracy=0.703, val/loss=0.567, train/accuracy=0.707, train/loss=0.563]
Epoch 2:  11%|█         | 23/218 [00:00<00:07, 25.12it/s, loss=0.552, val/accuracy=0.703, val/loss=0.567, train/accuracy=0.707, train/loss=0.563]
Epoch 2:  11%|█         | 23/218 [00:00<00:07, 25.11it/s, loss=0.551, val/accuracy=0.703, val/loss=0.567, train/accuracy=0.707, train/loss=0.563]
Epoch 2:  11%|█         | 24/218 [00:00<00:07, 25.26it/s, loss=0.551, val/accuracy=0.703, val/loss=0.567, train/accuracy=0.707, train/loss=0.563]
Epoch 2:  11%|█         | 24/218 [00:00<00:07, 25.25it/s, loss=0.555, val/accuracy=0.703, val/loss=0.567, train/accuracy=0.707, train/loss=0.563]
Epoch 2:  11%|█▏        | 25/218 [00:00<00:07, 25.39it/s, loss=0.555, val/accuracy=0.703, val/loss=0.567, train/accuracy=0.707, train/loss=0.563]
Epoch 2:  11%|█▏        | 25/218 [00:00<00:07, 25.38it/s, loss=0.557, val/accuracy=0.703, val/loss=0.567, train/accuracy=0.707, train/loss=0.563]
Epoch 2:  12%|█▏        | 26/218 [00:01<00:07, 25.51it/s, loss=0.557, val/accuracy=0.703, val/loss=0.567, train/accuracy=0.707, train/loss=0.563]
Epoch 2:  12%|█▏        | 26/218 [00:01<00:07, 25.50it/s, loss=0.557, val/accuracy=0.703, val/loss=0.567, train/accuracy=0.707, train/loss=0.563]
Epoch 2:  12%|█▏        | 27/218 [00:01<00:07, 25.63it/s, loss=0.557, val/accuracy=0.703, val/loss=0.567, train/accuracy=0.707, train/loss=0.563]
Epoch 2:  12%|█▏        | 27/218 [00:01<00:07, 25.62it/s, loss=0.561, val/accuracy=0.703, val/loss=0.567, train/accuracy=0.707, train/loss=0.563]
Epoch 2:  13%|█▎        | 28/218 [00:01<00:07, 25.73it/s, loss=0.561, val/accuracy=0.703, val/loss=0.567, train/accuracy=0.707, train/loss=0.563]
Epoch 2:  13%|█▎        | 28/218 [00:01<00:07, 25.72it/s, loss=0.562, val/accuracy=0.703, val/loss=0.567, train/accuracy=0.707, train/loss=0.563]
Epoch 2:  13%|█▎        | 29/218 [00:01<00:07, 25.83it/s, loss=0.562, val/accuracy=0.703, val/loss=0.567, train/accuracy=0.707, train/loss=0.563]
Epoch 2:  13%|█▎        | 29/218 [00:01<00:07, 25.82it/s, loss=0.558, val/accuracy=0.703, val/loss=0.567, train/accuracy=0.707, train/loss=0.563]
Epoch 2:  14%|█▍        | 30/218 [00:01<00:07, 25.92it/s, loss=0.558, val/accuracy=0.703, val/loss=0.567, train/accuracy=0.707, train/loss=0.563]
Epoch 2:  14%|█▍        | 30/218 [00:01<00:07, 25.91it/s, loss=0.561, val/accuracy=0.703, val/loss=0.567, train/accuracy=0.707, train/loss=0.563]
Epoch 2:  14%|█▍        | 31/218 [00:01<00:07, 26.00it/s, loss=0.561, val/accuracy=0.703, val/loss=0.567, train/accuracy=0.707, train/loss=0.563]
Epoch 2:  14%|█▍        | 31/218 [00:01<00:07, 26.00it/s, loss=0.563, val/accuracy=0.703, val/loss=0.567, train/accuracy=0.707, train/loss=0.563]
Epoch 2:  15%|█▍        | 32/218 [00:01<00:07, 26.09it/s, loss=0.563, val/accuracy=0.703, val/loss=0.567, train/accuracy=0.707, train/loss=0.563]
Epoch 2:  15%|█▍        | 32/218 [00:01<00:07, 26.08it/s, loss=0.565, val/accuracy=0.703, val/loss=0.567, train/accuracy=0.707, train/loss=0.563]
Epoch 2:  15%|█▌        | 33/218 [00:01<00:07, 26.17it/s, loss=0.565, val/accuracy=0.703, val/loss=0.567, train/accuracy=0.707, train/loss=0.563]
Epoch 2:  15%|█▌        | 33/218 [00:01<00:07, 26.16it/s, loss=0.565, val/accuracy=0.703, val/loss=0.567, train/accuracy=0.707, train/loss=0.563]
Epoch 2:  16%|█▌        | 34/218 [00:01<00:07, 26.24it/s, loss=0.565, val/accuracy=0.703, val/loss=0.567, train/accuracy=0.707, train/loss=0.563]
Epoch 2:  16%|█▌        | 34/218 [00:01<00:07, 26.24it/s, loss=0.566, val/accuracy=0.703, val/loss=0.567, train/accuracy=0.707, train/loss=0.563]
Epoch 2:  16%|█▌        | 35/218 [00:01<00:06, 26.31it/s, loss=0.566, val/accuracy=0.703, val/loss=0.567, train/accuracy=0.707, train/loss=0.563]
Epoch 2:  16%|█▌        | 35/218 [00:01<00:06, 26.31it/s, loss=0.564, val/accuracy=0.703, val/loss=0.567, train/accuracy=0.707, train/loss=0.563]
Epoch 2:  17%|█▋        | 36/218 [00:01<00:06, 26.38it/s, loss=0.564, val/accuracy=0.703, val/loss=0.567, train/accuracy=0.707, train/loss=0.563]
Epoch 2:  17%|█▋        | 36/218 [00:01<00:06, 26.38it/s, loss=0.563, val/accuracy=0.703, val/loss=0.567, train/accuracy=0.707, train/loss=0.563]
Epoch 2:  17%|█▋        | 37/218 [00:01<00:06, 26.45it/s, loss=0.563, val/accuracy=0.703, val/loss=0.567, train/accuracy=0.707, train/loss=0.563]
Epoch 2:  17%|█▋        | 37/218 [00:01<00:06, 26.44it/s, loss=0.563, val/accuracy=0.703, val/loss=0.567, train/accuracy=0.707, train/loss=0.563]
Epoch 2:  17%|█▋        | 38/218 [00:01<00:06, 26.51it/s, loss=0.563, val/accuracy=0.703, val/loss=0.567, train/accuracy=0.707, train/loss=0.563]
Epoch 2:  17%|█▋        | 38/218 [00:01<00:06, 26.50it/s, loss=0.559, val/accuracy=0.703, val/loss=0.567, train/accuracy=0.707, train/loss=0.563]
Epoch 2:  18%|█▊        | 39/218 [00:01<00:06, 26.57it/s, loss=0.559, val/accuracy=0.703, val/loss=0.567, train/accuracy=0.707, train/loss=0.563]
Epoch 2:  18%|█▊        | 39/218 [00:01<00:06, 26.56it/s, loss=0.558, val/accuracy=0.703, val/loss=0.567, train/accuracy=0.707, train/loss=0.563]
Epoch 2:  18%|█▊        | 40/218 [00:01<00:06, 26.62it/s, loss=0.558, val/accuracy=0.703, val/loss=0.567, train/accuracy=0.707, train/loss=0.563]
Epoch 2:  18%|█▊        | 40/218 [00:01<00:06, 26.62it/s, loss=0.553, val/accuracy=0.703, val/loss=0.567, train/accuracy=0.707, train/loss=0.563]
Epoch 2:  19%|█▉        | 41/218 [00:01<00:06, 26.68it/s, loss=0.553, val/accuracy=0.703, val/loss=0.567, train/accuracy=0.707, train/loss=0.563]
Epoch 2:  19%|█▉        | 41/218 [00:01<00:06, 26.67it/s, loss=0.551, val/accuracy=0.703, val/loss=0.567, train/accuracy=0.707, train/loss=0.563]
Epoch 2:  19%|█▉        | 42/218 [00:01<00:06, 26.73it/s, loss=0.551, val/accuracy=0.703, val/loss=0.567, train/accuracy=0.707, train/loss=0.563]
Epoch 2:  19%|█▉        | 42/218 [00:01<00:06, 26.73it/s, loss=0.551, val/accuracy=0.703, val/loss=0.567, train/accuracy=0.707, train/loss=0.563]
Epoch 2:  20%|█▉        | 43/218 [00:01<00:06, 26.78it/s, loss=0.551, val/accuracy=0.703, val/loss=0.567, train/accuracy=0.707, train/loss=0.563]
Epoch 2:  20%|█▉        | 43/218 [00:01<00:06, 26.78it/s, loss=0.553, val/accuracy=0.703, val/loss=0.567, train/accuracy=0.707, train/loss=0.563]
Epoch 2:  20%|██        | 44/218 [00:01<00:06, 26.83it/s, loss=0.553, val/accuracy=0.703, val/loss=0.567, train/accuracy=0.707, train/loss=0.563]
Epoch 2:  20%|██        | 44/218 [00:01<00:06, 26.83it/s, loss=0.549, val/accuracy=0.703, val/loss=0.567, train/accuracy=0.707, train/loss=0.563]
Epoch 2:  21%|██        | 45/218 [00:01<00:06, 26.88it/s, loss=0.549, val/accuracy=0.703, val/loss=0.567, train/accuracy=0.707, train/loss=0.563]
Epoch 2:  21%|██        | 45/218 [00:01<00:06, 26.87it/s, loss=0.55, val/accuracy=0.703, val/loss=0.567, train/accuracy=0.707, train/loss=0.563] 
Epoch 2:  21%|██        | 46/218 [00:01<00:06, 26.92it/s, loss=0.55, val/accuracy=0.703, val/loss=0.567, train/accuracy=0.707, train/loss=0.563]
Epoch 2:  21%|██        | 46/218 [00:01<00:06, 26.92it/s, loss=0.547, val/accuracy=0.703, val/loss=0.567, train/accuracy=0.707, train/loss=0.563]
Epoch 2:  22%|██▏       | 47/218 [00:01<00:06, 26.97it/s, loss=0.547, val/accuracy=0.703, val/loss=0.567, train/accuracy=0.707, train/loss=0.563]
Epoch 2:  22%|██▏       | 47/218 [00:01<00:06, 26.96it/s, loss=0.546, val/accuracy=0.703, val/loss=0.567, train/accuracy=0.707, train/loss=0.563]
Epoch 2:  22%|██▏       | 48/218 [00:01<00:06, 27.01it/s, loss=0.546, val/accuracy=0.703, val/loss=0.567, train/accuracy=0.707, train/loss=0.563]
Epoch 2:  22%|██▏       | 48/218 [00:01<00:06, 27.01it/s, loss=0.546, val/accuracy=0.703, val/loss=0.567, train/accuracy=0.707, train/loss=0.563]
Epoch 2:  22%|██▏       | 49/218 [00:01<00:06, 27.05it/s, loss=0.546, val/accuracy=0.703, val/loss=0.567, train/accuracy=0.707, train/loss=0.563]
Epoch 2:  22%|██▏       | 49/218 [00:01<00:06, 27.05it/s, loss=0.548, val/accuracy=0.703, val/loss=0.567, train/accuracy=0.707, train/loss=0.563]
Epoch 2:  23%|██▎       | 50/218 [00:01<00:06, 27.09it/s, loss=0.548, val/accuracy=0.703, val/loss=0.567, train/accuracy=0.707, train/loss=0.563]
Epoch 2:  23%|██▎       | 50/218 [00:01<00:06, 27.08it/s, loss=0.546, val/accuracy=0.703, val/loss=0.567, train/accuracy=0.707, train/loss=0.563]
Epoch 2:  23%|██▎       | 51/218 [00:01<00:06, 27.12it/s, loss=0.546, val/accuracy=0.703, val/loss=0.567, train/accuracy=0.707, train/loss=0.563]
Epoch 2:  23%|██▎       | 51/218 [00:01<00:06, 27.12it/s, loss=0.545, val/accuracy=0.703, val/loss=0.567, train/accuracy=0.707, train/loss=0.563]
Epoch 2:  24%|██▍       | 52/218 [00:01<00:06, 27.16it/s, loss=0.545, val/accuracy=0.703, val/loss=0.567, train/accuracy=0.707, train/loss=0.563]
Epoch 2:  24%|██▍       | 52/218 [00:01<00:06, 27.16it/s, loss=0.542, val/accuracy=0.703, val/loss=0.567, train/accuracy=0.707, train/loss=0.563]
Epoch 2:  24%|██▍       | 53/218 [00:01<00:06, 27.19it/s, loss=0.542, val/accuracy=0.703, val/loss=0.567, train/accuracy=0.707, train/loss=0.563]
Epoch 2:  24%|██▍       | 53/218 [00:01<00:06, 27.19it/s, loss=0.542, val/accuracy=0.703, val/loss=0.567, train/accuracy=0.707, train/loss=0.563]
Epoch 2:  25%|██▍       | 54/218 [00:01<00:06, 27.23it/s, loss=0.542, val/accuracy=0.703, val/loss=0.567, train/accuracy=0.707, train/loss=0.563]
Epoch 2:  25%|██▍       | 54/218 [00:01<00:06, 27.22it/s, loss=0.537, val/accuracy=0.703, val/loss=0.567, train/accuracy=0.707, train/loss=0.563]
Epoch 2:  25%|██▌       | 55/218 [00:02<00:05, 27.26it/s, loss=0.537, val/accuracy=0.703, val/loss=0.567, train/accuracy=0.707, train/loss=0.563]
Epoch 2:  25%|██▌       | 55/218 [00:02<00:05, 27.25it/s, loss=0.538, val/accuracy=0.703, val/loss=0.567, train/accuracy=0.707, train/loss=0.563]
Epoch 2:  26%|██▌       | 56/218 [00:02<00:05, 27.25it/s, loss=0.538, val/accuracy=0.703, val/loss=0.567, train/accuracy=0.707, train/loss=0.563]
Epoch 2:  26%|██▌       | 56/218 [00:02<00:05, 27.24it/s, loss=0.541, val/accuracy=0.703, val/loss=0.567, train/accuracy=0.707, train/loss=0.563]
Epoch 2:  26%|██▌       | 57/218 [00:02<00:05, 27.25it/s, loss=0.541, val/accuracy=0.703, val/loss=0.567, train/accuracy=0.707, train/loss=0.563]
Epoch 2:  26%|██▌       | 57/218 [00:02<00:05, 27.25it/s, loss=0.549, val/accuracy=0.703, val/loss=0.567, train/accuracy=0.707, train/loss=0.563]
Epoch 2:  27%|██▋       | 58/218 [00:02<00:05, 27.27it/s, loss=0.549, val/accuracy=0.703, val/loss=0.567, train/accuracy=0.707, train/loss=0.563]
Epoch 2:  27%|██▋       | 58/218 [00:02<00:05, 27.26it/s, loss=0.552, val/accuracy=0.703, val/loss=0.567, train/accuracy=0.707, train/loss=0.563]
Epoch 2:  27%|██▋       | 59/218 [00:02<00:05, 27.28it/s, loss=0.552, val/accuracy=0.703, val/loss=0.567, train/accuracy=0.707, train/loss=0.563]
Epoch 2:  27%|██▋       | 59/218 [00:02<00:05, 27.28it/s, loss=0.549, val/accuracy=0.703, val/loss=0.567, train/accuracy=0.707, train/loss=0.563]
Epoch 2:  28%|██▊       | 60/218 [00:02<00:05, 27.30it/s, loss=0.549, val/accuracy=0.703, val/loss=0.567, train/accuracy=0.707, train/loss=0.563]
Epoch 2:  28%|██▊       | 60/218 [00:02<00:05, 27.29it/s, loss=0.552, val/accuracy=0.703, val/loss=0.567, train/accuracy=0.707, train/loss=0.563]
Epoch 2:  28%|██▊       | 61/218 [00:02<00:05, 27.31it/s, loss=0.552, val/accuracy=0.703, val/loss=0.567, train/accuracy=0.707, train/loss=0.563]
Epoch 2:  28%|██▊       | 61/218 [00:02<00:05, 27.31it/s, loss=0.553, val/accuracy=0.703, val/loss=0.567, train/accuracy=0.707, train/loss=0.563]
Epoch 2:  28%|██▊       | 62/218 [00:02<00:05, 27.33it/s, loss=0.553, val/accuracy=0.703, val/loss=0.567, train/accuracy=0.707, train/loss=0.563]
Epoch 2:  28%|██▊       | 62/218 [00:02<00:05, 27.32it/s, loss=0.553, val/accuracy=0.703, val/loss=0.567, train/accuracy=0.707, train/loss=0.563]
Epoch 2:  29%|██▉       | 63/218 [00:02<00:05, 27.34it/s, loss=0.553, val/accuracy=0.703, val/loss=0.567, train/accuracy=0.707, train/loss=0.563]
Epoch 2:  29%|██▉       | 63/218 [00:02<00:05, 27.34it/s, loss=0.548, val/accuracy=0.703, val/loss=0.567, train/accuracy=0.707, train/loss=0.563]
Epoch 2:  29%|██▉       | 64/218 [00:02<00:05, 27.36it/s, loss=0.548, val/accuracy=0.703, val/loss=0.567, train/accuracy=0.707, train/loss=0.563]
Epoch 2:  29%|██▉       | 64/218 [00:02<00:05, 27.35it/s, loss=0.545, val/accuracy=0.703, val/loss=0.567, train/accuracy=0.707, train/loss=0.563]
Epoch 2:  30%|██▉       | 65/218 [00:02<00:05, 27.37it/s, loss=0.545, val/accuracy=0.703, val/loss=0.567, train/accuracy=0.707, train/loss=0.563]
Epoch 2:  30%|██▉       | 65/218 [00:02<00:05, 27.37it/s, loss=0.542, val/accuracy=0.703, val/loss=0.567, train/accuracy=0.707, train/loss=0.563]
Epoch 2:  30%|███       | 66/218 [00:02<00:05, 27.38it/s, loss=0.542, val/accuracy=0.703, val/loss=0.567, train/accuracy=0.707, train/loss=0.563]
Epoch 2:  30%|███       | 66/218 [00:02<00:05, 27.38it/s, loss=0.547, val/accuracy=0.703, val/loss=0.567, train/accuracy=0.707, train/loss=0.563]
Epoch 2:  31%|███       | 67/218 [00:02<00:05, 27.39it/s, loss=0.547, val/accuracy=0.703, val/loss=0.567, train/accuracy=0.707, train/loss=0.563]
Epoch 2:  31%|███       | 67/218 [00:02<00:05, 27.39it/s, loss=0.544, val/accuracy=0.703, val/loss=0.567, train/accuracy=0.707, train/loss=0.563]
Epoch 2:  31%|███       | 68/218 [00:02<00:05, 27.41it/s, loss=0.544, val/accuracy=0.703, val/loss=0.567, train/accuracy=0.707, train/loss=0.563]
Epoch 2:  31%|███       | 68/218 [00:02<00:05, 27.40it/s, loss=0.546, val/accuracy=0.703, val/loss=0.567, train/accuracy=0.707, train/loss=0.563]
Epoch 2:  32%|███▏      | 69/218 [00:02<00:05, 27.42it/s, loss=0.546, val/accuracy=0.703, val/loss=0.567, train/accuracy=0.707, train/loss=0.563]
Epoch 2:  32%|███▏      | 69/218 [00:02<00:05, 27.42it/s, loss=0.546, val/accuracy=0.703, val/loss=0.567, train/accuracy=0.707, train/loss=0.563]
Epoch 2:  32%|███▏      | 70/218 [00:02<00:05, 27.42it/s, loss=0.546, val/accuracy=0.703, val/loss=0.567, train/accuracy=0.707, train/loss=0.563]
Epoch 2:  32%|███▏      | 70/218 [00:02<00:05, 27.42it/s, loss=0.546, val/accuracy=0.703, val/loss=0.567, train/accuracy=0.707, train/loss=0.563]
Epoch 2:  33%|███▎      | 71/218 [00:02<00:05, 27.43it/s, loss=0.546, val/accuracy=0.703, val/loss=0.567, train/accuracy=0.707, train/loss=0.563]
Epoch 2:  33%|███▎      | 71/218 [00:02<00:05, 27.43it/s, loss=0.548, val/accuracy=0.703, val/loss=0.567, train/accuracy=0.707, train/loss=0.563]
Epoch 2:  33%|███▎      | 72/218 [00:02<00:05, 27.44it/s, loss=0.548, val/accuracy=0.703, val/loss=0.567, train/accuracy=0.707, train/loss=0.563]
Epoch 2:  33%|███▎      | 72/218 [00:02<00:05, 27.44it/s, loss=0.551, val/accuracy=0.703, val/loss=0.567, train/accuracy=0.707, train/loss=0.563]
Epoch 2:  33%|███▎      | 73/218 [00:02<00:05, 27.46it/s, loss=0.551, val/accuracy=0.703, val/loss=0.567, train/accuracy=0.707, train/loss=0.563]
Epoch 2:  33%|███▎      | 73/218 [00:02<00:05, 27.45it/s, loss=0.552, val/accuracy=0.703, val/loss=0.567, train/accuracy=0.707, train/loss=0.563]
Epoch 2:  34%|███▍      | 74/218 [00:02<00:05, 27.47it/s, loss=0.552, val/accuracy=0.703, val/loss=0.567, train/accuracy=0.707, train/loss=0.563]
Epoch 2:  34%|███▍      | 74/218 [00:02<00:05, 27.47it/s, loss=0.554, val/accuracy=0.703, val/loss=0.567, train/accuracy=0.707, train/loss=0.563]
Epoch 2:  34%|███▍      | 75/218 [00:02<00:05, 27.49it/s, loss=0.554, val/accuracy=0.703, val/loss=0.567, train/accuracy=0.707, train/loss=0.563]
Epoch 2:  34%|███▍      | 75/218 [00:02<00:05, 27.49it/s, loss=0.553, val/accuracy=0.703, val/loss=0.567, train/accuracy=0.707, train/loss=0.563]
Epoch 2:  35%|███▍      | 76/218 [00:02<00:05, 27.51it/s, loss=0.553, val/accuracy=0.703, val/loss=0.567, train/accuracy=0.707, train/loss=0.563]
Epoch 2:  35%|███▍      | 76/218 [00:02<00:05, 27.50it/s, loss=0.55, val/accuracy=0.703, val/loss=0.567, train/accuracy=0.707, train/loss=0.563] 
Epoch 2:  35%|███▌      | 77/218 [00:02<00:05, 27.52it/s, loss=0.55, val/accuracy=0.703, val/loss=0.567, train/accuracy=0.707, train/loss=0.563]
Epoch 2:  35%|███▌      | 77/218 [00:02<00:05, 27.52it/s, loss=0.544, val/accuracy=0.703, val/loss=0.567, train/accuracy=0.707, train/loss=0.563]
Epoch 2:  36%|███▌      | 78/218 [00:02<00:05, 27.54it/s, loss=0.544, val/accuracy=0.703, val/loss=0.567, train/accuracy=0.707, train/loss=0.563]
Epoch 2:  36%|███▌      | 78/218 [00:02<00:05, 27.54it/s, loss=0.54, val/accuracy=0.703, val/loss=0.567, train/accuracy=0.707, train/loss=0.563] 
Epoch 2:  36%|███▌      | 79/218 [00:02<00:05, 27.56it/s, loss=0.54, val/accuracy=0.703, val/loss=0.567, train/accuracy=0.707, train/loss=0.563]
Epoch 2:  36%|███▌      | 79/218 [00:02<00:05, 27.56it/s, loss=0.543, val/accuracy=0.703, val/loss=0.567, train/accuracy=0.707, train/loss=0.563]
Epoch 2:  37%|███▋      | 80/218 [00:02<00:05, 27.58it/s, loss=0.543, val/accuracy=0.703, val/loss=0.567, train/accuracy=0.707, train/loss=0.563]
Epoch 2:  37%|███▋      | 80/218 [00:02<00:05, 27.58it/s, loss=0.544, val/accuracy=0.703, val/loss=0.567, train/accuracy=0.707, train/loss=0.563]
Epoch 2:  37%|███▋      | 81/218 [00:02<00:04, 27.60it/s, loss=0.544, val/accuracy=0.703, val/loss=0.567, train/accuracy=0.707, train/loss=0.563]
Epoch 2:  37%|███▋      | 81/218 [00:02<00:04, 27.59it/s, loss=0.542, val/accuracy=0.703, val/loss=0.567, train/accuracy=0.707, train/loss=0.563]
Epoch 2:  38%|███▊      | 82/218 [00:02<00:04, 27.60it/s, loss=0.542, val/accuracy=0.703, val/loss=0.567, train/accuracy=0.707, train/loss=0.563]
Epoch 2:  38%|███▊      | 82/218 [00:02<00:04, 27.60it/s, loss=0.541, val/accuracy=0.703, val/loss=0.567, train/accuracy=0.707, train/loss=0.563]
Epoch 2:  38%|███▊      | 83/218 [00:03<00:04, 27.62it/s, loss=0.541, val/accuracy=0.703, val/loss=0.567, train/accuracy=0.707, train/loss=0.563]
Epoch 2:  38%|███▊      | 83/218 [00:03<00:04, 27.62it/s, loss=0.547, val/accuracy=0.703, val/loss=0.567, train/accuracy=0.707, train/loss=0.563]
Epoch 2:  39%|███▊      | 84/218 [00:03<00:04, 27.64it/s, loss=0.547, val/accuracy=0.703, val/loss=0.567, train/accuracy=0.707, train/loss=0.563]
Epoch 2:  39%|███▊      | 84/218 [00:03<00:04, 27.63it/s, loss=0.554, val/accuracy=0.703, val/loss=0.567, train/accuracy=0.707, train/loss=0.563]
Epoch 2:  39%|███▉      | 85/218 [00:03<00:04, 27.65it/s, loss=0.554, val/accuracy=0.703, val/loss=0.567, train/accuracy=0.707, train/loss=0.563]
Epoch 2:  39%|███▉      | 85/218 [00:03<00:04, 27.65it/s, loss=0.557, val/accuracy=0.703, val/loss=0.567, train/accuracy=0.707, train/loss=0.563]
Epoch 2:  39%|███▉      | 86/218 [00:03<00:04, 27.67it/s, loss=0.557, val/accuracy=0.703, val/loss=0.567, train/accuracy=0.707, train/loss=0.563]
Epoch 2:  39%|███▉      | 86/218 [00:03<00:04, 27.66it/s, loss=0.553, val/accuracy=0.703, val/loss=0.567, train/accuracy=0.707, train/loss=0.563]
Epoch 2:  40%|███▉      | 87/218 [00:03<00:04, 27.68it/s, loss=0.553, val/accuracy=0.703, val/loss=0.567, train/accuracy=0.707, train/loss=0.563]
Epoch 2:  40%|███▉      | 87/218 [00:03<00:04, 27.68it/s, loss=0.558, val/accuracy=0.703, val/loss=0.567, train/accuracy=0.707, train/loss=0.563]
Epoch 2:  40%|████      | 88/218 [00:03<00:04, 27.70it/s, loss=0.558, val/accuracy=0.703, val/loss=0.567, train/accuracy=0.707, train/loss=0.563]
Epoch 2:  40%|████      | 88/218 [00:03<00:04, 27.70it/s, loss=0.555, val/accuracy=0.703, val/loss=0.567, train/accuracy=0.707, train/loss=0.563]
Epoch 2:  41%|████      | 89/218 [00:03<00:04, 27.70it/s, loss=0.555, val/accuracy=0.703, val/loss=0.567, train/accuracy=0.707, train/loss=0.563]
Epoch 2:  41%|████      | 89/218 [00:03<00:04, 27.70it/s, loss=0.554, val/accuracy=0.703, val/loss=0.567, train/accuracy=0.707, train/loss=0.563]
Epoch 2:  41%|████▏     | 90/218 [00:03<00:04, 27.71it/s, loss=0.554, val/accuracy=0.703, val/loss=0.567, train/accuracy=0.707, train/loss=0.563]
Epoch 2:  41%|████▏     | 90/218 [00:03<00:04, 27.71it/s, loss=0.558, val/accuracy=0.703, val/loss=0.567, train/accuracy=0.707, train/loss=0.563]
Epoch 2:  42%|████▏     | 91/218 [00:03<00:04, 27.72it/s, loss=0.558, val/accuracy=0.703, val/loss=0.567, train/accuracy=0.707, train/loss=0.563]
Epoch 2:  42%|████▏     | 91/218 [00:03<00:04, 27.72it/s, loss=0.556, val/accuracy=0.703, val/loss=0.567, train/accuracy=0.707, train/loss=0.563]
Epoch 2:  42%|████▏     | 92/218 [00:03<00:04, 27.74it/s, loss=0.556, val/accuracy=0.703, val/loss=0.567, train/accuracy=0.707, train/loss=0.563]
Epoch 2:  42%|████▏     | 92/218 [00:03<00:04, 27.73it/s, loss=0.556, val/accuracy=0.703, val/loss=0.567, train/accuracy=0.707, train/loss=0.563]
Epoch 2:  43%|████▎     | 93/218 [00:03<00:04, 27.75it/s, loss=0.556, val/accuracy=0.703, val/loss=0.567, train/accuracy=0.707, train/loss=0.563]
Epoch 2:  43%|████▎     | 93/218 [00:03<00:04, 27.75it/s, loss=0.556, val/accuracy=0.703, val/loss=0.567, train/accuracy=0.707, train/loss=0.563]
Epoch 2:  43%|████▎     | 94/218 [00:03<00:04, 27.76it/s, loss=0.556, val/accuracy=0.703, val/loss=0.567, train/accuracy=0.707, train/loss=0.563]
Epoch 2:  43%|████▎     | 94/218 [00:03<00:04, 27.76it/s, loss=0.554, val/accuracy=0.703, val/loss=0.567, train/accuracy=0.707, train/loss=0.563]
Epoch 2:  44%|████▎     | 95/218 [00:03<00:04, 27.77it/s, loss=0.554, val/accuracy=0.703, val/loss=0.567, train/accuracy=0.707, train/loss=0.563]
Epoch 2:  44%|████▎     | 95/218 [00:03<00:04, 27.77it/s, loss=0.554, val/accuracy=0.703, val/loss=0.567, train/accuracy=0.707, train/loss=0.563]
Epoch 2:  44%|████▍     | 96/218 [00:03<00:04, 27.78it/s, loss=0.554, val/accuracy=0.703, val/loss=0.567, train/accuracy=0.707, train/loss=0.563]
Epoch 2:  44%|████▍     | 96/218 [00:03<00:04, 27.78it/s, loss=0.559, val/accuracy=0.703, val/loss=0.567, train/accuracy=0.707, train/loss=0.563]
Epoch 2:  44%|████▍     | 97/218 [00:03<00:04, 27.79it/s, loss=0.559, val/accuracy=0.703, val/loss=0.567, train/accuracy=0.707, train/loss=0.563]
Epoch 2:  44%|████▍     | 97/218 [00:03<00:04, 27.79it/s, loss=0.558, val/accuracy=0.703, val/loss=0.567, train/accuracy=0.707, train/loss=0.563]
Epoch 2:  45%|████▍     | 98/218 [00:03<00:04, 27.81it/s, loss=0.558, val/accuracy=0.703, val/loss=0.567, train/accuracy=0.707, train/loss=0.563]
Epoch 2:  45%|████▍     | 98/218 [00:03<00:04, 27.81it/s, loss=0.564, val/accuracy=0.703, val/loss=0.567, train/accuracy=0.707, train/loss=0.563]
Epoch 2:  45%|████▌     | 99/218 [00:03<00:04, 27.82it/s, loss=0.564, val/accuracy=0.703, val/loss=0.567, train/accuracy=0.707, train/loss=0.563]
Epoch 2:  45%|████▌     | 99/218 [00:03<00:04, 27.82it/s, loss=0.565, val/accuracy=0.703, val/loss=0.567, train/accuracy=0.707, train/loss=0.563]
Epoch 2:  46%|████▌     | 100/218 [00:03<00:04, 27.83it/s, loss=0.565, val/accuracy=0.703, val/loss=0.567, train/accuracy=0.707, train/loss=0.563]
Epoch 2:  46%|████▌     | 100/218 [00:03<00:04, 27.83it/s, loss=0.566, val/accuracy=0.703, val/loss=0.567, train/accuracy=0.707, train/loss=0.563]
Epoch 2:  46%|████▋     | 101/218 [00:03<00:04, 27.85it/s, loss=0.566, val/accuracy=0.703, val/loss=0.567, train/accuracy=0.707, train/loss=0.563]
Epoch 2:  46%|████▋     | 101/218 [00:03<00:04, 27.84it/s, loss=0.567, val/accuracy=0.703, val/loss=0.567, train/accuracy=0.707, train/loss=0.563]
Epoch 2:  47%|████▋     | 102/218 [00:03<00:04, 27.86it/s, loss=0.567, val/accuracy=0.703, val/loss=0.567, train/accuracy=0.707, train/loss=0.563]
Epoch 2:  47%|████▋     | 102/218 [00:03<00:04, 27.86it/s, loss=0.569, val/accuracy=0.703, val/loss=0.567, train/accuracy=0.707, train/loss=0.563]
Epoch 2:  47%|████▋     | 103/218 [00:03<00:04, 27.87it/s, loss=0.569, val/accuracy=0.703, val/loss=0.567, train/accuracy=0.707, train/loss=0.563]
Epoch 2:  47%|████▋     | 103/218 [00:03<00:04, 27.87it/s, loss=0.568, val/accuracy=0.703, val/loss=0.567, train/accuracy=0.707, train/loss=0.563]
Epoch 2:  48%|████▊     | 104/218 [00:03<00:04, 27.88it/s, loss=0.568, val/accuracy=0.703, val/loss=0.567, train/accuracy=0.707, train/loss=0.563]
Epoch 2:  48%|████▊     | 104/218 [00:03<00:04, 27.88it/s, loss=0.563, val/accuracy=0.703, val/loss=0.567, train/accuracy=0.707, train/loss=0.563]
Epoch 2:  48%|████▊     | 105/218 [00:03<00:04, 27.89it/s, loss=0.563, val/accuracy=0.703, val/loss=0.567, train/accuracy=0.707, train/loss=0.563]
Epoch 2:  48%|████▊     | 105/218 [00:03<00:04, 27.89it/s, loss=0.564, val/accuracy=0.703, val/loss=0.567, train/accuracy=0.707, train/loss=0.563]
Epoch 2:  49%|████▊     | 106/218 [00:03<00:04, 27.90it/s, loss=0.564, val/accuracy=0.703, val/loss=0.567, train/accuracy=0.707, train/loss=0.563]
Epoch 2:  49%|████▊     | 106/218 [00:03<00:04, 27.90it/s, loss=0.565, val/accuracy=0.703, val/loss=0.567, train/accuracy=0.707, train/loss=0.563]
Epoch 2:  49%|████▉     | 107/218 [00:03<00:03, 27.91it/s, loss=0.565, val/accuracy=0.703, val/loss=0.567, train/accuracy=0.707, train/loss=0.563]
Epoch 2:  49%|████▉     | 107/218 [00:03<00:03, 27.91it/s, loss=0.562, val/accuracy=0.703, val/loss=0.567, train/accuracy=0.707, train/loss=0.563]
Epoch 2:  50%|████▉     | 108/218 [00:03<00:03, 27.92it/s, loss=0.562, val/accuracy=0.703, val/loss=0.567, train/accuracy=0.707, train/loss=0.563]
Epoch 2:  50%|████▉     | 108/218 [00:03<00:03, 27.92it/s, loss=0.569, val/accuracy=0.703, val/loss=0.567, train/accuracy=0.707, train/loss=0.563]
Epoch 2:  50%|█████     | 109/218 [00:03<00:03, 27.93it/s, loss=0.569, val/accuracy=0.703, val/loss=0.567, train/accuracy=0.707, train/loss=0.563]
Epoch 2:  50%|█████     | 109/218 [00:03<00:03, 27.93it/s, loss=0.571, val/accuracy=0.703, val/loss=0.567, train/accuracy=0.707, train/loss=0.563]
Epoch 2:  50%|█████     | 110/218 [00:03<00:03, 27.94it/s, loss=0.571, val/accuracy=0.703, val/loss=0.567, train/accuracy=0.707, train/loss=0.563]
Epoch 2:  50%|█████     | 110/218 [00:03<00:03, 27.94it/s, loss=0.569, val/accuracy=0.703, val/loss=0.567, train/accuracy=0.707, train/loss=0.563]
Epoch 2:  51%|█████     | 111/218 [00:03<00:03, 27.95it/s, loss=0.569, val/accuracy=0.703, val/loss=0.567, train/accuracy=0.707, train/loss=0.563]
Epoch 2:  51%|█████     | 111/218 [00:03<00:03, 27.95it/s, loss=0.57, val/accuracy=0.703, val/loss=0.567, train/accuracy=0.707, train/loss=0.563] 
Epoch 2:  51%|█████▏    | 112/218 [00:04<00:03, 27.96it/s, loss=0.57, val/accuracy=0.703, val/loss=0.567, train/accuracy=0.707, train/loss=0.563]
Epoch 2:  51%|█████▏    | 112/218 [00:04<00:03, 27.96it/s, loss=0.567, val/accuracy=0.703, val/loss=0.567, train/accuracy=0.707, train/loss=0.563]
Epoch 2:  52%|█████▏    | 113/218 [00:04<00:03, 27.97it/s, loss=0.567, val/accuracy=0.703, val/loss=0.567, train/accuracy=0.707, train/loss=0.563]
Epoch 2:  52%|█████▏    | 113/218 [00:04<00:03, 27.97it/s, loss=0.565, val/accuracy=0.703, val/loss=0.567, train/accuracy=0.707, train/loss=0.563]
Epoch 2:  52%|█████▏    | 114/218 [00:04<00:03, 27.98it/s, loss=0.565, val/accuracy=0.703, val/loss=0.567, train/accuracy=0.707, train/loss=0.563]
Epoch 2:  52%|█████▏    | 114/218 [00:04<00:03, 27.98it/s, loss=0.567, val/accuracy=0.703, val/loss=0.567, train/accuracy=0.707, train/loss=0.563]
Epoch 2:  53%|█████▎    | 115/218 [00:04<00:03, 27.99it/s, loss=0.567, val/accuracy=0.703, val/loss=0.567, train/accuracy=0.707, train/loss=0.563]
Epoch 2:  53%|█████▎    | 115/218 [00:04<00:03, 27.99it/s, loss=0.566, val/accuracy=0.703, val/loss=0.567, train/accuracy=0.707, train/loss=0.563]
Epoch 2:  53%|█████▎    | 116/218 [00:04<00:03, 28.00it/s, loss=0.566, val/accuracy=0.703, val/loss=0.567, train/accuracy=0.707, train/loss=0.563]
Epoch 2:  53%|█████▎    | 116/218 [00:04<00:03, 28.00it/s, loss=0.564, val/accuracy=0.703, val/loss=0.567, train/accuracy=0.707, train/loss=0.563]
Epoch 2:  54%|█████▎    | 117/218 [00:04<00:03, 28.01it/s, loss=0.564, val/accuracy=0.703, val/loss=0.567, train/accuracy=0.707, train/loss=0.563]
Epoch 2:  54%|█████▎    | 117/218 [00:04<00:03, 28.01it/s, loss=0.565, val/accuracy=0.703, val/loss=0.567, train/accuracy=0.707, train/loss=0.563]
Epoch 2:  54%|█████▍    | 118/218 [00:04<00:03, 28.02it/s, loss=0.565, val/accuracy=0.703, val/loss=0.567, train/accuracy=0.707, train/loss=0.563]
Epoch 2:  54%|█████▍    | 118/218 [00:04<00:03, 28.02it/s, loss=0.563, val/accuracy=0.703, val/loss=0.567, train/accuracy=0.707, train/loss=0.563]
Epoch 2:  55%|█████▍    | 119/218 [00:04<00:03, 28.02it/s, loss=0.563, val/accuracy=0.703, val/loss=0.567, train/accuracy=0.707, train/loss=0.563]
Epoch 2:  55%|█████▍    | 119/218 [00:04<00:03, 28.02it/s, loss=0.558, val/accuracy=0.703, val/loss=0.567, train/accuracy=0.707, train/loss=0.563]
Epoch 2:  55%|█████▌    | 120/218 [00:04<00:03, 28.03it/s, loss=0.558, val/accuracy=0.703, val/loss=0.567, train/accuracy=0.707, train/loss=0.563]
Epoch 2:  55%|█████▌    | 120/218 [00:04<00:03, 28.03it/s, loss=0.553, val/accuracy=0.703, val/loss=0.567, train/accuracy=0.707, train/loss=0.563]
Epoch 2:  56%|█████▌    | 121/218 [00:04<00:03, 28.04it/s, loss=0.553, val/accuracy=0.703, val/loss=0.567, train/accuracy=0.707, train/loss=0.563]
Epoch 2:  56%|█████▌    | 121/218 [00:04<00:03, 28.04it/s, loss=0.548, val/accuracy=0.703, val/loss=0.567, train/accuracy=0.707, train/loss=0.563]
Epoch 2:  56%|█████▌    | 122/218 [00:04<00:03, 28.05it/s, loss=0.548, val/accuracy=0.703, val/loss=0.567, train/accuracy=0.707, train/loss=0.563]
Epoch 2:  56%|█████▌    | 122/218 [00:04<00:03, 28.05it/s, loss=0.546, val/accuracy=0.703, val/loss=0.567, train/accuracy=0.707, train/loss=0.563]
Epoch 2:  56%|█████▋    | 123/218 [00:04<00:03, 28.05it/s, loss=0.546, val/accuracy=0.703, val/loss=0.567, train/accuracy=0.707, train/loss=0.563]
Epoch 2:  56%|█████▋    | 123/218 [00:04<00:03, 28.04it/s, loss=0.544, val/accuracy=0.703, val/loss=0.567, train/accuracy=0.707, train/loss=0.563]
Epoch 2:  57%|█████▋    | 124/218 [00:04<00:03, 28.05it/s, loss=0.544, val/accuracy=0.703, val/loss=0.567, train/accuracy=0.707, train/loss=0.563]
Epoch 2:  57%|█████▋    | 124/218 [00:04<00:03, 28.05it/s, loss=0.546, val/accuracy=0.703, val/loss=0.567, train/accuracy=0.707, train/loss=0.563]
Epoch 2:  57%|█████▋    | 125/218 [00:04<00:03, 28.06it/s, loss=0.546, val/accuracy=0.703, val/loss=0.567, train/accuracy=0.707, train/loss=0.563]
Epoch 2:  57%|█████▋    | 125/218 [00:04<00:03, 28.06it/s, loss=0.54, val/accuracy=0.703, val/loss=0.567, train/accuracy=0.707, train/loss=0.563] 
Epoch 2:  58%|█████▊    | 126/218 [00:04<00:03, 28.06it/s, loss=0.54, val/accuracy=0.703, val/loss=0.567, train/accuracy=0.707, train/loss=0.563]
Epoch 2:  58%|█████▊    | 126/218 [00:04<00:03, 28.06it/s, loss=0.537, val/accuracy=0.703, val/loss=0.567, train/accuracy=0.707, train/loss=0.563]
Epoch 2:  58%|█████▊    | 127/218 [00:04<00:03, 28.07it/s, loss=0.537, val/accuracy=0.703, val/loss=0.567, train/accuracy=0.707, train/loss=0.563]
Epoch 2:  58%|█████▊    | 127/218 [00:04<00:03, 28.07it/s, loss=0.535, val/accuracy=0.703, val/loss=0.567, train/accuracy=0.707, train/loss=0.563]
Epoch 2:  59%|█████▊    | 128/218 [00:04<00:03, 28.08it/s, loss=0.535, val/accuracy=0.703, val/loss=0.567, train/accuracy=0.707, train/loss=0.563]
Epoch 2:  59%|█████▊    | 128/218 [00:04<00:03, 28.08it/s, loss=0.538, val/accuracy=0.703, val/loss=0.567, train/accuracy=0.707, train/loss=0.563]
Epoch 2:  59%|█████▉    | 129/218 [00:04<00:03, 28.09it/s, loss=0.538, val/accuracy=0.703, val/loss=0.567, train/accuracy=0.707, train/loss=0.563]
Epoch 2:  59%|█████▉    | 129/218 [00:04<00:03, 28.09it/s, loss=0.535, val/accuracy=0.703, val/loss=0.567, train/accuracy=0.707, train/loss=0.563]
Epoch 2:  60%|█████▉    | 130/218 [00:04<00:03, 28.10it/s, loss=0.535, val/accuracy=0.703, val/loss=0.567, train/accuracy=0.707, train/loss=0.563]
Epoch 2:  60%|█████▉    | 130/218 [00:04<00:03, 28.10it/s, loss=0.538, val/accuracy=0.703, val/loss=0.567, train/accuracy=0.707, train/loss=0.563]
Epoch 2:  60%|██████    | 131/218 [00:04<00:03, 28.11it/s, loss=0.538, val/accuracy=0.703, val/loss=0.567, train/accuracy=0.707, train/loss=0.563]
Epoch 2:  60%|██████    | 131/218 [00:04<00:03, 28.10it/s, loss=0.539, val/accuracy=0.703, val/loss=0.567, train/accuracy=0.707, train/loss=0.563]
Epoch 2:  61%|██████    | 132/218 [00:04<00:03, 28.11it/s, loss=0.539, val/accuracy=0.703, val/loss=0.567, train/accuracy=0.707, train/loss=0.563]
Epoch 2:  61%|██████    | 132/218 [00:04<00:03, 28.11it/s, loss=0.539, val/accuracy=0.703, val/loss=0.567, train/accuracy=0.707, train/loss=0.563]
Epoch 2:  61%|██████    | 133/218 [00:04<00:03, 28.12it/s, loss=0.539, val/accuracy=0.703, val/loss=0.567, train/accuracy=0.707, train/loss=0.563]
Epoch 2:  61%|██████    | 133/218 [00:04<00:03, 28.12it/s, loss=0.54, val/accuracy=0.703, val/loss=0.567, train/accuracy=0.707, train/loss=0.563] 
Epoch 2:  61%|██████▏   | 134/218 [00:04<00:02, 28.13it/s, loss=0.54, val/accuracy=0.703, val/loss=0.567, train/accuracy=0.707, train/loss=0.563]
Epoch 2:  61%|██████▏   | 134/218 [00:04<00:02, 28.13it/s, loss=0.539, val/accuracy=0.703, val/loss=0.567, train/accuracy=0.707, train/loss=0.563]
Epoch 2:  62%|██████▏   | 135/218 [00:04<00:02, 28.13it/s, loss=0.539, val/accuracy=0.703, val/loss=0.567, train/accuracy=0.707, train/loss=0.563]
Epoch 2:  62%|██████▏   | 135/218 [00:04<00:02, 28.13it/s, loss=0.539, val/accuracy=0.703, val/loss=0.567, train/accuracy=0.707, train/loss=0.563]
Epoch 2:  62%|██████▏   | 136/218 [00:04<00:02, 28.14it/s, loss=0.539, val/accuracy=0.703, val/loss=0.567, train/accuracy=0.707, train/loss=0.563]
Epoch 2:  62%|██████▏   | 136/218 [00:04<00:02, 28.14it/s, loss=0.538, val/accuracy=0.703, val/loss=0.567, train/accuracy=0.707, train/loss=0.563]
Epoch 2:  63%|██████▎   | 137/218 [00:04<00:02, 28.15it/s, loss=0.538, val/accuracy=0.703, val/loss=0.567, train/accuracy=0.707, train/loss=0.563]
Epoch 2:  63%|██████▎   | 137/218 [00:04<00:02, 28.15it/s, loss=0.539, val/accuracy=0.703, val/loss=0.567, train/accuracy=0.707, train/loss=0.563]
Epoch 2:  63%|██████▎   | 138/218 [00:04<00:02, 28.15it/s, loss=0.539, val/accuracy=0.703, val/loss=0.567, train/accuracy=0.707, train/loss=0.563]
Epoch 2:  63%|██████▎   | 138/218 [00:04<00:02, 28.15it/s, loss=0.542, val/accuracy=0.703, val/loss=0.567, train/accuracy=0.707, train/loss=0.563]
Epoch 2:  64%|██████▍   | 139/218 [00:04<00:02, 28.16it/s, loss=0.542, val/accuracy=0.703, val/loss=0.567, train/accuracy=0.707, train/loss=0.563]
Epoch 2:  64%|██████▍   | 139/218 [00:04<00:02, 28.16it/s, loss=0.545, val/accuracy=0.703, val/loss=0.567, train/accuracy=0.707, train/loss=0.563]
Epoch 2:  64%|██████▍   | 140/218 [00:04<00:02, 28.17it/s, loss=0.545, val/accuracy=0.703, val/loss=0.567, train/accuracy=0.707, train/loss=0.563]
Epoch 2:  64%|██████▍   | 140/218 [00:04<00:02, 28.17it/s, loss=0.545, val/accuracy=0.703, val/loss=0.567, train/accuracy=0.707, train/loss=0.563]
Epoch 2:  65%|██████▍   | 141/218 [00:05<00:02, 28.17it/s, loss=0.545, val/accuracy=0.703, val/loss=0.567, train/accuracy=0.707, train/loss=0.563]
Epoch 2:  65%|██████▍   | 141/218 [00:05<00:02, 28.17it/s, loss=0.55, val/accuracy=0.703, val/loss=0.567, train/accuracy=0.707, train/loss=0.563] 
Epoch 2:  65%|██████▌   | 142/218 [00:05<00:02, 28.18it/s, loss=0.55, val/accuracy=0.703, val/loss=0.567, train/accuracy=0.707, train/loss=0.563]
Epoch 2:  65%|██████▌   | 142/218 [00:05<00:02, 28.18it/s, loss=0.553, val/accuracy=0.703, val/loss=0.567, train/accuracy=0.707, train/loss=0.563]
Epoch 2:  66%|██████▌   | 143/218 [00:05<00:02, 28.19it/s, loss=0.553, val/accuracy=0.703, val/loss=0.567, train/accuracy=0.707, train/loss=0.563]
Epoch 2:  66%|██████▌   | 143/218 [00:05<00:02, 28.19it/s, loss=0.556, val/accuracy=0.703, val/loss=0.567, train/accuracy=0.707, train/loss=0.563]
Epoch 2:  66%|██████▌   | 144/218 [00:05<00:02, 28.19it/s, loss=0.556, val/accuracy=0.703, val/loss=0.567, train/accuracy=0.707, train/loss=0.563]
Epoch 2:  66%|██████▌   | 144/218 [00:05<00:02, 28.19it/s, loss=0.555, val/accuracy=0.703, val/loss=0.567, train/accuracy=0.707, train/loss=0.563]
Epoch 2:  67%|██████▋   | 145/218 [00:05<00:02, 28.20it/s, loss=0.555, val/accuracy=0.703, val/loss=0.567, train/accuracy=0.707, train/loss=0.563]
Epoch 2:  67%|██████▋   | 145/218 [00:05<00:02, 28.20it/s, loss=0.561, val/accuracy=0.703, val/loss=0.567, train/accuracy=0.707, train/loss=0.563]
Epoch 2:  67%|██████▋   | 146/218 [00:05<00:02, 28.21it/s, loss=0.561, val/accuracy=0.703, val/loss=0.567, train/accuracy=0.707, train/loss=0.563]
Epoch 2:  67%|██████▋   | 146/218 [00:05<00:02, 28.20it/s, loss=0.566, val/accuracy=0.703, val/loss=0.567, train/accuracy=0.707, train/loss=0.563]
Epoch 2:  67%|██████▋   | 147/218 [00:05<00:02, 28.21it/s, loss=0.566, val/accuracy=0.703, val/loss=0.567, train/accuracy=0.707, train/loss=0.563]
Epoch 2:  67%|██████▋   | 147/218 [00:05<00:02, 28.21it/s, loss=0.568, val/accuracy=0.703, val/loss=0.567, train/accuracy=0.707, train/loss=0.563]
Epoch 2:  68%|██████▊   | 148/218 [00:05<00:02, 28.22it/s, loss=0.568, val/accuracy=0.703, val/loss=0.567, train/accuracy=0.707, train/loss=0.563]
Epoch 2:  68%|██████▊   | 148/218 [00:05<00:02, 28.22it/s, loss=0.559, val/accuracy=0.703, val/loss=0.567, train/accuracy=0.707, train/loss=0.563]
Epoch 2:  68%|██████▊   | 149/218 [00:05<00:02, 28.22it/s, loss=0.559, val/accuracy=0.703, val/loss=0.567, train/accuracy=0.707, train/loss=0.563]
Epoch 2:  68%|██████▊   | 149/218 [00:05<00:02, 28.22it/s, loss=0.559, val/accuracy=0.703, val/loss=0.567, train/accuracy=0.707, train/loss=0.563]
Epoch 2:  69%|██████▉   | 150/218 [00:05<00:02, 28.23it/s, loss=0.559, val/accuracy=0.703, val/loss=0.567, train/accuracy=0.707, train/loss=0.563]
Epoch 2:  69%|██████▉   | 150/218 [00:05<00:02, 28.23it/s, loss=0.555, val/accuracy=0.703, val/loss=0.567, train/accuracy=0.707, train/loss=0.563]
Epoch 2:  69%|██████▉   | 151/218 [00:05<00:02, 28.24it/s, loss=0.555, val/accuracy=0.703, val/loss=0.567, train/accuracy=0.707, train/loss=0.563]
Epoch 2:  69%|██████▉   | 151/218 [00:05<00:02, 28.23it/s, loss=0.555, val/accuracy=0.703, val/loss=0.567, train/accuracy=0.707, train/loss=0.563]
Epoch 2:  70%|██████▉   | 152/218 [00:05<00:02, 28.24it/s, loss=0.555, val/accuracy=0.703, val/loss=0.567, train/accuracy=0.707, train/loss=0.563]
Epoch 2:  70%|██████▉   | 152/218 [00:05<00:02, 28.24it/s, loss=0.554, val/accuracy=0.703, val/loss=0.567, train/accuracy=0.707, train/loss=0.563]
Epoch 2:  70%|███████   | 153/218 [00:05<00:02, 28.25it/s, loss=0.554, val/accuracy=0.703, val/loss=0.567, train/accuracy=0.707, train/loss=0.563]
Epoch 2:  70%|███████   | 153/218 [00:05<00:02, 28.25it/s, loss=0.553, val/accuracy=0.703, val/loss=0.567, train/accuracy=0.707, train/loss=0.563]
Epoch 2:  71%|███████   | 154/218 [00:05<00:02, 28.25it/s, loss=0.553, val/accuracy=0.703, val/loss=0.567, train/accuracy=0.707, train/loss=0.563]
Epoch 2:  71%|███████   | 154/218 [00:05<00:02, 28.25it/s, loss=0.555, val/accuracy=0.703, val/loss=0.567, train/accuracy=0.707, train/loss=0.563]
Epoch 2:  71%|███████   | 155/218 [00:05<00:02, 28.26it/s, loss=0.555, val/accuracy=0.703, val/loss=0.567, train/accuracy=0.707, train/loss=0.563]
Epoch 2:  71%|███████   | 155/218 [00:05<00:02, 28.26it/s, loss=0.556, val/accuracy=0.703, val/loss=0.567, train/accuracy=0.707, train/loss=0.563]
Epoch 2:  72%|███████▏  | 156/218 [00:05<00:02, 28.27it/s, loss=0.556, val/accuracy=0.703, val/loss=0.567, train/accuracy=0.707, train/loss=0.563]
Epoch 2:  72%|███████▏  | 156/218 [00:05<00:02, 28.26it/s, loss=0.557, val/accuracy=0.703, val/loss=0.567, train/accuracy=0.707, train/loss=0.563]
Epoch 2:  72%|███████▏  | 157/218 [00:05<00:02, 28.27it/s, loss=0.557, val/accuracy=0.703, val/loss=0.567, train/accuracy=0.707, train/loss=0.563]
Epoch 2:  72%|███████▏  | 157/218 [00:05<00:02, 28.27it/s, loss=0.555, val/accuracy=0.703, val/loss=0.567, train/accuracy=0.707, train/loss=0.563]
Epoch 2:  72%|███████▏  | 158/218 [00:05<00:02, 28.28it/s, loss=0.555, val/accuracy=0.703, val/loss=0.567, train/accuracy=0.707, train/loss=0.563]
Epoch 2:  72%|███████▏  | 158/218 [00:05<00:02, 28.28it/s, loss=0.551, val/accuracy=0.703, val/loss=0.567, train/accuracy=0.707, train/loss=0.563]
Epoch 2:  73%|███████▎  | 159/218 [00:05<00:02, 28.28it/s, loss=0.551, val/accuracy=0.703, val/loss=0.567, train/accuracy=0.707, train/loss=0.563]
Epoch 2:  73%|███████▎  | 159/218 [00:05<00:02, 28.28it/s, loss=0.549, val/accuracy=0.703, val/loss=0.567, train/accuracy=0.707, train/loss=0.563]
Epoch 2:  73%|███████▎  | 160/218 [00:05<00:02, 28.29it/s, loss=0.549, val/accuracy=0.703, val/loss=0.567, train/accuracy=0.707, train/loss=0.563]
Epoch 2:  73%|███████▎  | 160/218 [00:05<00:02, 28.29it/s, loss=0.553, val/accuracy=0.703, val/loss=0.567, train/accuracy=0.707, train/loss=0.563]
Epoch 2:  74%|███████▍  | 161/218 [00:05<00:02, 28.29it/s, loss=0.553, val/accuracy=0.703, val/loss=0.567, train/accuracy=0.707, train/loss=0.563]
Epoch 2:  74%|███████▍  | 161/218 [00:05<00:02, 28.29it/s, loss=0.551, val/accuracy=0.703, val/loss=0.567, train/accuracy=0.707, train/loss=0.563]
Epoch 2:  74%|███████▍  | 162/218 [00:05<00:01, 28.30it/s, loss=0.551, val/accuracy=0.703, val/loss=0.567, train/accuracy=0.707, train/loss=0.563]
Epoch 2:  74%|███████▍  | 162/218 [00:05<00:01, 28.29it/s, loss=0.549, val/accuracy=0.703, val/loss=0.567, train/accuracy=0.707, train/loss=0.563]
Epoch 2:  75%|███████▍  | 163/218 [00:05<00:01, 28.32it/s, loss=0.549, val/accuracy=0.703, val/loss=0.567, train/accuracy=0.707, train/loss=0.563]
Epoch 2:  75%|███████▍  | 163/218 [00:05<00:01, 28.32it/s, loss=0.547, val/accuracy=0.703, val/loss=0.567, train/accuracy=0.707, train/loss=0.563]

Validation: 0it [00:00, ?it/s][A

Validation:   0%|          | 0/55 [00:00<?, ?it/s][A

Validation DataLoader 0:   0%|          | 0/55 [00:00<?, ?it/s][A

Validation DataLoader 0:   2%|▏         | 1/55 [00:00<00:00, 133.40it/s][A
Epoch 2:  75%|███████▌  | 164/218 [00:05<00:01, 27.83it/s, loss=0.547, val/accuracy=0.703, val/loss=0.567, train/accuracy=0.707, train/loss=0.563]

Validation DataLoader 0:   4%|▎         | 2/55 [00:00<00:00, 56.42it/s] [A
Epoch 2:  76%|███████▌  | 165/218 [00:05<00:01, 27.87it/s, loss=0.547, val/accuracy=0.703, val/loss=0.567, train/accuracy=0.707, train/loss=0.563]

Validation DataLoader 0:   5%|▌         | 3/55 [00:00<00:01, 44.49it/s][A
Epoch 2:  76%|███████▌  | 166/218 [00:05<00:01, 27.89it/s, loss=0.547, val/accuracy=0.703, val/loss=0.567, train/accuracy=0.707, train/loss=0.563]

Validation DataLoader 0:   7%|▋         | 4/55 [00:00<00:01, 40.18it/s][A
Epoch 2:  77%|███████▋  | 167/218 [00:05<00:01, 27.91it/s, loss=0.547, val/accuracy=0.703, val/loss=0.567, train/accuracy=0.707, train/loss=0.563]

Validation DataLoader 0:   9%|▉         | 5/55 [00:00<00:01, 38.00it/s][A
Epoch 2:  77%|███████▋  | 168/218 [00:06<00:01, 27.93it/s, loss=0.547, val/accuracy=0.703, val/loss=0.567, train/accuracy=0.707, train/loss=0.563]

Validation DataLoader 0:  11%|█         | 6/55 [00:00<00:01, 36.67it/s][A
Epoch 2:  78%|███████▊  | 169/218 [00:06<00:01, 27.94it/s, loss=0.547, val/accuracy=0.703, val/loss=0.567, train/accuracy=0.707, train/loss=0.563]

Validation DataLoader 0:  13%|█▎        | 7/55 [00:00<00:01, 35.81it/s][A
Epoch 2:  78%|███████▊  | 170/218 [00:06<00:01, 27.96it/s, loss=0.547, val/accuracy=0.703, val/loss=0.567, train/accuracy=0.707, train/loss=0.563]

Validation DataLoader 0:  15%|█▍        | 8/55 [00:00<00:01, 35.13it/s][A
Epoch 2:  78%|███████▊  | 171/218 [00:06<00:01, 27.98it/s, loss=0.547, val/accuracy=0.703, val/loss=0.567, train/accuracy=0.707, train/loss=0.563]

Validation DataLoader 0:  16%|█▋        | 9/55 [00:00<00:01, 34.67it/s][A
Epoch 2:  79%|███████▉  | 172/218 [00:06<00:01, 27.99it/s, loss=0.547, val/accuracy=0.703, val/loss=0.567, train/accuracy=0.707, train/loss=0.563]

Validation DataLoader 0:  18%|█▊        | 10/55 [00:00<00:01, 34.28it/s][A
Epoch 2:  79%|███████▉  | 173/218 [00:06<00:01, 28.01it/s, loss=0.547, val/accuracy=0.703, val/loss=0.567, train/accuracy=0.707, train/loss=0.563]

Validation DataLoader 0:  20%|██        | 11/55 [00:00<00:01, 34.00it/s][A
Epoch 2:  80%|███████▉  | 174/218 [00:06<00:01, 28.03it/s, loss=0.547, val/accuracy=0.703, val/loss=0.567, train/accuracy=0.707, train/loss=0.563]

Validation DataLoader 0:  22%|██▏       | 12/55 [00:00<00:01, 33.78it/s][A
Epoch 2:  80%|████████  | 175/218 [00:06<00:01, 28.05it/s, loss=0.547, val/accuracy=0.703, val/loss=0.567, train/accuracy=0.707, train/loss=0.563]

Validation DataLoader 0:  24%|██▎       | 13/55 [00:00<00:01, 33.53it/s][A
Epoch 2:  81%|████████  | 176/218 [00:06<00:01, 28.06it/s, loss=0.547, val/accuracy=0.703, val/loss=0.567, train/accuracy=0.707, train/loss=0.563]

Validation DataLoader 0:  25%|██▌       | 14/55 [00:00<00:01, 33.33it/s][A
Epoch 2:  81%|████████  | 177/218 [00:06<00:01, 28.08it/s, loss=0.547, val/accuracy=0.703, val/loss=0.567, train/accuracy=0.707, train/loss=0.563]

Validation DataLoader 0:  27%|██▋       | 15/55 [00:00<00:01, 33.16it/s][A
Epoch 2:  82%|████████▏ | 178/218 [00:06<00:01, 28.09it/s, loss=0.547, val/accuracy=0.703, val/loss=0.567, train/accuracy=0.707, train/loss=0.563]

Validation DataLoader 0:  29%|██▉       | 16/55 [00:00<00:01, 32.99it/s][A
Epoch 2:  82%|████████▏ | 179/218 [00:06<00:01, 28.10it/s, loss=0.547, val/accuracy=0.703, val/loss=0.567, train/accuracy=0.707, train/loss=0.563]

Validation DataLoader 0:  31%|███       | 17/55 [00:00<00:01, 32.87it/s][A
Epoch 2:  83%|████████▎ | 180/218 [00:06<00:01, 28.12it/s, loss=0.547, val/accuracy=0.703, val/loss=0.567, train/accuracy=0.707, train/loss=0.563]

Validation DataLoader 0:  33%|███▎      | 18/55 [00:00<00:01, 32.76it/s][A
Epoch 2:  83%|████████▎ | 181/218 [00:06<00:01, 28.13it/s, loss=0.547, val/accuracy=0.703, val/loss=0.567, train/accuracy=0.707, train/loss=0.563]

Validation DataLoader 0:  35%|███▍      | 19/55 [00:00<00:01, 32.66it/s][A
Epoch 2:  83%|████████▎ | 182/218 [00:06<00:01, 28.15it/s, loss=0.547, val/accuracy=0.703, val/loss=0.567, train/accuracy=0.707, train/loss=0.563]

Validation DataLoader 0:  36%|███▋      | 20/55 [00:00<00:01, 32.57it/s][A
Epoch 2:  84%|████████▍ | 183/218 [00:06<00:01, 28.16it/s, loss=0.547, val/accuracy=0.703, val/loss=0.567, train/accuracy=0.707, train/loss=0.563]

Validation DataLoader 0:  38%|███▊      | 21/55 [00:00<00:01, 32.48it/s][A
Epoch 2:  84%|████████▍ | 184/218 [00:06<00:01, 28.17it/s, loss=0.547, val/accuracy=0.703, val/loss=0.567, train/accuracy=0.707, train/loss=0.563]

Validation DataLoader 0:  40%|████      | 22/55 [00:00<00:01, 32.41it/s][A
Epoch 2:  85%|████████▍ | 185/218 [00:06<00:01, 28.19it/s, loss=0.547, val/accuracy=0.703, val/loss=0.567, train/accuracy=0.707, train/loss=0.563]

Validation DataLoader 0:  42%|████▏     | 23/55 [00:00<00:00, 32.34it/s][A
Epoch 2:  85%|████████▌ | 186/218 [00:06<00:01, 28.20it/s, loss=0.547, val/accuracy=0.703, val/loss=0.567, train/accuracy=0.707, train/loss=0.563]

Validation DataLoader 0:  44%|████▎     | 24/55 [00:00<00:00, 32.28it/s][A
Epoch 2:  86%|████████▌ | 187/218 [00:06<00:01, 28.21it/s, loss=0.547, val/accuracy=0.703, val/loss=0.567, train/accuracy=0.707, train/loss=0.563]

Validation DataLoader 0:  45%|████▌     | 25/55 [00:00<00:00, 32.23it/s][A
Epoch 2:  86%|████████▌ | 188/218 [00:06<00:01, 28.23it/s, loss=0.547, val/accuracy=0.703, val/loss=0.567, train/accuracy=0.707, train/loss=0.563]

Validation DataLoader 0:  47%|████▋     | 26/55 [00:00<00:00, 32.18it/s][A
Epoch 2:  87%|████████▋ | 189/218 [00:06<00:01, 28.24it/s, loss=0.547, val/accuracy=0.703, val/loss=0.567, train/accuracy=0.707, train/loss=0.563]

Validation DataLoader 0:  49%|████▉     | 27/55 [00:00<00:00, 32.13it/s][A
Epoch 2:  87%|████████▋ | 190/218 [00:06<00:00, 28.25it/s, loss=0.547, val/accuracy=0.703, val/loss=0.567, train/accuracy=0.707, train/loss=0.563]

Validation DataLoader 0:  51%|█████     | 28/55 [00:00<00:00, 32.08it/s][A
Epoch 2:  88%|████████▊ | 191/218 [00:06<00:00, 28.27it/s, loss=0.547, val/accuracy=0.703, val/loss=0.567, train/accuracy=0.707, train/loss=0.563]

Validation DataLoader 0:  53%|█████▎    | 29/55 [00:00<00:00, 32.04it/s][A
Epoch 2:  88%|████████▊ | 192/218 [00:06<00:00, 28.28it/s, loss=0.547, val/accuracy=0.703, val/loss=0.567, train/accuracy=0.707, train/loss=0.563]

Validation DataLoader 0:  55%|█████▍    | 30/55 [00:00<00:00, 31.99it/s][A
Epoch 2:  89%|████████▊ | 193/218 [00:06<00:00, 28.29it/s, loss=0.547, val/accuracy=0.703, val/loss=0.567, train/accuracy=0.707, train/loss=0.563]

Validation DataLoader 0:  56%|█████▋    | 31/55 [00:00<00:00, 31.96it/s][A
Epoch 2:  89%|████████▉ | 194/218 [00:06<00:00, 28.30it/s, loss=0.547, val/accuracy=0.703, val/loss=0.567, train/accuracy=0.707, train/loss=0.563]

Validation DataLoader 0:  58%|█████▊    | 32/55 [00:01<00:00, 31.92it/s][A
Epoch 2:  89%|████████▉ | 195/218 [00:06<00:00, 28.31it/s, loss=0.547, val/accuracy=0.703, val/loss=0.567, train/accuracy=0.707, train/loss=0.563]

Validation DataLoader 0:  60%|██████    | 33/55 [00:01<00:00, 31.89it/s][A
Epoch 2:  90%|████████▉ | 196/218 [00:06<00:00, 28.33it/s, loss=0.547, val/accuracy=0.703, val/loss=0.567, train/accuracy=0.707, train/loss=0.563]

Validation DataLoader 0:  62%|██████▏   | 34/55 [00:01<00:00, 31.86it/s][A
Epoch 2:  90%|█████████ | 197/218 [00:06<00:00, 28.34it/s, loss=0.547, val/accuracy=0.703, val/loss=0.567, train/accuracy=0.707, train/loss=0.563]

Validation DataLoader 0:  64%|██████▎   | 35/55 [00:01<00:00, 31.83it/s][A
Epoch 2:  91%|█████████ | 198/218 [00:06<00:00, 28.35it/s, loss=0.547, val/accuracy=0.703, val/loss=0.567, train/accuracy=0.707, train/loss=0.563]

Validation DataLoader 0:  65%|██████▌   | 36/55 [00:01<00:00, 31.80it/s][A
Epoch 2:  91%|█████████▏| 199/218 [00:07<00:00, 28.36it/s, loss=0.547, val/accuracy=0.703, val/loss=0.567, train/accuracy=0.707, train/loss=0.563]

Validation DataLoader 0:  67%|██████▋   | 37/55 [00:01<00:00, 31.78it/s][A
Epoch 2:  92%|█████████▏| 200/218 [00:07<00:00, 28.37it/s, loss=0.547, val/accuracy=0.703, val/loss=0.567, train/accuracy=0.707, train/loss=0.563]

Validation DataLoader 0:  69%|██████▉   | 38/55 [00:01<00:00, 31.73it/s][A
Epoch 2:  92%|█████████▏| 201/218 [00:07<00:00, 28.38it/s, loss=0.547, val/accuracy=0.703, val/loss=0.567, train/accuracy=0.707, train/loss=0.563]

Validation DataLoader 0:  71%|███████   | 39/55 [00:01<00:00, 31.71it/s][A
Epoch 2:  93%|█████████▎| 202/218 [00:07<00:00, 28.39it/s, loss=0.547, val/accuracy=0.703, val/loss=0.567, train/accuracy=0.707, train/loss=0.563]

Validation DataLoader 0:  73%|███████▎  | 40/55 [00:01<00:00, 31.67it/s][A
Epoch 2:  93%|█████████▎| 203/218 [00:07<00:00, 28.40it/s, loss=0.547, val/accuracy=0.703, val/loss=0.567, train/accuracy=0.707, train/loss=0.563]

Validation DataLoader 0:  75%|███████▍  | 41/55 [00:01<00:00, 31.65it/s][A
Epoch 2:  94%|█████████▎| 204/218 [00:07<00:00, 28.41it/s, loss=0.547, val/accuracy=0.703, val/loss=0.567, train/accuracy=0.707, train/loss=0.563]

Validation DataLoader 0:  76%|███████▋  | 42/55 [00:01<00:00, 31.63it/s][A
Epoch 2:  94%|█████████▍| 205/218 [00:07<00:00, 28.42it/s, loss=0.547, val/accuracy=0.703, val/loss=0.567, train/accuracy=0.707, train/loss=0.563]

Validation DataLoader 0:  78%|███████▊  | 43/55 [00:01<00:00, 31.61it/s][A
Epoch 2:  94%|█████████▍| 206/218 [00:07<00:00, 28.43it/s, loss=0.547, val/accuracy=0.703, val/loss=0.567, train/accuracy=0.707, train/loss=0.563]

Validation DataLoader 0:  80%|████████  | 44/55 [00:01<00:00, 31.59it/s][A
Epoch 2:  95%|█████████▍| 207/218 [00:07<00:00, 28.44it/s, loss=0.547, val/accuracy=0.703, val/loss=0.567, train/accuracy=0.707, train/loss=0.563]

Validation DataLoader 0:  82%|████████▏ | 45/55 [00:01<00:00, 31.54it/s][A
Epoch 2:  95%|█████████▌| 208/218 [00:07<00:00, 28.45it/s, loss=0.547, val/accuracy=0.703, val/loss=0.567, train/accuracy=0.707, train/loss=0.563]

Validation DataLoader 0:  84%|████████▎ | 46/55 [00:01<00:00, 31.52it/s][A
Epoch 2:  96%|█████████▌| 209/218 [00:07<00:00, 28.46it/s, loss=0.547, val/accuracy=0.703, val/loss=0.567, train/accuracy=0.707, train/loss=0.563]

Validation DataLoader 0:  85%|████████▌ | 47/55 [00:01<00:00, 31.51it/s][A
Epoch 2:  96%|█████████▋| 210/218 [00:07<00:00, 28.47it/s, loss=0.547, val/accuracy=0.703, val/loss=0.567, train/accuracy=0.707, train/loss=0.563]

Validation DataLoader 0:  87%|████████▋ | 48/55 [00:01<00:00, 31.49it/s][A
Epoch 2:  97%|█████████▋| 211/218 [00:07<00:00, 28.48it/s, loss=0.547, val/accuracy=0.703, val/loss=0.567, train/accuracy=0.707, train/loss=0.563]

Validation DataLoader 0:  89%|████████▉ | 49/55 [00:01<00:00, 31.48it/s][A
Epoch 2:  97%|█████████▋| 212/218 [00:07<00:00, 28.49it/s, loss=0.547, val/accuracy=0.703, val/loss=0.567, train/accuracy=0.707, train/loss=0.563]

Validation DataLoader 0:  91%|█████████ | 50/55 [00:01<00:00, 31.47it/s][A
Epoch 2:  98%|█████████▊| 213/218 [00:07<00:00, 28.50it/s, loss=0.547, val/accuracy=0.703, val/loss=0.567, train/accuracy=0.707, train/loss=0.563]

Validation DataLoader 0:  93%|█████████▎| 51/55 [00:01<00:00, 31.46it/s][A
Epoch 2:  98%|█████████▊| 214/218 [00:07<00:00, 28.51it/s, loss=0.547, val/accuracy=0.703, val/loss=0.567, train/accuracy=0.707, train/loss=0.563]

Validation DataLoader 0:  95%|█████████▍| 52/55 [00:01<00:00, 31.44it/s][A
Epoch 2:  99%|█████████▊| 215/218 [00:07<00:00, 28.52it/s, loss=0.547, val/accuracy=0.703, val/loss=0.567, train/accuracy=0.707, train/loss=0.563]

Validation DataLoader 0:  96%|█████████▋| 53/55 [00:01<00:00, 31.39it/s][A
Epoch 2:  99%|█████████▉| 216/218 [00:07<00:00, 28.52it/s, loss=0.547, val/accuracy=0.703, val/loss=0.567, train/accuracy=0.707, train/loss=0.563]

Validation DataLoader 0:  98%|█████████▊| 54/55 [00:01<00:00, 31.79it/s][A
Epoch 2: 100%|█████████▉| 217/218 [00:07<00:00, 28.62it/s, loss=0.547, val/accuracy=0.703, val/loss=0.567, train/accuracy=0.707, train/loss=0.563]

Validation DataLoader 0: 100%|██████████| 55/55 [00:01<00:00, 32.29it/s][A
Epoch 2: 100%|██████████| 218/218 [00:07<00:00, 28.73it/s, loss=0.547, val/accuracy=0.703, val/loss=0.567, train/accuracy=0.707, train/loss=0.563]
Epoch 2: 100%|██████████| 218/218 [00:07<00:00, 28.71it/s, loss=0.547, val/accuracy=0.701, val/loss=0.561, train/accuracy=0.707, train/loss=0.563]

                                                                        [A
Epoch 2: 100%|██████████| 218/218 [00:07<00:00, 28.70it/s, loss=0.547, val/accuracy=0.701, val/loss=0.561, train/accuracy=0.715, train/loss=0.551]Epoch 2, global step 489: 'val/accuracy' was not in top 1

Epoch 2:   0%|          | 0/218 [00:00<?, ?it/s, loss=0.547, val/accuracy=0.701, val/loss=0.561, train/accuracy=0.715, train/loss=0.551]          
Epoch 3:   0%|          | 0/218 [00:00<?, ?it/s, loss=0.547, val/accuracy=0.701, val/loss=0.561, train/accuracy=0.715, train/loss=0.551]
Epoch 3:   0%|          | 1/218 [00:00<00:34,  6.29it/s, loss=0.547, val/accuracy=0.701, val/loss=0.561, train/accuracy=0.715, train/loss=0.551]
Epoch 3:   0%|          | 1/218 [00:00<00:34,  6.27it/s, loss=0.542, val/accuracy=0.701, val/loss=0.561, train/accuracy=0.715, train/loss=0.551]
Epoch 3:   1%|          | 2/218 [00:00<00:20, 10.29it/s, loss=0.542, val/accuracy=0.701, val/loss=0.561, train/accuracy=0.715, train/loss=0.551]
Epoch 3:   1%|          | 2/218 [00:00<00:21, 10.28it/s, loss=0.545, val/accuracy=0.701, val/loss=0.561, train/accuracy=0.715, train/loss=0.551]
Epoch 3:   1%|▏         | 3/218 [00:00<00:16, 13.11it/s, loss=0.545, val/accuracy=0.701, val/loss=0.561, train/accuracy=0.715, train/loss=0.551]
Epoch 3:   1%|▏         | 3/218 [00:00<00:16, 13.09it/s, loss=0.544, val/accuracy=0.701, val/loss=0.561, train/accuracy=0.715, train/loss=0.551]
Epoch 3:   2%|▏         | 4/218 [00:00<00:14, 15.12it/s, loss=0.544, val/accuracy=0.701, val/loss=0.561, train/accuracy=0.715, train/loss=0.551]
Epoch 3:   2%|▏         | 4/218 [00:00<00:14, 15.10it/s, loss=0.542, val/accuracy=0.701, val/loss=0.561, train/accuracy=0.715, train/loss=0.551]
Epoch 3:   2%|▏         | 5/218 [00:00<00:12, 16.57it/s, loss=0.542, val/accuracy=0.701, val/loss=0.561, train/accuracy=0.715, train/loss=0.551]
Epoch 3:   2%|▏         | 5/218 [00:00<00:12, 16.55it/s, loss=0.547, val/accuracy=0.701, val/loss=0.561, train/accuracy=0.715, train/loss=0.551]
Epoch 3:   3%|▎         | 6/218 [00:00<00:12, 17.63it/s, loss=0.547, val/accuracy=0.701, val/loss=0.561, train/accuracy=0.715, train/loss=0.551]
Epoch 3:   3%|▎         | 6/218 [00:00<00:12, 17.62it/s, loss=0.552, val/accuracy=0.701, val/loss=0.561, train/accuracy=0.715, train/loss=0.551]
Epoch 3:   3%|▎         | 7/218 [00:00<00:11, 18.68it/s, loss=0.552, val/accuracy=0.701, val/loss=0.561, train/accuracy=0.715, train/loss=0.551]
Epoch 3:   3%|▎         | 7/218 [00:00<00:11, 18.67it/s, loss=0.555, val/accuracy=0.701, val/loss=0.561, train/accuracy=0.715, train/loss=0.551]
Epoch 3:   4%|▎         | 8/218 [00:00<00:10, 19.55it/s, loss=0.555, val/accuracy=0.701, val/loss=0.561, train/accuracy=0.715, train/loss=0.551]
Epoch 3:   4%|▎         | 8/218 [00:00<00:10, 19.54it/s, loss=0.554, val/accuracy=0.701, val/loss=0.561, train/accuracy=0.715, train/loss=0.551]
Epoch 3:   4%|▍         | 9/218 [00:00<00:10, 20.29it/s, loss=0.554, val/accuracy=0.701, val/loss=0.561, train/accuracy=0.715, train/loss=0.551]
Epoch 3:   4%|▍         | 9/218 [00:00<00:10, 20.28it/s, loss=0.553, val/accuracy=0.701, val/loss=0.561, train/accuracy=0.715, train/loss=0.551]
Epoch 3:   5%|▍         | 10/218 [00:00<00:09, 20.92it/s, loss=0.553, val/accuracy=0.701, val/loss=0.561, train/accuracy=0.715, train/loss=0.551]
Epoch 3:   5%|▍         | 10/218 [00:00<00:09, 20.91it/s, loss=0.556, val/accuracy=0.701, val/loss=0.561, train/accuracy=0.715, train/loss=0.551]
Epoch 3:   5%|▌         | 11/218 [00:00<00:09, 21.41it/s, loss=0.556, val/accuracy=0.701, val/loss=0.561, train/accuracy=0.715, train/loss=0.551]
Epoch 3:   5%|▌         | 11/218 [00:00<00:09, 21.40it/s, loss=0.554, val/accuracy=0.701, val/loss=0.561, train/accuracy=0.715, train/loss=0.551]
Epoch 3:   6%|▌         | 12/218 [00:00<00:09, 21.84it/s, loss=0.554, val/accuracy=0.701, val/loss=0.561, train/accuracy=0.715, train/loss=0.551]
Epoch 3:   6%|▌         | 12/218 [00:00<00:09, 21.83it/s, loss=0.555, val/accuracy=0.701, val/loss=0.561, train/accuracy=0.715, train/loss=0.551]
Epoch 3:   6%|▌         | 13/218 [00:00<00:09, 22.23it/s, loss=0.555, val/accuracy=0.701, val/loss=0.561, train/accuracy=0.715, train/loss=0.551]
Epoch 3:   6%|▌         | 13/218 [00:00<00:09, 22.22it/s, loss=0.552, val/accuracy=0.701, val/loss=0.561, train/accuracy=0.715, train/loss=0.551]
Epoch 3:   6%|▋         | 14/218 [00:00<00:09, 22.57it/s, loss=0.552, val/accuracy=0.701, val/loss=0.561, train/accuracy=0.715, train/loss=0.551]
Epoch 3:   6%|▋         | 14/218 [00:00<00:09, 22.56it/s, loss=0.552, val/accuracy=0.701, val/loss=0.561, train/accuracy=0.715, train/loss=0.551]
Epoch 3:   7%|▋         | 15/218 [00:00<00:08, 22.88it/s, loss=0.552, val/accuracy=0.701, val/loss=0.561, train/accuracy=0.715, train/loss=0.551]
Epoch 3:   7%|▋         | 15/218 [00:00<00:08, 22.87it/s, loss=0.552, val/accuracy=0.701, val/loss=0.561, train/accuracy=0.715, train/loss=0.551]
Epoch 3:   7%|▋         | 16/218 [00:00<00:08, 23.16it/s, loss=0.552, val/accuracy=0.701, val/loss=0.561, train/accuracy=0.715, train/loss=0.551]
Epoch 3:   7%|▋         | 16/218 [00:00<00:08, 23.15it/s, loss=0.556, val/accuracy=0.701, val/loss=0.561, train/accuracy=0.715, train/loss=0.551]
Epoch 3:   8%|▊         | 17/218 [00:00<00:08, 23.42it/s, loss=0.556, val/accuracy=0.701, val/loss=0.561, train/accuracy=0.715, train/loss=0.551]
Epoch 3:   8%|▊         | 17/218 [00:00<00:08, 23.41it/s, loss=0.554, val/accuracy=0.701, val/loss=0.561, train/accuracy=0.715, train/loss=0.551]
Epoch 3:   8%|▊         | 18/218 [00:00<00:08, 23.65it/s, loss=0.554, val/accuracy=0.701, val/loss=0.561, train/accuracy=0.715, train/loss=0.551]
Epoch 3:   8%|▊         | 18/218 [00:00<00:08, 23.64it/s, loss=0.556, val/accuracy=0.701, val/loss=0.561, train/accuracy=0.715, train/loss=0.551]
Epoch 3:   9%|▊         | 19/218 [00:00<00:08, 23.86it/s, loss=0.556, val/accuracy=0.701, val/loss=0.561, train/accuracy=0.715, train/loss=0.551]
Epoch 3:   9%|▊         | 19/218 [00:00<00:08, 23.85it/s, loss=0.561, val/accuracy=0.701, val/loss=0.561, train/accuracy=0.715, train/loss=0.551]
Epoch 3:   9%|▉         | 20/218 [00:00<00:08, 24.05it/s, loss=0.561, val/accuracy=0.701, val/loss=0.561, train/accuracy=0.715, train/loss=0.551]
Epoch 3:   9%|▉         | 20/218 [00:00<00:08, 24.04it/s, loss=0.565, val/accuracy=0.701, val/loss=0.561, train/accuracy=0.715, train/loss=0.551]
Epoch 3:  10%|▉         | 21/218 [00:00<00:08, 24.23it/s, loss=0.565, val/accuracy=0.701, val/loss=0.561, train/accuracy=0.715, train/loss=0.551]
Epoch 3:  10%|▉         | 21/218 [00:00<00:08, 24.22it/s, loss=0.567, val/accuracy=0.701, val/loss=0.561, train/accuracy=0.715, train/loss=0.551]
Epoch 3:  10%|█         | 22/218 [00:00<00:08, 24.39it/s, loss=0.567, val/accuracy=0.701, val/loss=0.561, train/accuracy=0.715, train/loss=0.551]
Epoch 3:  10%|█         | 22/218 [00:00<00:08, 24.38it/s, loss=0.563, val/accuracy=0.701, val/loss=0.561, train/accuracy=0.715, train/loss=0.551]
Epoch 3:  11%|█         | 23/218 [00:00<00:07, 24.53it/s, loss=0.563, val/accuracy=0.701, val/loss=0.561, train/accuracy=0.715, train/loss=0.551]
Epoch 3:  11%|█         | 23/218 [00:00<00:07, 24.53it/s, loss=0.563, val/accuracy=0.701, val/loss=0.561, train/accuracy=0.715, train/loss=0.551]
Epoch 3:  11%|█         | 24/218 [00:00<00:07, 24.67it/s, loss=0.563, val/accuracy=0.701, val/loss=0.561, train/accuracy=0.715, train/loss=0.551]
Epoch 3:  11%|█         | 24/218 [00:00<00:07, 24.67it/s, loss=0.564, val/accuracy=0.701, val/loss=0.561, train/accuracy=0.715, train/loss=0.551]
Epoch 3:  11%|█▏        | 25/218 [00:01<00:07, 24.80it/s, loss=0.564, val/accuracy=0.701, val/loss=0.561, train/accuracy=0.715, train/loss=0.551]
Epoch 3:  11%|█▏        | 25/218 [00:01<00:07, 24.80it/s, loss=0.56, val/accuracy=0.701, val/loss=0.561, train/accuracy=0.715, train/loss=0.551] 
Epoch 3:  12%|█▏        | 26/218 [00:01<00:07, 24.92it/s, loss=0.56, val/accuracy=0.701, val/loss=0.561, train/accuracy=0.715, train/loss=0.551]
Epoch 3:  12%|█▏        | 26/218 [00:01<00:07, 24.92it/s, loss=0.559, val/accuracy=0.701, val/loss=0.561, train/accuracy=0.715, train/loss=0.551]
Epoch 3:  12%|█▏        | 27/218 [00:01<00:07, 25.03it/s, loss=0.559, val/accuracy=0.701, val/loss=0.561, train/accuracy=0.715, train/loss=0.551]
Epoch 3:  12%|█▏        | 27/218 [00:01<00:07, 25.03it/s, loss=0.554, val/accuracy=0.701, val/loss=0.561, train/accuracy=0.715, train/loss=0.551]
Epoch 3:  13%|█▎        | 28/218 [00:01<00:07, 25.14it/s, loss=0.554, val/accuracy=0.701, val/loss=0.561, train/accuracy=0.715, train/loss=0.551]
Epoch 3:  13%|█▎        | 28/218 [00:01<00:07, 25.13it/s, loss=0.552, val/accuracy=0.701, val/loss=0.561, train/accuracy=0.715, train/loss=0.551]
Epoch 3:  13%|█▎        | 29/218 [00:01<00:07, 25.24it/s, loss=0.552, val/accuracy=0.701, val/loss=0.561, train/accuracy=0.715, train/loss=0.551]
Epoch 3:  13%|█▎        | 29/218 [00:01<00:07, 25.23it/s, loss=0.556, val/accuracy=0.701, val/loss=0.561, train/accuracy=0.715, train/loss=0.551]
Epoch 3:  14%|█▍        | 30/218 [00:01<00:07, 25.33it/s, loss=0.556, val/accuracy=0.701, val/loss=0.561, train/accuracy=0.715, train/loss=0.551]
Epoch 3:  14%|█▍        | 30/218 [00:01<00:07, 25.33it/s, loss=0.553, val/accuracy=0.701, val/loss=0.561, train/accuracy=0.715, train/loss=0.551]
Epoch 3:  14%|█▍        | 31/218 [00:01<00:07, 25.42it/s, loss=0.553, val/accuracy=0.701, val/loss=0.561, train/accuracy=0.715, train/loss=0.551]
Epoch 3:  14%|█▍        | 31/218 [00:01<00:07, 25.42it/s, loss=0.554, val/accuracy=0.701, val/loss=0.561, train/accuracy=0.715, train/loss=0.551]
Epoch 3:  15%|█▍        | 32/218 [00:01<00:07, 25.50it/s, loss=0.554, val/accuracy=0.701, val/loss=0.561, train/accuracy=0.715, train/loss=0.551]
Epoch 3:  15%|█▍        | 32/218 [00:01<00:07, 25.50it/s, loss=0.554, val/accuracy=0.701, val/loss=0.561, train/accuracy=0.715, train/loss=0.551]
Epoch 3:  15%|█▌        | 33/218 [00:01<00:07, 25.58it/s, loss=0.554, val/accuracy=0.701, val/loss=0.561, train/accuracy=0.715, train/loss=0.551]
Epoch 3:  15%|█▌        | 33/218 [00:01<00:07, 25.58it/s, loss=0.552, val/accuracy=0.701, val/loss=0.561, train/accuracy=0.715, train/loss=0.551]
Epoch 3:  16%|█▌        | 34/218 [00:01<00:07, 25.66it/s, loss=0.552, val/accuracy=0.701, val/loss=0.561, train/accuracy=0.715, train/loss=0.551]
Epoch 3:  16%|█▌        | 34/218 [00:01<00:07, 25.65it/s, loss=0.556, val/accuracy=0.701, val/loss=0.561, train/accuracy=0.715, train/loss=0.551]
Epoch 3:  16%|█▌        | 35/218 [00:01<00:07, 25.73it/s, loss=0.556, val/accuracy=0.701, val/loss=0.561, train/accuracy=0.715, train/loss=0.551]
Epoch 3:  16%|█▌        | 35/218 [00:01<00:07, 25.72it/s, loss=0.559, val/accuracy=0.701, val/loss=0.561, train/accuracy=0.715, train/loss=0.551]
Epoch 3:  17%|█▋        | 36/218 [00:01<00:07, 25.80it/s, loss=0.559, val/accuracy=0.701, val/loss=0.561, train/accuracy=0.715, train/loss=0.551]
Epoch 3:  17%|█▋        | 36/218 [00:01<00:07, 25.79it/s, loss=0.554, val/accuracy=0.701, val/loss=0.561, train/accuracy=0.715, train/loss=0.551]
Epoch 3:  17%|█▋        | 37/218 [00:01<00:07, 25.84it/s, loss=0.554, val/accuracy=0.701, val/loss=0.561, train/accuracy=0.715, train/loss=0.551]
Epoch 3:  17%|█▋        | 37/218 [00:01<00:07, 25.83it/s, loss=0.551, val/accuracy=0.701, val/loss=0.561, train/accuracy=0.715, train/loss=0.551]
Epoch 3:  17%|█▋        | 38/218 [00:01<00:06, 25.90it/s, loss=0.551, val/accuracy=0.701, val/loss=0.561, train/accuracy=0.715, train/loss=0.551]
Epoch 3:  17%|█▋        | 38/218 [00:01<00:06, 25.89it/s, loss=0.551, val/accuracy=0.701, val/loss=0.561, train/accuracy=0.715, train/loss=0.551]
Epoch 3:  18%|█▊        | 39/218 [00:01<00:06, 25.96it/s, loss=0.551, val/accuracy=0.701, val/loss=0.561, train/accuracy=0.715, train/loss=0.551]
Epoch 3:  18%|█▊        | 39/218 [00:01<00:06, 25.95it/s, loss=0.545, val/accuracy=0.701, val/loss=0.561, train/accuracy=0.715, train/loss=0.551]
Epoch 3:  18%|█▊        | 40/218 [00:01<00:06, 26.01it/s, loss=0.545, val/accuracy=0.701, val/loss=0.561, train/accuracy=0.715, train/loss=0.551]
Epoch 3:  18%|█▊        | 40/218 [00:01<00:06, 26.01it/s, loss=0.543, val/accuracy=0.701, val/loss=0.561, train/accuracy=0.715, train/loss=0.551]
Epoch 3:  19%|█▉        | 41/218 [00:01<00:06, 26.07it/s, loss=0.543, val/accuracy=0.701, val/loss=0.561, train/accuracy=0.715, train/loss=0.551]
Epoch 3:  19%|█▉        | 41/218 [00:01<00:06, 26.07it/s, loss=0.544, val/accuracy=0.701, val/loss=0.561, train/accuracy=0.715, train/loss=0.551]
Epoch 3:  19%|█▉        | 42/218 [00:01<00:06, 26.12it/s, loss=0.544, val/accuracy=0.701, val/loss=0.561, train/accuracy=0.715, train/loss=0.551]
Epoch 3:  19%|█▉        | 42/218 [00:01<00:06, 26.12it/s, loss=0.545, val/accuracy=0.701, val/loss=0.561, train/accuracy=0.715, train/loss=0.551]
Epoch 3:  20%|█▉        | 43/218 [00:01<00:06, 26.17it/s, loss=0.545, val/accuracy=0.701, val/loss=0.561, train/accuracy=0.715, train/loss=0.551]
Epoch 3:  20%|█▉        | 43/218 [00:01<00:06, 26.17it/s, loss=0.543, val/accuracy=0.701, val/loss=0.561, train/accuracy=0.715, train/loss=0.551]
Epoch 3:  20%|██        | 44/218 [00:01<00:06, 26.22it/s, loss=0.543, val/accuracy=0.701, val/loss=0.561, train/accuracy=0.715, train/loss=0.551]
Epoch 3:  20%|██        | 44/218 [00:01<00:06, 26.22it/s, loss=0.544, val/accuracy=0.701, val/loss=0.561, train/accuracy=0.715, train/loss=0.551]
Epoch 3:  21%|██        | 45/218 [00:01<00:06, 26.26it/s, loss=0.544, val/accuracy=0.701, val/loss=0.561, train/accuracy=0.715, train/loss=0.551]
Epoch 3:  21%|██        | 45/218 [00:01<00:06, 26.26it/s, loss=0.542, val/accuracy=0.701, val/loss=0.561, train/accuracy=0.715, train/loss=0.551]
Epoch 3:  21%|██        | 46/218 [00:01<00:06, 26.31it/s, loss=0.542, val/accuracy=0.701, val/loss=0.561, train/accuracy=0.715, train/loss=0.551]
Epoch 3:  21%|██        | 46/218 [00:01<00:06, 26.30it/s, loss=0.539, val/accuracy=0.701, val/loss=0.561, train/accuracy=0.715, train/loss=0.551]
Epoch 3:  22%|██▏       | 47/218 [00:01<00:06, 26.35it/s, loss=0.539, val/accuracy=0.701, val/loss=0.561, train/accuracy=0.715, train/loss=0.551]
Epoch 3:  22%|██▏       | 47/218 [00:01<00:06, 26.34it/s, loss=0.541, val/accuracy=0.701, val/loss=0.561, train/accuracy=0.715, train/loss=0.551]
Epoch 3:  22%|██▏       | 48/218 [00:01<00:06, 26.39it/s, loss=0.541, val/accuracy=0.701, val/loss=0.561, train/accuracy=0.715, train/loss=0.551]
Epoch 3:  22%|██▏       | 48/218 [00:01<00:06, 26.39it/s, loss=0.543, val/accuracy=0.701, val/loss=0.561, train/accuracy=0.715, train/loss=0.551]
Epoch 3:  22%|██▏       | 49/218 [00:01<00:06, 26.43it/s, loss=0.543, val/accuracy=0.701, val/loss=0.561, train/accuracy=0.715, train/loss=0.551]
Epoch 3:  22%|██▏       | 49/218 [00:01<00:06, 26.42it/s, loss=0.547, val/accuracy=0.701, val/loss=0.561, train/accuracy=0.715, train/loss=0.551]
Epoch 3:  23%|██▎       | 50/218 [00:01<00:06, 26.46it/s, loss=0.547, val/accuracy=0.701, val/loss=0.561, train/accuracy=0.715, train/loss=0.551]
Epoch 3:  23%|██▎       | 50/218 [00:01<00:06, 26.46it/s, loss=0.549, val/accuracy=0.701, val/loss=0.561, train/accuracy=0.715, train/loss=0.551]
Epoch 3:  23%|██▎       | 51/218 [00:01<00:06, 26.50it/s, loss=0.549, val/accuracy=0.701, val/loss=0.561, train/accuracy=0.715, train/loss=0.551]
Epoch 3:  23%|██▎       | 51/218 [00:01<00:06, 26.50it/s, loss=0.549, val/accuracy=0.701, val/loss=0.561, train/accuracy=0.715, train/loss=0.551]
Epoch 3:  24%|██▍       | 52/218 [00:01<00:06, 26.54it/s, loss=0.549, val/accuracy=0.701, val/loss=0.561, train/accuracy=0.715, train/loss=0.551]
Epoch 3:  24%|██▍       | 52/218 [00:01<00:06, 26.53it/s, loss=0.55, val/accuracy=0.701, val/loss=0.561, train/accuracy=0.715, train/loss=0.551] 
Epoch 3:  24%|██▍       | 53/218 [00:01<00:06, 26.57it/s, loss=0.55, val/accuracy=0.701, val/loss=0.561, train/accuracy=0.715, train/loss=0.551]
Epoch 3:  24%|██▍       | 53/218 [00:01<00:06, 26.57it/s, loss=0.547, val/accuracy=0.701, val/loss=0.561, train/accuracy=0.715, train/loss=0.551]
Epoch 3:  25%|██▍       | 54/218 [00:02<00:06, 26.60it/s, loss=0.547, val/accuracy=0.701, val/loss=0.561, train/accuracy=0.715, train/loss=0.551]
Epoch 3:  25%|██▍       | 54/218 [00:02<00:06, 26.60it/s, loss=0.541, val/accuracy=0.701, val/loss=0.561, train/accuracy=0.715, train/loss=0.551]
Epoch 3:  25%|██▌       | 55/218 [00:02<00:06, 26.62it/s, loss=0.541, val/accuracy=0.701, val/loss=0.561, train/accuracy=0.715, train/loss=0.551]
Epoch 3:  25%|██▌       | 55/218 [00:02<00:06, 26.61it/s, loss=0.536, val/accuracy=0.701, val/loss=0.561, train/accuracy=0.715, train/loss=0.551]
Epoch 3:  26%|██▌       | 56/218 [00:02<00:06, 26.65it/s, loss=0.536, val/accuracy=0.701, val/loss=0.561, train/accuracy=0.715, train/loss=0.551]
Epoch 3:  26%|██▌       | 56/218 [00:02<00:06, 26.65it/s, loss=0.54, val/accuracy=0.701, val/loss=0.561, train/accuracy=0.715, train/loss=0.551] 
Epoch 3:  26%|██▌       | 57/218 [00:02<00:06, 26.69it/s, loss=0.54, val/accuracy=0.701, val/loss=0.561, train/accuracy=0.715, train/loss=0.551]
Epoch 3:  26%|██▌       | 57/218 [00:02<00:06, 26.69it/s, loss=0.54, val/accuracy=0.701, val/loss=0.561, train/accuracy=0.715, train/loss=0.551]
Epoch 3:  27%|██▋       | 58/218 [00:02<00:05, 26.73it/s, loss=0.54, val/accuracy=0.701, val/loss=0.561, train/accuracy=0.715, train/loss=0.551]
Epoch 3:  27%|██▋       | 58/218 [00:02<00:05, 26.73it/s, loss=0.538, val/accuracy=0.701, val/loss=0.561, train/accuracy=0.715, train/loss=0.551]
Epoch 3:  27%|██▋       | 59/218 [00:02<00:05, 26.76it/s, loss=0.538, val/accuracy=0.701, val/loss=0.561, train/accuracy=0.715, train/loss=0.551]
Epoch 3:  27%|██▋       | 59/218 [00:02<00:05, 26.76it/s, loss=0.545, val/accuracy=0.701, val/loss=0.561, train/accuracy=0.715, train/loss=0.551]
Epoch 3:  28%|██▊       | 60/218 [00:02<00:05, 26.80it/s, loss=0.545, val/accuracy=0.701, val/loss=0.561, train/accuracy=0.715, train/loss=0.551]
Epoch 3:  28%|██▊       | 60/218 [00:02<00:05, 26.80it/s, loss=0.543, val/accuracy=0.701, val/loss=0.561, train/accuracy=0.715, train/loss=0.551]
Epoch 3:  28%|██▊       | 61/218 [00:02<00:05, 26.83it/s, loss=0.543, val/accuracy=0.701, val/loss=0.561, train/accuracy=0.715, train/loss=0.551]
Epoch 3:  28%|██▊       | 61/218 [00:02<00:05, 26.83it/s, loss=0.541, val/accuracy=0.701, val/loss=0.561, train/accuracy=0.715, train/loss=0.551]
Epoch 3:  28%|██▊       | 62/218 [00:02<00:05, 26.87it/s, loss=0.541, val/accuracy=0.701, val/loss=0.561, train/accuracy=0.715, train/loss=0.551]
Epoch 3:  28%|██▊       | 62/218 [00:02<00:05, 26.86it/s, loss=0.54, val/accuracy=0.701, val/loss=0.561, train/accuracy=0.715, train/loss=0.551] 
Epoch 3:  29%|██▉       | 63/218 [00:02<00:05, 26.90it/s, loss=0.54, val/accuracy=0.701, val/loss=0.561, train/accuracy=0.715, train/loss=0.551]
Epoch 3:  29%|██▉       | 63/218 [00:02<00:05, 26.90it/s, loss=0.542, val/accuracy=0.701, val/loss=0.561, train/accuracy=0.715, train/loss=0.551]
Epoch 3:  29%|██▉       | 64/218 [00:02<00:05, 26.93it/s, loss=0.542, val/accuracy=0.701, val/loss=0.561, train/accuracy=0.715, train/loss=0.551]
Epoch 3:  29%|██▉       | 64/218 [00:02<00:05, 26.93it/s, loss=0.542, val/accuracy=0.701, val/loss=0.561, train/accuracy=0.715, train/loss=0.551]
Epoch 3:  30%|██▉       | 65/218 [00:02<00:05, 26.96it/s, loss=0.542, val/accuracy=0.701, val/loss=0.561, train/accuracy=0.715, train/loss=0.551]
Epoch 3:  30%|██▉       | 65/218 [00:02<00:05, 26.96it/s, loss=0.545, val/accuracy=0.701, val/loss=0.561, train/accuracy=0.715, train/loss=0.551]
Epoch 3:  30%|███       | 66/218 [00:02<00:05, 26.99it/s, loss=0.545, val/accuracy=0.701, val/loss=0.561, train/accuracy=0.715, train/loss=0.551]
Epoch 3:  30%|███       | 66/218 [00:02<00:05, 26.99it/s, loss=0.543, val/accuracy=0.701, val/loss=0.561, train/accuracy=0.715, train/loss=0.551]
Epoch 3:  31%|███       | 67/218 [00:02<00:05, 27.02it/s, loss=0.543, val/accuracy=0.701, val/loss=0.561, train/accuracy=0.715, train/loss=0.551]
Epoch 3:  31%|███       | 67/218 [00:02<00:05, 27.02it/s, loss=0.543, val/accuracy=0.701, val/loss=0.561, train/accuracy=0.715, train/loss=0.551]
Epoch 3:  31%|███       | 68/218 [00:02<00:05, 27.05it/s, loss=0.543, val/accuracy=0.701, val/loss=0.561, train/accuracy=0.715, train/loss=0.551]
Epoch 3:  31%|███       | 68/218 [00:02<00:05, 27.05it/s, loss=0.542, val/accuracy=0.701, val/loss=0.561, train/accuracy=0.715, train/loss=0.551]
Epoch 3:  32%|███▏      | 69/218 [00:02<00:05, 27.08it/s, loss=0.542, val/accuracy=0.701, val/loss=0.561, train/accuracy=0.715, train/loss=0.551]
Epoch 3:  32%|███▏      | 69/218 [00:02<00:05, 27.07it/s, loss=0.536, val/accuracy=0.701, val/loss=0.561, train/accuracy=0.715, train/loss=0.551]
Epoch 3:  32%|███▏      | 70/218 [00:02<00:05, 27.10it/s, loss=0.536, val/accuracy=0.701, val/loss=0.561, train/accuracy=0.715, train/loss=0.551]
Epoch 3:  32%|███▏      | 70/218 [00:02<00:05, 27.10it/s, loss=0.539, val/accuracy=0.701, val/loss=0.561, train/accuracy=0.715, train/loss=0.551]
Epoch 3:  33%|███▎      | 71/218 [00:02<00:05, 27.11it/s, loss=0.539, val/accuracy=0.701, val/loss=0.561, train/accuracy=0.715, train/loss=0.551]
Epoch 3:  33%|███▎      | 71/218 [00:02<00:05, 27.11it/s, loss=0.541, val/accuracy=0.701, val/loss=0.561, train/accuracy=0.715, train/loss=0.551]
Epoch 3:  33%|███▎      | 72/218 [00:02<00:05, 27.14it/s, loss=0.541, val/accuracy=0.701, val/loss=0.561, train/accuracy=0.715, train/loss=0.551]
Epoch 3:  33%|███▎      | 72/218 [00:02<00:05, 27.13it/s, loss=0.536, val/accuracy=0.701, val/loss=0.561, train/accuracy=0.715, train/loss=0.551]
Epoch 3:  33%|███▎      | 73/218 [00:02<00:05, 27.16it/s, loss=0.536, val/accuracy=0.701, val/loss=0.561, train/accuracy=0.715, train/loss=0.551]
Epoch 3:  33%|███▎      | 73/218 [00:02<00:05, 27.16it/s, loss=0.545, val/accuracy=0.701, val/loss=0.561, train/accuracy=0.715, train/loss=0.551]
Epoch 3:  34%|███▍      | 74/218 [00:02<00:05, 27.19it/s, loss=0.545, val/accuracy=0.701, val/loss=0.561, train/accuracy=0.715, train/loss=0.551]
Epoch 3:  34%|███▍      | 74/218 [00:02<00:05, 27.18it/s, loss=0.549, val/accuracy=0.701, val/loss=0.561, train/accuracy=0.715, train/loss=0.551]
Epoch 3:  34%|███▍      | 75/218 [00:02<00:05, 27.21it/s, loss=0.549, val/accuracy=0.701, val/loss=0.561, train/accuracy=0.715, train/loss=0.551]
Epoch 3:  34%|███▍      | 75/218 [00:02<00:05, 27.21it/s, loss=0.55, val/accuracy=0.701, val/loss=0.561, train/accuracy=0.715, train/loss=0.551] 
Epoch 3:  35%|███▍      | 76/218 [00:02<00:05, 27.23it/s, loss=0.55, val/accuracy=0.701, val/loss=0.561, train/accuracy=0.715, train/loss=0.551]
Epoch 3:  35%|███▍      | 76/218 [00:02<00:05, 27.23it/s, loss=0.548, val/accuracy=0.701, val/loss=0.561, train/accuracy=0.715, train/loss=0.551]
Epoch 3:  35%|███▌      | 77/218 [00:02<00:05, 27.26it/s, loss=0.548, val/accuracy=0.701, val/loss=0.561, train/accuracy=0.715, train/loss=0.551]
Epoch 3:  35%|███▌      | 77/218 [00:02<00:05, 27.25it/s, loss=0.551, val/accuracy=0.701, val/loss=0.561, train/accuracy=0.715, train/loss=0.551]
Epoch 3:  36%|███▌      | 78/218 [00:02<00:05, 27.27it/s, loss=0.551, val/accuracy=0.701, val/loss=0.561, train/accuracy=0.715, train/loss=0.551]
Epoch 3:  36%|███▌      | 78/218 [00:02<00:05, 27.27it/s, loss=0.552, val/accuracy=0.701, val/loss=0.561, train/accuracy=0.715, train/loss=0.551]
Epoch 3:  36%|███▌      | 79/218 [00:02<00:05, 27.28it/s, loss=0.552, val/accuracy=0.701, val/loss=0.561, train/accuracy=0.715, train/loss=0.551]
Epoch 3:  36%|███▌      | 79/218 [00:02<00:05, 27.28it/s, loss=0.546, val/accuracy=0.701, val/loss=0.561, train/accuracy=0.715, train/loss=0.551]
Epoch 3:  37%|███▋      | 80/218 [00:02<00:05, 27.31it/s, loss=0.546, val/accuracy=0.701, val/loss=0.561, train/accuracy=0.715, train/loss=0.551]
Epoch 3:  37%|███▋      | 80/218 [00:02<00:05, 27.30it/s, loss=0.548, val/accuracy=0.701, val/loss=0.561, train/accuracy=0.715, train/loss=0.551]
Epoch 3:  37%|███▋      | 81/218 [00:02<00:05, 27.32it/s, loss=0.548, val/accuracy=0.701, val/loss=0.561, train/accuracy=0.715, train/loss=0.551]
Epoch 3:  37%|███▋      | 81/218 [00:02<00:05, 27.32it/s, loss=0.549, val/accuracy=0.701, val/loss=0.561, train/accuracy=0.715, train/loss=0.551]
Epoch 3:  38%|███▊      | 82/218 [00:02<00:04, 27.35it/s, loss=0.549, val/accuracy=0.701, val/loss=0.561, train/accuracy=0.715, train/loss=0.551]
Epoch 3:  38%|███▊      | 82/218 [00:02<00:04, 27.34it/s, loss=0.546, val/accuracy=0.701, val/loss=0.561, train/accuracy=0.715, train/loss=0.551]
Epoch 3:  38%|███▊      | 83/218 [00:03<00:04, 27.36it/s, loss=0.546, val/accuracy=0.701, val/loss=0.561, train/accuracy=0.715, train/loss=0.551]
Epoch 3:  38%|███▊      | 83/218 [00:03<00:04, 27.36it/s, loss=0.547, val/accuracy=0.701, val/loss=0.561, train/accuracy=0.715, train/loss=0.551]
Epoch 3:  39%|███▊      | 84/218 [00:03<00:04, 27.38it/s, loss=0.547, val/accuracy=0.701, val/loss=0.561, train/accuracy=0.715, train/loss=0.551]
Epoch 3:  39%|███▊      | 84/218 [00:03<00:04, 27.38it/s, loss=0.548, val/accuracy=0.701, val/loss=0.561, train/accuracy=0.715, train/loss=0.551]
Epoch 3:  39%|███▉      | 85/218 [00:03<00:04, 27.40it/s, loss=0.548, val/accuracy=0.701, val/loss=0.561, train/accuracy=0.715, train/loss=0.551]
Epoch 3:  39%|███▉      | 85/218 [00:03<00:04, 27.40it/s, loss=0.546, val/accuracy=0.701, val/loss=0.561, train/accuracy=0.715, train/loss=0.551]
Epoch 3:  39%|███▉      | 86/218 [00:03<00:04, 27.42it/s, loss=0.546, val/accuracy=0.701, val/loss=0.561, train/accuracy=0.715, train/loss=0.551]
Epoch 3:  39%|███▉      | 86/218 [00:03<00:04, 27.42it/s, loss=0.544, val/accuracy=0.701, val/loss=0.561, train/accuracy=0.715, train/loss=0.551]
Epoch 3:  40%|███▉      | 87/218 [00:03<00:04, 27.44it/s, loss=0.544, val/accuracy=0.701, val/loss=0.561, train/accuracy=0.715, train/loss=0.551]
Epoch 3:  40%|███▉      | 87/218 [00:03<00:04, 27.44it/s, loss=0.544, val/accuracy=0.701, val/loss=0.561, train/accuracy=0.715, train/loss=0.551]
Epoch 3:  40%|████      | 88/218 [00:03<00:04, 27.46it/s, loss=0.544, val/accuracy=0.701, val/loss=0.561, train/accuracy=0.715, train/loss=0.551]
Epoch 3:  40%|████      | 88/218 [00:03<00:04, 27.45it/s, loss=0.542, val/accuracy=0.701, val/loss=0.561, train/accuracy=0.715, train/loss=0.551]
Epoch 3:  41%|████      | 89/218 [00:03<00:04, 27.47it/s, loss=0.542, val/accuracy=0.701, val/loss=0.561, train/accuracy=0.715, train/loss=0.551]
Epoch 3:  41%|████      | 89/218 [00:03<00:04, 27.47it/s, loss=0.546, val/accuracy=0.701, val/loss=0.561, train/accuracy=0.715, train/loss=0.551]
Epoch 3:  41%|████▏     | 90/218 [00:03<00:04, 27.49it/s, loss=0.546, val/accuracy=0.701, val/loss=0.561, train/accuracy=0.715, train/loss=0.551]
Epoch 3:  41%|████▏     | 90/218 [00:03<00:04, 27.49it/s, loss=0.541, val/accuracy=0.701, val/loss=0.561, train/accuracy=0.715, train/loss=0.551]
Epoch 3:  42%|████▏     | 91/218 [00:03<00:04, 27.51it/s, loss=0.541, val/accuracy=0.701, val/loss=0.561, train/accuracy=0.715, train/loss=0.551]
Epoch 3:  42%|████▏     | 91/218 [00:03<00:04, 27.50it/s, loss=0.54, val/accuracy=0.701, val/loss=0.561, train/accuracy=0.715, train/loss=0.551] 
Epoch 3:  42%|████▏     | 92/218 [00:03<00:04, 27.52it/s, loss=0.54, val/accuracy=0.701, val/loss=0.561, train/accuracy=0.715, train/loss=0.551]
Epoch 3:  42%|████▏     | 92/218 [00:03<00:04, 27.52it/s, loss=0.541, val/accuracy=0.701, val/loss=0.561, train/accuracy=0.715, train/loss=0.551]
Epoch 3:  43%|████▎     | 93/218 [00:03<00:04, 27.54it/s, loss=0.541, val/accuracy=0.701, val/loss=0.561, train/accuracy=0.715, train/loss=0.551]
Epoch 3:  43%|████▎     | 93/218 [00:03<00:04, 27.54it/s, loss=0.541, val/accuracy=0.701, val/loss=0.561, train/accuracy=0.715, train/loss=0.551]
Epoch 3:  43%|████▎     | 94/218 [00:03<00:04, 27.55it/s, loss=0.541, val/accuracy=0.701, val/loss=0.561, train/accuracy=0.715, train/loss=0.551]
Epoch 3:  43%|████▎     | 94/218 [00:03<00:04, 27.55it/s, loss=0.54, val/accuracy=0.701, val/loss=0.561, train/accuracy=0.715, train/loss=0.551] 
Epoch 3:  44%|████▎     | 95/218 [00:03<00:04, 27.57it/s, loss=0.54, val/accuracy=0.701, val/loss=0.561, train/accuracy=0.715, train/loss=0.551]
Epoch 3:  44%|████▎     | 95/218 [00:03<00:04, 27.57it/s, loss=0.542, val/accuracy=0.701, val/loss=0.561, train/accuracy=0.715, train/loss=0.551]
Epoch 3:  44%|████▍     | 96/218 [00:03<00:04, 27.56it/s, loss=0.542, val/accuracy=0.701, val/loss=0.561, train/accuracy=0.715, train/loss=0.551]
Epoch 3:  44%|████▍     | 96/218 [00:03<00:04, 27.56it/s, loss=0.544, val/accuracy=0.701, val/loss=0.561, train/accuracy=0.715, train/loss=0.551]
Epoch 3:  44%|████▍     | 97/218 [00:03<00:04, 27.58it/s, loss=0.544, val/accuracy=0.701, val/loss=0.561, train/accuracy=0.715, train/loss=0.551]
Epoch 3:  44%|████▍     | 97/218 [00:03<00:04, 27.57it/s, loss=0.545, val/accuracy=0.701, val/loss=0.561, train/accuracy=0.715, train/loss=0.551]
Epoch 3:  45%|████▍     | 98/218 [00:03<00:04, 27.59it/s, loss=0.545, val/accuracy=0.701, val/loss=0.561, train/accuracy=0.715, train/loss=0.551]
Epoch 3:  45%|████▍     | 98/218 [00:03<00:04, 27.59it/s, loss=0.549, val/accuracy=0.701, val/loss=0.561, train/accuracy=0.715, train/loss=0.551]
Epoch 3:  45%|████▌     | 99/218 [00:03<00:04, 27.61it/s, loss=0.549, val/accuracy=0.701, val/loss=0.561, train/accuracy=0.715, train/loss=0.551]
Epoch 3:  45%|████▌     | 99/218 [00:03<00:04, 27.60it/s, loss=0.549, val/accuracy=0.701, val/loss=0.561, train/accuracy=0.715, train/loss=0.551]
Epoch 3:  46%|████▌     | 100/218 [00:03<00:04, 27.62it/s, loss=0.549, val/accuracy=0.701, val/loss=0.561, train/accuracy=0.715, train/loss=0.551]
Epoch 3:  46%|████▌     | 100/218 [00:03<00:04, 27.62it/s, loss=0.549, val/accuracy=0.701, val/loss=0.561, train/accuracy=0.715, train/loss=0.551]
Epoch 3:  46%|████▋     | 101/218 [00:03<00:04, 27.63it/s, loss=0.549, val/accuracy=0.701, val/loss=0.561, train/accuracy=0.715, train/loss=0.551]
Epoch 3:  46%|████▋     | 101/218 [00:03<00:04, 27.63it/s, loss=0.547, val/accuracy=0.701, val/loss=0.561, train/accuracy=0.715, train/loss=0.551]
Epoch 3:  47%|████▋     | 102/218 [00:03<00:04, 27.64it/s, loss=0.547, val/accuracy=0.701, val/loss=0.561, train/accuracy=0.715, train/loss=0.551]
Epoch 3:  47%|████▋     | 102/218 [00:03<00:04, 27.64it/s, loss=0.549, val/accuracy=0.701, val/loss=0.561, train/accuracy=0.715, train/loss=0.551]
Epoch 3:  47%|████▋     | 103/218 [00:03<00:04, 27.66it/s, loss=0.549, val/accuracy=0.701, val/loss=0.561, train/accuracy=0.715, train/loss=0.551]
Epoch 3:  47%|████▋     | 103/218 [00:03<00:04, 27.65it/s, loss=0.546, val/accuracy=0.701, val/loss=0.561, train/accuracy=0.715, train/loss=0.551]
Epoch 3:  48%|████▊     | 104/218 [00:03<00:04, 27.67it/s, loss=0.546, val/accuracy=0.701, val/loss=0.561, train/accuracy=0.715, train/loss=0.551]
Epoch 3:  48%|████▊     | 104/218 [00:03<00:04, 27.67it/s, loss=0.544, val/accuracy=0.701, val/loss=0.561, train/accuracy=0.715, train/loss=0.551]
Epoch 3:  48%|████▊     | 105/218 [00:03<00:04, 27.68it/s, loss=0.544, val/accuracy=0.701, val/loss=0.561, train/accuracy=0.715, train/loss=0.551]
Epoch 3:  48%|████▊     | 105/218 [00:03<00:04, 27.68it/s, loss=0.546, val/accuracy=0.701, val/loss=0.561, train/accuracy=0.715, train/loss=0.551]
Epoch 3:  49%|████▊     | 106/218 [00:03<00:04, 27.70it/s, loss=0.546, val/accuracy=0.701, val/loss=0.561, train/accuracy=0.715, train/loss=0.551]
Epoch 3:  49%|████▊     | 106/218 [00:03<00:04, 27.69it/s, loss=0.546, val/accuracy=0.701, val/loss=0.561, train/accuracy=0.715, train/loss=0.551]
Epoch 3:  49%|████▉     | 107/218 [00:03<00:04, 27.71it/s, loss=0.546, val/accuracy=0.701, val/loss=0.561, train/accuracy=0.715, train/loss=0.551]
Epoch 3:  49%|████▉     | 107/218 [00:03<00:04, 27.71it/s, loss=0.544, val/accuracy=0.701, val/loss=0.561, train/accuracy=0.715, train/loss=0.551]
Epoch 3:  50%|████▉     | 108/218 [00:03<00:03, 27.72it/s, loss=0.544, val/accuracy=0.701, val/loss=0.561, train/accuracy=0.715, train/loss=0.551]
Epoch 3:  50%|████▉     | 108/218 [00:03<00:03, 27.72it/s, loss=0.544, val/accuracy=0.701, val/loss=0.561, train/accuracy=0.715, train/loss=0.551]
Epoch 3:  50%|█████     | 109/218 [00:03<00:03, 27.73it/s, loss=0.544, val/accuracy=0.701, val/loss=0.561, train/accuracy=0.715, train/loss=0.551]
Epoch 3:  50%|█████     | 109/218 [00:03<00:03, 27.73it/s, loss=0.546, val/accuracy=0.701, val/loss=0.561, train/accuracy=0.715, train/loss=0.551]
Epoch 3:  50%|█████     | 110/218 [00:03<00:03, 27.74it/s, loss=0.546, val/accuracy=0.701, val/loss=0.561, train/accuracy=0.715, train/loss=0.551]
Epoch 3:  50%|█████     | 110/218 [00:03<00:03, 27.74it/s, loss=0.548, val/accuracy=0.701, val/loss=0.561, train/accuracy=0.715, train/loss=0.551]
Epoch 3:  51%|█████     | 111/218 [00:03<00:03, 27.75it/s, loss=0.548, val/accuracy=0.701, val/loss=0.561, train/accuracy=0.715, train/loss=0.551]
Epoch 3:  51%|█████     | 111/218 [00:03<00:03, 27.75it/s, loss=0.547, val/accuracy=0.701, val/loss=0.561, train/accuracy=0.715, train/loss=0.551]
Epoch 3:  51%|█████▏    | 112/218 [00:04<00:03, 27.76it/s, loss=0.547, val/accuracy=0.701, val/loss=0.561, train/accuracy=0.715, train/loss=0.551]
Epoch 3:  51%|█████▏    | 112/218 [00:04<00:03, 27.76it/s, loss=0.548, val/accuracy=0.701, val/loss=0.561, train/accuracy=0.715, train/loss=0.551]
Epoch 3:  52%|█████▏    | 113/218 [00:04<00:03, 27.77it/s, loss=0.548, val/accuracy=0.701, val/loss=0.561, train/accuracy=0.715, train/loss=0.551]
Epoch 3:  52%|█████▏    | 113/218 [00:04<00:03, 27.77it/s, loss=0.543, val/accuracy=0.701, val/loss=0.561, train/accuracy=0.715, train/loss=0.551]
Epoch 3:  52%|█████▏    | 114/218 [00:04<00:03, 27.78it/s, loss=0.543, val/accuracy=0.701, val/loss=0.561, train/accuracy=0.715, train/loss=0.551]
Epoch 3:  52%|█████▏    | 114/218 [00:04<00:03, 27.78it/s, loss=0.543, val/accuracy=0.701, val/loss=0.561, train/accuracy=0.715, train/loss=0.551]
Epoch 3:  53%|█████▎    | 115/218 [00:04<00:03, 27.80it/s, loss=0.543, val/accuracy=0.701, val/loss=0.561, train/accuracy=0.715, train/loss=0.551]
Epoch 3:  53%|█████▎    | 115/218 [00:04<00:03, 27.79it/s, loss=0.545, val/accuracy=0.701, val/loss=0.561, train/accuracy=0.715, train/loss=0.551]
Epoch 3:  53%|█████▎    | 116/218 [00:04<00:03, 27.81it/s, loss=0.545, val/accuracy=0.701, val/loss=0.561, train/accuracy=0.715, train/loss=0.551]
Epoch 3:  53%|█████▎    | 116/218 [00:04<00:03, 27.80it/s, loss=0.544, val/accuracy=0.701, val/loss=0.561, train/accuracy=0.715, train/loss=0.551]
Epoch 3:  54%|█████▎    | 117/218 [00:04<00:03, 27.82it/s, loss=0.544, val/accuracy=0.701, val/loss=0.561, train/accuracy=0.715, train/loss=0.551]
Epoch 3:  54%|█████▎    | 117/218 [00:04<00:03, 27.81it/s, loss=0.543, val/accuracy=0.701, val/loss=0.561, train/accuracy=0.715, train/loss=0.551]
Epoch 3:  54%|█████▍    | 118/218 [00:04<00:03, 27.83it/s, loss=0.543, val/accuracy=0.701, val/loss=0.561, train/accuracy=0.715, train/loss=0.551]
Epoch 3:  54%|█████▍    | 118/218 [00:04<00:03, 27.82it/s, loss=0.542, val/accuracy=0.701, val/loss=0.561, train/accuracy=0.715, train/loss=0.551]
Epoch 3:  55%|█████▍    | 119/218 [00:04<00:03, 27.84it/s, loss=0.542, val/accuracy=0.701, val/loss=0.561, train/accuracy=0.715, train/loss=0.551]
Epoch 3:  55%|█████▍    | 119/218 [00:04<00:03, 27.83it/s, loss=0.542, val/accuracy=0.701, val/loss=0.561, train/accuracy=0.715, train/loss=0.551]
Epoch 3:  55%|█████▌    | 120/218 [00:04<00:03, 27.84it/s, loss=0.542, val/accuracy=0.701, val/loss=0.561, train/accuracy=0.715, train/loss=0.551]
Epoch 3:  55%|█████▌    | 120/218 [00:04<00:03, 27.84it/s, loss=0.544, val/accuracy=0.701, val/loss=0.561, train/accuracy=0.715, train/loss=0.551]
Epoch 3:  56%|█████▌    | 121/218 [00:04<00:03, 27.85it/s, loss=0.544, val/accuracy=0.701, val/loss=0.561, train/accuracy=0.715, train/loss=0.551]
Epoch 3:  56%|█████▌    | 121/218 [00:04<00:03, 27.85it/s, loss=0.546, val/accuracy=0.701, val/loss=0.561, train/accuracy=0.715, train/loss=0.551]
Epoch 3:  56%|█████▌    | 122/218 [00:04<00:03, 27.86it/s, loss=0.546, val/accuracy=0.701, val/loss=0.561, train/accuracy=0.715, train/loss=0.551]
Epoch 3:  56%|█████▌    | 122/218 [00:04<00:03, 27.86it/s, loss=0.545, val/accuracy=0.701, val/loss=0.561, train/accuracy=0.715, train/loss=0.551]
Epoch 3:  56%|█████▋    | 123/218 [00:04<00:03, 27.87it/s, loss=0.545, val/accuracy=0.701, val/loss=0.561, train/accuracy=0.715, train/loss=0.551]
Epoch 3:  56%|█████▋    | 123/218 [00:04<00:03, 27.86it/s, loss=0.547, val/accuracy=0.701, val/loss=0.561, train/accuracy=0.715, train/loss=0.551]
Epoch 3:  57%|█████▋    | 124/218 [00:04<00:03, 27.87it/s, loss=0.547, val/accuracy=0.701, val/loss=0.561, train/accuracy=0.715, train/loss=0.551]
Epoch 3:  57%|█████▋    | 124/218 [00:04<00:03, 27.87it/s, loss=0.548, val/accuracy=0.701, val/loss=0.561, train/accuracy=0.715, train/loss=0.551]
Epoch 3:  57%|█████▋    | 125/218 [00:04<00:03, 27.88it/s, loss=0.548, val/accuracy=0.701, val/loss=0.561, train/accuracy=0.715, train/loss=0.551]
Epoch 3:  57%|█████▋    | 125/218 [00:04<00:03, 27.88it/s, loss=0.546, val/accuracy=0.701, val/loss=0.561, train/accuracy=0.715, train/loss=0.551]
Epoch 3:  58%|█████▊    | 126/218 [00:04<00:03, 27.89it/s, loss=0.546, val/accuracy=0.701, val/loss=0.561, train/accuracy=0.715, train/loss=0.551]
Epoch 3:  58%|█████▊    | 126/218 [00:04<00:03, 27.89it/s, loss=0.552, val/accuracy=0.701, val/loss=0.561, train/accuracy=0.715, train/loss=0.551]
Epoch 3:  58%|█████▊    | 127/218 [00:04<00:03, 27.90it/s, loss=0.552, val/accuracy=0.701, val/loss=0.561, train/accuracy=0.715, train/loss=0.551]
Epoch 3:  58%|█████▊    | 127/218 [00:04<00:03, 27.90it/s, loss=0.553, val/accuracy=0.701, val/loss=0.561, train/accuracy=0.715, train/loss=0.551]
Epoch 3:  59%|█████▊    | 128/218 [00:04<00:03, 27.91it/s, loss=0.553, val/accuracy=0.701, val/loss=0.561, train/accuracy=0.715, train/loss=0.551]
Epoch 3:  59%|█████▊    | 128/218 [00:04<00:03, 27.91it/s, loss=0.556, val/accuracy=0.701, val/loss=0.561, train/accuracy=0.715, train/loss=0.551]
Epoch 3:  59%|█████▉    | 129/218 [00:04<00:03, 27.92it/s, loss=0.556, val/accuracy=0.701, val/loss=0.561, train/accuracy=0.715, train/loss=0.551]
Epoch 3:  59%|█████▉    | 129/218 [00:04<00:03, 27.91it/s, loss=0.552, val/accuracy=0.701, val/loss=0.561, train/accuracy=0.715, train/loss=0.551]
Epoch 3:  60%|█████▉    | 130/218 [00:04<00:03, 27.92it/s, loss=0.552, val/accuracy=0.701, val/loss=0.561, train/accuracy=0.715, train/loss=0.551]
Epoch 3:  60%|█████▉    | 130/218 [00:04<00:03, 27.92it/s, loss=0.549, val/accuracy=0.701, val/loss=0.561, train/accuracy=0.715, train/loss=0.551]
Epoch 3:  60%|██████    | 131/218 [00:04<00:03, 27.93it/s, loss=0.549, val/accuracy=0.701, val/loss=0.561, train/accuracy=0.715, train/loss=0.551]
Epoch 3:  60%|██████    | 131/218 [00:04<00:03, 27.93it/s, loss=0.55, val/accuracy=0.701, val/loss=0.561, train/accuracy=0.715, train/loss=0.551] 
Epoch 3:  61%|██████    | 132/218 [00:04<00:03, 27.94it/s, loss=0.55, val/accuracy=0.701, val/loss=0.561, train/accuracy=0.715, train/loss=0.551]
Epoch 3:  61%|██████    | 132/218 [00:04<00:03, 27.94it/s, loss=0.549, val/accuracy=0.701, val/loss=0.561, train/accuracy=0.715, train/loss=0.551]
Epoch 3:  61%|██████    | 133/218 [00:04<00:03, 27.95it/s, loss=0.549, val/accuracy=0.701, val/loss=0.561, train/accuracy=0.715, train/loss=0.551]
Epoch 3:  61%|██████    | 133/218 [00:04<00:03, 27.95it/s, loss=0.552, val/accuracy=0.701, val/loss=0.561, train/accuracy=0.715, train/loss=0.551]
Epoch 3:  61%|██████▏   | 134/218 [00:04<00:03, 27.96it/s, loss=0.552, val/accuracy=0.701, val/loss=0.561, train/accuracy=0.715, train/loss=0.551]
Epoch 3:  61%|██████▏   | 134/218 [00:04<00:03, 27.95it/s, loss=0.553, val/accuracy=0.701, val/loss=0.561, train/accuracy=0.715, train/loss=0.551]
Epoch 3:  62%|██████▏   | 135/218 [00:04<00:02, 27.96it/s, loss=0.553, val/accuracy=0.701, val/loss=0.561, train/accuracy=0.715, train/loss=0.551]
Epoch 3:  62%|██████▏   | 135/218 [00:04<00:02, 27.96it/s, loss=0.551, val/accuracy=0.701, val/loss=0.561, train/accuracy=0.715, train/loss=0.551]
Epoch 3:  62%|██████▏   | 136/218 [00:04<00:02, 27.97it/s, loss=0.551, val/accuracy=0.701, val/loss=0.561, train/accuracy=0.715, train/loss=0.551]
Epoch 3:  62%|██████▏   | 136/218 [00:04<00:02, 27.97it/s, loss=0.55, val/accuracy=0.701, val/loss=0.561, train/accuracy=0.715, train/loss=0.551] 
Epoch 3:  63%|██████▎   | 137/218 [00:04<00:02, 27.98it/s, loss=0.55, val/accuracy=0.701, val/loss=0.561, train/accuracy=0.715, train/loss=0.551]
Epoch 3:  63%|██████▎   | 137/218 [00:04<00:02, 27.98it/s, loss=0.546, val/accuracy=0.701, val/loss=0.561, train/accuracy=0.715, train/loss=0.551]
Epoch 3:  63%|██████▎   | 138/218 [00:04<00:02, 27.99it/s, loss=0.546, val/accuracy=0.701, val/loss=0.561, train/accuracy=0.715, train/loss=0.551]
Epoch 3:  63%|██████▎   | 138/218 [00:04<00:02, 27.99it/s, loss=0.542, val/accuracy=0.701, val/loss=0.561, train/accuracy=0.715, train/loss=0.551]
Epoch 3:  64%|██████▍   | 139/218 [00:04<00:02, 28.00it/s, loss=0.542, val/accuracy=0.701, val/loss=0.561, train/accuracy=0.715, train/loss=0.551]
Epoch 3:  64%|██████▍   | 139/218 [00:04<00:02, 27.99it/s, loss=0.542, val/accuracy=0.701, val/loss=0.561, train/accuracy=0.715, train/loss=0.551]
Epoch 3:  64%|██████▍   | 140/218 [00:04<00:02, 28.00it/s, loss=0.542, val/accuracy=0.701, val/loss=0.561, train/accuracy=0.715, train/loss=0.551]
Epoch 3:  64%|██████▍   | 140/218 [00:04<00:02, 28.00it/s, loss=0.541, val/accuracy=0.701, val/loss=0.561, train/accuracy=0.715, train/loss=0.551]
Epoch 3:  65%|██████▍   | 141/218 [00:05<00:02, 28.01it/s, loss=0.541, val/accuracy=0.701, val/loss=0.561, train/accuracy=0.715, train/loss=0.551]
Epoch 3:  65%|██████▍   | 141/218 [00:05<00:02, 28.01it/s, loss=0.54, val/accuracy=0.701, val/loss=0.561, train/accuracy=0.715, train/loss=0.551] 
Epoch 3:  65%|██████▌   | 142/218 [00:05<00:02, 28.02it/s, loss=0.54, val/accuracy=0.701, val/loss=0.561, train/accuracy=0.715, train/loss=0.551]
Epoch 3:  65%|██████▌   | 142/218 [00:05<00:02, 28.02it/s, loss=0.543, val/accuracy=0.701, val/loss=0.561, train/accuracy=0.715, train/loss=0.551]
Epoch 3:  66%|██████▌   | 143/218 [00:05<00:02, 28.02it/s, loss=0.543, val/accuracy=0.701, val/loss=0.561, train/accuracy=0.715, train/loss=0.551]
Epoch 3:  66%|██████▌   | 143/218 [00:05<00:02, 28.02it/s, loss=0.539, val/accuracy=0.701, val/loss=0.561, train/accuracy=0.715, train/loss=0.551]
Epoch 3:  66%|██████▌   | 144/218 [00:05<00:02, 28.03it/s, loss=0.539, val/accuracy=0.701, val/loss=0.561, train/accuracy=0.715, train/loss=0.551]
Epoch 3:  66%|██████▌   | 144/218 [00:05<00:02, 28.03it/s, loss=0.544, val/accuracy=0.701, val/loss=0.561, train/accuracy=0.715, train/loss=0.551]
Epoch 3:  67%|██████▋   | 145/218 [00:05<00:02, 28.04it/s, loss=0.544, val/accuracy=0.701, val/loss=0.561, train/accuracy=0.715, train/loss=0.551]
Epoch 3:  67%|██████▋   | 145/218 [00:05<00:02, 28.04it/s, loss=0.546, val/accuracy=0.701, val/loss=0.561, train/accuracy=0.715, train/loss=0.551]
Epoch 3:  67%|██████▋   | 146/218 [00:05<00:02, 28.04it/s, loss=0.546, val/accuracy=0.701, val/loss=0.561, train/accuracy=0.715, train/loss=0.551]
Epoch 3:  67%|██████▋   | 146/218 [00:05<00:02, 28.04it/s, loss=0.54, val/accuracy=0.701, val/loss=0.561, train/accuracy=0.715, train/loss=0.551] 
Epoch 3:  67%|██████▋   | 147/218 [00:05<00:02, 28.05it/s, loss=0.54, val/accuracy=0.701, val/loss=0.561, train/accuracy=0.715, train/loss=0.551]
Epoch 3:  67%|██████▋   | 147/218 [00:05<00:02, 28.05it/s, loss=0.542, val/accuracy=0.701, val/loss=0.561, train/accuracy=0.715, train/loss=0.551]
Epoch 3:  68%|██████▊   | 148/218 [00:05<00:02, 28.06it/s, loss=0.542, val/accuracy=0.701, val/loss=0.561, train/accuracy=0.715, train/loss=0.551]
Epoch 3:  68%|██████▊   | 148/218 [00:05<00:02, 28.06it/s, loss=0.545, val/accuracy=0.701, val/loss=0.561, train/accuracy=0.715, train/loss=0.551]
Epoch 3:  68%|██████▊   | 149/218 [00:05<00:02, 28.06it/s, loss=0.545, val/accuracy=0.701, val/loss=0.561, train/accuracy=0.715, train/loss=0.551]
Epoch 3:  68%|██████▊   | 149/218 [00:05<00:02, 28.06it/s, loss=0.546, val/accuracy=0.701, val/loss=0.561, train/accuracy=0.715, train/loss=0.551]
Epoch 3:  69%|██████▉   | 150/218 [00:05<00:02, 28.07it/s, loss=0.546, val/accuracy=0.701, val/loss=0.561, train/accuracy=0.715, train/loss=0.551]
Epoch 3:  69%|██████▉   | 150/218 [00:05<00:02, 28.07it/s, loss=0.546, val/accuracy=0.701, val/loss=0.561, train/accuracy=0.715, train/loss=0.551]
Epoch 3:  69%|██████▉   | 151/218 [00:05<00:02, 28.07it/s, loss=0.546, val/accuracy=0.701, val/loss=0.561, train/accuracy=0.715, train/loss=0.551]
Epoch 3:  69%|██████▉   | 151/218 [00:05<00:02, 28.07it/s, loss=0.544, val/accuracy=0.701, val/loss=0.561, train/accuracy=0.715, train/loss=0.551]
Epoch 3:  70%|██████▉   | 152/218 [00:05<00:02, 28.08it/s, loss=0.544, val/accuracy=0.701, val/loss=0.561, train/accuracy=0.715, train/loss=0.551]
Epoch 3:  70%|██████▉   | 152/218 [00:05<00:02, 28.08it/s, loss=0.546, val/accuracy=0.701, val/loss=0.561, train/accuracy=0.715, train/loss=0.551]
Epoch 3:  70%|███████   | 153/218 [00:05<00:02, 28.09it/s, loss=0.546, val/accuracy=0.701, val/loss=0.561, train/accuracy=0.715, train/loss=0.551]
Epoch 3:  70%|███████   | 153/218 [00:05<00:02, 28.09it/s, loss=0.547, val/accuracy=0.701, val/loss=0.561, train/accuracy=0.715, train/loss=0.551]
Epoch 3:  71%|███████   | 154/218 [00:05<00:02, 28.09it/s, loss=0.547, val/accuracy=0.701, val/loss=0.561, train/accuracy=0.715, train/loss=0.551]
Epoch 3:  71%|███████   | 154/218 [00:05<00:02, 28.09it/s, loss=0.548, val/accuracy=0.701, val/loss=0.561, train/accuracy=0.715, train/loss=0.551]
Epoch 3:  71%|███████   | 155/218 [00:05<00:02, 28.10it/s, loss=0.548, val/accuracy=0.701, val/loss=0.561, train/accuracy=0.715, train/loss=0.551]
Epoch 3:  71%|███████   | 155/218 [00:05<00:02, 28.10it/s, loss=0.55, val/accuracy=0.701, val/loss=0.561, train/accuracy=0.715, train/loss=0.551] 
Epoch 3:  72%|███████▏  | 156/218 [00:05<00:02, 28.11it/s, loss=0.55, val/accuracy=0.701, val/loss=0.561, train/accuracy=0.715, train/loss=0.551]
Epoch 3:  72%|███████▏  | 156/218 [00:05<00:02, 28.11it/s, loss=0.554, val/accuracy=0.701, val/loss=0.561, train/accuracy=0.715, train/loss=0.551]
Epoch 3:  72%|███████▏  | 157/218 [00:05<00:02, 28.11it/s, loss=0.554, val/accuracy=0.701, val/loss=0.561, train/accuracy=0.715, train/loss=0.551]
Epoch 3:  72%|███████▏  | 157/218 [00:05<00:02, 28.11it/s, loss=0.558, val/accuracy=0.701, val/loss=0.561, train/accuracy=0.715, train/loss=0.551]
Epoch 3:  72%|███████▏  | 158/218 [00:05<00:02, 28.12it/s, loss=0.558, val/accuracy=0.701, val/loss=0.561, train/accuracy=0.715, train/loss=0.551]
Epoch 3:  72%|███████▏  | 158/218 [00:05<00:02, 28.12it/s, loss=0.56, val/accuracy=0.701, val/loss=0.561, train/accuracy=0.715, train/loss=0.551] 
Epoch 3:  73%|███████▎  | 159/218 [00:05<00:02, 28.12it/s, loss=0.56, val/accuracy=0.701, val/loss=0.561, train/accuracy=0.715, train/loss=0.551]
Epoch 3:  73%|███████▎  | 159/218 [00:05<00:02, 28.12it/s, loss=0.558, val/accuracy=0.701, val/loss=0.561, train/accuracy=0.715, train/loss=0.551]
Epoch 3:  73%|███████▎  | 160/218 [00:05<00:02, 28.13it/s, loss=0.558, val/accuracy=0.701, val/loss=0.561, train/accuracy=0.715, train/loss=0.551]
Epoch 3:  73%|███████▎  | 160/218 [00:05<00:02, 28.13it/s, loss=0.556, val/accuracy=0.701, val/loss=0.561, train/accuracy=0.715, train/loss=0.551]
Epoch 3:  74%|███████▍  | 161/218 [00:05<00:02, 28.13it/s, loss=0.556, val/accuracy=0.701, val/loss=0.561, train/accuracy=0.715, train/loss=0.551]
Epoch 3:  74%|███████▍  | 161/218 [00:05<00:02, 28.13it/s, loss=0.555, val/accuracy=0.701, val/loss=0.561, train/accuracy=0.715, train/loss=0.551]
Epoch 3:  74%|███████▍  | 162/218 [00:05<00:01, 28.14it/s, loss=0.555, val/accuracy=0.701, val/loss=0.561, train/accuracy=0.715, train/loss=0.551]
Epoch 3:  74%|███████▍  | 162/218 [00:05<00:01, 28.14it/s, loss=0.553, val/accuracy=0.701, val/loss=0.561, train/accuracy=0.715, train/loss=0.551]
Epoch 3:  75%|███████▍  | 163/218 [00:05<00:01, 28.16it/s, loss=0.553, val/accuracy=0.701, val/loss=0.561, train/accuracy=0.715, train/loss=0.551]
Epoch 3:  75%|███████▍  | 163/218 [00:05<00:01, 28.16it/s, loss=0.557, val/accuracy=0.701, val/loss=0.561, train/accuracy=0.715, train/loss=0.551]

Validation: 0it [00:00, ?it/s][A

Validation:   0%|          | 0/55 [00:00<?, ?it/s][A

Validation DataLoader 0:   0%|          | 0/55 [00:00<?, ?it/s][A

Validation DataLoader 0:   2%|▏         | 1/55 [00:00<00:00, 133.77it/s][A
Epoch 3:  75%|███████▌  | 164/218 [00:05<00:01, 27.65it/s, loss=0.557, val/accuracy=0.701, val/loss=0.561, train/accuracy=0.715, train/loss=0.551]

Validation DataLoader 0:   4%|▎         | 2/55 [00:00<00:00, 56.79it/s] [A
Epoch 3:  76%|███████▌  | 165/218 [00:05<00:01, 27.69it/s, loss=0.557, val/accuracy=0.701, val/loss=0.561, train/accuracy=0.715, train/loss=0.551]

Validation DataLoader 0:   5%|▌         | 3/55 [00:00<00:01, 44.23it/s][A
Epoch 3:  76%|███████▌  | 166/218 [00:05<00:01, 27.71it/s, loss=0.557, val/accuracy=0.701, val/loss=0.561, train/accuracy=0.715, train/loss=0.551]

Validation DataLoader 0:   7%|▋         | 4/55 [00:00<00:01, 39.99it/s][A
Epoch 3:  77%|███████▋  | 167/218 [00:06<00:01, 27.73it/s, loss=0.557, val/accuracy=0.701, val/loss=0.561, train/accuracy=0.715, train/loss=0.551]

Validation DataLoader 0:   9%|▉         | 5/55 [00:00<00:01, 37.78it/s][A
Epoch 3:  77%|███████▋  | 168/218 [00:06<00:01, 27.74it/s, loss=0.557, val/accuracy=0.701, val/loss=0.561, train/accuracy=0.715, train/loss=0.551]

Validation DataLoader 0:  11%|█         | 6/55 [00:00<00:01, 36.49it/s][A
Epoch 3:  78%|███████▊  | 169/218 [00:06<00:01, 27.76it/s, loss=0.557, val/accuracy=0.701, val/loss=0.561, train/accuracy=0.715, train/loss=0.551]

Validation DataLoader 0:  13%|█▎        | 7/55 [00:00<00:01, 35.69it/s][A
Epoch 3:  78%|███████▊  | 170/218 [00:06<00:01, 27.78it/s, loss=0.557, val/accuracy=0.701, val/loss=0.561, train/accuracy=0.715, train/loss=0.551]

Validation DataLoader 0:  15%|█▍        | 8/55 [00:00<00:01, 35.07it/s][A
Epoch 3:  78%|███████▊  | 171/218 [00:06<00:01, 27.80it/s, loss=0.557, val/accuracy=0.701, val/loss=0.561, train/accuracy=0.715, train/loss=0.551]

Validation DataLoader 0:  16%|█▋        | 9/55 [00:00<00:01, 34.63it/s][A
Epoch 3:  79%|███████▉  | 172/218 [00:06<00:01, 27.82it/s, loss=0.557, val/accuracy=0.701, val/loss=0.561, train/accuracy=0.715, train/loss=0.551]

Validation DataLoader 0:  18%|█▊        | 10/55 [00:00<00:01, 34.25it/s][A
Epoch 3:  79%|███████▉  | 173/218 [00:06<00:01, 27.83it/s, loss=0.557, val/accuracy=0.701, val/loss=0.561, train/accuracy=0.715, train/loss=0.551]

Validation DataLoader 0:  20%|██        | 11/55 [00:00<00:01, 33.98it/s][A
Epoch 3:  80%|███████▉  | 174/218 [00:06<00:01, 27.85it/s, loss=0.557, val/accuracy=0.701, val/loss=0.561, train/accuracy=0.715, train/loss=0.551]

Validation DataLoader 0:  22%|██▏       | 12/55 [00:00<00:01, 33.73it/s][A
Epoch 3:  80%|████████  | 175/218 [00:06<00:01, 27.87it/s, loss=0.557, val/accuracy=0.701, val/loss=0.561, train/accuracy=0.715, train/loss=0.551]

Validation DataLoader 0:  24%|██▎       | 13/55 [00:00<00:01, 33.54it/s][A
Epoch 3:  81%|████████  | 176/218 [00:06<00:01, 27.89it/s, loss=0.557, val/accuracy=0.701, val/loss=0.561, train/accuracy=0.715, train/loss=0.551]

Validation DataLoader 0:  25%|██▌       | 14/55 [00:00<00:01, 33.33it/s][A
Epoch 3:  81%|████████  | 177/218 [00:06<00:01, 27.90it/s, loss=0.557, val/accuracy=0.701, val/loss=0.561, train/accuracy=0.715, train/loss=0.551]

Validation DataLoader 0:  27%|██▋       | 15/55 [00:00<00:01, 33.19it/s][A
Epoch 3:  82%|████████▏ | 178/218 [00:06<00:01, 27.92it/s, loss=0.557, val/accuracy=0.701, val/loss=0.561, train/accuracy=0.715, train/loss=0.551]

Validation DataLoader 0:  29%|██▉       | 16/55 [00:00<00:01, 33.05it/s][A
Epoch 3:  82%|████████▏ | 179/218 [00:06<00:01, 27.94it/s, loss=0.557, val/accuracy=0.701, val/loss=0.561, train/accuracy=0.715, train/loss=0.551]

Validation DataLoader 0:  31%|███       | 17/55 [00:00<00:01, 32.94it/s][A
Epoch 3:  83%|████████▎ | 180/218 [00:06<00:01, 27.95it/s, loss=0.557, val/accuracy=0.701, val/loss=0.561, train/accuracy=0.715, train/loss=0.551]

Validation DataLoader 0:  33%|███▎      | 18/55 [00:00<00:01, 32.83it/s][A
Epoch 3:  83%|████████▎ | 181/218 [00:06<00:01, 27.97it/s, loss=0.557, val/accuracy=0.701, val/loss=0.561, train/accuracy=0.715, train/loss=0.551]

Validation DataLoader 0:  35%|███▍      | 19/55 [00:00<00:01, 32.76it/s][A
Epoch 3:  83%|████████▎ | 182/218 [00:06<00:01, 27.99it/s, loss=0.557, val/accuracy=0.701, val/loss=0.561, train/accuracy=0.715, train/loss=0.551]

Validation DataLoader 0:  36%|███▋      | 20/55 [00:00<00:01, 32.68it/s][A
Epoch 3:  84%|████████▍ | 183/218 [00:06<00:01, 28.00it/s, loss=0.557, val/accuracy=0.701, val/loss=0.561, train/accuracy=0.715, train/loss=0.551]

Validation DataLoader 0:  38%|███▊      | 21/55 [00:00<00:01, 32.62it/s][A
Epoch 3:  84%|████████▍ | 184/218 [00:06<00:01, 28.02it/s, loss=0.557, val/accuracy=0.701, val/loss=0.561, train/accuracy=0.715, train/loss=0.551]

Validation DataLoader 0:  40%|████      | 22/55 [00:00<00:01, 32.56it/s][A
Epoch 3:  85%|████████▍ | 185/218 [00:06<00:01, 28.03it/s, loss=0.557, val/accuracy=0.701, val/loss=0.561, train/accuracy=0.715, train/loss=0.551]

Validation DataLoader 0:  42%|████▏     | 23/55 [00:00<00:00, 32.49it/s][A
Epoch 3:  85%|████████▌ | 186/218 [00:06<00:01, 28.05it/s, loss=0.557, val/accuracy=0.701, val/loss=0.561, train/accuracy=0.715, train/loss=0.551]

Validation DataLoader 0:  44%|████▎     | 24/55 [00:00<00:00, 32.42it/s][A
Epoch 3:  86%|████████▌ | 187/218 [00:06<00:01, 28.06it/s, loss=0.557, val/accuracy=0.701, val/loss=0.561, train/accuracy=0.715, train/loss=0.551]

Validation DataLoader 0:  45%|████▌     | 25/55 [00:00<00:00, 32.36it/s][A
Epoch 3:  86%|████████▌ | 188/218 [00:06<00:01, 28.08it/s, loss=0.557, val/accuracy=0.701, val/loss=0.561, train/accuracy=0.715, train/loss=0.551]

Validation DataLoader 0:  47%|████▋     | 26/55 [00:00<00:00, 32.31it/s][A
Epoch 3:  87%|████████▋ | 189/218 [00:06<00:01, 28.09it/s, loss=0.557, val/accuracy=0.701, val/loss=0.561, train/accuracy=0.715, train/loss=0.551]

Validation DataLoader 0:  49%|████▉     | 27/55 [00:00<00:00, 32.28it/s][A
Epoch 3:  87%|████████▋ | 190/218 [00:06<00:00, 28.11it/s, loss=0.557, val/accuracy=0.701, val/loss=0.561, train/accuracy=0.715, train/loss=0.551]

Validation DataLoader 0:  51%|█████     | 28/55 [00:00<00:00, 32.24it/s][A
Epoch 3:  88%|████████▊ | 191/218 [00:06<00:00, 28.12it/s, loss=0.557, val/accuracy=0.701, val/loss=0.561, train/accuracy=0.715, train/loss=0.551]

Validation DataLoader 0:  53%|█████▎    | 29/55 [00:00<00:00, 32.21it/s][A
Epoch 3:  88%|████████▊ | 192/218 [00:06<00:00, 28.14it/s, loss=0.557, val/accuracy=0.701, val/loss=0.561, train/accuracy=0.715, train/loss=0.551]

Validation DataLoader 0:  55%|█████▍    | 30/55 [00:00<00:00, 32.18it/s][A
Epoch 3:  89%|████████▊ | 193/218 [00:06<00:00, 28.15it/s, loss=0.557, val/accuracy=0.701, val/loss=0.561, train/accuracy=0.715, train/loss=0.551]

Validation DataLoader 0:  56%|█████▋    | 31/55 [00:00<00:00, 32.16it/s][A
Epoch 3:  89%|████████▉ | 194/218 [00:06<00:00, 28.17it/s, loss=0.557, val/accuracy=0.701, val/loss=0.561, train/accuracy=0.715, train/loss=0.551]

Validation DataLoader 0:  58%|█████▊    | 32/55 [00:00<00:00, 32.07it/s][A
Epoch 3:  89%|████████▉ | 195/218 [00:06<00:00, 28.17it/s, loss=0.557, val/accuracy=0.701, val/loss=0.561, train/accuracy=0.715, train/loss=0.551]

Validation DataLoader 0:  60%|██████    | 33/55 [00:01<00:00, 32.10it/s][A
Epoch 3:  90%|████████▉ | 196/218 [00:06<00:00, 28.20it/s, loss=0.557, val/accuracy=0.701, val/loss=0.561, train/accuracy=0.715, train/loss=0.551]

Validation DataLoader 0:  62%|██████▏   | 34/55 [00:01<00:00, 32.09it/s][A
Epoch 3:  90%|█████████ | 197/218 [00:06<00:00, 28.21it/s, loss=0.557, val/accuracy=0.701, val/loss=0.561, train/accuracy=0.715, train/loss=0.551]

Validation DataLoader 0:  64%|██████▎   | 35/55 [00:01<00:00, 32.06it/s][A
Epoch 3:  91%|█████████ | 198/218 [00:07<00:00, 28.23it/s, loss=0.557, val/accuracy=0.701, val/loss=0.561, train/accuracy=0.715, train/loss=0.551]

Validation DataLoader 0:  65%|██████▌   | 36/55 [00:01<00:00, 32.05it/s][A
Epoch 3:  91%|█████████▏| 199/218 [00:07<00:00, 28.24it/s, loss=0.557, val/accuracy=0.701, val/loss=0.561, train/accuracy=0.715, train/loss=0.551]

Validation DataLoader 0:  67%|██████▋   | 37/55 [00:01<00:00, 32.03it/s][A
Epoch 3:  92%|█████████▏| 200/218 [00:07<00:00, 28.25it/s, loss=0.557, val/accuracy=0.701, val/loss=0.561, train/accuracy=0.715, train/loss=0.551]

Validation DataLoader 0:  69%|██████▉   | 38/55 [00:01<00:00, 31.95it/s][A
Epoch 3:  92%|█████████▏| 201/218 [00:07<00:00, 28.26it/s, loss=0.557, val/accuracy=0.701, val/loss=0.561, train/accuracy=0.715, train/loss=0.551]

Validation DataLoader 0:  71%|███████   | 39/55 [00:01<00:00, 31.94it/s][A
Epoch 3:  93%|█████████▎| 202/218 [00:07<00:00, 28.27it/s, loss=0.557, val/accuracy=0.701, val/loss=0.561, train/accuracy=0.715, train/loss=0.551]

Validation DataLoader 0:  73%|███████▎  | 40/55 [00:01<00:00, 31.93it/s][A
Epoch 3:  93%|█████████▎| 203/218 [00:07<00:00, 28.29it/s, loss=0.557, val/accuracy=0.701, val/loss=0.561, train/accuracy=0.715, train/loss=0.551]

Validation DataLoader 0:  75%|███████▍  | 41/55 [00:01<00:00, 31.91it/s][A
Epoch 3:  94%|█████████▎| 204/218 [00:07<00:00, 28.30it/s, loss=0.557, val/accuracy=0.701, val/loss=0.561, train/accuracy=0.715, train/loss=0.551]

Validation DataLoader 0:  76%|███████▋  | 42/55 [00:01<00:00, 31.90it/s][A
Epoch 3:  94%|█████████▍| 205/218 [00:07<00:00, 28.31it/s, loss=0.557, val/accuracy=0.701, val/loss=0.561, train/accuracy=0.715, train/loss=0.551]

Validation DataLoader 0:  78%|███████▊  | 43/55 [00:01<00:00, 31.89it/s][A
Epoch 3:  94%|█████████▍| 206/218 [00:07<00:00, 28.33it/s, loss=0.557, val/accuracy=0.701, val/loss=0.561, train/accuracy=0.715, train/loss=0.551]

Validation DataLoader 0:  80%|████████  | 44/55 [00:01<00:00, 31.87it/s][A
Epoch 3:  95%|█████████▍| 207/218 [00:07<00:00, 28.34it/s, loss=0.557, val/accuracy=0.701, val/loss=0.561, train/accuracy=0.715, train/loss=0.551]

Validation DataLoader 0:  82%|████████▏ | 45/55 [00:01<00:00, 31.86it/s][A
Epoch 3:  95%|█████████▌| 208/218 [00:07<00:00, 28.35it/s, loss=0.557, val/accuracy=0.701, val/loss=0.561, train/accuracy=0.715, train/loss=0.551]

Validation DataLoader 0:  84%|████████▎ | 46/55 [00:01<00:00, 31.85it/s][A
Epoch 3:  96%|█████████▌| 209/218 [00:07<00:00, 28.37it/s, loss=0.557, val/accuracy=0.701, val/loss=0.561, train/accuracy=0.715, train/loss=0.551]

Validation DataLoader 0:  85%|████████▌ | 47/55 [00:01<00:00, 31.83it/s][A
Epoch 3:  96%|█████████▋| 210/218 [00:07<00:00, 28.38it/s, loss=0.557, val/accuracy=0.701, val/loss=0.561, train/accuracy=0.715, train/loss=0.551]

Validation DataLoader 0:  87%|████████▋ | 48/55 [00:01<00:00, 31.78it/s][A
Epoch 3:  97%|█████████▋| 211/218 [00:07<00:00, 28.38it/s, loss=0.557, val/accuracy=0.701, val/loss=0.561, train/accuracy=0.715, train/loss=0.551]

Validation DataLoader 0:  89%|████████▉ | 49/55 [00:01<00:00, 31.76it/s][A
Epoch 3:  97%|█████████▋| 212/218 [00:07<00:00, 28.40it/s, loss=0.557, val/accuracy=0.701, val/loss=0.561, train/accuracy=0.715, train/loss=0.551]

Validation DataLoader 0:  91%|█████████ | 50/55 [00:01<00:00, 31.76it/s][A
Epoch 3:  98%|█████████▊| 213/218 [00:07<00:00, 28.41it/s, loss=0.557, val/accuracy=0.701, val/loss=0.561, train/accuracy=0.715, train/loss=0.551]

Validation DataLoader 0:  93%|█████████▎| 51/55 [00:01<00:00, 31.74it/s][A
Epoch 3:  98%|█████████▊| 214/218 [00:07<00:00, 28.42it/s, loss=0.557, val/accuracy=0.701, val/loss=0.561, train/accuracy=0.715, train/loss=0.551]

Validation DataLoader 0:  95%|█████████▍| 52/55 [00:01<00:00, 31.74it/s][A
Epoch 3:  99%|█████████▊| 215/218 [00:07<00:00, 28.43it/s, loss=0.557, val/accuracy=0.701, val/loss=0.561, train/accuracy=0.715, train/loss=0.551]

Validation DataLoader 0:  96%|█████████▋| 53/55 [00:01<00:00, 31.73it/s][A
Epoch 3:  99%|█████████▉| 216/218 [00:07<00:00, 28.44it/s, loss=0.557, val/accuracy=0.701, val/loss=0.561, train/accuracy=0.715, train/loss=0.551]

Validation DataLoader 0:  98%|█████████▊| 54/55 [00:01<00:00, 32.14it/s][A
Epoch 3: 100%|█████████▉| 217/218 [00:07<00:00, 28.54it/s, loss=0.557, val/accuracy=0.701, val/loss=0.561, train/accuracy=0.715, train/loss=0.551]

Validation DataLoader 0: 100%|██████████| 55/55 [00:01<00:00, 32.64it/s][A
Epoch 3: 100%|██████████| 218/218 [00:07<00:00, 28.65it/s, loss=0.557, val/accuracy=0.701, val/loss=0.561, train/accuracy=0.715, train/loss=0.551]
Epoch 3: 100%|██████████| 218/218 [00:07<00:00, 28.64it/s, loss=0.557, val/accuracy=0.706, val/loss=0.558, train/accuracy=0.715, train/loss=0.551]

                                                                        [A
Epoch 3: 100%|██████████| 218/218 [00:07<00:00, 28.63it/s, loss=0.557, val/accuracy=0.706, val/loss=0.558, train/accuracy=0.718, train/loss=0.548]Epoch 3, global step 652: 'val/accuracy' reached 0.70553 (best 0.70553), saving model to '/home/cxo147/hyena-dna/results/genomic_benchmark_human_enhancers_cohn_20251020_205809/checkpoints/val/accuracy.ckpt' as top 1

Epoch 3:   0%|          | 0/218 [00:00<?, ?it/s, loss=0.557, val/accuracy=0.706, val/loss=0.558, train/accuracy=0.718, train/loss=0.548]          
Epoch 4:   0%|          | 0/218 [00:00<?, ?it/s, loss=0.557, val/accuracy=0.706, val/loss=0.558, train/accuracy=0.718, train/loss=0.548]
Epoch 4:   0%|          | 1/218 [00:00<00:35,  6.11it/s, loss=0.557, val/accuracy=0.706, val/loss=0.558, train/accuracy=0.718, train/loss=0.548]
Epoch 4:   0%|          | 1/218 [00:00<00:35,  6.09it/s, loss=0.554, val/accuracy=0.706, val/loss=0.558, train/accuracy=0.718, train/loss=0.548]
Epoch 4:   1%|          | 2/218 [00:00<00:21, 10.06it/s, loss=0.554, val/accuracy=0.706, val/loss=0.558, train/accuracy=0.718, train/loss=0.548]
Epoch 4:   1%|          | 2/218 [00:00<00:21, 10.05it/s, loss=0.553, val/accuracy=0.706, val/loss=0.558, train/accuracy=0.718, train/loss=0.548]
Epoch 4:   1%|▏         | 3/218 [00:00<00:16, 12.87it/s, loss=0.553, val/accuracy=0.706, val/loss=0.558, train/accuracy=0.718, train/loss=0.548]
Epoch 4:   1%|▏         | 3/218 [00:00<00:16, 12.85it/s, loss=0.562, val/accuracy=0.706, val/loss=0.558, train/accuracy=0.718, train/loss=0.548]
Epoch 4:   2%|▏         | 4/218 [00:00<00:14, 14.96it/s, loss=0.562, val/accuracy=0.706, val/loss=0.558, train/accuracy=0.718, train/loss=0.548]
Epoch 4:   2%|▏         | 4/218 [00:00<00:14, 14.94it/s, loss=0.56, val/accuracy=0.706, val/loss=0.558, train/accuracy=0.718, train/loss=0.548] 
Epoch 4:   2%|▏         | 5/218 [00:00<00:12, 16.56it/s, loss=0.56, val/accuracy=0.706, val/loss=0.558, train/accuracy=0.718, train/loss=0.548]
Epoch 4:   2%|▏         | 5/218 [00:00<00:12, 16.54it/s, loss=0.552, val/accuracy=0.706, val/loss=0.558, train/accuracy=0.718, train/loss=0.548]
Epoch 4:   3%|▎         | 6/218 [00:00<00:11, 17.84it/s, loss=0.552, val/accuracy=0.706, val/loss=0.558, train/accuracy=0.718, train/loss=0.548]
Epoch 4:   3%|▎         | 6/218 [00:00<00:11, 17.82it/s, loss=0.554, val/accuracy=0.706, val/loss=0.558, train/accuracy=0.718, train/loss=0.548]
Epoch 4:   3%|▎         | 7/218 [00:00<00:11, 18.88it/s, loss=0.554, val/accuracy=0.706, val/loss=0.558, train/accuracy=0.718, train/loss=0.548]
Epoch 4:   3%|▎         | 7/218 [00:00<00:11, 18.86it/s, loss=0.559, val/accuracy=0.706, val/loss=0.558, train/accuracy=0.718, train/loss=0.548]
Epoch 4:   4%|▎         | 8/218 [00:00<00:10, 19.74it/s, loss=0.559, val/accuracy=0.706, val/loss=0.558, train/accuracy=0.718, train/loss=0.548]
Epoch 4:   4%|▎         | 8/218 [00:00<00:10, 19.73it/s, loss=0.558, val/accuracy=0.706, val/loss=0.558, train/accuracy=0.718, train/loss=0.548]
Epoch 4:   4%|▍         | 9/218 [00:00<00:10, 20.47it/s, loss=0.558, val/accuracy=0.706, val/loss=0.558, train/accuracy=0.718, train/loss=0.548]
Epoch 4:   4%|▍         | 9/218 [00:00<00:10, 20.46it/s, loss=0.555, val/accuracy=0.706, val/loss=0.558, train/accuracy=0.718, train/loss=0.548]
Epoch 4:   5%|▍         | 10/218 [00:00<00:09, 21.09it/s, loss=0.555, val/accuracy=0.706, val/loss=0.558, train/accuracy=0.718, train/loss=0.548]
Epoch 4:   5%|▍         | 10/218 [00:00<00:09, 21.08it/s, loss=0.549, val/accuracy=0.706, val/loss=0.558, train/accuracy=0.718, train/loss=0.548]
Epoch 4:   5%|▌         | 11/218 [00:00<00:09, 21.63it/s, loss=0.549, val/accuracy=0.706, val/loss=0.558, train/accuracy=0.718, train/loss=0.548]
Epoch 4:   5%|▌         | 11/218 [00:00<00:09, 21.62it/s, loss=0.547, val/accuracy=0.706, val/loss=0.558, train/accuracy=0.718, train/loss=0.548]
Epoch 4:   6%|▌         | 12/218 [00:00<00:09, 22.08it/s, loss=0.547, val/accuracy=0.706, val/loss=0.558, train/accuracy=0.718, train/loss=0.548]
Epoch 4:   6%|▌         | 12/218 [00:00<00:09, 22.07it/s, loss=0.546, val/accuracy=0.706, val/loss=0.558, train/accuracy=0.718, train/loss=0.548]
Epoch 4:   6%|▌         | 13/218 [00:00<00:09, 22.47it/s, loss=0.546, val/accuracy=0.706, val/loss=0.558, train/accuracy=0.718, train/loss=0.548]
Epoch 4:   6%|▌         | 13/218 [00:00<00:09, 22.46it/s, loss=0.544, val/accuracy=0.706, val/loss=0.558, train/accuracy=0.718, train/loss=0.548]
Epoch 4:   6%|▋         | 14/218 [00:00<00:08, 22.82it/s, loss=0.544, val/accuracy=0.706, val/loss=0.558, train/accuracy=0.718, train/loss=0.548]
Epoch 4:   6%|▋         | 14/218 [00:00<00:08, 22.81it/s, loss=0.548, val/accuracy=0.706, val/loss=0.558, train/accuracy=0.718, train/loss=0.548]
Epoch 4:   7%|▋         | 15/218 [00:00<00:08, 23.13it/s, loss=0.548, val/accuracy=0.706, val/loss=0.558, train/accuracy=0.718, train/loss=0.548]
Epoch 4:   7%|▋         | 15/218 [00:00<00:08, 23.13it/s, loss=0.548, val/accuracy=0.706, val/loss=0.558, train/accuracy=0.718, train/loss=0.548]
Epoch 4:   7%|▋         | 16/218 [00:00<00:08, 23.42it/s, loss=0.548, val/accuracy=0.706, val/loss=0.558, train/accuracy=0.718, train/loss=0.548]
Epoch 4:   7%|▋         | 16/218 [00:00<00:08, 23.41it/s, loss=0.549, val/accuracy=0.706, val/loss=0.558, train/accuracy=0.718, train/loss=0.548]
Epoch 4:   8%|▊         | 17/218 [00:00<00:08, 23.67it/s, loss=0.549, val/accuracy=0.706, val/loss=0.558, train/accuracy=0.718, train/loss=0.548]
Epoch 4:   8%|▊         | 17/218 [00:00<00:08, 23.66it/s, loss=0.554, val/accuracy=0.706, val/loss=0.558, train/accuracy=0.718, train/loss=0.548]
Epoch 4:   8%|▊         | 18/218 [00:00<00:08, 23.90it/s, loss=0.554, val/accuracy=0.706, val/loss=0.558, train/accuracy=0.718, train/loss=0.548]
Epoch 4:   8%|▊         | 18/218 [00:00<00:08, 23.90it/s, loss=0.552, val/accuracy=0.706, val/loss=0.558, train/accuracy=0.718, train/loss=0.548]
Epoch 4:   9%|▊         | 19/218 [00:00<00:08, 24.11it/s, loss=0.552, val/accuracy=0.706, val/loss=0.558, train/accuracy=0.718, train/loss=0.548]
Epoch 4:   9%|▊         | 19/218 [00:00<00:08, 24.11it/s, loss=0.553, val/accuracy=0.706, val/loss=0.558, train/accuracy=0.718, train/loss=0.548]
Epoch 4:   9%|▉         | 20/218 [00:00<00:08, 24.31it/s, loss=0.553, val/accuracy=0.706, val/loss=0.558, train/accuracy=0.718, train/loss=0.548]
Epoch 4:   9%|▉         | 20/218 [00:00<00:08, 24.30it/s, loss=0.556, val/accuracy=0.706, val/loss=0.558, train/accuracy=0.718, train/loss=0.548]
Epoch 4:  10%|▉         | 21/218 [00:00<00:08, 24.48it/s, loss=0.556, val/accuracy=0.706, val/loss=0.558, train/accuracy=0.718, train/loss=0.548]
Epoch 4:  10%|▉         | 21/218 [00:00<00:08, 24.48it/s, loss=0.555, val/accuracy=0.706, val/loss=0.558, train/accuracy=0.718, train/loss=0.548]
Epoch 4:  10%|█         | 22/218 [00:00<00:07, 24.65it/s, loss=0.555, val/accuracy=0.706, val/loss=0.558, train/accuracy=0.718, train/loss=0.548]
Epoch 4:  10%|█         | 22/218 [00:00<00:07, 24.64it/s, loss=0.558, val/accuracy=0.706, val/loss=0.558, train/accuracy=0.718, train/loss=0.548]
Epoch 4:  11%|█         | 23/218 [00:00<00:07, 24.80it/s, loss=0.558, val/accuracy=0.706, val/loss=0.558, train/accuracy=0.718, train/loss=0.548]
Epoch 4:  11%|█         | 23/218 [00:00<00:07, 24.79it/s, loss=0.554, val/accuracy=0.706, val/loss=0.558, train/accuracy=0.718, train/loss=0.548]
Epoch 4:  11%|█         | 24/218 [00:00<00:07, 24.94it/s, loss=0.554, val/accuracy=0.706, val/loss=0.558, train/accuracy=0.718, train/loss=0.548]
Epoch 4:  11%|█         | 24/218 [00:00<00:07, 24.94it/s, loss=0.557, val/accuracy=0.706, val/loss=0.558, train/accuracy=0.718, train/loss=0.548]
Epoch 4:  11%|█▏        | 25/218 [00:00<00:07, 25.07it/s, loss=0.557, val/accuracy=0.706, val/loss=0.558, train/accuracy=0.718, train/loss=0.548]
Epoch 4:  11%|█▏        | 25/218 [00:00<00:07, 25.06it/s, loss=0.564, val/accuracy=0.706, val/loss=0.558, train/accuracy=0.718, train/loss=0.548]
Epoch 4:  12%|█▏        | 26/218 [00:01<00:07, 25.18it/s, loss=0.564, val/accuracy=0.706, val/loss=0.558, train/accuracy=0.718, train/loss=0.548]
Epoch 4:  12%|█▏        | 26/218 [00:01<00:07, 25.17it/s, loss=0.56, val/accuracy=0.706, val/loss=0.558, train/accuracy=0.718, train/loss=0.548] 
Epoch 4:  12%|█▏        | 27/218 [00:01<00:07, 25.26it/s, loss=0.56, val/accuracy=0.706, val/loss=0.558, train/accuracy=0.718, train/loss=0.548]
Epoch 4:  12%|█▏        | 27/218 [00:01<00:07, 25.25it/s, loss=0.556, val/accuracy=0.706, val/loss=0.558, train/accuracy=0.718, train/loss=0.548]
Epoch 4:  13%|█▎        | 28/218 [00:01<00:07, 25.27it/s, loss=0.556, val/accuracy=0.706, val/loss=0.558, train/accuracy=0.718, train/loss=0.548]
Epoch 4:  13%|█▎        | 28/218 [00:01<00:07, 25.26it/s, loss=0.558, val/accuracy=0.706, val/loss=0.558, train/accuracy=0.718, train/loss=0.548]
Epoch 4:  13%|█▎        | 29/218 [00:01<00:07, 25.24it/s, loss=0.558, val/accuracy=0.706, val/loss=0.558, train/accuracy=0.718, train/loss=0.548]
Epoch 4:  13%|█▎        | 29/218 [00:01<00:07, 25.23it/s, loss=0.557, val/accuracy=0.706, val/loss=0.558, train/accuracy=0.718, train/loss=0.548]
Epoch 4:  14%|█▍        | 30/218 [00:01<00:07, 25.34it/s, loss=0.557, val/accuracy=0.706, val/loss=0.558, train/accuracy=0.718, train/loss=0.548]
Epoch 4:  14%|█▍        | 30/218 [00:01<00:07, 25.33it/s, loss=0.557, val/accuracy=0.706, val/loss=0.558, train/accuracy=0.718, train/loss=0.548]
Epoch 4:  14%|█▍        | 31/218 [00:01<00:07, 25.43it/s, loss=0.557, val/accuracy=0.706, val/loss=0.558, train/accuracy=0.718, train/loss=0.548]
Epoch 4:  14%|█▍        | 31/218 [00:01<00:07, 25.43it/s, loss=0.556, val/accuracy=0.706, val/loss=0.558, train/accuracy=0.718, train/loss=0.548]
Epoch 4:  15%|█▍        | 32/218 [00:01<00:07, 25.52it/s, loss=0.556, val/accuracy=0.706, val/loss=0.558, train/accuracy=0.718, train/loss=0.548]
Epoch 4:  15%|█▍        | 32/218 [00:01<00:07, 25.52it/s, loss=0.557, val/accuracy=0.706, val/loss=0.558, train/accuracy=0.718, train/loss=0.548]
Epoch 4:  15%|█▌        | 33/218 [00:01<00:07, 25.61it/s, loss=0.557, val/accuracy=0.706, val/loss=0.558, train/accuracy=0.718, train/loss=0.548]
Epoch 4:  15%|█▌        | 33/218 [00:01<00:07, 25.60it/s, loss=0.556, val/accuracy=0.706, val/loss=0.558, train/accuracy=0.718, train/loss=0.548]
Epoch 4:  16%|█▌        | 34/218 [00:01<00:07, 25.69it/s, loss=0.556, val/accuracy=0.706, val/loss=0.558, train/accuracy=0.718, train/loss=0.548]
Epoch 4:  16%|█▌        | 34/218 [00:01<00:07, 25.68it/s, loss=0.554, val/accuracy=0.706, val/loss=0.558, train/accuracy=0.718, train/loss=0.548]
Epoch 4:  16%|█▌        | 35/218 [00:01<00:07, 25.77it/s, loss=0.554, val/accuracy=0.706, val/loss=0.558, train/accuracy=0.718, train/loss=0.548]
Epoch 4:  16%|█▌        | 35/218 [00:01<00:07, 25.76it/s, loss=0.554, val/accuracy=0.706, val/loss=0.558, train/accuracy=0.718, train/loss=0.548]
Epoch 4:  17%|█▋        | 36/218 [00:01<00:07, 25.84it/s, loss=0.554, val/accuracy=0.706, val/loss=0.558, train/accuracy=0.718, train/loss=0.548]
Epoch 4:  17%|█▋        | 36/218 [00:01<00:07, 25.83it/s, loss=0.553, val/accuracy=0.706, val/loss=0.558, train/accuracy=0.718, train/loss=0.548]
Epoch 4:  17%|█▋        | 37/218 [00:01<00:06, 25.91it/s, loss=0.553, val/accuracy=0.706, val/loss=0.558, train/accuracy=0.718, train/loss=0.548]
Epoch 4:  17%|█▋        | 37/218 [00:01<00:06, 25.91it/s, loss=0.553, val/accuracy=0.706, val/loss=0.558, train/accuracy=0.718, train/loss=0.548]
Epoch 4:  17%|█▋        | 38/218 [00:01<00:06, 25.97it/s, loss=0.553, val/accuracy=0.706, val/loss=0.558, train/accuracy=0.718, train/loss=0.548]
Epoch 4:  17%|█▋        | 38/218 [00:01<00:06, 25.96it/s, loss=0.556, val/accuracy=0.706, val/loss=0.558, train/accuracy=0.718, train/loss=0.548]
Epoch 4:  18%|█▊        | 39/218 [00:01<00:06, 26.04it/s, loss=0.556, val/accuracy=0.706, val/loss=0.558, train/accuracy=0.718, train/loss=0.548]
Epoch 4:  18%|█▊        | 39/218 [00:01<00:06, 26.03it/s, loss=0.558, val/accuracy=0.706, val/loss=0.558, train/accuracy=0.718, train/loss=0.548]
Epoch 4:  18%|█▊        | 40/218 [00:01<00:06, 26.11it/s, loss=0.558, val/accuracy=0.706, val/loss=0.558, train/accuracy=0.718, train/loss=0.548]
Epoch 4:  18%|█▊        | 40/218 [00:01<00:06, 26.10it/s, loss=0.557, val/accuracy=0.706, val/loss=0.558, train/accuracy=0.718, train/loss=0.548]
Epoch 4:  19%|█▉        | 41/218 [00:01<00:06, 26.17it/s, loss=0.557, val/accuracy=0.706, val/loss=0.558, train/accuracy=0.718, train/loss=0.548]
Epoch 4:  19%|█▉        | 41/218 [00:01<00:06, 26.17it/s, loss=0.556, val/accuracy=0.706, val/loss=0.558, train/accuracy=0.718, train/loss=0.548]
Epoch 4:  19%|█▉        | 42/218 [00:01<00:06, 26.24it/s, loss=0.556, val/accuracy=0.706, val/loss=0.558, train/accuracy=0.718, train/loss=0.548]
Epoch 4:  19%|█▉        | 42/218 [00:01<00:06, 26.23it/s, loss=0.556, val/accuracy=0.706, val/loss=0.558, train/accuracy=0.718, train/loss=0.548]
Epoch 4:  20%|█▉        | 43/218 [00:01<00:06, 26.30it/s, loss=0.556, val/accuracy=0.706, val/loss=0.558, train/accuracy=0.718, train/loss=0.548]
Epoch 4:  20%|█▉        | 43/218 [00:01<00:06, 26.29it/s, loss=0.553, val/accuracy=0.706, val/loss=0.558, train/accuracy=0.718, train/loss=0.548]
Epoch 4:  20%|██        | 44/218 [00:01<00:06, 26.36it/s, loss=0.553, val/accuracy=0.706, val/loss=0.558, train/accuracy=0.718, train/loss=0.548]
Epoch 4:  20%|██        | 44/218 [00:01<00:06, 26.35it/s, loss=0.553, val/accuracy=0.706, val/loss=0.558, train/accuracy=0.718, train/loss=0.548]
Epoch 4:  21%|██        | 45/218 [00:01<00:06, 26.41it/s, loss=0.553, val/accuracy=0.706, val/loss=0.558, train/accuracy=0.718, train/loss=0.548]
Epoch 4:  21%|██        | 45/218 [00:01<00:06, 26.41it/s, loss=0.549, val/accuracy=0.706, val/loss=0.558, train/accuracy=0.718, train/loss=0.548]
Epoch 4:  21%|██        | 46/218 [00:01<00:06, 26.46it/s, loss=0.549, val/accuracy=0.706, val/loss=0.558, train/accuracy=0.718, train/loss=0.548]
Epoch 4:  21%|██        | 46/218 [00:01<00:06, 26.46it/s, loss=0.552, val/accuracy=0.706, val/loss=0.558, train/accuracy=0.718, train/loss=0.548]
Epoch 4:  22%|██▏       | 47/218 [00:01<00:06, 26.52it/s, loss=0.552, val/accuracy=0.706, val/loss=0.558, train/accuracy=0.718, train/loss=0.548]
Epoch 4:  22%|██▏       | 47/218 [00:01<00:06, 26.51it/s, loss=0.552, val/accuracy=0.706, val/loss=0.558, train/accuracy=0.718, train/loss=0.548]
Epoch 4:  22%|██▏       | 48/218 [00:01<00:06, 26.57it/s, loss=0.552, val/accuracy=0.706, val/loss=0.558, train/accuracy=0.718, train/loss=0.548]
Epoch 4:  22%|██▏       | 48/218 [00:01<00:06, 26.56it/s, loss=0.552, val/accuracy=0.706, val/loss=0.558, train/accuracy=0.718, train/loss=0.548]
Epoch 4:  22%|██▏       | 49/218 [00:01<00:06, 26.61it/s, loss=0.552, val/accuracy=0.706, val/loss=0.558, train/accuracy=0.718, train/loss=0.548]
Epoch 4:  22%|██▏       | 49/218 [00:01<00:06, 26.61it/s, loss=0.554, val/accuracy=0.706, val/loss=0.558, train/accuracy=0.718, train/loss=0.548]
Epoch 4:  23%|██▎       | 50/218 [00:01<00:06, 26.66it/s, loss=0.554, val/accuracy=0.706, val/loss=0.558, train/accuracy=0.718, train/loss=0.548]
Epoch 4:  23%|██▎       | 50/218 [00:01<00:06, 26.65it/s, loss=0.56, val/accuracy=0.706, val/loss=0.558, train/accuracy=0.718, train/loss=0.548] 
Epoch 4:  23%|██▎       | 51/218 [00:01<00:06, 26.70it/s, loss=0.56, val/accuracy=0.706, val/loss=0.558, train/accuracy=0.718, train/loss=0.548]
Epoch 4:  23%|██▎       | 51/218 [00:01<00:06, 26.70it/s, loss=0.56, val/accuracy=0.706, val/loss=0.558, train/accuracy=0.718, train/loss=0.548]
Epoch 4:  24%|██▍       | 52/218 [00:01<00:06, 26.75it/s, loss=0.56, val/accuracy=0.706, val/loss=0.558, train/accuracy=0.718, train/loss=0.548]
Epoch 4:  24%|██▍       | 52/218 [00:01<00:06, 26.74it/s, loss=0.558, val/accuracy=0.706, val/loss=0.558, train/accuracy=0.718, train/loss=0.548]
Epoch 4:  24%|██▍       | 53/218 [00:01<00:06, 26.79it/s, loss=0.558, val/accuracy=0.706, val/loss=0.558, train/accuracy=0.718, train/loss=0.548]
Epoch 4:  24%|██▍       | 53/218 [00:01<00:06, 26.78it/s, loss=0.557, val/accuracy=0.706, val/loss=0.558, train/accuracy=0.718, train/loss=0.548]
Epoch 4:  25%|██▍       | 54/218 [00:02<00:06, 26.81it/s, loss=0.557, val/accuracy=0.706, val/loss=0.558, train/accuracy=0.718, train/loss=0.548]
Epoch 4:  25%|██▍       | 54/218 [00:02<00:06, 26.81it/s, loss=0.556, val/accuracy=0.706, val/loss=0.558, train/accuracy=0.718, train/loss=0.548]
Epoch 4:  25%|██▌       | 55/218 [00:02<00:06, 26.85it/s, loss=0.556, val/accuracy=0.706, val/loss=0.558, train/accuracy=0.718, train/loss=0.548]
Epoch 4:  25%|██▌       | 55/218 [00:02<00:06, 26.85it/s, loss=0.556, val/accuracy=0.706, val/loss=0.558, train/accuracy=0.718, train/loss=0.548]
Epoch 4:  26%|██▌       | 56/218 [00:02<00:06, 26.89it/s, loss=0.556, val/accuracy=0.706, val/loss=0.558, train/accuracy=0.718, train/loss=0.548]
Epoch 4:  26%|██▌       | 56/218 [00:02<00:06, 26.89it/s, loss=0.556, val/accuracy=0.706, val/loss=0.558, train/accuracy=0.718, train/loss=0.548]
Epoch 4:  26%|██▌       | 57/218 [00:02<00:05, 26.93it/s, loss=0.556, val/accuracy=0.706, val/loss=0.558, train/accuracy=0.718, train/loss=0.548]
Epoch 4:  26%|██▌       | 57/218 [00:02<00:05, 26.92it/s, loss=0.554, val/accuracy=0.706, val/loss=0.558, train/accuracy=0.718, train/loss=0.548]
Epoch 4:  27%|██▋       | 58/218 [00:02<00:05, 26.96it/s, loss=0.554, val/accuracy=0.706, val/loss=0.558, train/accuracy=0.718, train/loss=0.548]
Epoch 4:  27%|██▋       | 58/218 [00:02<00:05, 26.96it/s, loss=0.554, val/accuracy=0.706, val/loss=0.558, train/accuracy=0.718, train/loss=0.548]
Epoch 4:  27%|██▋       | 59/218 [00:02<00:05, 26.99it/s, loss=0.554, val/accuracy=0.706, val/loss=0.558, train/accuracy=0.718, train/loss=0.548]
Epoch 4:  27%|██▋       | 59/218 [00:02<00:05, 26.99it/s, loss=0.55, val/accuracy=0.706, val/loss=0.558, train/accuracy=0.718, train/loss=0.548] 
Epoch 4:  28%|██▊       | 60/218 [00:02<00:05, 27.02it/s, loss=0.55, val/accuracy=0.706, val/loss=0.558, train/accuracy=0.718, train/loss=0.548]
Epoch 4:  28%|██▊       | 60/218 [00:02<00:05, 27.02it/s, loss=0.545, val/accuracy=0.706, val/loss=0.558, train/accuracy=0.718, train/loss=0.548]
Epoch 4:  28%|██▊       | 61/218 [00:02<00:05, 27.06it/s, loss=0.545, val/accuracy=0.706, val/loss=0.558, train/accuracy=0.718, train/loss=0.548]
Epoch 4:  28%|██▊       | 61/218 [00:02<00:05, 27.05it/s, loss=0.548, val/accuracy=0.706, val/loss=0.558, train/accuracy=0.718, train/loss=0.548]
Epoch 4:  28%|██▊       | 62/218 [00:02<00:05, 27.09it/s, loss=0.548, val/accuracy=0.706, val/loss=0.558, train/accuracy=0.718, train/loss=0.548]
Epoch 4:  28%|██▊       | 62/218 [00:02<00:05, 27.09it/s, loss=0.543, val/accuracy=0.706, val/loss=0.558, train/accuracy=0.718, train/loss=0.548]
Epoch 4:  29%|██▉       | 63/218 [00:02<00:05, 27.12it/s, loss=0.543, val/accuracy=0.706, val/loss=0.558, train/accuracy=0.718, train/loss=0.548]
Epoch 4:  29%|██▉       | 63/218 [00:02<00:05, 27.11it/s, loss=0.543, val/accuracy=0.706, val/loss=0.558, train/accuracy=0.718, train/loss=0.548]
Epoch 4:  29%|██▉       | 64/218 [00:02<00:05, 27.15it/s, loss=0.543, val/accuracy=0.706, val/loss=0.558, train/accuracy=0.718, train/loss=0.548]
Epoch 4:  29%|██▉       | 64/218 [00:02<00:05, 27.14it/s, loss=0.539, val/accuracy=0.706, val/loss=0.558, train/accuracy=0.718, train/loss=0.548]
Epoch 4:  30%|██▉       | 65/218 [00:02<00:05, 27.18it/s, loss=0.539, val/accuracy=0.706, val/loss=0.558, train/accuracy=0.718, train/loss=0.548]
Epoch 4:  30%|██▉       | 65/218 [00:02<00:05, 27.17it/s, loss=0.542, val/accuracy=0.706, val/loss=0.558, train/accuracy=0.718, train/loss=0.548]
Epoch 4:  30%|███       | 66/218 [00:02<00:05, 27.20it/s, loss=0.542, val/accuracy=0.706, val/loss=0.558, train/accuracy=0.718, train/loss=0.548]
Epoch 4:  30%|███       | 66/218 [00:02<00:05, 27.20it/s, loss=0.539, val/accuracy=0.706, val/loss=0.558, train/accuracy=0.718, train/loss=0.548]
Epoch 4:  31%|███       | 67/218 [00:02<00:05, 27.23it/s, loss=0.539, val/accuracy=0.706, val/loss=0.558, train/accuracy=0.718, train/loss=0.548]
Epoch 4:  31%|███       | 67/218 [00:02<00:05, 27.22it/s, loss=0.539, val/accuracy=0.706, val/loss=0.558, train/accuracy=0.718, train/loss=0.548]
Epoch 4:  31%|███       | 68/218 [00:02<00:05, 27.25it/s, loss=0.539, val/accuracy=0.706, val/loss=0.558, train/accuracy=0.718, train/loss=0.548]
Epoch 4:  31%|███       | 68/218 [00:02<00:05, 27.25it/s, loss=0.539, val/accuracy=0.706, val/loss=0.558, train/accuracy=0.718, train/loss=0.548]
Epoch 4:  32%|███▏      | 69/218 [00:02<00:05, 27.27it/s, loss=0.539, val/accuracy=0.706, val/loss=0.558, train/accuracy=0.718, train/loss=0.548]
Epoch 4:  32%|███▏      | 69/218 [00:02<00:05, 27.27it/s, loss=0.538, val/accuracy=0.706, val/loss=0.558, train/accuracy=0.718, train/loss=0.548]
Epoch 4:  32%|███▏      | 70/218 [00:02<00:05, 27.29it/s, loss=0.538, val/accuracy=0.706, val/loss=0.558, train/accuracy=0.718, train/loss=0.548]
Epoch 4:  32%|███▏      | 70/218 [00:02<00:05, 27.29it/s, loss=0.537, val/accuracy=0.706, val/loss=0.558, train/accuracy=0.718, train/loss=0.548]
Epoch 4:  33%|███▎      | 71/218 [00:02<00:05, 27.31it/s, loss=0.537, val/accuracy=0.706, val/loss=0.558, train/accuracy=0.718, train/loss=0.548]
Epoch 4:  33%|███▎      | 71/218 [00:02<00:05, 27.31it/s, loss=0.536, val/accuracy=0.706, val/loss=0.558, train/accuracy=0.718, train/loss=0.548]
Epoch 4:  33%|███▎      | 72/218 [00:02<00:05, 27.34it/s, loss=0.536, val/accuracy=0.706, val/loss=0.558, train/accuracy=0.718, train/loss=0.548]
Epoch 4:  33%|███▎      | 72/218 [00:02<00:05, 27.33it/s, loss=0.535, val/accuracy=0.706, val/loss=0.558, train/accuracy=0.718, train/loss=0.548]
Epoch 4:  33%|███▎      | 73/218 [00:02<00:05, 27.36it/s, loss=0.535, val/accuracy=0.706, val/loss=0.558, train/accuracy=0.718, train/loss=0.548]
Epoch 4:  33%|███▎      | 73/218 [00:02<00:05, 27.36it/s, loss=0.538, val/accuracy=0.706, val/loss=0.558, train/accuracy=0.718, train/loss=0.548]
Epoch 4:  34%|███▍      | 74/218 [00:02<00:05, 27.38it/s, loss=0.538, val/accuracy=0.706, val/loss=0.558, train/accuracy=0.718, train/loss=0.548]
Epoch 4:  34%|███▍      | 74/218 [00:02<00:05, 27.38it/s, loss=0.535, val/accuracy=0.706, val/loss=0.558, train/accuracy=0.718, train/loss=0.548]
Epoch 4:  34%|███▍      | 75/218 [00:02<00:05, 27.40it/s, loss=0.535, val/accuracy=0.706, val/loss=0.558, train/accuracy=0.718, train/loss=0.548]
Epoch 4:  34%|███▍      | 75/218 [00:02<00:05, 27.40it/s, loss=0.536, val/accuracy=0.706, val/loss=0.558, train/accuracy=0.718, train/loss=0.548]
Epoch 4:  35%|███▍      | 76/218 [00:02<00:05, 27.43it/s, loss=0.536, val/accuracy=0.706, val/loss=0.558, train/accuracy=0.718, train/loss=0.548]
Epoch 4:  35%|███▍      | 76/218 [00:02<00:05, 27.42it/s, loss=0.535, val/accuracy=0.706, val/loss=0.558, train/accuracy=0.718, train/loss=0.548]
Epoch 4:  35%|███▌      | 77/218 [00:02<00:05, 27.45it/s, loss=0.535, val/accuracy=0.706, val/loss=0.558, train/accuracy=0.718, train/loss=0.548]
Epoch 4:  35%|███▌      | 77/218 [00:02<00:05, 27.44it/s, loss=0.531, val/accuracy=0.706, val/loss=0.558, train/accuracy=0.718, train/loss=0.548]
Epoch 4:  36%|███▌      | 78/218 [00:02<00:05, 27.47it/s, loss=0.531, val/accuracy=0.706, val/loss=0.558, train/accuracy=0.718, train/loss=0.548]
Epoch 4:  36%|███▌      | 78/218 [00:02<00:05, 27.47it/s, loss=0.531, val/accuracy=0.706, val/loss=0.558, train/accuracy=0.718, train/loss=0.548]
Epoch 4:  36%|███▌      | 79/218 [00:02<00:05, 27.48it/s, loss=0.531, val/accuracy=0.706, val/loss=0.558, train/accuracy=0.718, train/loss=0.548]
Epoch 4:  36%|███▌      | 79/218 [00:02<00:05, 27.48it/s, loss=0.532, val/accuracy=0.706, val/loss=0.558, train/accuracy=0.718, train/loss=0.548]
Epoch 4:  37%|███▋      | 80/218 [00:02<00:05, 27.50it/s, loss=0.532, val/accuracy=0.706, val/loss=0.558, train/accuracy=0.718, train/loss=0.548]
Epoch 4:  37%|███▋      | 80/218 [00:02<00:05, 27.49it/s, loss=0.536, val/accuracy=0.706, val/loss=0.558, train/accuracy=0.718, train/loss=0.548]
Epoch 4:  37%|███▋      | 81/218 [00:02<00:04, 27.51it/s, loss=0.536, val/accuracy=0.706, val/loss=0.558, train/accuracy=0.718, train/loss=0.548]
Epoch 4:  37%|███▋      | 81/218 [00:02<00:04, 27.51it/s, loss=0.534, val/accuracy=0.706, val/loss=0.558, train/accuracy=0.718, train/loss=0.548]
Epoch 4:  38%|███▊      | 82/218 [00:02<00:04, 27.53it/s, loss=0.534, val/accuracy=0.706, val/loss=0.558, train/accuracy=0.718, train/loss=0.548]
Epoch 4:  38%|███▊      | 82/218 [00:02<00:04, 27.53it/s, loss=0.538, val/accuracy=0.706, val/loss=0.558, train/accuracy=0.718, train/loss=0.548]
Epoch 4:  38%|███▊      | 83/218 [00:03<00:04, 27.55it/s, loss=0.538, val/accuracy=0.706, val/loss=0.558, train/accuracy=0.718, train/loss=0.548]
Epoch 4:  38%|███▊      | 83/218 [00:03<00:04, 27.55it/s, loss=0.544, val/accuracy=0.706, val/loss=0.558, train/accuracy=0.718, train/loss=0.548]
Epoch 4:  39%|███▊      | 84/218 [00:03<00:04, 27.57it/s, loss=0.544, val/accuracy=0.706, val/loss=0.558, train/accuracy=0.718, train/loss=0.548]
Epoch 4:  39%|███▊      | 84/218 [00:03<00:04, 27.57it/s, loss=0.548, val/accuracy=0.706, val/loss=0.558, train/accuracy=0.718, train/loss=0.548]
Epoch 4:  39%|███▉      | 85/218 [00:03<00:04, 27.59it/s, loss=0.548, val/accuracy=0.706, val/loss=0.558, train/accuracy=0.718, train/loss=0.548]
Epoch 4:  39%|███▉      | 85/218 [00:03<00:04, 27.59it/s, loss=0.55, val/accuracy=0.706, val/loss=0.558, train/accuracy=0.718, train/loss=0.548] 
Epoch 4:  39%|███▉      | 86/218 [00:03<00:04, 27.60it/s, loss=0.55, val/accuracy=0.706, val/loss=0.558, train/accuracy=0.718, train/loss=0.548]
Epoch 4:  39%|███▉      | 86/218 [00:03<00:04, 27.60it/s, loss=0.551, val/accuracy=0.706, val/loss=0.558, train/accuracy=0.718, train/loss=0.548]
Epoch 4:  40%|███▉      | 87/218 [00:03<00:04, 27.62it/s, loss=0.551, val/accuracy=0.706, val/loss=0.558, train/accuracy=0.718, train/loss=0.548]
Epoch 4:  40%|███▉      | 87/218 [00:03<00:04, 27.62it/s, loss=0.553, val/accuracy=0.706, val/loss=0.558, train/accuracy=0.718, train/loss=0.548]
Epoch 4:  40%|████      | 88/218 [00:03<00:04, 27.64it/s, loss=0.553, val/accuracy=0.706, val/loss=0.558, train/accuracy=0.718, train/loss=0.548]
Epoch 4:  40%|████      | 88/218 [00:03<00:04, 27.63it/s, loss=0.553, val/accuracy=0.706, val/loss=0.558, train/accuracy=0.718, train/loss=0.548]
Epoch 4:  41%|████      | 89/218 [00:03<00:04, 27.65it/s, loss=0.553, val/accuracy=0.706, val/loss=0.558, train/accuracy=0.718, train/loss=0.548]
Epoch 4:  41%|████      | 89/218 [00:03<00:04, 27.65it/s, loss=0.556, val/accuracy=0.706, val/loss=0.558, train/accuracy=0.718, train/loss=0.548]
Epoch 4:  41%|████▏     | 90/218 [00:03<00:04, 27.67it/s, loss=0.556, val/accuracy=0.706, val/loss=0.558, train/accuracy=0.718, train/loss=0.548]
Epoch 4:  41%|████▏     | 90/218 [00:03<00:04, 27.67it/s, loss=0.554, val/accuracy=0.706, val/loss=0.558, train/accuracy=0.718, train/loss=0.548]
Epoch 4:  42%|████▏     | 91/218 [00:03<00:04, 27.68it/s, loss=0.554, val/accuracy=0.706, val/loss=0.558, train/accuracy=0.718, train/loss=0.548]
Epoch 4:  42%|████▏     | 91/218 [00:03<00:04, 27.68it/s, loss=0.558, val/accuracy=0.706, val/loss=0.558, train/accuracy=0.718, train/loss=0.548]
Epoch 4:  42%|████▏     | 92/218 [00:03<00:04, 27.70it/s, loss=0.558, val/accuracy=0.706, val/loss=0.558, train/accuracy=0.718, train/loss=0.548]
Epoch 4:  42%|████▏     | 92/218 [00:03<00:04, 27.70it/s, loss=0.559, val/accuracy=0.706, val/loss=0.558, train/accuracy=0.718, train/loss=0.548]
Epoch 4:  43%|████▎     | 93/218 [00:03<00:04, 27.71it/s, loss=0.559, val/accuracy=0.706, val/loss=0.558, train/accuracy=0.718, train/loss=0.548]
Epoch 4:  43%|████▎     | 93/218 [00:03<00:04, 27.71it/s, loss=0.559, val/accuracy=0.706, val/loss=0.558, train/accuracy=0.718, train/loss=0.548]
Epoch 4:  43%|████▎     | 94/218 [00:03<00:04, 27.73it/s, loss=0.559, val/accuracy=0.706, val/loss=0.558, train/accuracy=0.718, train/loss=0.548]
Epoch 4:  43%|████▎     | 94/218 [00:03<00:04, 27.72it/s, loss=0.559, val/accuracy=0.706, val/loss=0.558, train/accuracy=0.718, train/loss=0.548]
Epoch 4:  44%|████▎     | 95/218 [00:03<00:04, 27.74it/s, loss=0.559, val/accuracy=0.706, val/loss=0.558, train/accuracy=0.718, train/loss=0.548]
Epoch 4:  44%|████▎     | 95/218 [00:03<00:04, 27.74it/s, loss=0.559, val/accuracy=0.706, val/loss=0.558, train/accuracy=0.718, train/loss=0.548]
Epoch 4:  44%|████▍     | 96/218 [00:03<00:04, 27.75it/s, loss=0.559, val/accuracy=0.706, val/loss=0.558, train/accuracy=0.718, train/loss=0.548]
Epoch 4:  44%|████▍     | 96/218 [00:03<00:04, 27.75it/s, loss=0.559, val/accuracy=0.706, val/loss=0.558, train/accuracy=0.718, train/loss=0.548]
Epoch 4:  44%|████▍     | 97/218 [00:03<00:04, 27.77it/s, loss=0.559, val/accuracy=0.706, val/loss=0.558, train/accuracy=0.718, train/loss=0.548]
Epoch 4:  44%|████▍     | 97/218 [00:03<00:04, 27.76it/s, loss=0.563, val/accuracy=0.706, val/loss=0.558, train/accuracy=0.718, train/loss=0.548]
Epoch 4:  45%|████▍     | 98/218 [00:03<00:04, 27.78it/s, loss=0.563, val/accuracy=0.706, val/loss=0.558, train/accuracy=0.718, train/loss=0.548]
Epoch 4:  45%|████▍     | 98/218 [00:03<00:04, 27.78it/s, loss=0.562, val/accuracy=0.706, val/loss=0.558, train/accuracy=0.718, train/loss=0.548]
Epoch 4:  45%|████▌     | 99/218 [00:03<00:04, 27.79it/s, loss=0.562, val/accuracy=0.706, val/loss=0.558, train/accuracy=0.718, train/loss=0.548]
Epoch 4:  45%|████▌     | 99/218 [00:03<00:04, 27.79it/s, loss=0.561, val/accuracy=0.706, val/loss=0.558, train/accuracy=0.718, train/loss=0.548]
Epoch 4:  46%|████▌     | 100/218 [00:03<00:04, 27.81it/s, loss=0.561, val/accuracy=0.706, val/loss=0.558, train/accuracy=0.718, train/loss=0.548]
Epoch 4:  46%|████▌     | 100/218 [00:03<00:04, 27.80it/s, loss=0.558, val/accuracy=0.706, val/loss=0.558, train/accuracy=0.718, train/loss=0.548]
Epoch 4:  46%|████▋     | 101/218 [00:03<00:04, 27.82it/s, loss=0.558, val/accuracy=0.706, val/loss=0.558, train/accuracy=0.718, train/loss=0.548]
Epoch 4:  46%|████▋     | 101/218 [00:03<00:04, 27.82it/s, loss=0.562, val/accuracy=0.706, val/loss=0.558, train/accuracy=0.718, train/loss=0.548]
Epoch 4:  47%|████▋     | 102/218 [00:03<00:04, 27.83it/s, loss=0.562, val/accuracy=0.706, val/loss=0.558, train/accuracy=0.718, train/loss=0.548]
Epoch 4:  47%|████▋     | 102/218 [00:03<00:04, 27.83it/s, loss=0.561, val/accuracy=0.706, val/loss=0.558, train/accuracy=0.718, train/loss=0.548]
Epoch 4:  47%|████▋     | 103/218 [00:03<00:04, 27.84it/s, loss=0.561, val/accuracy=0.706, val/loss=0.558, train/accuracy=0.718, train/loss=0.548]
Epoch 4:  47%|████▋     | 103/218 [00:03<00:04, 27.84it/s, loss=0.554, val/accuracy=0.706, val/loss=0.558, train/accuracy=0.718, train/loss=0.548]
Epoch 4:  48%|████▊     | 104/218 [00:03<00:04, 27.85it/s, loss=0.554, val/accuracy=0.706, val/loss=0.558, train/accuracy=0.718, train/loss=0.548]
Epoch 4:  48%|████▊     | 104/218 [00:03<00:04, 27.85it/s, loss=0.55, val/accuracy=0.706, val/loss=0.558, train/accuracy=0.718, train/loss=0.548] 
Epoch 4:  48%|████▊     | 105/218 [00:03<00:04, 27.86it/s, loss=0.55, val/accuracy=0.706, val/loss=0.558, train/accuracy=0.718, train/loss=0.548]
Epoch 4:  48%|████▊     | 105/218 [00:03<00:04, 27.86it/s, loss=0.547, val/accuracy=0.706, val/loss=0.558, train/accuracy=0.718, train/loss=0.548]
Epoch 4:  49%|████▊     | 106/218 [00:03<00:04, 27.87it/s, loss=0.547, val/accuracy=0.706, val/loss=0.558, train/accuracy=0.718, train/loss=0.548]
Epoch 4:  49%|████▊     | 106/218 [00:03<00:04, 27.87it/s, loss=0.546, val/accuracy=0.706, val/loss=0.558, train/accuracy=0.718, train/loss=0.548]
Epoch 4:  49%|████▉     | 107/218 [00:03<00:03, 27.88it/s, loss=0.546, val/accuracy=0.706, val/loss=0.558, train/accuracy=0.718, train/loss=0.548]
Epoch 4:  49%|████▉     | 107/218 [00:03<00:03, 27.88it/s, loss=0.547, val/accuracy=0.706, val/loss=0.558, train/accuracy=0.718, train/loss=0.548]
Epoch 4:  50%|████▉     | 108/218 [00:03<00:03, 27.89it/s, loss=0.547, val/accuracy=0.706, val/loss=0.558, train/accuracy=0.718, train/loss=0.548]
Epoch 4:  50%|████▉     | 108/218 [00:03<00:03, 27.89it/s, loss=0.549, val/accuracy=0.706, val/loss=0.558, train/accuracy=0.718, train/loss=0.548]
Epoch 4:  50%|█████     | 109/218 [00:03<00:03, 27.91it/s, loss=0.549, val/accuracy=0.706, val/loss=0.558, train/accuracy=0.718, train/loss=0.548]
Epoch 4:  50%|█████     | 109/218 [00:03<00:03, 27.90it/s, loss=0.545, val/accuracy=0.706, val/loss=0.558, train/accuracy=0.718, train/loss=0.548]
Epoch 4:  50%|█████     | 110/218 [00:03<00:03, 27.92it/s, loss=0.545, val/accuracy=0.706, val/loss=0.558, train/accuracy=0.718, train/loss=0.548]
Epoch 4:  50%|█████     | 110/218 [00:03<00:03, 27.91it/s, loss=0.543, val/accuracy=0.706, val/loss=0.558, train/accuracy=0.718, train/loss=0.548]
Epoch 4:  51%|█████     | 111/218 [00:03<00:03, 27.93it/s, loss=0.543, val/accuracy=0.706, val/loss=0.558, train/accuracy=0.718, train/loss=0.548]
Epoch 4:  51%|█████     | 111/218 [00:03<00:03, 27.93it/s, loss=0.54, val/accuracy=0.706, val/loss=0.558, train/accuracy=0.718, train/loss=0.548] 
Epoch 4:  51%|█████▏    | 112/218 [00:04<00:03, 27.94it/s, loss=0.54, val/accuracy=0.706, val/loss=0.558, train/accuracy=0.718, train/loss=0.548]
Epoch 4:  51%|█████▏    | 112/218 [00:04<00:03, 27.94it/s, loss=0.539, val/accuracy=0.706, val/loss=0.558, train/accuracy=0.718, train/loss=0.548]
Epoch 4:  52%|█████▏    | 113/218 [00:04<00:03, 27.95it/s, loss=0.539, val/accuracy=0.706, val/loss=0.558, train/accuracy=0.718, train/loss=0.548]
Epoch 4:  52%|█████▏    | 113/218 [00:04<00:03, 27.95it/s, loss=0.537, val/accuracy=0.706, val/loss=0.558, train/accuracy=0.718, train/loss=0.548]
Epoch 4:  52%|█████▏    | 114/218 [00:04<00:03, 27.96it/s, loss=0.537, val/accuracy=0.706, val/loss=0.558, train/accuracy=0.718, train/loss=0.548]
Epoch 4:  52%|█████▏    | 114/218 [00:04<00:03, 27.96it/s, loss=0.537, val/accuracy=0.706, val/loss=0.558, train/accuracy=0.718, train/loss=0.548]
Epoch 4:  53%|█████▎    | 115/218 [00:04<00:03, 27.97it/s, loss=0.537, val/accuracy=0.706, val/loss=0.558, train/accuracy=0.718, train/loss=0.548]
Epoch 4:  53%|█████▎    | 115/218 [00:04<00:03, 27.97it/s, loss=0.534, val/accuracy=0.706, val/loss=0.558, train/accuracy=0.718, train/loss=0.548]
Epoch 4:  53%|█████▎    | 116/218 [00:04<00:03, 27.98it/s, loss=0.534, val/accuracy=0.706, val/loss=0.558, train/accuracy=0.718, train/loss=0.548]
Epoch 4:  53%|█████▎    | 116/218 [00:04<00:03, 27.98it/s, loss=0.533, val/accuracy=0.706, val/loss=0.558, train/accuracy=0.718, train/loss=0.548]
Epoch 4:  54%|█████▎    | 117/218 [00:04<00:03, 27.99it/s, loss=0.533, val/accuracy=0.706, val/loss=0.558, train/accuracy=0.718, train/loss=0.548]
Epoch 4:  54%|█████▎    | 117/218 [00:04<00:03, 27.99it/s, loss=0.531, val/accuracy=0.706, val/loss=0.558, train/accuracy=0.718, train/loss=0.548]
Epoch 4:  54%|█████▍    | 118/218 [00:04<00:03, 28.00it/s, loss=0.531, val/accuracy=0.706, val/loss=0.558, train/accuracy=0.718, train/loss=0.548]
Epoch 4:  54%|█████▍    | 118/218 [00:04<00:03, 28.00it/s, loss=0.534, val/accuracy=0.706, val/loss=0.558, train/accuracy=0.718, train/loss=0.548]
Epoch 4:  55%|█████▍    | 119/218 [00:04<00:03, 28.01it/s, loss=0.534, val/accuracy=0.706, val/loss=0.558, train/accuracy=0.718, train/loss=0.548]
Epoch 4:  55%|█████▍    | 119/218 [00:04<00:03, 28.00it/s, loss=0.532, val/accuracy=0.706, val/loss=0.558, train/accuracy=0.718, train/loss=0.548]
Epoch 4:  55%|█████▌    | 120/218 [00:04<00:03, 28.01it/s, loss=0.532, val/accuracy=0.706, val/loss=0.558, train/accuracy=0.718, train/loss=0.548]
Epoch 4:  55%|█████▌    | 120/218 [00:04<00:03, 28.01it/s, loss=0.537, val/accuracy=0.706, val/loss=0.558, train/accuracy=0.718, train/loss=0.548]
Epoch 4:  56%|█████▌    | 121/218 [00:04<00:03, 28.02it/s, loss=0.537, val/accuracy=0.706, val/loss=0.558, train/accuracy=0.718, train/loss=0.548]
Epoch 4:  56%|█████▌    | 121/218 [00:04<00:03, 28.02it/s, loss=0.53, val/accuracy=0.706, val/loss=0.558, train/accuracy=0.718, train/loss=0.548] 
Epoch 4:  56%|█████▌    | 122/218 [00:04<00:03, 28.03it/s, loss=0.53, val/accuracy=0.706, val/loss=0.558, train/accuracy=0.718, train/loss=0.548]
Epoch 4:  56%|█████▌    | 122/218 [00:04<00:03, 28.03it/s, loss=0.529, val/accuracy=0.706, val/loss=0.558, train/accuracy=0.718, train/loss=0.548]
Epoch 4:  56%|█████▋    | 123/218 [00:04<00:03, 28.04it/s, loss=0.529, val/accuracy=0.706, val/loss=0.558, train/accuracy=0.718, train/loss=0.548]
Epoch 4:  56%|█████▋    | 123/218 [00:04<00:03, 28.04it/s, loss=0.533, val/accuracy=0.706, val/loss=0.558, train/accuracy=0.718, train/loss=0.548]
Epoch 4:  57%|█████▋    | 124/218 [00:04<00:03, 28.05it/s, loss=0.533, val/accuracy=0.706, val/loss=0.558, train/accuracy=0.718, train/loss=0.548]
Epoch 4:  57%|█████▋    | 124/218 [00:04<00:03, 28.04it/s, loss=0.532, val/accuracy=0.706, val/loss=0.558, train/accuracy=0.718, train/loss=0.548]
Epoch 4:  57%|█████▋    | 125/218 [00:04<00:03, 28.05it/s, loss=0.532, val/accuracy=0.706, val/loss=0.558, train/accuracy=0.718, train/loss=0.548]
Epoch 4:  57%|█████▋    | 125/218 [00:04<00:03, 28.05it/s, loss=0.528, val/accuracy=0.706, val/loss=0.558, train/accuracy=0.718, train/loss=0.548]
Epoch 4:  58%|█████▊    | 126/218 [00:04<00:03, 28.06it/s, loss=0.528, val/accuracy=0.706, val/loss=0.558, train/accuracy=0.718, train/loss=0.548]
Epoch 4:  58%|█████▊    | 126/218 [00:04<00:03, 28.06it/s, loss=0.529, val/accuracy=0.706, val/loss=0.558, train/accuracy=0.718, train/loss=0.548]
Epoch 4:  58%|█████▊    | 127/218 [00:04<00:03, 28.07it/s, loss=0.529, val/accuracy=0.706, val/loss=0.558, train/accuracy=0.718, train/loss=0.548]
Epoch 4:  58%|█████▊    | 127/218 [00:04<00:03, 28.07it/s, loss=0.529, val/accuracy=0.706, val/loss=0.558, train/accuracy=0.718, train/loss=0.548]
Epoch 4:  59%|█████▊    | 128/218 [00:04<00:03, 28.08it/s, loss=0.529, val/accuracy=0.706, val/loss=0.558, train/accuracy=0.718, train/loss=0.548]
Epoch 4:  59%|█████▊    | 128/218 [00:04<00:03, 28.08it/s, loss=0.526, val/accuracy=0.706, val/loss=0.558, train/accuracy=0.718, train/loss=0.548]
Epoch 4:  59%|█████▉    | 129/218 [00:04<00:03, 28.09it/s, loss=0.526, val/accuracy=0.706, val/loss=0.558, train/accuracy=0.718, train/loss=0.548]
Epoch 4:  59%|█████▉    | 129/218 [00:04<00:03, 28.09it/s, loss=0.53, val/accuracy=0.706, val/loss=0.558, train/accuracy=0.718, train/loss=0.548] 
Epoch 4:  60%|█████▉    | 130/218 [00:04<00:03, 28.10it/s, loss=0.53, val/accuracy=0.706, val/loss=0.558, train/accuracy=0.718, train/loss=0.548]
Epoch 4:  60%|█████▉    | 130/218 [00:04<00:03, 28.10it/s, loss=0.527, val/accuracy=0.706, val/loss=0.558, train/accuracy=0.718, train/loss=0.548]
Epoch 4:  60%|██████    | 131/218 [00:04<00:03, 28.11it/s, loss=0.527, val/accuracy=0.706, val/loss=0.558, train/accuracy=0.718, train/loss=0.548]
Epoch 4:  60%|██████    | 131/218 [00:04<00:03, 28.11it/s, loss=0.528, val/accuracy=0.706, val/loss=0.558, train/accuracy=0.718, train/loss=0.548]
Epoch 4:  61%|██████    | 132/218 [00:04<00:03, 28.12it/s, loss=0.528, val/accuracy=0.706, val/loss=0.558, train/accuracy=0.718, train/loss=0.548]
Epoch 4:  61%|██████    | 132/218 [00:04<00:03, 28.11it/s, loss=0.532, val/accuracy=0.706, val/loss=0.558, train/accuracy=0.718, train/loss=0.548]
Epoch 4:  61%|██████    | 133/218 [00:04<00:03, 28.12it/s, loss=0.532, val/accuracy=0.706, val/loss=0.558, train/accuracy=0.718, train/loss=0.548]
Epoch 4:  61%|██████    | 133/218 [00:04<00:03, 28.12it/s, loss=0.536, val/accuracy=0.706, val/loss=0.558, train/accuracy=0.718, train/loss=0.548]
Epoch 4:  61%|██████▏   | 134/218 [00:04<00:02, 28.13it/s, loss=0.536, val/accuracy=0.706, val/loss=0.558, train/accuracy=0.718, train/loss=0.548]
Epoch 4:  61%|██████▏   | 134/218 [00:04<00:02, 28.13it/s, loss=0.534, val/accuracy=0.706, val/loss=0.558, train/accuracy=0.718, train/loss=0.548]
Epoch 4:  62%|██████▏   | 135/218 [00:04<00:02, 28.14it/s, loss=0.534, val/accuracy=0.706, val/loss=0.558, train/accuracy=0.718, train/loss=0.548]
Epoch 4:  62%|██████▏   | 135/218 [00:04<00:02, 28.14it/s, loss=0.535, val/accuracy=0.706, val/loss=0.558, train/accuracy=0.718, train/loss=0.548]
Epoch 4:  62%|██████▏   | 136/218 [00:04<00:02, 28.15it/s, loss=0.535, val/accuracy=0.706, val/loss=0.558, train/accuracy=0.718, train/loss=0.548]
Epoch 4:  62%|██████▏   | 136/218 [00:04<00:02, 28.15it/s, loss=0.531, val/accuracy=0.706, val/loss=0.558, train/accuracy=0.718, train/loss=0.548]
Epoch 4:  63%|██████▎   | 137/218 [00:04<00:02, 28.16it/s, loss=0.531, val/accuracy=0.706, val/loss=0.558, train/accuracy=0.718, train/loss=0.548]
Epoch 4:  63%|██████▎   | 137/218 [00:04<00:02, 28.15it/s, loss=0.531, val/accuracy=0.706, val/loss=0.558, train/accuracy=0.718, train/loss=0.548]
Epoch 4:  63%|██████▎   | 138/218 [00:04<00:02, 28.16it/s, loss=0.531, val/accuracy=0.706, val/loss=0.558, train/accuracy=0.718, train/loss=0.548]
Epoch 4:  63%|██████▎   | 138/218 [00:04<00:02, 28.16it/s, loss=0.53, val/accuracy=0.706, val/loss=0.558, train/accuracy=0.718, train/loss=0.548] 
Epoch 4:  64%|██████▍   | 139/218 [00:04<00:02, 28.17it/s, loss=0.53, val/accuracy=0.706, val/loss=0.558, train/accuracy=0.718, train/loss=0.548]
Epoch 4:  64%|██████▍   | 139/218 [00:04<00:02, 28.17it/s, loss=0.53, val/accuracy=0.706, val/loss=0.558, train/accuracy=0.718, train/loss=0.548]
Epoch 4:  64%|██████▍   | 140/218 [00:04<00:02, 28.18it/s, loss=0.53, val/accuracy=0.706, val/loss=0.558, train/accuracy=0.718, train/loss=0.548]
Epoch 4:  64%|██████▍   | 140/218 [00:04<00:02, 28.18it/s, loss=0.529, val/accuracy=0.706, val/loss=0.558, train/accuracy=0.718, train/loss=0.548]
Epoch 4:  65%|██████▍   | 141/218 [00:05<00:02, 28.18it/s, loss=0.529, val/accuracy=0.706, val/loss=0.558, train/accuracy=0.718, train/loss=0.548]
Epoch 4:  65%|██████▍   | 141/218 [00:05<00:02, 28.18it/s, loss=0.529, val/accuracy=0.706, val/loss=0.558, train/accuracy=0.718, train/loss=0.548]
Epoch 4:  65%|██████▌   | 142/218 [00:05<00:02, 28.19it/s, loss=0.529, val/accuracy=0.706, val/loss=0.558, train/accuracy=0.718, train/loss=0.548]
Epoch 4:  65%|██████▌   | 142/218 [00:05<00:02, 28.19it/s, loss=0.53, val/accuracy=0.706, val/loss=0.558, train/accuracy=0.718, train/loss=0.548] 
Epoch 4:  66%|██████▌   | 143/218 [00:05<00:02, 28.20it/s, loss=0.53, val/accuracy=0.706, val/loss=0.558, train/accuracy=0.718, train/loss=0.548]
Epoch 4:  66%|██████▌   | 143/218 [00:05<00:02, 28.20it/s, loss=0.526, val/accuracy=0.706, val/loss=0.558, train/accuracy=0.718, train/loss=0.548]
Epoch 4:  66%|██████▌   | 144/218 [00:05<00:02, 28.20it/s, loss=0.526, val/accuracy=0.706, val/loss=0.558, train/accuracy=0.718, train/loss=0.548]
Epoch 4:  66%|██████▌   | 144/218 [00:05<00:02, 28.20it/s, loss=0.528, val/accuracy=0.706, val/loss=0.558, train/accuracy=0.718, train/loss=0.548]
Epoch 4:  67%|██████▋   | 145/218 [00:05<00:02, 28.21it/s, loss=0.528, val/accuracy=0.706, val/loss=0.558, train/accuracy=0.718, train/loss=0.548]
Epoch 4:  67%|██████▋   | 145/218 [00:05<00:02, 28.21it/s, loss=0.53, val/accuracy=0.706, val/loss=0.558, train/accuracy=0.718, train/loss=0.548] 
Epoch 4:  67%|██████▋   | 146/218 [00:05<00:02, 28.22it/s, loss=0.53, val/accuracy=0.706, val/loss=0.558, train/accuracy=0.718, train/loss=0.548]
Epoch 4:  67%|██████▋   | 146/218 [00:05<00:02, 28.22it/s, loss=0.528, val/accuracy=0.706, val/loss=0.558, train/accuracy=0.718, train/loss=0.548]
Epoch 4:  67%|██████▋   | 147/218 [00:05<00:02, 28.22it/s, loss=0.528, val/accuracy=0.706, val/loss=0.558, train/accuracy=0.718, train/loss=0.548]
Epoch 4:  67%|██████▋   | 147/218 [00:05<00:02, 28.22it/s, loss=0.525, val/accuracy=0.706, val/loss=0.558, train/accuracy=0.718, train/loss=0.548]
Epoch 4:  68%|██████▊   | 148/218 [00:05<00:02, 28.23it/s, loss=0.525, val/accuracy=0.706, val/loss=0.558, train/accuracy=0.718, train/loss=0.548]
Epoch 4:  68%|██████▊   | 148/218 [00:05<00:02, 28.23it/s, loss=0.528, val/accuracy=0.706, val/loss=0.558, train/accuracy=0.718, train/loss=0.548]
Epoch 4:  68%|██████▊   | 149/218 [00:05<00:02, 28.24it/s, loss=0.528, val/accuracy=0.706, val/loss=0.558, train/accuracy=0.718, train/loss=0.548]
Epoch 4:  68%|██████▊   | 149/218 [00:05<00:02, 28.24it/s, loss=0.529, val/accuracy=0.706, val/loss=0.558, train/accuracy=0.718, train/loss=0.548]
Epoch 4:  69%|██████▉   | 150/218 [00:05<00:02, 28.24it/s, loss=0.529, val/accuracy=0.706, val/loss=0.558, train/accuracy=0.718, train/loss=0.548]
Epoch 4:  69%|██████▉   | 150/218 [00:05<00:02, 28.24it/s, loss=0.532, val/accuracy=0.706, val/loss=0.558, train/accuracy=0.718, train/loss=0.548]
Epoch 4:  69%|██████▉   | 151/218 [00:05<00:02, 28.25it/s, loss=0.532, val/accuracy=0.706, val/loss=0.558, train/accuracy=0.718, train/loss=0.548]
Epoch 4:  69%|██████▉   | 151/218 [00:05<00:02, 28.25it/s, loss=0.528, val/accuracy=0.706, val/loss=0.558, train/accuracy=0.718, train/loss=0.548]
Epoch 4:  70%|██████▉   | 152/218 [00:05<00:02, 28.25it/s, loss=0.528, val/accuracy=0.706, val/loss=0.558, train/accuracy=0.718, train/loss=0.548]
Epoch 4:  70%|██████▉   | 152/218 [00:05<00:02, 28.25it/s, loss=0.524, val/accuracy=0.706, val/loss=0.558, train/accuracy=0.718, train/loss=0.548]
Epoch 4:  70%|███████   | 153/218 [00:05<00:02, 28.26it/s, loss=0.524, val/accuracy=0.706, val/loss=0.558, train/accuracy=0.718, train/loss=0.548]
Epoch 4:  70%|███████   | 153/218 [00:05<00:02, 28.26it/s, loss=0.522, val/accuracy=0.706, val/loss=0.558, train/accuracy=0.718, train/loss=0.548]
Epoch 4:  71%|███████   | 154/218 [00:05<00:02, 28.27it/s, loss=0.522, val/accuracy=0.706, val/loss=0.558, train/accuracy=0.718, train/loss=0.548]
Epoch 4:  71%|███████   | 154/218 [00:05<00:02, 28.26it/s, loss=0.523, val/accuracy=0.706, val/loss=0.558, train/accuracy=0.718, train/loss=0.548]
Epoch 4:  71%|███████   | 155/218 [00:05<00:02, 28.27it/s, loss=0.523, val/accuracy=0.706, val/loss=0.558, train/accuracy=0.718, train/loss=0.548]
Epoch 4:  71%|███████   | 155/218 [00:05<00:02, 28.27it/s, loss=0.525, val/accuracy=0.706, val/loss=0.558, train/accuracy=0.718, train/loss=0.548]
Epoch 4:  72%|███████▏  | 156/218 [00:05<00:02, 28.28it/s, loss=0.525, val/accuracy=0.706, val/loss=0.558, train/accuracy=0.718, train/loss=0.548]
Epoch 4:  72%|███████▏  | 156/218 [00:05<00:02, 28.28it/s, loss=0.531, val/accuracy=0.706, val/loss=0.558, train/accuracy=0.718, train/loss=0.548]
Epoch 4:  72%|███████▏  | 157/218 [00:05<00:02, 28.28it/s, loss=0.531, val/accuracy=0.706, val/loss=0.558, train/accuracy=0.718, train/loss=0.548]
Epoch 4:  72%|███████▏  | 157/218 [00:05<00:02, 28.28it/s, loss=0.53, val/accuracy=0.706, val/loss=0.558, train/accuracy=0.718, train/loss=0.548] 
Epoch 4:  72%|███████▏  | 158/218 [00:05<00:02, 28.29it/s, loss=0.53, val/accuracy=0.706, val/loss=0.558, train/accuracy=0.718, train/loss=0.548]
Epoch 4:  72%|███████▏  | 158/218 [00:05<00:02, 28.29it/s, loss=0.528, val/accuracy=0.706, val/loss=0.558, train/accuracy=0.718, train/loss=0.548]
Epoch 4:  73%|███████▎  | 159/218 [00:05<00:02, 28.29it/s, loss=0.528, val/accuracy=0.706, val/loss=0.558, train/accuracy=0.718, train/loss=0.548]
Epoch 4:  73%|███████▎  | 159/218 [00:05<00:02, 28.29it/s, loss=0.534, val/accuracy=0.706, val/loss=0.558, train/accuracy=0.718, train/loss=0.548]
Epoch 4:  73%|███████▎  | 160/218 [00:05<00:02, 28.30it/s, loss=0.534, val/accuracy=0.706, val/loss=0.558, train/accuracy=0.718, train/loss=0.548]
Epoch 4:  73%|███████▎  | 160/218 [00:05<00:02, 28.30it/s, loss=0.532, val/accuracy=0.706, val/loss=0.558, train/accuracy=0.718, train/loss=0.548]
Epoch 4:  74%|███████▍  | 161/218 [00:05<00:02, 28.30it/s, loss=0.532, val/accuracy=0.706, val/loss=0.558, train/accuracy=0.718, train/loss=0.548]
Epoch 4:  74%|███████▍  | 161/218 [00:05<00:02, 28.30it/s, loss=0.53, val/accuracy=0.706, val/loss=0.558, train/accuracy=0.718, train/loss=0.548] 
Epoch 4:  74%|███████▍  | 162/218 [00:05<00:01, 28.31it/s, loss=0.53, val/accuracy=0.706, val/loss=0.558, train/accuracy=0.718, train/loss=0.548]
Epoch 4:  74%|███████▍  | 162/218 [00:05<00:01, 28.31it/s, loss=0.533, val/accuracy=0.706, val/loss=0.558, train/accuracy=0.718, train/loss=0.548]
Epoch 4:  75%|███████▍  | 163/218 [00:05<00:01, 28.33it/s, loss=0.533, val/accuracy=0.706, val/loss=0.558, train/accuracy=0.718, train/loss=0.548]
Epoch 4:  75%|███████▍  | 163/218 [00:05<00:01, 28.33it/s, loss=0.535, val/accuracy=0.706, val/loss=0.558, train/accuracy=0.718, train/loss=0.548]

Validation: 0it [00:00, ?it/s][A

Validation:   0%|          | 0/55 [00:00<?, ?it/s][A

Validation DataLoader 0:   0%|          | 0/55 [00:00<?, ?it/s][A

Validation DataLoader 0:   2%|▏         | 1/55 [00:00<00:00, 135.02it/s][A
Epoch 4:  75%|███████▌  | 164/218 [00:05<00:01, 27.91it/s, loss=0.535, val/accuracy=0.706, val/loss=0.558, train/accuracy=0.718, train/loss=0.548]

Validation DataLoader 0:   4%|▎         | 2/55 [00:00<00:00, 56.28it/s] [A
Epoch 4:  76%|███████▌  | 165/218 [00:05<00:01, 27.94it/s, loss=0.535, val/accuracy=0.706, val/loss=0.558, train/accuracy=0.718, train/loss=0.548]

Validation DataLoader 0:   5%|▌         | 3/55 [00:00<00:01, 44.42it/s][A
Epoch 4:  76%|███████▌  | 166/218 [00:05<00:01, 27.96it/s, loss=0.535, val/accuracy=0.706, val/loss=0.558, train/accuracy=0.718, train/loss=0.548]

Validation DataLoader 0:   7%|▋         | 4/55 [00:00<00:01, 40.09it/s][A
Epoch 4:  77%|███████▋  | 167/218 [00:05<00:01, 27.98it/s, loss=0.535, val/accuracy=0.706, val/loss=0.558, train/accuracy=0.718, train/loss=0.548]

Validation DataLoader 0:   9%|▉         | 5/55 [00:00<00:01, 38.00it/s][A
Epoch 4:  77%|███████▋  | 168/218 [00:06<00:01, 27.99it/s, loss=0.535, val/accuracy=0.706, val/loss=0.558, train/accuracy=0.718, train/loss=0.548]

Validation DataLoader 0:  11%|█         | 6/55 [00:00<00:01, 36.56it/s][A
Epoch 4:  78%|███████▊  | 169/218 [00:06<00:01, 28.01it/s, loss=0.535, val/accuracy=0.706, val/loss=0.558, train/accuracy=0.718, train/loss=0.548]

Validation DataLoader 0:  13%|█▎        | 7/55 [00:00<00:01, 35.74it/s][A
Epoch 4:  78%|███████▊  | 170/218 [00:06<00:01, 28.03it/s, loss=0.535, val/accuracy=0.706, val/loss=0.558, train/accuracy=0.718, train/loss=0.548]

Validation DataLoader 0:  15%|█▍        | 8/55 [00:00<00:01, 35.08it/s][A
Epoch 4:  78%|███████▊  | 171/218 [00:06<00:01, 28.04it/s, loss=0.535, val/accuracy=0.706, val/loss=0.558, train/accuracy=0.718, train/loss=0.548]

Validation DataLoader 0:  16%|█▋        | 9/55 [00:00<00:01, 34.66it/s][A
Epoch 4:  79%|███████▉  | 172/218 [00:06<00:01, 28.06it/s, loss=0.535, val/accuracy=0.706, val/loss=0.558, train/accuracy=0.718, train/loss=0.548]

Validation DataLoader 0:  18%|█▊        | 10/55 [00:00<00:01, 34.29it/s][A
Epoch 4:  79%|███████▉  | 173/218 [00:06<00:01, 28.08it/s, loss=0.535, val/accuracy=0.706, val/loss=0.558, train/accuracy=0.718, train/loss=0.548]

Validation DataLoader 0:  20%|██        | 11/55 [00:00<00:01, 34.01it/s][A
Epoch 4:  80%|███████▉  | 174/218 [00:06<00:01, 28.10it/s, loss=0.535, val/accuracy=0.706, val/loss=0.558, train/accuracy=0.718, train/loss=0.548]

Validation DataLoader 0:  22%|██▏       | 12/55 [00:00<00:01, 33.73it/s][A
Epoch 4:  80%|████████  | 175/218 [00:06<00:01, 28.11it/s, loss=0.535, val/accuracy=0.706, val/loss=0.558, train/accuracy=0.718, train/loss=0.548]

Validation DataLoader 0:  24%|██▎       | 13/55 [00:00<00:01, 33.55it/s][A
Epoch 4:  81%|████████  | 176/218 [00:06<00:01, 28.13it/s, loss=0.535, val/accuracy=0.706, val/loss=0.558, train/accuracy=0.718, train/loss=0.548]

Validation DataLoader 0:  25%|██▌       | 14/55 [00:00<00:01, 33.38it/s][A
Epoch 4:  81%|████████  | 177/218 [00:06<00:01, 28.14it/s, loss=0.535, val/accuracy=0.706, val/loss=0.558, train/accuracy=0.718, train/loss=0.548]

Validation DataLoader 0:  27%|██▋       | 15/55 [00:00<00:01, 33.24it/s][A
Epoch 4:  82%|████████▏ | 178/218 [00:06<00:01, 28.16it/s, loss=0.535, val/accuracy=0.706, val/loss=0.558, train/accuracy=0.718, train/loss=0.548]

Validation DataLoader 0:  29%|██▉       | 16/55 [00:00<00:01, 33.12it/s][A
Epoch 4:  82%|████████▏ | 179/218 [00:06<00:01, 28.18it/s, loss=0.535, val/accuracy=0.706, val/loss=0.558, train/accuracy=0.718, train/loss=0.548]

Validation DataLoader 0:  31%|███       | 17/55 [00:00<00:01, 32.99it/s][A
Epoch 4:  83%|████████▎ | 180/218 [00:06<00:01, 28.19it/s, loss=0.535, val/accuracy=0.706, val/loss=0.558, train/accuracy=0.718, train/loss=0.548]

Validation DataLoader 0:  33%|███▎      | 18/55 [00:00<00:01, 32.91it/s][A
Epoch 4:  83%|████████▎ | 181/218 [00:06<00:01, 28.21it/s, loss=0.535, val/accuracy=0.706, val/loss=0.558, train/accuracy=0.718, train/loss=0.548]

Validation DataLoader 0:  35%|███▍      | 19/55 [00:00<00:01, 32.80it/s][A
Epoch 4:  83%|████████▎ | 182/218 [00:06<00:01, 28.22it/s, loss=0.535, val/accuracy=0.706, val/loss=0.558, train/accuracy=0.718, train/loss=0.548]

Validation DataLoader 0:  36%|███▋      | 20/55 [00:00<00:01, 32.74it/s][A
Epoch 4:  84%|████████▍ | 183/218 [00:06<00:01, 28.24it/s, loss=0.535, val/accuracy=0.706, val/loss=0.558, train/accuracy=0.718, train/loss=0.548]

Validation DataLoader 0:  38%|███▊      | 21/55 [00:00<00:01, 32.66it/s][A
Epoch 4:  84%|████████▍ | 184/218 [00:06<00:01, 28.25it/s, loss=0.535, val/accuracy=0.706, val/loss=0.558, train/accuracy=0.718, train/loss=0.548]

Validation DataLoader 0:  40%|████      | 22/55 [00:00<00:01, 32.60it/s][A
Epoch 4:  85%|████████▍ | 185/218 [00:06<00:01, 28.27it/s, loss=0.535, val/accuracy=0.706, val/loss=0.558, train/accuracy=0.718, train/loss=0.548]

Validation DataLoader 0:  42%|████▏     | 23/55 [00:00<00:00, 32.55it/s][A
Epoch 4:  85%|████████▌ | 186/218 [00:06<00:01, 28.28it/s, loss=0.535, val/accuracy=0.706, val/loss=0.558, train/accuracy=0.718, train/loss=0.548]

Validation DataLoader 0:  44%|████▎     | 24/55 [00:00<00:00, 32.48it/s][A
Epoch 4:  86%|████████▌ | 187/218 [00:06<00:01, 28.30it/s, loss=0.535, val/accuracy=0.706, val/loss=0.558, train/accuracy=0.718, train/loss=0.548]

Validation DataLoader 0:  45%|████▌     | 25/55 [00:00<00:00, 32.44it/s][A
Epoch 4:  86%|████████▌ | 188/218 [00:06<00:01, 28.31it/s, loss=0.535, val/accuracy=0.706, val/loss=0.558, train/accuracy=0.718, train/loss=0.548]

Validation DataLoader 0:  47%|████▋     | 26/55 [00:00<00:00, 32.40it/s][A
Epoch 4:  87%|████████▋ | 189/218 [00:06<00:01, 28.33it/s, loss=0.535, val/accuracy=0.706, val/loss=0.558, train/accuracy=0.718, train/loss=0.548]

Validation DataLoader 0:  49%|████▉     | 27/55 [00:00<00:00, 32.36it/s][A
Epoch 4:  87%|████████▋ | 190/218 [00:06<00:00, 28.34it/s, loss=0.535, val/accuracy=0.706, val/loss=0.558, train/accuracy=0.718, train/loss=0.548]

Validation DataLoader 0:  51%|█████     | 28/55 [00:00<00:00, 32.33it/s][A
Epoch 4:  88%|████████▊ | 191/218 [00:06<00:00, 28.36it/s, loss=0.535, val/accuracy=0.706, val/loss=0.558, train/accuracy=0.718, train/loss=0.548]

Validation DataLoader 0:  53%|█████▎    | 29/55 [00:00<00:00, 32.30it/s][A
Epoch 4:  88%|████████▊ | 192/218 [00:06<00:00, 28.37it/s, loss=0.535, val/accuracy=0.706, val/loss=0.558, train/accuracy=0.718, train/loss=0.548]

Validation DataLoader 0:  55%|█████▍    | 30/55 [00:00<00:00, 32.27it/s][A
Epoch 4:  89%|████████▊ | 193/218 [00:06<00:00, 28.39it/s, loss=0.535, val/accuracy=0.706, val/loss=0.558, train/accuracy=0.718, train/loss=0.548]

Validation DataLoader 0:  56%|█████▋    | 31/55 [00:00<00:00, 32.23it/s][A
Epoch 4:  89%|████████▉ | 194/218 [00:06<00:00, 28.40it/s, loss=0.535, val/accuracy=0.706, val/loss=0.558, train/accuracy=0.718, train/loss=0.548]

Validation DataLoader 0:  58%|█████▊    | 32/55 [00:00<00:00, 32.17it/s][A
Epoch 4:  89%|████████▉ | 195/218 [00:06<00:00, 28.41it/s, loss=0.535, val/accuracy=0.706, val/loss=0.558, train/accuracy=0.718, train/loss=0.548]

Validation DataLoader 0:  60%|██████    | 33/55 [00:01<00:00, 32.14it/s][A
Epoch 4:  90%|████████▉ | 196/218 [00:06<00:00, 28.42it/s, loss=0.535, val/accuracy=0.706, val/loss=0.558, train/accuracy=0.718, train/loss=0.548]

Validation DataLoader 0:  62%|██████▏   | 34/55 [00:01<00:00, 32.12it/s][A
Epoch 4:  90%|█████████ | 197/218 [00:06<00:00, 28.43it/s, loss=0.535, val/accuracy=0.706, val/loss=0.558, train/accuracy=0.718, train/loss=0.548]

Validation DataLoader 0:  64%|██████▎   | 35/55 [00:01<00:00, 32.09it/s][A
Epoch 4:  91%|█████████ | 198/218 [00:06<00:00, 28.45it/s, loss=0.535, val/accuracy=0.706, val/loss=0.558, train/accuracy=0.718, train/loss=0.548]

Validation DataLoader 0:  65%|██████▌   | 36/55 [00:01<00:00, 32.06it/s][A
Epoch 4:  91%|█████████▏| 199/218 [00:06<00:00, 28.46it/s, loss=0.535, val/accuracy=0.706, val/loss=0.558, train/accuracy=0.718, train/loss=0.548]

Validation DataLoader 0:  67%|██████▋   | 37/55 [00:01<00:00, 32.04it/s][A
Epoch 4:  92%|█████████▏| 200/218 [00:07<00:00, 28.47it/s, loss=0.535, val/accuracy=0.706, val/loss=0.558, train/accuracy=0.718, train/loss=0.548]

Validation DataLoader 0:  69%|██████▉   | 38/55 [00:01<00:00, 32.00it/s][A
Epoch 4:  92%|█████████▏| 201/218 [00:07<00:00, 28.48it/s, loss=0.535, val/accuracy=0.706, val/loss=0.558, train/accuracy=0.718, train/loss=0.548]

Validation DataLoader 0:  71%|███████   | 39/55 [00:01<00:00, 31.98it/s][A
Epoch 4:  93%|█████████▎| 202/218 [00:07<00:00, 28.50it/s, loss=0.535, val/accuracy=0.706, val/loss=0.558, train/accuracy=0.718, train/loss=0.548]

Validation DataLoader 0:  73%|███████▎  | 40/55 [00:01<00:00, 31.90it/s][A
Epoch 4:  93%|█████████▎| 203/218 [00:07<00:00, 28.50it/s, loss=0.535, val/accuracy=0.706, val/loss=0.558, train/accuracy=0.718, train/loss=0.548]

Validation DataLoader 0:  75%|███████▍  | 41/55 [00:01<00:00, 31.88it/s][A
Epoch 4:  94%|█████████▎| 204/218 [00:07<00:00, 28.51it/s, loss=0.535, val/accuracy=0.706, val/loss=0.558, train/accuracy=0.718, train/loss=0.548]

Validation DataLoader 0:  76%|███████▋  | 42/55 [00:01<00:00, 31.87it/s][A
Epoch 4:  94%|█████████▍| 205/218 [00:07<00:00, 28.52it/s, loss=0.535, val/accuracy=0.706, val/loss=0.558, train/accuracy=0.718, train/loss=0.548]

Validation DataLoader 0:  78%|███████▊  | 43/55 [00:01<00:00, 31.85it/s][A
Epoch 4:  94%|█████████▍| 206/218 [00:07<00:00, 28.53it/s, loss=0.535, val/accuracy=0.706, val/loss=0.558, train/accuracy=0.718, train/loss=0.548]

Validation DataLoader 0:  80%|████████  | 44/55 [00:01<00:00, 31.83it/s][A
Epoch 4:  95%|█████████▍| 207/218 [00:07<00:00, 28.55it/s, loss=0.535, val/accuracy=0.706, val/loss=0.558, train/accuracy=0.718, train/loss=0.548]

Validation DataLoader 0:  82%|████████▏ | 45/55 [00:01<00:00, 31.82it/s][A
Epoch 4:  95%|█████████▌| 208/218 [00:07<00:00, 28.56it/s, loss=0.535, val/accuracy=0.706, val/loss=0.558, train/accuracy=0.718, train/loss=0.548]

Validation DataLoader 0:  84%|████████▎ | 46/55 [00:01<00:00, 31.81it/s][A
Epoch 4:  96%|█████████▌| 209/218 [00:07<00:00, 28.57it/s, loss=0.535, val/accuracy=0.706, val/loss=0.558, train/accuracy=0.718, train/loss=0.548]

Validation DataLoader 0:  85%|████████▌ | 47/55 [00:01<00:00, 31.80it/s][A
Epoch 4:  96%|█████████▋| 210/218 [00:07<00:00, 28.58it/s, loss=0.535, val/accuracy=0.706, val/loss=0.558, train/accuracy=0.718, train/loss=0.548]

Validation DataLoader 0:  87%|████████▋ | 48/55 [00:01<00:00, 31.79it/s][A
Epoch 4:  97%|█████████▋| 211/218 [00:07<00:00, 28.59it/s, loss=0.535, val/accuracy=0.706, val/loss=0.558, train/accuracy=0.718, train/loss=0.548]

Validation DataLoader 0:  89%|████████▉ | 49/55 [00:01<00:00, 31.78it/s][A
Epoch 4:  97%|█████████▋| 212/218 [00:07<00:00, 28.60it/s, loss=0.535, val/accuracy=0.706, val/loss=0.558, train/accuracy=0.718, train/loss=0.548]

Validation DataLoader 0:  91%|█████████ | 50/55 [00:01<00:00, 31.77it/s][A
Epoch 4:  98%|█████████▊| 213/218 [00:07<00:00, 28.62it/s, loss=0.535, val/accuracy=0.706, val/loss=0.558, train/accuracy=0.718, train/loss=0.548]

Validation DataLoader 0:  93%|█████████▎| 51/55 [00:01<00:00, 31.76it/s][A
Epoch 4:  98%|█████████▊| 214/218 [00:07<00:00, 28.63it/s, loss=0.535, val/accuracy=0.706, val/loss=0.558, train/accuracy=0.718, train/loss=0.548]

Validation DataLoader 0:  95%|█████████▍| 52/55 [00:01<00:00, 31.74it/s][A
Epoch 4:  99%|█████████▊| 215/218 [00:07<00:00, 28.64it/s, loss=0.535, val/accuracy=0.706, val/loss=0.558, train/accuracy=0.718, train/loss=0.548]

Validation DataLoader 0:  96%|█████████▋| 53/55 [00:01<00:00, 31.73it/s][A
Epoch 4:  99%|█████████▉| 216/218 [00:07<00:00, 28.65it/s, loss=0.535, val/accuracy=0.706, val/loss=0.558, train/accuracy=0.718, train/loss=0.548]

Validation DataLoader 0:  98%|█████████▊| 54/55 [00:01<00:00, 32.14it/s][A
Epoch 4: 100%|█████████▉| 217/218 [00:07<00:00, 28.74it/s, loss=0.535, val/accuracy=0.706, val/loss=0.558, train/accuracy=0.718, train/loss=0.548]

Validation DataLoader 0: 100%|██████████| 55/55 [00:01<00:00, 32.64it/s][A
Epoch 4: 100%|██████████| 218/218 [00:07<00:00, 28.86it/s, loss=0.535, val/accuracy=0.706, val/loss=0.558, train/accuracy=0.718, train/loss=0.548]
Epoch 4: 100%|██████████| 218/218 [00:07<00:00, 28.84it/s, loss=0.535, val/accuracy=0.709, val/loss=0.555, train/accuracy=0.718, train/loss=0.548]

                                                                        [A
Epoch 4: 100%|██████████| 218/218 [00:07<00:00, 28.83it/s, loss=0.535, val/accuracy=0.709, val/loss=0.555, train/accuracy=0.719, train/loss=0.543]Epoch 4, global step 815: 'val/accuracy' reached 0.70912 (best 0.70912), saving model to '/home/cxo147/hyena-dna/results/genomic_benchmark_human_enhancers_cohn_20251020_205809/checkpoints/val/accuracy.ckpt' as top 1
`Trainer.fit` stopped: `max_epochs=5` reached.

Epoch 4: 100%|██████████| 218/218 [00:07<00:00, 28.67it/s, loss=0.535, val/accuracy=0.709, val/loss=0.555, train/accuracy=0.719, train/loss=0.543]
