/home/cxo147/anaconda3/lib/python3.11/site-packages/pydantic/_internal/_generate_schema.py:2249: UnsupportedFieldAttributeWarning: The 'repr' attribute with value False was provided to the `Field()` function, which has no effect in the context it was used. 'repr' is field-specific metadata, and can only be attached to a model field using `Annotated` metadata or by assignment. This may have happened because an `Annotated` type alias using the `type` statement was used, or if the `Field()` function was attached to a single member of a union type.
  warnings.warn(
/home/cxo147/anaconda3/lib/python3.11/site-packages/pydantic/_internal/_generate_schema.py:2249: UnsupportedFieldAttributeWarning: The 'frozen' attribute with value True was provided to the `Field()` function, which has no effect in the context it was used. 'frozen' is field-specific metadata, and can only be attached to a model field using `Annotated` metadata or by assignment. This may have happened because an `Annotated` type alias using the `type` statement was used, or if the `Field()` function was attached to a single member of a union type.
  warnings.warn(
CONFIG
├── train
│   └── seed: 2222                                                                    
│       interval: step                                                                
│       monitor: val/accuracy                                                         
│       mode: max                                                                     
│       ema: 0.0                                                                      
│       test: false                                                                   
│       debug: false                                                                  
│       ignore_warnings: false                                                        
│       state:                                                                        
│         mode: null                                                                  
│         n_context: 0                                                                
│         n_context_eval: 0                                                           
│       ckpt: null                                                                    
│       disable_dataset: false                                                        
│       validate_at_start: false                                                      
│       pretrained_model_path: null                                                   
│       pretrained_model_strict_load: false                                           
│       pretrained_model_state_hook:                                                  
│         _name_: load_backbone                                                       
│         freeze_backbone: false                                                      
│       post_init_hook:                                                               
│         _name_: null                                                                
│       layer_decay:                                                                  
│         _name_: null                                                                
│         decay: 0.7                                                                  
│       gpu_mem: 33                                                                   
│       global_batch_size: 128                                                        
│       remove_test_loader_in_eval: true                                              
│                                                                                     
├── tolerance
│   └── logdir: ./resume                                                              
│       id: null                                                                      
│                                                                                     
├── wandb
│   └── None                                                                          
├── trainer
│   └── _target_: pytorch_lightning.Trainer                                           
│       devices: 1                                                                    
│       accelerator: gpu                                                              
│       accumulate_grad_batches: 1                                                    
│       max_epochs: 5                                                                 
│       gradient_clip_val: 1.0                                                        
│       log_every_n_steps: 10                                                         
│       limit_train_batches: 1.0                                                      
│       limit_val_batches: 1.0                                                        
│       num_nodes: 1                                                                  
│       precision: 16                                                                 
│                                                                                     
├── loader
│   └── batch_size: 50                                                                
│       num_workers: 4                                                                
│       pin_memory: true                                                              
│       drop_last: true                                                               
│                                                                                     
├── dataset
│   └── _name_: genomic_benchmark                                                     
│       dataset_name: human_nontata_promoters                                         
│       dest_path: null                                                               
│       max_length: 251                                                               
│       d_output: 2                                                                   
│       use_padding: true                                                             
│       padding_side: left                                                            
│       add_eos: false                                                                
│       batch_size: 128                                                               
│       train_len: 36131                                                              
│       shuffle: true                                                                 
│       dummy_mouse_enhancers_ensembl:                                                
│         train_len: 1210                                                             
│         classes: 2                                                                  
│       demo_coding_vs_intergenomic_seqs:                                             
│         train_len: 100000                                                           
│         classes: 2                                                                  
│       demo_human_or_worm:                                                           
│         train_len: 100000                                                           
│         classes: 2                                                                  
│       human_enhancers_cohn:                                                         
│         train_len: 27791                                                            
│         classes: 2                                                                  
│       human_enhancers_ensembl:                                                      
│         train_len: 154842                                                           
│         classes: 2                                                                  
│       human_ensembl_regulatory:                                                     
│         train_len: 289061                                                           
│         classes: 3                                                                  
│       human_nontata_promoters:                                                      
│         train_len: 36131                                                            
│         classes: 2                                                                  
│       human_ocr_ensembl:                                                            
│         train_len: 174756                                                           
│         classes: 2                                                                  
│       tokenizer_name: char                                                          
│       rc_aug: false                                                                 
│       return_mask: false                                                            
│                                                                                     
├── task
│   └── _name_: masked_multiclass                                                     
│       loss: cross_entropy                                                           
│       metrics:                                                                      
│       - accuracy                                                                    
│       torchmetrics: null                                                            
│                                                                                     
├── optimizer
│   └── _name_: adamw                                                                 
│       lr: 0.0006                                                                    
│       weight_decay: 0.1                                                             
│       betas:                                                                        
│       - 0.9                                                                         
│       - 0.999                                                                       
│                                                                                     
├── scheduler
│   └── _name_: cosine_warmup_timm                                                    
│       t_in_epochs: false                                                            
│       t_initial: 1415                                                               
│       lr_min: 5.9999999999999995e-05                                                
│       warmup_lr_init: 1.0e-06                                                       
│       warmup_t: 14.15                                                               
│                                                                                     
├── callbacks
│   └── learning_rate_monitor:                                                        
│         logging_interval: step                                                      
│       timer:                                                                        
│         step: true                                                                  
│         inter_step: false                                                           
│         epoch: true                                                                 
│         val: true                                                                   
│       params:                                                                       
│         total: true                                                                 
│         trainable: true                                                             
│         fixed: true                                                                 
│       model_checkpoint:                                                             
│         monitor: val/accuracy                                                       
│         mode: max                                                                   
│         save_top_k: 1                                                               
│         save_last: true                                                             
│         dirpath: checkpoints/                                                       
│         filename: val/accuracy                                                      
│         auto_insert_metric_name: false                                              
│         verbose: true                                                               
│                                                                                     
├── encoder
│   └── id                                                                            
├── decoder
│   └── _name_: sequence                                                              
│       mode: pool                                                                    
│                                                                                     
└── model
    └── _name_: dna_embedding                                                         
        d_model: 128                                                                  
        n_layer: 2                                                                    
        d_inner: 512                                                                  
        vocab_size: 12                                                                
        resid_dropout: 0.0                                                            
        embed_dropout: 0.1                                                            
        fused_mlp: false                                                              
        fused_dropout_add_ln: true                                                    
        residual_in_fp32: true                                                        
        pad_vocab_size_multiple: 8                                                    
        layer:                                                                        
          _name_: hyena                                                               
          emb_dim: 5                                                                  
          filter_order: 64                                                            
          short_filter_order: 3                                                       
          l_max: 253                                                                  
          modulate: true                                                              
          w: 10                                                                       
          lr: 0.0006                                                                  
          wd: 0.0                                                                     
          lr_pos_emb: 0.0                                                             
                                                                                      
Global seed set to 2222
[2025-10-20 21:09:20,562][__main__][INFO] - Instantiating callback <src.callbacks.timer.Timer>
[2025-10-20 21:09:20,563][__main__][INFO] - Instantiating callback <src.callbacks.params.ParamsLog>
[2025-10-20 21:09:20,563][__main__][INFO] - Instantiating callback <pytorch_lightning.callbacks.ModelCheckpoint>
[2025-10-20 21:09:20,564][__main__][INFO] - Instantiating trainer <pytorch_lightning.Trainer>
Using 16bit native Automatic Mixed Precision (AMP)
GPU available: True (cuda), used: True
TPU available: False, using: 0 TPU cores
IPU available: False, using: 0 IPUs
HPU available: False, using: 0 HPUs
`Trainer(limit_train_batches=1.0)` was configured so 100% of the batches per epoch will be used..
`Trainer(limit_val_batches=1.0)` was configured so 100% of the batches will be used..
LOCAL_RANK: 0 - CUDA_VISIBLE_DEVICES: [0,1,2,3,4,5,6,7]
**Using Char-level tokenizer**
already downloaded train-human_nontata_promoters
already downloaded val-human_nontata_promoters
Warning: dropout_add_layer_norm not available (flash_attn not installed). Disabling fused_dropout_add_ln.
**Using Char-level tokenizer**
already downloaded train-human_nontata_promoters
already downloaded val-human_nontata_promoters
Hyperparameter groups [{'lr': 0.0006, 'weight_decay': 0.0}]
[2025-10-20 21:09:21,674][__main__][INFO] - Optimizer group 0 | 35 tensors | lr 0.0006 | weight_decay 0.1
[2025-10-20 21:09:21,674][__main__][INFO] - Optimizer group 1 | 16 tensors | lr 0.0006 | weight_decay 0.0

  | Name               | Type              | Params
---------------------------------------------------------
0 | model              | DNAEmbeddingModel | 436 K 
1 | encoder            | Identity          | 0     
2 | decoder            | SequenceDecoder   | 258   
3 | train_torchmetrics | MetricCollection  | 0     
4 | val_torchmetrics   | MetricCollection  | 0     
5 | test_torchmetrics  | MetricCollection  | 0     
---------------------------------------------------------
436 K     Trainable params
0         Non-trainable params
436 K     Total params
0.873     Total estimated model params size (MB)

Sanity Checking: 0it [00:00, ?it/s]
Sanity Checking:   0%|          | 0/2 [00:00<?, ?it/s]
Sanity Checking DataLoader 0:   0%|          | 0/2 [00:00<?, ?it/s]
Sanity Checking DataLoader 0:  50%|█████     | 1/2 [00:00<00:00,  2.75it/s]
Sanity Checking DataLoader 0: 100%|██████████| 2/2 [00:00<00:00,  5.40it/s]
                                                                           

Training: 0it [00:00, ?it/s]
Training:   0%|          | 0/283 [00:00<?, ?it/s]
Epoch 0:   0%|          | 0/283 [00:00<?, ?it/s] 
Epoch 0:   0%|          | 1/283 [00:00<00:56,  4.96it/s]
Epoch 0:   0%|          | 1/283 [00:00<00:57,  4.94it/s, loss=0.683]
Epoch 0:   1%|          | 2/283 [00:00<00:32,  8.77it/s, loss=0.683]
Epoch 0:   1%|          | 2/283 [00:00<00:32,  8.76it/s, loss=0.682]
Epoch 0:   1%|          | 3/283 [00:00<00:23, 11.87it/s, loss=0.682]
Epoch 0:   1%|          | 3/283 [00:00<00:23, 11.86it/s, loss=0.673]
Epoch 0:   1%|▏         | 4/283 [00:00<00:19, 14.44it/s, loss=0.673]
Epoch 0:   1%|▏         | 4/283 [00:00<00:19, 14.43it/s, loss=0.658]
Epoch 0:   2%|▏         | 5/283 [00:00<00:16, 16.61it/s, loss=0.658]
Epoch 0:   2%|▏         | 5/283 [00:00<00:16, 16.60it/s, loss=0.634]
Epoch 0:   2%|▏         | 6/283 [00:00<00:14, 18.50it/s, loss=0.634]
Epoch 0:   2%|▏         | 6/283 [00:00<00:14, 18.48it/s, loss=0.616]
Epoch 0:   2%|▏         | 7/283 [00:00<00:13, 20.19it/s, loss=0.616]
Epoch 0:   2%|▏         | 7/283 [00:00<00:13, 20.18it/s, loss=0.626]
Epoch 0:   3%|▎         | 8/283 [00:00<00:12, 21.63it/s, loss=0.626]
Epoch 0:   3%|▎         | 8/283 [00:00<00:12, 21.61it/s, loss=0.621]
Epoch 0:   3%|▎         | 9/283 [00:00<00:11, 22.90it/s, loss=0.621]
Epoch 0:   3%|▎         | 9/283 [00:00<00:11, 22.88it/s, loss=0.62] 
Epoch 0:   4%|▎         | 10/283 [00:00<00:11, 24.03it/s, loss=0.62]
Epoch 0:   4%|▎         | 10/283 [00:00<00:11, 24.02it/s, loss=0.622]
Epoch 0:   4%|▍         | 11/283 [00:00<00:10, 25.05it/s, loss=0.622]
Epoch 0:   4%|▍         | 11/283 [00:00<00:10, 25.04it/s, loss=0.614]
Epoch 0:   4%|▍         | 12/283 [00:00<00:10, 25.97it/s, loss=0.614]
Epoch 0:   4%|▍         | 12/283 [00:00<00:10, 25.96it/s, loss=0.605]
Epoch 0:   5%|▍         | 13/283 [00:00<00:10, 26.71it/s, loss=0.605]
Epoch 0:   5%|▍         | 13/283 [00:00<00:10, 26.70it/s, loss=0.595]
Epoch 0:   5%|▍         | 14/283 [00:00<00:09, 27.46it/s, loss=0.595]
Epoch 0:   5%|▍         | 14/283 [00:00<00:09, 27.45it/s, loss=0.595]
Epoch 0:   5%|▌         | 15/283 [00:00<00:09, 28.18it/s, loss=0.595]
Epoch 0:   5%|▌         | 15/283 [00:00<00:09, 28.17it/s, loss=0.589]
Epoch 0:   6%|▌         | 16/283 [00:00<00:09, 28.85it/s, loss=0.589]
Epoch 0:   6%|▌         | 16/283 [00:00<00:09, 28.84it/s, loss=0.588]
Epoch 0:   6%|▌         | 17/283 [00:00<00:09, 29.47it/s, loss=0.588]
Epoch 0:   6%|▌         | 17/283 [00:00<00:09, 29.46it/s, loss=0.583]
Epoch 0:   6%|▋         | 18/283 [00:00<00:08, 30.04it/s, loss=0.583]
Epoch 0:   6%|▋         | 18/283 [00:00<00:08, 30.03it/s, loss=0.585]
Epoch 0:   7%|▋         | 19/283 [00:00<00:08, 30.57it/s, loss=0.585]
Epoch 0:   7%|▋         | 19/283 [00:00<00:08, 30.56it/s, loss=0.582]
Epoch 0:   7%|▋         | 20/283 [00:00<00:08, 31.07it/s, loss=0.582]
Epoch 0:   7%|▋         | 20/283 [00:00<00:08, 31.06it/s, loss=0.582]
Epoch 0:   7%|▋         | 21/283 [00:00<00:08, 31.54it/s, loss=0.582]
Epoch 0:   7%|▋         | 21/283 [00:00<00:08, 31.53it/s, loss=0.574]
Epoch 0:   8%|▊         | 22/283 [00:00<00:08, 31.97it/s, loss=0.574]
Epoch 0:   8%|▊         | 22/283 [00:00<00:08, 31.96it/s, loss=0.569]
Epoch 0:   8%|▊         | 23/283 [00:00<00:08, 32.38it/s, loss=0.569]
Epoch 0:   8%|▊         | 23/283 [00:00<00:08, 32.37it/s, loss=0.561]
Epoch 0:   8%|▊         | 24/283 [00:00<00:07, 32.76it/s, loss=0.561]
Epoch 0:   8%|▊         | 24/283 [00:00<00:07, 32.75it/s, loss=0.557]
Epoch 0:   9%|▉         | 25/283 [00:00<00:07, 33.12it/s, loss=0.557]
Epoch 0:   9%|▉         | 25/283 [00:00<00:07, 33.11it/s, loss=0.559]
Epoch 0:   9%|▉         | 26/283 [00:00<00:07, 33.46it/s, loss=0.559]
Epoch 0:   9%|▉         | 26/283 [00:00<00:07, 33.45it/s, loss=0.558]
Epoch 0:  10%|▉         | 27/283 [00:00<00:07, 33.79it/s, loss=0.558]
Epoch 0:  10%|▉         | 27/283 [00:00<00:07, 33.78it/s, loss=0.553]
Epoch 0:  10%|▉         | 28/283 [00:00<00:07, 34.09it/s, loss=0.553]
Epoch 0:  10%|▉         | 28/283 [00:00<00:07, 34.08it/s, loss=0.553]
Epoch 0:  10%|█         | 29/283 [00:00<00:07, 34.38it/s, loss=0.553]
Epoch 0:  10%|█         | 29/283 [00:00<00:07, 34.37it/s, loss=0.548]
Epoch 0:  11%|█         | 30/283 [00:00<00:07, 34.65it/s, loss=0.548]
Epoch 0:  11%|█         | 30/283 [00:00<00:07, 34.65it/s, loss=0.54] 
Epoch 0:  11%|█         | 31/283 [00:00<00:07, 34.92it/s, loss=0.54]
Epoch 0:  11%|█         | 31/283 [00:00<00:07, 34.91it/s, loss=0.534]
Epoch 0:  11%|█▏        | 32/283 [00:00<00:07, 35.17it/s, loss=0.534]
Epoch 0:  11%|█▏        | 32/283 [00:00<00:07, 35.16it/s, loss=0.535]
Epoch 0:  12%|█▏        | 33/283 [00:00<00:07, 35.40it/s, loss=0.535]
Epoch 0:  12%|█▏        | 33/283 [00:00<00:07, 35.39it/s, loss=0.538]
Epoch 0:  12%|█▏        | 34/283 [00:00<00:06, 35.63it/s, loss=0.538]
Epoch 0:  12%|█▏        | 34/283 [00:00<00:06, 35.62it/s, loss=0.538]
Epoch 0:  12%|█▏        | 35/283 [00:00<00:06, 35.84it/s, loss=0.538]
Epoch 0:  12%|█▏        | 35/283 [00:00<00:06, 35.83it/s, loss=0.538]
Epoch 0:  13%|█▎        | 36/283 [00:00<00:06, 36.04it/s, loss=0.538]
Epoch 0:  13%|█▎        | 36/283 [00:00<00:06, 36.04it/s, loss=0.53] 
Epoch 0:  13%|█▎        | 37/283 [00:01<00:06, 36.24it/s, loss=0.53]
Epoch 0:  13%|█▎        | 37/283 [00:01<00:06, 36.23it/s, loss=0.524]
Epoch 0:  13%|█▎        | 38/283 [00:01<00:06, 36.43it/s, loss=0.524]
Epoch 0:  13%|█▎        | 38/283 [00:01<00:06, 36.42it/s, loss=0.511]
Epoch 0:  14%|█▍        | 39/283 [00:01<00:06, 36.61it/s, loss=0.511]
Epoch 0:  14%|█▍        | 39/283 [00:01<00:06, 36.60it/s, loss=0.51] 
Epoch 0:  14%|█▍        | 40/283 [00:01<00:06, 36.78it/s, loss=0.51]
Epoch 0:  14%|█▍        | 40/283 [00:01<00:06, 36.77it/s, loss=0.504]
Epoch 0:  14%|█▍        | 41/283 [00:01<00:06, 36.95it/s, loss=0.504]
Epoch 0:  14%|█▍        | 41/283 [00:01<00:06, 36.94it/s, loss=0.511]
Epoch 0:  15%|█▍        | 42/283 [00:01<00:06, 37.10it/s, loss=0.511]
Epoch 0:  15%|█▍        | 42/283 [00:01<00:06, 37.10it/s, loss=0.52] 
Epoch 0:  15%|█▌        | 43/283 [00:01<00:06, 37.26it/s, loss=0.52]
Epoch 0:  15%|█▌        | 43/283 [00:01<00:06, 37.25it/s, loss=0.526]
Epoch 0:  16%|█▌        | 44/283 [00:01<00:06, 37.41it/s, loss=0.526]
Epoch 0:  16%|█▌        | 44/283 [00:01<00:06, 37.40it/s, loss=0.534]
Epoch 0:  16%|█▌        | 45/283 [00:01<00:06, 37.55it/s, loss=0.534]
Epoch 0:  16%|█▌        | 45/283 [00:01<00:06, 37.54it/s, loss=0.527]
Epoch 0:  16%|█▋        | 46/283 [00:01<00:06, 37.69it/s, loss=0.527]
Epoch 0:  16%|█▋        | 46/283 [00:01<00:06, 37.68it/s, loss=0.528]
Epoch 0:  17%|█▋        | 47/283 [00:01<00:06, 37.82it/s, loss=0.528]
Epoch 0:  17%|█▋        | 47/283 [00:01<00:06, 37.81it/s, loss=0.522]
Epoch 0:  17%|█▋        | 48/283 [00:01<00:06, 37.95it/s, loss=0.522]
Epoch 0:  17%|█▋        | 48/283 [00:01<00:06, 37.94it/s, loss=0.513]
Epoch 0:  17%|█▋        | 49/283 [00:01<00:06, 38.07it/s, loss=0.513]
Epoch 0:  17%|█▋        | 49/283 [00:01<00:06, 38.06it/s, loss=0.509]
Epoch 0:  18%|█▊        | 50/283 [00:01<00:06, 38.19it/s, loss=0.509]
Epoch 0:  18%|█▊        | 50/283 [00:01<00:06, 38.18it/s, loss=0.508]
Epoch 0:  18%|█▊        | 51/283 [00:01<00:06, 38.29it/s, loss=0.508]
Epoch 0:  18%|█▊        | 51/283 [00:01<00:06, 38.29it/s, loss=0.511]
Epoch 0:  18%|█▊        | 52/283 [00:01<00:06, 38.40it/s, loss=0.511]
Epoch 0:  18%|█▊        | 52/283 [00:01<00:06, 38.40it/s, loss=0.507]
Epoch 0:  19%|█▊        | 53/283 [00:01<00:05, 38.51it/s, loss=0.507]
Epoch 0:  19%|█▊        | 53/283 [00:01<00:05, 38.50it/s, loss=0.505]
Epoch 0:  19%|█▉        | 54/283 [00:01<00:05, 38.61it/s, loss=0.505]
Epoch 0:  19%|█▉        | 54/283 [00:01<00:05, 38.61it/s, loss=0.495]
Epoch 0:  19%|█▉        | 55/283 [00:01<00:05, 38.71it/s, loss=0.495]
Epoch 0:  19%|█▉        | 55/283 [00:01<00:05, 38.71it/s, loss=0.497]
Epoch 0:  20%|█▉        | 56/283 [00:01<00:05, 38.81it/s, loss=0.497]
Epoch 0:  20%|█▉        | 56/283 [00:01<00:05, 38.80it/s, loss=0.501]
Epoch 0:  20%|██        | 57/283 [00:01<00:05, 38.90it/s, loss=0.501]
Epoch 0:  20%|██        | 57/283 [00:01<00:05, 38.90it/s, loss=0.498]
Epoch 0:  20%|██        | 58/283 [00:01<00:05, 38.99it/s, loss=0.498]
Epoch 0:  20%|██        | 58/283 [00:01<00:05, 38.99it/s, loss=0.507]
Epoch 0:  21%|██        | 59/283 [00:01<00:05, 39.08it/s, loss=0.507]
Epoch 0:  21%|██        | 59/283 [00:01<00:05, 39.08it/s, loss=0.501]
Epoch 0:  21%|██        | 60/283 [00:01<00:05, 39.17it/s, loss=0.501]
Epoch 0:  21%|██        | 60/283 [00:01<00:05, 39.17it/s, loss=0.502]
Epoch 0:  22%|██▏       | 61/283 [00:01<00:05, 39.25it/s, loss=0.502]
Epoch 0:  22%|██▏       | 61/283 [00:01<00:05, 39.25it/s, loss=0.491]
Epoch 0:  22%|██▏       | 62/283 [00:01<00:05, 39.34it/s, loss=0.491]
Epoch 0:  22%|██▏       | 62/283 [00:01<00:05, 39.33it/s, loss=0.472]
Epoch 0:  22%|██▏       | 63/283 [00:01<00:05, 39.41it/s, loss=0.472]
Epoch 0:  22%|██▏       | 63/283 [00:01<00:05, 39.41it/s, loss=0.463]
Epoch 0:  23%|██▎       | 64/283 [00:01<00:05, 39.49it/s, loss=0.463]
Epoch 0:  23%|██▎       | 64/283 [00:01<00:05, 39.49it/s, loss=0.452]
Epoch 0:  23%|██▎       | 65/283 [00:01<00:05, 39.57it/s, loss=0.452]
Epoch 0:  23%|██▎       | 65/283 [00:01<00:05, 39.56it/s, loss=0.457]
Epoch 0:  23%|██▎       | 66/283 [00:01<00:05, 39.64it/s, loss=0.457]
Epoch 0:  23%|██▎       | 66/283 [00:01<00:05, 39.63it/s, loss=0.46] 
Epoch 0:  24%|██▎       | 67/283 [00:01<00:05, 39.71it/s, loss=0.46]
Epoch 0:  24%|██▎       | 67/283 [00:01<00:05, 39.70it/s, loss=0.463]
Epoch 0:  24%|██▍       | 68/283 [00:01<00:05, 39.78it/s, loss=0.463]
Epoch 0:  24%|██▍       | 68/283 [00:01<00:05, 39.77it/s, loss=0.465]
Epoch 0:  24%|██▍       | 69/283 [00:01<00:05, 39.85it/s, loss=0.465]
Epoch 0:  24%|██▍       | 69/283 [00:01<00:05, 39.84it/s, loss=0.467]
Epoch 0:  25%|██▍       | 70/283 [00:01<00:05, 39.91it/s, loss=0.467]
Epoch 0:  25%|██▍       | 70/283 [00:01<00:05, 39.91it/s, loss=0.466]
Epoch 0:  25%|██▌       | 71/283 [00:01<00:05, 39.98it/s, loss=0.466]
Epoch 0:  25%|██▌       | 71/283 [00:01<00:05, 39.97it/s, loss=0.468]
Epoch 0:  25%|██▌       | 72/283 [00:01<00:05, 40.04it/s, loss=0.468]
Epoch 0:  25%|██▌       | 72/283 [00:01<00:05, 40.03it/s, loss=0.466]
Epoch 0:  26%|██▌       | 73/283 [00:01<00:05, 40.10it/s, loss=0.466]
Epoch 0:  26%|██▌       | 73/283 [00:01<00:05, 40.09it/s, loss=0.466]
Epoch 0:  26%|██▌       | 74/283 [00:01<00:05, 40.16it/s, loss=0.466]
Epoch 0:  26%|██▌       | 74/283 [00:01<00:05, 40.15it/s, loss=0.467]
Epoch 0:  27%|██▋       | 75/283 [00:01<00:05, 40.21it/s, loss=0.467]
Epoch 0:  27%|██▋       | 75/283 [00:01<00:05, 40.21it/s, loss=0.465]
Epoch 0:  27%|██▋       | 76/283 [00:01<00:05, 40.26it/s, loss=0.465]
Epoch 0:  27%|██▋       | 76/283 [00:01<00:05, 40.26it/s, loss=0.466]
Epoch 0:  27%|██▋       | 77/283 [00:01<00:05, 40.32it/s, loss=0.466]
Epoch 0:  27%|██▋       | 77/283 [00:01<00:05, 40.31it/s, loss=0.471]
Epoch 0:  28%|██▊       | 78/283 [00:01<00:05, 40.37it/s, loss=0.471]
Epoch 0:  28%|██▊       | 78/283 [00:01<00:05, 40.36it/s, loss=0.464]
Epoch 0:  28%|██▊       | 79/283 [00:01<00:05, 40.42it/s, loss=0.464]
Epoch 0:  28%|██▊       | 79/283 [00:01<00:05, 40.42it/s, loss=0.469]
Epoch 0:  28%|██▊       | 80/283 [00:01<00:05, 40.47it/s, loss=0.469]
Epoch 0:  28%|██▊       | 80/283 [00:01<00:05, 40.47it/s, loss=0.469]
Epoch 0:  29%|██▊       | 81/283 [00:01<00:04, 40.52it/s, loss=0.469]
Epoch 0:  29%|██▊       | 81/283 [00:01<00:04, 40.52it/s, loss=0.468]
Epoch 0:  29%|██▉       | 82/283 [00:02<00:04, 40.57it/s, loss=0.468]
Epoch 0:  29%|██▉       | 82/283 [00:02<00:04, 40.56it/s, loss=0.471]
Epoch 0:  29%|██▉       | 83/283 [00:02<00:04, 40.61it/s, loss=0.471]
Epoch 0:  29%|██▉       | 83/283 [00:02<00:04, 40.61it/s, loss=0.475]
Epoch 0:  30%|██▉       | 84/283 [00:02<00:04, 40.66it/s, loss=0.475]
Epoch 0:  30%|██▉       | 84/283 [00:02<00:04, 40.65it/s, loss=0.474]
Epoch 0:  30%|███       | 85/283 [00:02<00:04, 40.70it/s, loss=0.474]
Epoch 0:  30%|███       | 85/283 [00:02<00:04, 40.70it/s, loss=0.467]
Epoch 0:  30%|███       | 86/283 [00:02<00:04, 40.75it/s, loss=0.467]
Epoch 0:  30%|███       | 86/283 [00:02<00:04, 40.74it/s, loss=0.461]
Epoch 0:  31%|███       | 87/283 [00:02<00:04, 40.79it/s, loss=0.461]
Epoch 0:  31%|███       | 87/283 [00:02<00:04, 40.79it/s, loss=0.46] 
Epoch 0:  31%|███       | 88/283 [00:02<00:04, 40.83it/s, loss=0.46]
Epoch 0:  31%|███       | 88/283 [00:02<00:04, 40.83it/s, loss=0.46]
Epoch 0:  31%|███▏      | 89/283 [00:02<00:04, 40.87it/s, loss=0.46]
Epoch 0:  31%|███▏      | 89/283 [00:02<00:04, 40.87it/s, loss=0.458]
Epoch 0:  32%|███▏      | 90/283 [00:02<00:04, 40.91it/s, loss=0.458]
Epoch 0:  32%|███▏      | 90/283 [00:02<00:04, 40.91it/s, loss=0.456]
Epoch 0:  32%|███▏      | 91/283 [00:02<00:04, 40.95it/s, loss=0.456]
Epoch 0:  32%|███▏      | 91/283 [00:02<00:04, 40.95it/s, loss=0.451]
Epoch 0:  33%|███▎      | 92/283 [00:02<00:04, 40.99it/s, loss=0.451]
Epoch 0:  33%|███▎      | 92/283 [00:02<00:04, 40.99it/s, loss=0.448]
Epoch 0:  33%|███▎      | 93/283 [00:02<00:04, 41.03it/s, loss=0.448]
Epoch 0:  33%|███▎      | 93/283 [00:02<00:04, 41.02it/s, loss=0.445]
Epoch 0:  33%|███▎      | 94/283 [00:02<00:04, 41.07it/s, loss=0.445]
Epoch 0:  33%|███▎      | 94/283 [00:02<00:04, 41.06it/s, loss=0.447]
Epoch 0:  34%|███▎      | 95/283 [00:02<00:04, 41.10it/s, loss=0.447]
Epoch 0:  34%|███▎      | 95/283 [00:02<00:04, 41.10it/s, loss=0.45] 
Epoch 0:  34%|███▍      | 96/283 [00:02<00:04, 41.14it/s, loss=0.45]
Epoch 0:  34%|███▍      | 96/283 [00:02<00:04, 41.14it/s, loss=0.445]
Epoch 0:  34%|███▍      | 97/283 [00:02<00:04, 41.17it/s, loss=0.445]
Epoch 0:  34%|███▍      | 97/283 [00:02<00:04, 41.17it/s, loss=0.441]
Epoch 0:  35%|███▍      | 98/283 [00:02<00:04, 41.21it/s, loss=0.441]
Epoch 0:  35%|███▍      | 98/283 [00:02<00:04, 41.20it/s, loss=0.442]
Epoch 0:  35%|███▍      | 99/283 [00:02<00:04, 41.24it/s, loss=0.442]
Epoch 0:  35%|███▍      | 99/283 [00:02<00:04, 41.24it/s, loss=0.439]
Epoch 0:  35%|███▌      | 100/283 [00:02<00:04, 41.27it/s, loss=0.439]
Epoch 0:  35%|███▌      | 100/283 [00:02<00:04, 41.27it/s, loss=0.439]
Epoch 0:  36%|███▌      | 101/283 [00:02<00:04, 41.30it/s, loss=0.439]
Epoch 0:  36%|███▌      | 101/283 [00:02<00:04, 41.30it/s, loss=0.44] 
Epoch 0:  36%|███▌      | 102/283 [00:02<00:04, 41.34it/s, loss=0.44]
Epoch 0:  36%|███▌      | 102/283 [00:02<00:04, 41.33it/s, loss=0.441]
Epoch 0:  36%|███▋      | 103/283 [00:02<00:04, 41.37it/s, loss=0.441]
Epoch 0:  36%|███▋      | 103/283 [00:02<00:04, 41.36it/s, loss=0.436]
Epoch 0:  37%|███▋      | 104/283 [00:02<00:04, 41.40it/s, loss=0.436]
Epoch 0:  37%|███▋      | 104/283 [00:02<00:04, 41.39it/s, loss=0.434]
Epoch 0:  37%|███▋      | 105/283 [00:02<00:04, 41.43it/s, loss=0.434]
Epoch 0:  37%|███▋      | 105/283 [00:02<00:04, 41.42it/s, loss=0.436]
Epoch 0:  37%|███▋      | 106/283 [00:02<00:04, 41.45it/s, loss=0.436]
Epoch 0:  37%|███▋      | 106/283 [00:02<00:04, 41.45it/s, loss=0.431]
Epoch 0:  38%|███▊      | 107/283 [00:02<00:04, 41.48it/s, loss=0.431]
Epoch 0:  38%|███▊      | 107/283 [00:02<00:04, 41.48it/s, loss=0.429]
Epoch 0:  38%|███▊      | 108/283 [00:02<00:04, 41.51it/s, loss=0.429]
Epoch 0:  38%|███▊      | 108/283 [00:02<00:04, 41.51it/s, loss=0.427]
Epoch 0:  39%|███▊      | 109/283 [00:02<00:04, 41.54it/s, loss=0.427]
Epoch 0:  39%|███▊      | 109/283 [00:02<00:04, 41.53it/s, loss=0.425]
Epoch 0:  39%|███▉      | 110/283 [00:02<00:04, 41.56it/s, loss=0.425]
Epoch 0:  39%|███▉      | 110/283 [00:02<00:04, 41.56it/s, loss=0.425]
Epoch 0:  39%|███▉      | 111/283 [00:02<00:04, 41.59it/s, loss=0.425]
Epoch 0:  39%|███▉      | 111/283 [00:02<00:04, 41.59it/s, loss=0.424]
Epoch 0:  40%|███▉      | 112/283 [00:02<00:04, 41.62it/s, loss=0.424]
Epoch 0:  40%|███▉      | 112/283 [00:02<00:04, 41.61it/s, loss=0.43] 
Epoch 0:  40%|███▉      | 113/283 [00:02<00:04, 41.64it/s, loss=0.43]
Epoch 0:  40%|███▉      | 113/283 [00:02<00:04, 41.64it/s, loss=0.426]
Epoch 0:  40%|████      | 114/283 [00:02<00:04, 41.67it/s, loss=0.426]
Epoch 0:  40%|████      | 114/283 [00:02<00:04, 41.66it/s, loss=0.419]
Epoch 0:  41%|████      | 115/283 [00:02<00:04, 41.69it/s, loss=0.419]
Epoch 0:  41%|████      | 115/283 [00:02<00:04, 41.69it/s, loss=0.414]
Epoch 0:  41%|████      | 116/283 [00:02<00:04, 41.72it/s, loss=0.414]
Epoch 0:  41%|████      | 116/283 [00:02<00:04, 41.71it/s, loss=0.416]
Epoch 0:  41%|████▏     | 117/283 [00:02<00:03, 41.74it/s, loss=0.416]
Epoch 0:  41%|████▏     | 117/283 [00:02<00:03, 41.74it/s, loss=0.421]
Epoch 0:  42%|████▏     | 118/283 [00:02<00:03, 41.72it/s, loss=0.421]
Epoch 0:  42%|████▏     | 118/283 [00:02<00:03, 41.72it/s, loss=0.418]
Epoch 0:  42%|████▏     | 119/283 [00:02<00:03, 41.74it/s, loss=0.418]
Epoch 0:  42%|████▏     | 119/283 [00:02<00:03, 41.74it/s, loss=0.42] 
Epoch 0:  42%|████▏     | 120/283 [00:02<00:03, 41.77it/s, loss=0.42]
Epoch 0:  42%|████▏     | 120/283 [00:02<00:03, 41.76it/s, loss=0.415]
Epoch 0:  43%|████▎     | 121/283 [00:02<00:03, 41.79it/s, loss=0.415]
Epoch 0:  43%|████▎     | 121/283 [00:02<00:03, 41.79it/s, loss=0.409]
Epoch 0:  43%|████▎     | 122/283 [00:02<00:03, 41.81it/s, loss=0.409]
Epoch 0:  43%|████▎     | 122/283 [00:02<00:03, 41.81it/s, loss=0.409]
Epoch 0:  43%|████▎     | 123/283 [00:02<00:03, 41.83it/s, loss=0.409]
Epoch 0:  43%|████▎     | 123/283 [00:02<00:03, 41.83it/s, loss=0.409]
Epoch 0:  44%|████▍     | 124/283 [00:02<00:03, 41.86it/s, loss=0.409]
Epoch 0:  44%|████▍     | 124/283 [00:02<00:03, 41.85it/s, loss=0.411]
Epoch 0:  44%|████▍     | 125/283 [00:02<00:03, 41.88it/s, loss=0.411]
Epoch 0:  44%|████▍     | 125/283 [00:02<00:03, 41.87it/s, loss=0.409]
Epoch 0:  45%|████▍     | 126/283 [00:03<00:03, 41.90it/s, loss=0.409]
Epoch 0:  45%|████▍     | 126/283 [00:03<00:03, 41.90it/s, loss=0.412]
Epoch 0:  45%|████▍     | 127/283 [00:03<00:03, 41.92it/s, loss=0.412]
Epoch 0:  45%|████▍     | 127/283 [00:03<00:03, 41.91it/s, loss=0.412]
Epoch 0:  45%|████▌     | 128/283 [00:03<00:03, 41.94it/s, loss=0.412]
Epoch 0:  45%|████▌     | 128/283 [00:03<00:03, 41.94it/s, loss=0.414]
Epoch 0:  46%|████▌     | 129/283 [00:03<00:03, 41.96it/s, loss=0.414]
Epoch 0:  46%|████▌     | 129/283 [00:03<00:03, 41.96it/s, loss=0.415]
Epoch 0:  46%|████▌     | 130/283 [00:03<00:03, 41.98it/s, loss=0.415]
Epoch 0:  46%|████▌     | 130/283 [00:03<00:03, 41.98it/s, loss=0.415]
Epoch 0:  46%|████▋     | 131/283 [00:03<00:03, 42.00it/s, loss=0.415]
Epoch 0:  46%|████▋     | 131/283 [00:03<00:03, 41.99it/s, loss=0.415]
Epoch 0:  47%|████▋     | 132/283 [00:03<00:03, 42.02it/s, loss=0.415]
Epoch 0:  47%|████▋     | 132/283 [00:03<00:03, 42.01it/s, loss=0.409]
Epoch 0:  47%|████▋     | 133/283 [00:03<00:03, 41.99it/s, loss=0.409]
Epoch 0:  47%|████▋     | 133/283 [00:03<00:03, 41.99it/s, loss=0.41] 
Epoch 0:  47%|████▋     | 134/283 [00:03<00:03, 42.00it/s, loss=0.41]
Epoch 0:  47%|████▋     | 134/283 [00:03<00:03, 41.99it/s, loss=0.414]
Epoch 0:  48%|████▊     | 135/283 [00:03<00:03, 42.00it/s, loss=0.414]
Epoch 0:  48%|████▊     | 135/283 [00:03<00:03, 42.00it/s, loss=0.412]
Epoch 0:  48%|████▊     | 136/283 [00:03<00:03, 42.00it/s, loss=0.412]
Epoch 0:  48%|████▊     | 136/283 [00:03<00:03, 42.00it/s, loss=0.412]
Epoch 0:  48%|████▊     | 137/283 [00:03<00:03, 41.99it/s, loss=0.412]
Epoch 0:  48%|████▊     | 137/283 [00:03<00:03, 41.99it/s, loss=0.411]
Epoch 0:  49%|████▉     | 138/283 [00:03<00:03, 42.01it/s, loss=0.411]
Epoch 0:  49%|████▉     | 138/283 [00:03<00:03, 42.00it/s, loss=0.418]
Epoch 0:  49%|████▉     | 139/283 [00:03<00:03, 42.02it/s, loss=0.418]
Epoch 0:  49%|████▉     | 139/283 [00:03<00:03, 42.02it/s, loss=0.418]
Epoch 0:  49%|████▉     | 140/283 [00:03<00:03, 42.04it/s, loss=0.418]
Epoch 0:  49%|████▉     | 140/283 [00:03<00:03, 42.04it/s, loss=0.418]
Epoch 0:  50%|████▉     | 141/283 [00:03<00:03, 42.06it/s, loss=0.418]
Epoch 0:  50%|████▉     | 141/283 [00:03<00:03, 42.06it/s, loss=0.415]
Epoch 0:  50%|█████     | 142/283 [00:03<00:03, 42.08it/s, loss=0.415]
Epoch 0:  50%|█████     | 142/283 [00:03<00:03, 42.08it/s, loss=0.42] 
Epoch 0:  51%|█████     | 143/283 [00:03<00:03, 42.10it/s, loss=0.42]
Epoch 0:  51%|█████     | 143/283 [00:03<00:03, 42.10it/s, loss=0.42]
Epoch 0:  51%|█████     | 144/283 [00:03<00:03, 42.12it/s, loss=0.42]
Epoch 0:  51%|█████     | 144/283 [00:03<00:03, 42.11it/s, loss=0.421]
Epoch 0:  51%|█████     | 145/283 [00:03<00:03, 42.14it/s, loss=0.421]
Epoch 0:  51%|█████     | 145/283 [00:03<00:03, 42.13it/s, loss=0.419]
Epoch 0:  52%|█████▏    | 146/283 [00:03<00:03, 42.15it/s, loss=0.419]
Epoch 0:  52%|█████▏    | 146/283 [00:03<00:03, 42.15it/s, loss=0.414]
Epoch 0:  52%|█████▏    | 147/283 [00:03<00:03, 42.17it/s, loss=0.414]
Epoch 0:  52%|█████▏    | 147/283 [00:03<00:03, 42.17it/s, loss=0.413]
Epoch 0:  52%|█████▏    | 148/283 [00:03<00:03, 42.19it/s, loss=0.413]
Epoch 0:  52%|█████▏    | 148/283 [00:03<00:03, 42.19it/s, loss=0.407]
Epoch 0:  53%|█████▎    | 149/283 [00:03<00:03, 42.21it/s, loss=0.407]
Epoch 0:  53%|█████▎    | 149/283 [00:03<00:03, 42.20it/s, loss=0.407]
Epoch 0:  53%|█████▎    | 150/283 [00:03<00:03, 42.23it/s, loss=0.407]
Epoch 0:  53%|█████▎    | 150/283 [00:03<00:03, 42.22it/s, loss=0.407]
Epoch 0:  53%|█████▎    | 151/283 [00:03<00:03, 42.24it/s, loss=0.407]
Epoch 0:  53%|█████▎    | 151/283 [00:03<00:03, 42.24it/s, loss=0.408]
Epoch 0:  54%|█████▎    | 152/283 [00:03<00:03, 42.26it/s, loss=0.408]
Epoch 0:  54%|█████▎    | 152/283 [00:03<00:03, 42.25it/s, loss=0.408]
Epoch 0:  54%|█████▍    | 153/283 [00:03<00:03, 42.27it/s, loss=0.408]
Epoch 0:  54%|█████▍    | 153/283 [00:03<00:03, 42.27it/s, loss=0.415]
Epoch 0:  54%|█████▍    | 154/283 [00:03<00:03, 42.29it/s, loss=0.415]
Epoch 0:  54%|█████▍    | 154/283 [00:03<00:03, 42.28it/s, loss=0.414]
Epoch 0:  55%|█████▍    | 155/283 [00:03<00:03, 42.30it/s, loss=0.414]
Epoch 0:  55%|█████▍    | 155/283 [00:03<00:03, 42.30it/s, loss=0.415]
Epoch 0:  55%|█████▌    | 156/283 [00:03<00:03, 42.32it/s, loss=0.415]
Epoch 0:  55%|█████▌    | 156/283 [00:03<00:03, 42.32it/s, loss=0.414]
Epoch 0:  55%|█████▌    | 157/283 [00:03<00:02, 42.33it/s, loss=0.414]
Epoch 0:  55%|█████▌    | 157/283 [00:03<00:02, 42.33it/s, loss=0.417]
Epoch 0:  56%|█████▌    | 158/283 [00:03<00:02, 42.35it/s, loss=0.417]
Epoch 0:  56%|█████▌    | 158/283 [00:03<00:02, 42.35it/s, loss=0.409]
Epoch 0:  56%|█████▌    | 159/283 [00:03<00:02, 42.37it/s, loss=0.409]
Epoch 0:  56%|█████▌    | 159/283 [00:03<00:02, 42.36it/s, loss=0.406]
Epoch 0:  57%|█████▋    | 160/283 [00:03<00:02, 42.38it/s, loss=0.406]
Epoch 0:  57%|█████▋    | 160/283 [00:03<00:02, 42.38it/s, loss=0.405]
Epoch 0:  57%|█████▋    | 161/283 [00:03<00:02, 42.40it/s, loss=0.405]
Epoch 0:  57%|█████▋    | 161/283 [00:03<00:02, 42.40it/s, loss=0.409]
Epoch 0:  57%|█████▋    | 162/283 [00:03<00:02, 42.41it/s, loss=0.409]
Epoch 0:  57%|█████▋    | 162/283 [00:03<00:02, 42.41it/s, loss=0.405]
Epoch 0:  58%|█████▊    | 163/283 [00:03<00:02, 42.43it/s, loss=0.405]
Epoch 0:  58%|█████▊    | 163/283 [00:03<00:02, 42.43it/s, loss=0.409]
Epoch 0:  58%|█████▊    | 164/283 [00:03<00:02, 42.44it/s, loss=0.409]
Epoch 0:  58%|█████▊    | 164/283 [00:03<00:02, 42.44it/s, loss=0.405]
Epoch 0:  58%|█████▊    | 165/283 [00:03<00:02, 42.46it/s, loss=0.405]
Epoch 0:  58%|█████▊    | 165/283 [00:03<00:02, 42.46it/s, loss=0.409]
Epoch 0:  59%|█████▊    | 166/283 [00:03<00:02, 42.47it/s, loss=0.409]
Epoch 0:  59%|█████▊    | 166/283 [00:03<00:02, 42.47it/s, loss=0.416]
Epoch 0:  59%|█████▉    | 167/283 [00:03<00:02, 42.49it/s, loss=0.416]
Epoch 0:  59%|█████▉    | 167/283 [00:03<00:02, 42.49it/s, loss=0.414]
Epoch 0:  59%|█████▉    | 168/283 [00:03<00:02, 42.50it/s, loss=0.414]
Epoch 0:  59%|█████▉    | 168/283 [00:03<00:02, 42.50it/s, loss=0.417]
Epoch 0:  60%|█████▉    | 169/283 [00:03<00:02, 42.52it/s, loss=0.417]
Epoch 0:  60%|█████▉    | 169/283 [00:03<00:02, 42.52it/s, loss=0.42] 
Epoch 0:  60%|██████    | 170/283 [00:04<00:02, 42.50it/s, loss=0.42]
Epoch 0:  60%|██████    | 170/283 [00:04<00:02, 42.49it/s, loss=0.421]
Epoch 0:  60%|██████    | 171/283 [00:04<00:02, 42.49it/s, loss=0.421]
Epoch 0:  60%|██████    | 171/283 [00:04<00:02, 42.49it/s, loss=0.42] 
Epoch 0:  61%|██████    | 172/283 [00:04<00:02, 42.51it/s, loss=0.42]
Epoch 0:  61%|██████    | 172/283 [00:04<00:02, 42.50it/s, loss=0.423]
Epoch 0:  61%|██████    | 173/283 [00:04<00:02, 42.52it/s, loss=0.423]
Epoch 0:  61%|██████    | 173/283 [00:04<00:02, 42.52it/s, loss=0.419]
Epoch 0:  61%|██████▏   | 174/283 [00:04<00:02, 42.53it/s, loss=0.419]
Epoch 0:  61%|██████▏   | 174/283 [00:04<00:02, 42.53it/s, loss=0.422]
Epoch 0:  62%|██████▏   | 175/283 [00:04<00:02, 42.55it/s, loss=0.422]
Epoch 0:  62%|██████▏   | 175/283 [00:04<00:02, 42.54it/s, loss=0.421]
Epoch 0:  62%|██████▏   | 176/283 [00:04<00:02, 42.56it/s, loss=0.421]
Epoch 0:  62%|██████▏   | 176/283 [00:04<00:02, 42.56it/s, loss=0.421]
Epoch 0:  63%|██████▎   | 177/283 [00:04<00:02, 42.57it/s, loss=0.421]
Epoch 0:  63%|██████▎   | 177/283 [00:04<00:02, 42.57it/s, loss=0.419]
Epoch 0:  63%|██████▎   | 178/283 [00:04<00:02, 42.59it/s, loss=0.419]
Epoch 0:  63%|██████▎   | 178/283 [00:04<00:02, 42.58it/s, loss=0.422]
Epoch 0:  63%|██████▎   | 179/283 [00:04<00:02, 42.60it/s, loss=0.422]
Epoch 0:  63%|██████▎   | 179/283 [00:04<00:02, 42.60it/s, loss=0.429]
Epoch 0:  64%|██████▎   | 180/283 [00:04<00:02, 42.61it/s, loss=0.429]
Epoch 0:  64%|██████▎   | 180/283 [00:04<00:02, 42.61it/s, loss=0.432]
Epoch 0:  64%|██████▍   | 181/283 [00:04<00:02, 42.62it/s, loss=0.432]
Epoch 0:  64%|██████▍   | 181/283 [00:04<00:02, 42.62it/s, loss=0.437]
Epoch 0:  64%|██████▍   | 182/283 [00:04<00:02, 42.64it/s, loss=0.437]
Epoch 0:  64%|██████▍   | 182/283 [00:04<00:02, 42.63it/s, loss=0.435]
Epoch 0:  65%|██████▍   | 183/283 [00:04<00:02, 42.65it/s, loss=0.435]
Epoch 0:  65%|██████▍   | 183/283 [00:04<00:02, 42.65it/s, loss=0.433]
Epoch 0:  65%|██████▌   | 184/283 [00:04<00:02, 42.66it/s, loss=0.433]
Epoch 0:  65%|██████▌   | 184/283 [00:04<00:02, 42.66it/s, loss=0.434]
Epoch 0:  65%|██████▌   | 185/283 [00:04<00:02, 42.67it/s, loss=0.434]
Epoch 0:  65%|██████▌   | 185/283 [00:04<00:02, 42.67it/s, loss=0.435]
Epoch 0:  66%|██████▌   | 186/283 [00:04<00:02, 42.69it/s, loss=0.435]
Epoch 0:  66%|██████▌   | 186/283 [00:04<00:02, 42.68it/s, loss=0.433]
Epoch 0:  66%|██████▌   | 187/283 [00:04<00:02, 42.70it/s, loss=0.433]
Epoch 0:  66%|██████▌   | 187/283 [00:04<00:02, 42.70it/s, loss=0.431]
Epoch 0:  66%|██████▋   | 188/283 [00:04<00:02, 42.71it/s, loss=0.431]
Epoch 0:  66%|██████▋   | 188/283 [00:04<00:02, 42.71it/s, loss=0.43] 
Epoch 0:  67%|██████▋   | 189/283 [00:04<00:02, 42.72it/s, loss=0.43]
Epoch 0:  67%|██████▋   | 189/283 [00:04<00:02, 42.72it/s, loss=0.429]
Epoch 0:  67%|██████▋   | 190/283 [00:04<00:02, 42.73it/s, loss=0.429]
Epoch 0:  67%|██████▋   | 190/283 [00:04<00:02, 42.72it/s, loss=0.428]
Epoch 0:  67%|██████▋   | 191/283 [00:04<00:02, 42.73it/s, loss=0.428]
Epoch 0:  67%|██████▋   | 191/283 [00:04<00:02, 42.73it/s, loss=0.431]
Epoch 0:  68%|██████▊   | 192/283 [00:04<00:02, 42.74it/s, loss=0.431]
Epoch 0:  68%|██████▊   | 192/283 [00:04<00:02, 42.74it/s, loss=0.437]
Epoch 0:  68%|██████▊   | 193/283 [00:04<00:02, 42.75it/s, loss=0.437]
Epoch 0:  68%|██████▊   | 193/283 [00:04<00:02, 42.75it/s, loss=0.436]
Epoch 0:  69%|██████▊   | 194/283 [00:04<00:02, 42.76it/s, loss=0.436]
Epoch 0:  69%|██████▊   | 194/283 [00:04<00:02, 42.76it/s, loss=0.432]
Epoch 0:  69%|██████▉   | 195/283 [00:04<00:02, 42.77it/s, loss=0.432]
Epoch 0:  69%|██████▉   | 195/283 [00:04<00:02, 42.77it/s, loss=0.432]
Epoch 0:  69%|██████▉   | 196/283 [00:04<00:02, 42.78it/s, loss=0.432]
Epoch 0:  69%|██████▉   | 196/283 [00:04<00:02, 42.78it/s, loss=0.433]
Epoch 0:  70%|██████▉   | 197/283 [00:04<00:02, 42.79it/s, loss=0.433]
Epoch 0:  70%|██████▉   | 197/283 [00:04<00:02, 42.79it/s, loss=0.431]
Epoch 0:  70%|██████▉   | 198/283 [00:04<00:01, 42.80it/s, loss=0.431]
Epoch 0:  70%|██████▉   | 198/283 [00:04<00:01, 42.80it/s, loss=0.432]
Epoch 0:  70%|███████   | 199/283 [00:04<00:01, 42.81it/s, loss=0.432]
Epoch 0:  70%|███████   | 199/283 [00:04<00:01, 42.81it/s, loss=0.425]
Epoch 0:  71%|███████   | 200/283 [00:04<00:01, 42.83it/s, loss=0.425]
Epoch 0:  71%|███████   | 200/283 [00:04<00:01, 42.82it/s, loss=0.422]
Epoch 0:  71%|███████   | 201/283 [00:04<00:01, 42.83it/s, loss=0.422]
Epoch 0:  71%|███████   | 201/283 [00:04<00:01, 42.83it/s, loss=0.42] 
Epoch 0:  71%|███████▏  | 202/283 [00:04<00:01, 42.85it/s, loss=0.42]
Epoch 0:  71%|███████▏  | 202/283 [00:04<00:01, 42.84it/s, loss=0.418]
Epoch 0:  72%|███████▏  | 203/283 [00:04<00:01, 42.86it/s, loss=0.418]
Epoch 0:  72%|███████▏  | 203/283 [00:04<00:01, 42.85it/s, loss=0.417]
Epoch 0:  72%|███████▏  | 204/283 [00:04<00:01, 42.86it/s, loss=0.417]
Epoch 0:  72%|███████▏  | 204/283 [00:04<00:01, 42.86it/s, loss=0.42] 
Epoch 0:  72%|███████▏  | 205/283 [00:04<00:01, 42.88it/s, loss=0.42]
Epoch 0:  72%|███████▏  | 205/283 [00:04<00:01, 42.87it/s, loss=0.417]
Epoch 0:  73%|███████▎  | 206/283 [00:04<00:01, 42.89it/s, loss=0.417]
Epoch 0:  73%|███████▎  | 206/283 [00:04<00:01, 42.88it/s, loss=0.418]
Epoch 0:  73%|███████▎  | 207/283 [00:04<00:01, 42.89it/s, loss=0.418]
Epoch 0:  73%|███████▎  | 207/283 [00:04<00:01, 42.89it/s, loss=0.42] 
Epoch 0:  73%|███████▎  | 208/283 [00:04<00:01, 42.91it/s, loss=0.42]
Epoch 0:  73%|███████▎  | 208/283 [00:04<00:01, 42.90it/s, loss=0.416]
Epoch 0:  74%|███████▍  | 209/283 [00:04<00:01, 42.92it/s, loss=0.416]
Epoch 0:  74%|███████▍  | 209/283 [00:04<00:01, 42.91it/s, loss=0.417]
Epoch 0:  74%|███████▍  | 210/283 [00:04<00:01, 42.92it/s, loss=0.417]
Epoch 0:  74%|███████▍  | 210/283 [00:04<00:01, 42.91it/s, loss=0.416]
Epoch 0:  75%|███████▍  | 211/283 [00:04<00:01, 42.93it/s, loss=0.416]
Epoch 0:  75%|███████▍  | 211/283 [00:04<00:01, 42.92it/s, loss=0.413]
Epoch 0:  75%|███████▍  | 212/283 [00:04<00:01, 42.94it/s, loss=0.413]
Epoch 0:  75%|███████▍  | 212/283 [00:04<00:01, 42.94it/s, loss=0.409]

Validation: 0it [00:00, ?it/s][A

Validation:   0%|          | 0/71 [00:00<?, ?it/s][A

Validation DataLoader 0:   0%|          | 0/71 [00:00<?, ?it/s][A

Validation DataLoader 0:   1%|▏         | 1/71 [00:00<00:00, 130.95it/s][A
Epoch 0:  75%|███████▌  | 213/283 [00:05<00:01, 42.20it/s, loss=0.409]

Validation DataLoader 0:   3%|▎         | 2/71 [00:00<00:00, 82.53it/s] [A
Epoch 0:  76%|███████▌  | 214/283 [00:05<00:01, 42.26it/s, loss=0.409]

Validation DataLoader 0:   4%|▍         | 3/71 [00:00<00:01, 66.33it/s][A
Epoch 0:  76%|███████▌  | 215/283 [00:05<00:01, 42.28it/s, loss=0.409]

Validation DataLoader 0:   6%|▌         | 4/71 [00:00<00:01, 60.42it/s][A
Epoch 0:  76%|███████▋  | 216/283 [00:05<00:01, 42.30it/s, loss=0.409]

Validation DataLoader 0:   7%|▋         | 5/71 [00:00<00:01, 57.83it/s][A
Epoch 0:  77%|███████▋  | 217/283 [00:05<00:01, 42.33it/s, loss=0.409]

Validation DataLoader 0:   8%|▊         | 6/71 [00:00<00:01, 56.32it/s][A
Epoch 0:  77%|███████▋  | 218/283 [00:05<00:01, 42.36it/s, loss=0.409]

Validation DataLoader 0:  10%|▉         | 7/71 [00:00<00:01, 55.03it/s][A
Epoch 0:  77%|███████▋  | 219/283 [00:05<00:01, 42.38it/s, loss=0.409]

Validation DataLoader 0:  11%|█▏        | 8/71 [00:00<00:01, 54.12it/s][A
Epoch 0:  78%|███████▊  | 220/283 [00:05<00:01, 42.41it/s, loss=0.409]

Validation DataLoader 0:  13%|█▎        | 9/71 [00:00<00:01, 53.55it/s][A
Epoch 0:  78%|███████▊  | 221/283 [00:05<00:01, 42.43it/s, loss=0.409]

Validation DataLoader 0:  14%|█▍        | 10/71 [00:00<00:01, 53.17it/s][A
Epoch 0:  78%|███████▊  | 222/283 [00:05<00:01, 42.46it/s, loss=0.409]

Validation DataLoader 0:  15%|█▌        | 11/71 [00:00<00:01, 52.67it/s][A
Epoch 0:  79%|███████▉  | 223/283 [00:05<00:01, 42.49it/s, loss=0.409]

Validation DataLoader 0:  17%|█▋        | 12/71 [00:00<00:01, 52.39it/s][A
Epoch 0:  79%|███████▉  | 224/283 [00:05<00:01, 42.51it/s, loss=0.409]

Validation DataLoader 0:  18%|█▊        | 13/71 [00:00<00:01, 52.04it/s][A
Epoch 0:  80%|███████▉  | 225/283 [00:05<00:01, 42.53it/s, loss=0.409]

Validation DataLoader 0:  20%|█▉        | 14/71 [00:00<00:01, 51.90it/s][A
Epoch 0:  80%|███████▉  | 226/283 [00:05<00:01, 42.56it/s, loss=0.409]

Validation DataLoader 0:  21%|██        | 15/71 [00:00<00:01, 51.51it/s][A
Epoch 0:  80%|████████  | 227/283 [00:05<00:01, 42.58it/s, loss=0.409]

Validation DataLoader 0:  23%|██▎       | 16/71 [00:00<00:01, 51.28it/s][A
Epoch 0:  81%|████████  | 228/283 [00:05<00:01, 42.60it/s, loss=0.409]

Validation DataLoader 0:  24%|██▍       | 17/71 [00:00<00:01, 51.09it/s][A
Epoch 0:  81%|████████  | 229/283 [00:05<00:01, 42.62it/s, loss=0.409]

Validation DataLoader 0:  25%|██▌       | 18/71 [00:00<00:01, 50.97it/s][A
Epoch 0:  81%|████████▏ | 230/283 [00:05<00:01, 42.65it/s, loss=0.409]

Validation DataLoader 0:  27%|██▋       | 19/71 [00:00<00:01, 50.62it/s][A
Epoch 0:  82%|████████▏ | 231/283 [00:05<00:01, 42.66it/s, loss=0.409]

Validation DataLoader 0:  28%|██▊       | 20/71 [00:00<00:01, 50.67it/s][A
Epoch 0:  82%|████████▏ | 232/283 [00:05<00:01, 42.69it/s, loss=0.409]

Validation DataLoader 0:  30%|██▉       | 21/71 [00:00<00:00, 50.62it/s][A
Epoch 0:  82%|████████▏ | 233/283 [00:05<00:01, 42.71it/s, loss=0.409]

Validation DataLoader 0:  31%|███       | 22/71 [00:00<00:00, 50.50it/s][A
Epoch 0:  83%|████████▎ | 234/283 [00:05<00:01, 42.73it/s, loss=0.409]

Validation DataLoader 0:  32%|███▏      | 23/71 [00:00<00:00, 50.44it/s][A
Epoch 0:  83%|████████▎ | 235/283 [00:05<00:01, 42.76it/s, loss=0.409]

Validation DataLoader 0:  34%|███▍      | 24/71 [00:00<00:00, 50.40it/s][A
Epoch 0:  83%|████████▎ | 236/283 [00:05<00:01, 42.78it/s, loss=0.409]

Validation DataLoader 0:  35%|███▌      | 25/71 [00:00<00:00, 50.32it/s][A
Epoch 0:  84%|████████▎ | 237/283 [00:05<00:01, 42.80it/s, loss=0.409]

Validation DataLoader 0:  37%|███▋      | 26/71 [00:00<00:00, 50.22it/s][A
Epoch 0:  84%|████████▍ | 238/283 [00:05<00:01, 42.82it/s, loss=0.409]

Validation DataLoader 0:  38%|███▊      | 27/71 [00:00<00:00, 50.18it/s][A
Epoch 0:  84%|████████▍ | 239/283 [00:05<00:01, 42.85it/s, loss=0.409]

Validation DataLoader 0:  39%|███▉      | 28/71 [00:00<00:00, 50.12it/s][A
Epoch 0:  85%|████████▍ | 240/283 [00:05<00:01, 42.87it/s, loss=0.409]

Validation DataLoader 0:  41%|████      | 29/71 [00:00<00:00, 50.08it/s][A
Epoch 0:  85%|████████▌ | 241/283 [00:05<00:00, 42.89it/s, loss=0.409]

Validation DataLoader 0:  42%|████▏     | 30/71 [00:00<00:00, 50.03it/s][A
Epoch 0:  86%|████████▌ | 242/283 [00:05<00:00, 42.91it/s, loss=0.409]

Validation DataLoader 0:  44%|████▎     | 31/71 [00:00<00:00, 49.96it/s][A
Epoch 0:  86%|████████▌ | 243/283 [00:05<00:00, 42.93it/s, loss=0.409]

Validation DataLoader 0:  45%|████▌     | 32/71 [00:00<00:00, 49.92it/s][A
Epoch 0:  86%|████████▌ | 244/283 [00:05<00:00, 42.95it/s, loss=0.409]

Validation DataLoader 0:  46%|████▋     | 33/71 [00:00<00:00, 49.86it/s][A
Epoch 0:  87%|████████▋ | 245/283 [00:05<00:00, 42.97it/s, loss=0.409]

Validation DataLoader 0:  48%|████▊     | 34/71 [00:00<00:00, 49.86it/s][A
Epoch 0:  87%|████████▋ | 246/283 [00:05<00:00, 42.99it/s, loss=0.409]

Validation DataLoader 0:  49%|████▉     | 35/71 [00:00<00:00, 49.83it/s][A
Epoch 0:  87%|████████▋ | 247/283 [00:05<00:00, 43.01it/s, loss=0.409]

Validation DataLoader 0:  51%|█████     | 36/71 [00:00<00:00, 49.79it/s][A
Epoch 0:  88%|████████▊ | 248/283 [00:05<00:00, 43.03it/s, loss=0.409]

Validation DataLoader 0:  52%|█████▏    | 37/71 [00:00<00:00, 49.78it/s][A
Epoch 0:  88%|████████▊ | 249/283 [00:05<00:00, 43.06it/s, loss=0.409]

Validation DataLoader 0:  54%|█████▎    | 38/71 [00:00<00:00, 49.81it/s][A
Epoch 0:  88%|████████▊ | 250/283 [00:05<00:00, 43.08it/s, loss=0.409]

Validation DataLoader 0:  55%|█████▍    | 39/71 [00:00<00:00, 49.77it/s][A
Epoch 0:  89%|████████▊ | 251/283 [00:05<00:00, 43.10it/s, loss=0.409]

Validation DataLoader 0:  56%|█████▋    | 40/71 [00:00<00:00, 49.72it/s][A
Epoch 0:  89%|████████▉ | 252/283 [00:05<00:00, 43.12it/s, loss=0.409]

Validation DataLoader 0:  58%|█████▊    | 41/71 [00:00<00:00, 49.71it/s][A
Epoch 0:  89%|████████▉ | 253/283 [00:05<00:00, 43.14it/s, loss=0.409]

Validation DataLoader 0:  59%|█████▉    | 42/71 [00:00<00:00, 49.64it/s][A
Epoch 0:  90%|████████▉ | 254/283 [00:05<00:00, 43.15it/s, loss=0.409]

Validation DataLoader 0:  61%|██████    | 43/71 [00:00<00:00, 49.61it/s][A
Epoch 0:  90%|█████████ | 255/283 [00:05<00:00, 43.17it/s, loss=0.409]

Validation DataLoader 0:  62%|██████▏   | 44/71 [00:00<00:00, 49.60it/s][A
Epoch 0:  90%|█████████ | 256/283 [00:05<00:00, 43.19it/s, loss=0.409]

Validation DataLoader 0:  63%|██████▎   | 45/71 [00:00<00:00, 49.56it/s][A
Epoch 0:  91%|█████████ | 257/283 [00:05<00:00, 43.21it/s, loss=0.409]

Validation DataLoader 0:  65%|██████▍   | 46/71 [00:00<00:00, 49.51it/s][A
Epoch 0:  91%|█████████ | 258/283 [00:05<00:00, 43.22it/s, loss=0.409]

Validation DataLoader 0:  66%|██████▌   | 47/71 [00:00<00:00, 49.50it/s][A
Epoch 0:  92%|█████████▏| 259/283 [00:05<00:00, 43.24it/s, loss=0.409]

Validation DataLoader 0:  68%|██████▊   | 48/71 [00:00<00:00, 49.46it/s][A
Epoch 0:  92%|█████████▏| 260/283 [00:06<00:00, 43.26it/s, loss=0.409]

Validation DataLoader 0:  69%|██████▉   | 49/71 [00:00<00:00, 49.46it/s][A
Epoch 0:  92%|█████████▏| 261/283 [00:06<00:00, 43.28it/s, loss=0.409]

Validation DataLoader 0:  70%|███████   | 50/71 [00:01<00:00, 49.43it/s][A
Epoch 0:  93%|█████████▎| 262/283 [00:06<00:00, 43.29it/s, loss=0.409]

Validation DataLoader 0:  72%|███████▏  | 51/71 [00:01<00:00, 49.42it/s][A
Epoch 0:  93%|█████████▎| 263/283 [00:06<00:00, 43.31it/s, loss=0.409]

Validation DataLoader 0:  73%|███████▎  | 52/71 [00:01<00:00, 49.39it/s][A
Epoch 0:  93%|█████████▎| 264/283 [00:06<00:00, 43.33it/s, loss=0.409]

Validation DataLoader 0:  75%|███████▍  | 53/71 [00:01<00:00, 49.39it/s][A
Epoch 0:  94%|█████████▎| 265/283 [00:06<00:00, 43.35it/s, loss=0.409]

Validation DataLoader 0:  76%|███████▌  | 54/71 [00:01<00:00, 49.38it/s][A
Epoch 0:  94%|█████████▍| 266/283 [00:06<00:00, 43.37it/s, loss=0.409]

Validation DataLoader 0:  77%|███████▋  | 55/71 [00:01<00:00, 49.36it/s][A
Epoch 0:  94%|█████████▍| 267/283 [00:06<00:00, 43.38it/s, loss=0.409]

Validation DataLoader 0:  79%|███████▉  | 56/71 [00:01<00:00, 49.35it/s][A
Epoch 0:  95%|█████████▍| 268/283 [00:06<00:00, 43.40it/s, loss=0.409]

Validation DataLoader 0:  80%|████████  | 57/71 [00:01<00:00, 49.33it/s][A
Epoch 0:  95%|█████████▌| 269/283 [00:06<00:00, 43.42it/s, loss=0.409]

Validation DataLoader 0:  82%|████████▏ | 58/71 [00:01<00:00, 49.32it/s][A
Epoch 0:  95%|█████████▌| 270/283 [00:06<00:00, 43.44it/s, loss=0.409]

Validation DataLoader 0:  83%|████████▎ | 59/71 [00:01<00:00, 49.32it/s][A
Epoch 0:  96%|█████████▌| 271/283 [00:06<00:00, 43.45it/s, loss=0.409]

Validation DataLoader 0:  85%|████████▍ | 60/71 [00:01<00:00, 49.22it/s][A
Epoch 0:  96%|█████████▌| 272/283 [00:06<00:00, 43.46it/s, loss=0.409]

Validation DataLoader 0:  86%|████████▌ | 61/71 [00:01<00:00, 49.22it/s][A
Epoch 0:  96%|█████████▋| 273/283 [00:06<00:00, 43.48it/s, loss=0.409]

Validation DataLoader 0:  87%|████████▋ | 62/71 [00:01<00:00, 49.22it/s][A
Epoch 0:  97%|█████████▋| 274/283 [00:06<00:00, 43.49it/s, loss=0.409]

Validation DataLoader 0:  89%|████████▊ | 63/71 [00:01<00:00, 49.23it/s][A
Epoch 0:  97%|█████████▋| 275/283 [00:06<00:00, 43.51it/s, loss=0.409]

Validation DataLoader 0:  90%|█████████ | 64/71 [00:01<00:00, 49.22it/s][A
Epoch 0:  98%|█████████▊| 276/283 [00:06<00:00, 43.53it/s, loss=0.409]

Validation DataLoader 0:  92%|█████████▏| 65/71 [00:01<00:00, 49.20it/s][A
Epoch 0:  98%|█████████▊| 277/283 [00:06<00:00, 43.55it/s, loss=0.409]

Validation DataLoader 0:  93%|█████████▎| 66/71 [00:01<00:00, 49.18it/s][A
Epoch 0:  98%|█████████▊| 278/283 [00:06<00:00, 43.56it/s, loss=0.409]

Validation DataLoader 0:  94%|█████████▍| 67/71 [00:01<00:00, 49.19it/s][A
Epoch 0:  99%|█████████▊| 279/283 [00:06<00:00, 43.58it/s, loss=0.409]

Validation DataLoader 0:  96%|█████████▌| 68/71 [00:01<00:00, 49.18it/s][A
Epoch 0:  99%|█████████▉| 280/283 [00:06<00:00, 43.60it/s, loss=0.409]

Validation DataLoader 0:  97%|█████████▋| 69/71 [00:01<00:00, 49.17it/s][A
Epoch 0:  99%|█████████▉| 281/283 [00:06<00:00, 43.61it/s, loss=0.409]

Validation DataLoader 0:  99%|█████████▊| 70/71 [00:01<00:00, 49.46it/s][A
Epoch 0: 100%|█████████▉| 282/283 [00:06<00:00, 43.68it/s, loss=0.409]

Validation DataLoader 0: 100%|██████████| 71/71 [00:01<00:00, 49.90it/s][A
Epoch 0: 100%|██████████| 283/283 [00:06<00:00, 43.79it/s, loss=0.409]
Epoch 0: 100%|██████████| 283/283 [00:06<00:00, 43.78it/s, loss=0.409, val/accuracy=0.819, val/loss=0.399]

                                                                        [A
Epoch 0: 100%|██████████| 283/283 [00:06<00:00, 43.76it/s, loss=0.409, val/accuracy=0.819, val/loss=0.399, train/accuracy=0.789, train/loss=0.456]Epoch 0, global step 212: 'val/accuracy' reached 0.81924 (best 0.81924), saving model to '/home/cxo147/hyena-dna/results/genomic_benchmark_human_nontata_promoters_20251020_210915/checkpoints/val/accuracy.ckpt' as top 1

Epoch 0:   0%|          | 0/283 [00:00<?, ?it/s, loss=0.409, val/accuracy=0.819, val/loss=0.399, train/accuracy=0.789, train/loss=0.456]          
Epoch 1:   0%|          | 0/283 [00:00<?, ?it/s, loss=0.409, val/accuracy=0.819, val/loss=0.399, train/accuracy=0.789, train/loss=0.456]
Epoch 1:   0%|          | 1/283 [00:00<00:36,  7.75it/s, loss=0.409, val/accuracy=0.819, val/loss=0.399, train/accuracy=0.789, train/loss=0.456]
Epoch 1:   0%|          | 1/283 [00:00<00:36,  7.73it/s, loss=0.404, val/accuracy=0.819, val/loss=0.399, train/accuracy=0.789, train/loss=0.456]
Epoch 1:   1%|          | 2/283 [00:00<00:21, 13.17it/s, loss=0.404, val/accuracy=0.819, val/loss=0.399, train/accuracy=0.789, train/loss=0.456]
Epoch 1:   1%|          | 2/283 [00:00<00:21, 13.15it/s, loss=0.403, val/accuracy=0.819, val/loss=0.399, train/accuracy=0.789, train/loss=0.456]
Epoch 1:   1%|          | 3/283 [00:00<00:16, 17.22it/s, loss=0.403, val/accuracy=0.819, val/loss=0.399, train/accuracy=0.789, train/loss=0.456]
Epoch 1:   1%|          | 3/283 [00:00<00:16, 17.20it/s, loss=0.4, val/accuracy=0.819, val/loss=0.399, train/accuracy=0.789, train/loss=0.456]  
Epoch 1:   1%|▏         | 4/283 [00:00<00:13, 20.36it/s, loss=0.4, val/accuracy=0.819, val/loss=0.399, train/accuracy=0.789, train/loss=0.456]
Epoch 1:   1%|▏         | 4/283 [00:00<00:13, 20.33it/s, loss=0.394, val/accuracy=0.819, val/loss=0.399, train/accuracy=0.789, train/loss=0.456]
Epoch 1:   2%|▏         | 5/283 [00:00<00:12, 22.80it/s, loss=0.394, val/accuracy=0.819, val/loss=0.399, train/accuracy=0.789, train/loss=0.456]
Epoch 1:   2%|▏         | 5/283 [00:00<00:12, 22.77it/s, loss=0.396, val/accuracy=0.819, val/loss=0.399, train/accuracy=0.789, train/loss=0.456]
Epoch 1:   2%|▏         | 6/283 [00:00<00:11, 24.82it/s, loss=0.396, val/accuracy=0.819, val/loss=0.399, train/accuracy=0.789, train/loss=0.456]
Epoch 1:   2%|▏         | 6/283 [00:00<00:11, 24.79it/s, loss=0.39, val/accuracy=0.819, val/loss=0.399, train/accuracy=0.789, train/loss=0.456] 
Epoch 1:   2%|▏         | 7/283 [00:00<00:10, 26.52it/s, loss=0.39, val/accuracy=0.819, val/loss=0.399, train/accuracy=0.789, train/loss=0.456]
Epoch 1:   2%|▏         | 7/283 [00:00<00:10, 26.49it/s, loss=0.392, val/accuracy=0.819, val/loss=0.399, train/accuracy=0.789, train/loss=0.456]
Epoch 1:   3%|▎         | 8/283 [00:00<00:09, 27.95it/s, loss=0.392, val/accuracy=0.819, val/loss=0.399, train/accuracy=0.789, train/loss=0.456]
Epoch 1:   3%|▎         | 8/283 [00:00<00:09, 27.93it/s, loss=0.396, val/accuracy=0.819, val/loss=0.399, train/accuracy=0.789, train/loss=0.456]
Epoch 1:   3%|▎         | 9/283 [00:00<00:09, 29.19it/s, loss=0.396, val/accuracy=0.819, val/loss=0.399, train/accuracy=0.789, train/loss=0.456]
Epoch 1:   3%|▎         | 9/283 [00:00<00:09, 29.16it/s, loss=0.39, val/accuracy=0.819, val/loss=0.399, train/accuracy=0.789, train/loss=0.456] 
Epoch 1:   4%|▎         | 10/283 [00:00<00:09, 30.25it/s, loss=0.39, val/accuracy=0.819, val/loss=0.399, train/accuracy=0.789, train/loss=0.456]
Epoch 1:   4%|▎         | 10/283 [00:00<00:09, 30.23it/s, loss=0.391, val/accuracy=0.819, val/loss=0.399, train/accuracy=0.789, train/loss=0.456]
Epoch 1:   4%|▍         | 11/283 [00:00<00:08, 31.19it/s, loss=0.391, val/accuracy=0.819, val/loss=0.399, train/accuracy=0.789, train/loss=0.456]
Epoch 1:   4%|▍         | 11/283 [00:00<00:08, 31.17it/s, loss=0.387, val/accuracy=0.819, val/loss=0.399, train/accuracy=0.789, train/loss=0.456]
Epoch 1:   4%|▍         | 12/283 [00:00<00:08, 32.01it/s, loss=0.387, val/accuracy=0.819, val/loss=0.399, train/accuracy=0.789, train/loss=0.456]
Epoch 1:   4%|▍         | 12/283 [00:00<00:08, 31.99it/s, loss=0.384, val/accuracy=0.819, val/loss=0.399, train/accuracy=0.789, train/loss=0.456]
Epoch 1:   5%|▍         | 13/283 [00:00<00:08, 32.74it/s, loss=0.384, val/accuracy=0.819, val/loss=0.399, train/accuracy=0.789, train/loss=0.456]
Epoch 1:   5%|▍         | 13/283 [00:00<00:08, 32.72it/s, loss=0.383, val/accuracy=0.819, val/loss=0.399, train/accuracy=0.789, train/loss=0.456]
Epoch 1:   5%|▍         | 14/283 [00:00<00:08, 33.39it/s, loss=0.383, val/accuracy=0.819, val/loss=0.399, train/accuracy=0.789, train/loss=0.456]
Epoch 1:   5%|▍         | 14/283 [00:00<00:08, 33.37it/s, loss=0.379, val/accuracy=0.819, val/loss=0.399, train/accuracy=0.789, train/loss=0.456]
Epoch 1:   5%|▌         | 15/283 [00:00<00:07, 33.96it/s, loss=0.379, val/accuracy=0.819, val/loss=0.399, train/accuracy=0.789, train/loss=0.456]
Epoch 1:   5%|▌         | 15/283 [00:00<00:07, 33.95it/s, loss=0.383, val/accuracy=0.819, val/loss=0.399, train/accuracy=0.789, train/loss=0.456]
Epoch 1:   6%|▌         | 16/283 [00:00<00:07, 34.50it/s, loss=0.383, val/accuracy=0.819, val/loss=0.399, train/accuracy=0.789, train/loss=0.456]
Epoch 1:   6%|▌         | 16/283 [00:00<00:07, 34.48it/s, loss=0.389, val/accuracy=0.819, val/loss=0.399, train/accuracy=0.789, train/loss=0.456]
Epoch 1:   6%|▌         | 17/283 [00:00<00:07, 34.98it/s, loss=0.389, val/accuracy=0.819, val/loss=0.399, train/accuracy=0.789, train/loss=0.456]
Epoch 1:   6%|▌         | 17/283 [00:00<00:07, 34.96it/s, loss=0.391, val/accuracy=0.819, val/loss=0.399, train/accuracy=0.789, train/loss=0.456]
Epoch 1:   6%|▋         | 18/283 [00:00<00:07, 35.42it/s, loss=0.391, val/accuracy=0.819, val/loss=0.399, train/accuracy=0.789, train/loss=0.456]
Epoch 1:   6%|▋         | 18/283 [00:00<00:07, 35.40it/s, loss=0.39, val/accuracy=0.819, val/loss=0.399, train/accuracy=0.789, train/loss=0.456] 
Epoch 1:   7%|▋         | 19/283 [00:00<00:07, 35.83it/s, loss=0.39, val/accuracy=0.819, val/loss=0.399, train/accuracy=0.789, train/loss=0.456]
Epoch 1:   7%|▋         | 19/283 [00:00<00:07, 35.81it/s, loss=0.387, val/accuracy=0.819, val/loss=0.399, train/accuracy=0.789, train/loss=0.456]
Epoch 1:   7%|▋         | 20/283 [00:00<00:07, 36.20it/s, loss=0.387, val/accuracy=0.819, val/loss=0.399, train/accuracy=0.789, train/loss=0.456]
Epoch 1:   7%|▋         | 20/283 [00:00<00:07, 36.18it/s, loss=0.385, val/accuracy=0.819, val/loss=0.399, train/accuracy=0.789, train/loss=0.456]
Epoch 1:   7%|▋         | 21/283 [00:00<00:07, 36.54it/s, loss=0.385, val/accuracy=0.819, val/loss=0.399, train/accuracy=0.789, train/loss=0.456]
Epoch 1:   7%|▋         | 21/283 [00:00<00:07, 36.53it/s, loss=0.388, val/accuracy=0.819, val/loss=0.399, train/accuracy=0.789, train/loss=0.456]
Epoch 1:   8%|▊         | 22/283 [00:00<00:07, 36.86it/s, loss=0.388, val/accuracy=0.819, val/loss=0.399, train/accuracy=0.789, train/loss=0.456]
Epoch 1:   8%|▊         | 22/283 [00:00<00:07, 36.85it/s, loss=0.39, val/accuracy=0.819, val/loss=0.399, train/accuracy=0.789, train/loss=0.456] 
Epoch 1:   8%|▊         | 23/283 [00:00<00:06, 37.16it/s, loss=0.39, val/accuracy=0.819, val/loss=0.399, train/accuracy=0.789, train/loss=0.456]
Epoch 1:   8%|▊         | 23/283 [00:00<00:07, 37.14it/s, loss=0.395, val/accuracy=0.819, val/loss=0.399, train/accuracy=0.789, train/loss=0.456]
Epoch 1:   8%|▊         | 24/283 [00:00<00:06, 37.43it/s, loss=0.395, val/accuracy=0.819, val/loss=0.399, train/accuracy=0.789, train/loss=0.456]
Epoch 1:   8%|▊         | 24/283 [00:00<00:06, 37.42it/s, loss=0.4, val/accuracy=0.819, val/loss=0.399, train/accuracy=0.789, train/loss=0.456]  
Epoch 1:   9%|▉         | 25/283 [00:00<00:06, 37.69it/s, loss=0.4, val/accuracy=0.819, val/loss=0.399, train/accuracy=0.789, train/loss=0.456]
Epoch 1:   9%|▉         | 25/283 [00:00<00:06, 37.68it/s, loss=0.394, val/accuracy=0.819, val/loss=0.399, train/accuracy=0.789, train/loss=0.456]
Epoch 1:   9%|▉         | 26/283 [00:00<00:06, 37.93it/s, loss=0.394, val/accuracy=0.819, val/loss=0.399, train/accuracy=0.789, train/loss=0.456]
Epoch 1:   9%|▉         | 26/283 [00:00<00:06, 37.91it/s, loss=0.396, val/accuracy=0.819, val/loss=0.399, train/accuracy=0.789, train/loss=0.456]
Epoch 1:  10%|▉         | 27/283 [00:00<00:06, 38.15it/s, loss=0.396, val/accuracy=0.819, val/loss=0.399, train/accuracy=0.789, train/loss=0.456]
Epoch 1:  10%|▉         | 27/283 [00:00<00:06, 38.13it/s, loss=0.397, val/accuracy=0.819, val/loss=0.399, train/accuracy=0.789, train/loss=0.456]
Epoch 1:  10%|▉         | 28/283 [00:00<00:06, 38.36it/s, loss=0.397, val/accuracy=0.819, val/loss=0.399, train/accuracy=0.789, train/loss=0.456]
Epoch 1:  10%|▉         | 28/283 [00:00<00:06, 38.35it/s, loss=0.392, val/accuracy=0.819, val/loss=0.399, train/accuracy=0.789, train/loss=0.456]
Epoch 1:  10%|█         | 29/283 [00:00<00:06, 38.56it/s, loss=0.392, val/accuracy=0.819, val/loss=0.399, train/accuracy=0.789, train/loss=0.456]
Epoch 1:  10%|█         | 29/283 [00:00<00:06, 38.54it/s, loss=0.402, val/accuracy=0.819, val/loss=0.399, train/accuracy=0.789, train/loss=0.456]
Epoch 1:  11%|█         | 30/283 [00:00<00:06, 38.74it/s, loss=0.402, val/accuracy=0.819, val/loss=0.399, train/accuracy=0.789, train/loss=0.456]
Epoch 1:  11%|█         | 30/283 [00:00<00:06, 38.73it/s, loss=0.399, val/accuracy=0.819, val/loss=0.399, train/accuracy=0.789, train/loss=0.456]
Epoch 1:  11%|█         | 31/283 [00:00<00:06, 38.92it/s, loss=0.399, val/accuracy=0.819, val/loss=0.399, train/accuracy=0.789, train/loss=0.456]
Epoch 1:  11%|█         | 31/283 [00:00<00:06, 38.90it/s, loss=0.399, val/accuracy=0.819, val/loss=0.399, train/accuracy=0.789, train/loss=0.456]
Epoch 1:  11%|█▏        | 32/283 [00:00<00:06, 39.08it/s, loss=0.399, val/accuracy=0.819, val/loss=0.399, train/accuracy=0.789, train/loss=0.456]
Epoch 1:  11%|█▏        | 32/283 [00:00<00:06, 39.07it/s, loss=0.403, val/accuracy=0.819, val/loss=0.399, train/accuracy=0.789, train/loss=0.456]
Epoch 1:  12%|█▏        | 33/283 [00:00<00:06, 39.24it/s, loss=0.403, val/accuracy=0.819, val/loss=0.399, train/accuracy=0.789, train/loss=0.456]
Epoch 1:  12%|█▏        | 33/283 [00:00<00:06, 39.23it/s, loss=0.403, val/accuracy=0.819, val/loss=0.399, train/accuracy=0.789, train/loss=0.456]
Epoch 1:  12%|█▏        | 34/283 [00:00<00:06, 39.39it/s, loss=0.403, val/accuracy=0.819, val/loss=0.399, train/accuracy=0.789, train/loss=0.456]
Epoch 1:  12%|█▏        | 34/283 [00:00<00:06, 39.38it/s, loss=0.404, val/accuracy=0.819, val/loss=0.399, train/accuracy=0.789, train/loss=0.456]
Epoch 1:  12%|█▏        | 35/283 [00:00<00:06, 39.53it/s, loss=0.404, val/accuracy=0.819, val/loss=0.399, train/accuracy=0.789, train/loss=0.456]
Epoch 1:  12%|█▏        | 35/283 [00:00<00:06, 39.52it/s, loss=0.397, val/accuracy=0.819, val/loss=0.399, train/accuracy=0.789, train/loss=0.456]
Epoch 1:  13%|█▎        | 36/283 [00:00<00:06, 39.66it/s, loss=0.397, val/accuracy=0.819, val/loss=0.399, train/accuracy=0.789, train/loss=0.456]
Epoch 1:  13%|█▎        | 36/283 [00:00<00:06, 39.65it/s, loss=0.391, val/accuracy=0.819, val/loss=0.399, train/accuracy=0.789, train/loss=0.456]
Epoch 1:  13%|█▎        | 37/283 [00:00<00:06, 39.78it/s, loss=0.391, val/accuracy=0.819, val/loss=0.399, train/accuracy=0.789, train/loss=0.456]
Epoch 1:  13%|█▎        | 37/283 [00:00<00:06, 39.77it/s, loss=0.388, val/accuracy=0.819, val/loss=0.399, train/accuracy=0.789, train/loss=0.456]
Epoch 1:  13%|█▎        | 38/283 [00:00<00:06, 39.90it/s, loss=0.388, val/accuracy=0.819, val/loss=0.399, train/accuracy=0.789, train/loss=0.456]
Epoch 1:  13%|█▎        | 38/283 [00:00<00:06, 39.89it/s, loss=0.39, val/accuracy=0.819, val/loss=0.399, train/accuracy=0.789, train/loss=0.456] 
Epoch 1:  14%|█▍        | 39/283 [00:00<00:06, 39.99it/s, loss=0.39, val/accuracy=0.819, val/loss=0.399, train/accuracy=0.789, train/loss=0.456]
Epoch 1:  14%|█▍        | 39/283 [00:00<00:06, 39.98it/s, loss=0.397, val/accuracy=0.819, val/loss=0.399, train/accuracy=0.789, train/loss=0.456]
Epoch 1:  14%|█▍        | 40/283 [00:00<00:06, 40.10it/s, loss=0.397, val/accuracy=0.819, val/loss=0.399, train/accuracy=0.789, train/loss=0.456]
Epoch 1:  14%|█▍        | 40/283 [00:00<00:06, 40.09it/s, loss=0.397, val/accuracy=0.819, val/loss=0.399, train/accuracy=0.789, train/loss=0.456]
Epoch 1:  14%|█▍        | 41/283 [00:01<00:06, 40.20it/s, loss=0.397, val/accuracy=0.819, val/loss=0.399, train/accuracy=0.789, train/loss=0.456]
Epoch 1:  14%|█▍        | 41/283 [00:01<00:06, 40.19it/s, loss=0.4, val/accuracy=0.819, val/loss=0.399, train/accuracy=0.789, train/loss=0.456]  
Epoch 1:  15%|█▍        | 42/283 [00:01<00:05, 40.30it/s, loss=0.4, val/accuracy=0.819, val/loss=0.399, train/accuracy=0.789, train/loss=0.456]
Epoch 1:  15%|█▍        | 42/283 [00:01<00:05, 40.29it/s, loss=0.403, val/accuracy=0.819, val/loss=0.399, train/accuracy=0.789, train/loss=0.456]
Epoch 1:  15%|█▌        | 43/283 [00:01<00:05, 40.39it/s, loss=0.403, val/accuracy=0.819, val/loss=0.399, train/accuracy=0.789, train/loss=0.456]
Epoch 1:  15%|█▌        | 43/283 [00:01<00:05, 40.38it/s, loss=0.404, val/accuracy=0.819, val/loss=0.399, train/accuracy=0.789, train/loss=0.456]
Epoch 1:  16%|█▌        | 44/283 [00:01<00:05, 40.48it/s, loss=0.404, val/accuracy=0.819, val/loss=0.399, train/accuracy=0.789, train/loss=0.456]
Epoch 1:  16%|█▌        | 44/283 [00:01<00:05, 40.48it/s, loss=0.405, val/accuracy=0.819, val/loss=0.399, train/accuracy=0.789, train/loss=0.456]
Epoch 1:  16%|█▌        | 45/283 [00:01<00:05, 40.57it/s, loss=0.405, val/accuracy=0.819, val/loss=0.399, train/accuracy=0.789, train/loss=0.456]
Epoch 1:  16%|█▌        | 45/283 [00:01<00:05, 40.56it/s, loss=0.408, val/accuracy=0.819, val/loss=0.399, train/accuracy=0.789, train/loss=0.456]
Epoch 1:  16%|█▋        | 46/283 [00:01<00:05, 40.66it/s, loss=0.408, val/accuracy=0.819, val/loss=0.399, train/accuracy=0.789, train/loss=0.456]
Epoch 1:  16%|█▋        | 46/283 [00:01<00:05, 40.65it/s, loss=0.406, val/accuracy=0.819, val/loss=0.399, train/accuracy=0.789, train/loss=0.456]
Epoch 1:  17%|█▋        | 47/283 [00:01<00:05, 40.73it/s, loss=0.406, val/accuracy=0.819, val/loss=0.399, train/accuracy=0.789, train/loss=0.456]
Epoch 1:  17%|█▋        | 47/283 [00:01<00:05, 40.73it/s, loss=0.407, val/accuracy=0.819, val/loss=0.399, train/accuracy=0.789, train/loss=0.456]
Epoch 1:  17%|█▋        | 48/283 [00:01<00:05, 40.81it/s, loss=0.407, val/accuracy=0.819, val/loss=0.399, train/accuracy=0.789, train/loss=0.456]
Epoch 1:  17%|█▋        | 48/283 [00:01<00:05, 40.80it/s, loss=0.41, val/accuracy=0.819, val/loss=0.399, train/accuracy=0.789, train/loss=0.456] 
Epoch 1:  17%|█▋        | 49/283 [00:01<00:05, 40.88it/s, loss=0.41, val/accuracy=0.819, val/loss=0.399, train/accuracy=0.789, train/loss=0.456]
Epoch 1:  17%|█▋        | 49/283 [00:01<00:05, 40.87it/s, loss=0.409, val/accuracy=0.819, val/loss=0.399, train/accuracy=0.789, train/loss=0.456]
Epoch 1:  18%|█▊        | 50/283 [00:01<00:05, 40.95it/s, loss=0.409, val/accuracy=0.819, val/loss=0.399, train/accuracy=0.789, train/loss=0.456]
Epoch 1:  18%|█▊        | 50/283 [00:01<00:05, 40.94it/s, loss=0.418, val/accuracy=0.819, val/loss=0.399, train/accuracy=0.789, train/loss=0.456]
Epoch 1:  18%|█▊        | 51/283 [00:01<00:05, 41.02it/s, loss=0.418, val/accuracy=0.819, val/loss=0.399, train/accuracy=0.789, train/loss=0.456]
Epoch 1:  18%|█▊        | 51/283 [00:01<00:05, 41.01it/s, loss=0.419, val/accuracy=0.819, val/loss=0.399, train/accuracy=0.789, train/loss=0.456]
Epoch 1:  18%|█▊        | 52/283 [00:01<00:05, 41.09it/s, loss=0.419, val/accuracy=0.819, val/loss=0.399, train/accuracy=0.789, train/loss=0.456]
Epoch 1:  18%|█▊        | 52/283 [00:01<00:05, 41.08it/s, loss=0.413, val/accuracy=0.819, val/loss=0.399, train/accuracy=0.789, train/loss=0.456]
Epoch 1:  19%|█▊        | 53/283 [00:01<00:05, 41.15it/s, loss=0.413, val/accuracy=0.819, val/loss=0.399, train/accuracy=0.789, train/loss=0.456]
Epoch 1:  19%|█▊        | 53/283 [00:01<00:05, 41.14it/s, loss=0.414, val/accuracy=0.819, val/loss=0.399, train/accuracy=0.789, train/loss=0.456]
Epoch 1:  19%|█▉        | 54/283 [00:01<00:05, 41.21it/s, loss=0.414, val/accuracy=0.819, val/loss=0.399, train/accuracy=0.789, train/loss=0.456]
Epoch 1:  19%|█▉        | 54/283 [00:01<00:05, 41.20it/s, loss=0.418, val/accuracy=0.819, val/loss=0.399, train/accuracy=0.789, train/loss=0.456]
Epoch 1:  19%|█▉        | 55/283 [00:01<00:05, 41.27it/s, loss=0.418, val/accuracy=0.819, val/loss=0.399, train/accuracy=0.789, train/loss=0.456]
Epoch 1:  19%|█▉        | 55/283 [00:01<00:05, 41.27it/s, loss=0.417, val/accuracy=0.819, val/loss=0.399, train/accuracy=0.789, train/loss=0.456]
Epoch 1:  20%|█▉        | 56/283 [00:01<00:05, 41.33it/s, loss=0.417, val/accuracy=0.819, val/loss=0.399, train/accuracy=0.789, train/loss=0.456]
Epoch 1:  20%|█▉        | 56/283 [00:01<00:05, 41.33it/s, loss=0.422, val/accuracy=0.819, val/loss=0.399, train/accuracy=0.789, train/loss=0.456]
Epoch 1:  20%|██        | 57/283 [00:01<00:05, 41.39it/s, loss=0.422, val/accuracy=0.819, val/loss=0.399, train/accuracy=0.789, train/loss=0.456]
Epoch 1:  20%|██        | 57/283 [00:01<00:05, 41.38it/s, loss=0.42, val/accuracy=0.819, val/loss=0.399, train/accuracy=0.789, train/loss=0.456] 
Epoch 1:  20%|██        | 58/283 [00:01<00:05, 41.44it/s, loss=0.42, val/accuracy=0.819, val/loss=0.399, train/accuracy=0.789, train/loss=0.456]
Epoch 1:  20%|██        | 58/283 [00:01<00:05, 41.43it/s, loss=0.42, val/accuracy=0.819, val/loss=0.399, train/accuracy=0.789, train/loss=0.456]
Epoch 1:  21%|██        | 59/283 [00:01<00:05, 41.49it/s, loss=0.42, val/accuracy=0.819, val/loss=0.399, train/accuracy=0.789, train/loss=0.456]
Epoch 1:  21%|██        | 59/283 [00:01<00:05, 41.48it/s, loss=0.415, val/accuracy=0.819, val/loss=0.399, train/accuracy=0.789, train/loss=0.456]
Epoch 1:  21%|██        | 60/283 [00:01<00:05, 41.54it/s, loss=0.415, val/accuracy=0.819, val/loss=0.399, train/accuracy=0.789, train/loss=0.456]
Epoch 1:  21%|██        | 60/283 [00:01<00:05, 41.53it/s, loss=0.417, val/accuracy=0.819, val/loss=0.399, train/accuracy=0.789, train/loss=0.456]
Epoch 1:  22%|██▏       | 61/283 [00:01<00:05, 41.59it/s, loss=0.417, val/accuracy=0.819, val/loss=0.399, train/accuracy=0.789, train/loss=0.456]
Epoch 1:  22%|██▏       | 61/283 [00:01<00:05, 41.58it/s, loss=0.414, val/accuracy=0.819, val/loss=0.399, train/accuracy=0.789, train/loss=0.456]
Epoch 1:  22%|██▏       | 62/283 [00:01<00:05, 41.64it/s, loss=0.414, val/accuracy=0.819, val/loss=0.399, train/accuracy=0.789, train/loss=0.456]
Epoch 1:  22%|██▏       | 62/283 [00:01<00:05, 41.63it/s, loss=0.41, val/accuracy=0.819, val/loss=0.399, train/accuracy=0.789, train/loss=0.456] 
Epoch 1:  22%|██▏       | 63/283 [00:01<00:05, 41.68it/s, loss=0.41, val/accuracy=0.819, val/loss=0.399, train/accuracy=0.789, train/loss=0.456]
Epoch 1:  22%|██▏       | 63/283 [00:01<00:05, 41.67it/s, loss=0.407, val/accuracy=0.819, val/loss=0.399, train/accuracy=0.789, train/loss=0.456]
Epoch 1:  23%|██▎       | 64/283 [00:01<00:05, 41.72it/s, loss=0.407, val/accuracy=0.819, val/loss=0.399, train/accuracy=0.789, train/loss=0.456]
Epoch 1:  23%|██▎       | 64/283 [00:01<00:05, 41.72it/s, loss=0.402, val/accuracy=0.819, val/loss=0.399, train/accuracy=0.789, train/loss=0.456]
Epoch 1:  23%|██▎       | 65/283 [00:01<00:05, 41.77it/s, loss=0.402, val/accuracy=0.819, val/loss=0.399, train/accuracy=0.789, train/loss=0.456]
Epoch 1:  23%|██▎       | 65/283 [00:01<00:05, 41.76it/s, loss=0.403, val/accuracy=0.819, val/loss=0.399, train/accuracy=0.789, train/loss=0.456]
Epoch 1:  23%|██▎       | 66/283 [00:01<00:05, 41.81it/s, loss=0.403, val/accuracy=0.819, val/loss=0.399, train/accuracy=0.789, train/loss=0.456]
Epoch 1:  23%|██▎       | 66/283 [00:01<00:05, 41.80it/s, loss=0.408, val/accuracy=0.819, val/loss=0.399, train/accuracy=0.789, train/loss=0.456]
Epoch 1:  24%|██▎       | 67/283 [00:01<00:05, 41.85it/s, loss=0.408, val/accuracy=0.819, val/loss=0.399, train/accuracy=0.789, train/loss=0.456]
Epoch 1:  24%|██▎       | 67/283 [00:01<00:05, 41.84it/s, loss=0.401, val/accuracy=0.819, val/loss=0.399, train/accuracy=0.789, train/loss=0.456]
Epoch 1:  24%|██▍       | 68/283 [00:01<00:05, 41.89it/s, loss=0.401, val/accuracy=0.819, val/loss=0.399, train/accuracy=0.789, train/loss=0.456]
Epoch 1:  24%|██▍       | 68/283 [00:01<00:05, 41.88it/s, loss=0.396, val/accuracy=0.819, val/loss=0.399, train/accuracy=0.789, train/loss=0.456]
Epoch 1:  24%|██▍       | 69/283 [00:01<00:05, 41.93it/s, loss=0.396, val/accuracy=0.819, val/loss=0.399, train/accuracy=0.789, train/loss=0.456]
Epoch 1:  24%|██▍       | 69/283 [00:01<00:05, 41.92it/s, loss=0.393, val/accuracy=0.819, val/loss=0.399, train/accuracy=0.789, train/loss=0.456]
Epoch 1:  25%|██▍       | 70/283 [00:01<00:05, 41.97it/s, loss=0.393, val/accuracy=0.819, val/loss=0.399, train/accuracy=0.789, train/loss=0.456]
Epoch 1:  25%|██▍       | 70/283 [00:01<00:05, 41.96it/s, loss=0.39, val/accuracy=0.819, val/loss=0.399, train/accuracy=0.789, train/loss=0.456] 
Epoch 1:  25%|██▌       | 71/283 [00:01<00:05, 42.00it/s, loss=0.39, val/accuracy=0.819, val/loss=0.399, train/accuracy=0.789, train/loss=0.456]
Epoch 1:  25%|██▌       | 71/283 [00:01<00:05, 42.00it/s, loss=0.39, val/accuracy=0.819, val/loss=0.399, train/accuracy=0.789, train/loss=0.456]
Epoch 1:  25%|██▌       | 72/283 [00:01<00:05, 42.04it/s, loss=0.39, val/accuracy=0.819, val/loss=0.399, train/accuracy=0.789, train/loss=0.456]
Epoch 1:  25%|██▌       | 72/283 [00:01<00:05, 42.03it/s, loss=0.391, val/accuracy=0.819, val/loss=0.399, train/accuracy=0.789, train/loss=0.456]
Epoch 1:  26%|██▌       | 73/283 [00:01<00:04, 42.05it/s, loss=0.391, val/accuracy=0.819, val/loss=0.399, train/accuracy=0.789, train/loss=0.456]
Epoch 1:  26%|██▌       | 73/283 [00:01<00:04, 42.04it/s, loss=0.396, val/accuracy=0.819, val/loss=0.399, train/accuracy=0.789, train/loss=0.456]
Epoch 1:  26%|██▌       | 74/283 [00:01<00:04, 42.07it/s, loss=0.396, val/accuracy=0.819, val/loss=0.399, train/accuracy=0.789, train/loss=0.456]
Epoch 1:  26%|██▌       | 74/283 [00:01<00:04, 42.06it/s, loss=0.395, val/accuracy=0.819, val/loss=0.399, train/accuracy=0.789, train/loss=0.456]
Epoch 1:  27%|██▋       | 75/283 [00:01<00:04, 42.10it/s, loss=0.395, val/accuracy=0.819, val/loss=0.399, train/accuracy=0.789, train/loss=0.456]
Epoch 1:  27%|██▋       | 75/283 [00:01<00:04, 42.10it/s, loss=0.401, val/accuracy=0.819, val/loss=0.399, train/accuracy=0.789, train/loss=0.456]
Epoch 1:  27%|██▋       | 76/283 [00:01<00:04, 42.13it/s, loss=0.401, val/accuracy=0.819, val/loss=0.399, train/accuracy=0.789, train/loss=0.456]
Epoch 1:  27%|██▋       | 76/283 [00:01<00:04, 42.13it/s, loss=0.401, val/accuracy=0.819, val/loss=0.399, train/accuracy=0.789, train/loss=0.456]
Epoch 1:  27%|██▋       | 77/283 [00:01<00:04, 42.16it/s, loss=0.401, val/accuracy=0.819, val/loss=0.399, train/accuracy=0.789, train/loss=0.456]
Epoch 1:  27%|██▋       | 77/283 [00:01<00:04, 42.16it/s, loss=0.405, val/accuracy=0.819, val/loss=0.399, train/accuracy=0.789, train/loss=0.456]
Epoch 1:  28%|██▊       | 78/283 [00:01<00:04, 42.19it/s, loss=0.405, val/accuracy=0.819, val/loss=0.399, train/accuracy=0.789, train/loss=0.456]
Epoch 1:  28%|██▊       | 78/283 [00:01<00:04, 42.19it/s, loss=0.409, val/accuracy=0.819, val/loss=0.399, train/accuracy=0.789, train/loss=0.456]
Epoch 1:  28%|██▊       | 79/283 [00:01<00:04, 42.22it/s, loss=0.409, val/accuracy=0.819, val/loss=0.399, train/accuracy=0.789, train/loss=0.456]
Epoch 1:  28%|██▊       | 79/283 [00:01<00:04, 42.22it/s, loss=0.406, val/accuracy=0.819, val/loss=0.399, train/accuracy=0.789, train/loss=0.456]
Epoch 1:  28%|██▊       | 80/283 [00:01<00:04, 42.26it/s, loss=0.406, val/accuracy=0.819, val/loss=0.399, train/accuracy=0.789, train/loss=0.456]
Epoch 1:  28%|██▊       | 80/283 [00:01<00:04, 42.25it/s, loss=0.401, val/accuracy=0.819, val/loss=0.399, train/accuracy=0.789, train/loss=0.456]
Epoch 1:  29%|██▊       | 81/283 [00:01<00:04, 42.28it/s, loss=0.401, val/accuracy=0.819, val/loss=0.399, train/accuracy=0.789, train/loss=0.456]
Epoch 1:  29%|██▊       | 81/283 [00:01<00:04, 42.28it/s, loss=0.401, val/accuracy=0.819, val/loss=0.399, train/accuracy=0.789, train/loss=0.456]
Epoch 1:  29%|██▉       | 82/283 [00:01<00:04, 42.31it/s, loss=0.401, val/accuracy=0.819, val/loss=0.399, train/accuracy=0.789, train/loss=0.456]
Epoch 1:  29%|██▉       | 82/283 [00:01<00:04, 42.31it/s, loss=0.401, val/accuracy=0.819, val/loss=0.399, train/accuracy=0.789, train/loss=0.456]
Epoch 1:  29%|██▉       | 83/283 [00:01<00:04, 42.35it/s, loss=0.401, val/accuracy=0.819, val/loss=0.399, train/accuracy=0.789, train/loss=0.456]
Epoch 1:  29%|██▉       | 83/283 [00:01<00:04, 42.34it/s, loss=0.401, val/accuracy=0.819, val/loss=0.399, train/accuracy=0.789, train/loss=0.456]
Epoch 1:  30%|██▉       | 84/283 [00:01<00:04, 42.37it/s, loss=0.401, val/accuracy=0.819, val/loss=0.399, train/accuracy=0.789, train/loss=0.456]
Epoch 1:  30%|██▉       | 84/283 [00:01<00:04, 42.37it/s, loss=0.408, val/accuracy=0.819, val/loss=0.399, train/accuracy=0.789, train/loss=0.456]
Epoch 1:  30%|███       | 85/283 [00:02<00:04, 42.40it/s, loss=0.408, val/accuracy=0.819, val/loss=0.399, train/accuracy=0.789, train/loss=0.456]
Epoch 1:  30%|███       | 85/283 [00:02<00:04, 42.39it/s, loss=0.411, val/accuracy=0.819, val/loss=0.399, train/accuracy=0.789, train/loss=0.456]
Epoch 1:  30%|███       | 86/283 [00:02<00:04, 42.43it/s, loss=0.411, val/accuracy=0.819, val/loss=0.399, train/accuracy=0.789, train/loss=0.456]
Epoch 1:  30%|███       | 86/283 [00:02<00:04, 42.42it/s, loss=0.411, val/accuracy=0.819, val/loss=0.399, train/accuracy=0.789, train/loss=0.456]
Epoch 1:  31%|███       | 87/283 [00:02<00:04, 42.45it/s, loss=0.411, val/accuracy=0.819, val/loss=0.399, train/accuracy=0.789, train/loss=0.456]
Epoch 1:  31%|███       | 87/283 [00:02<00:04, 42.45it/s, loss=0.421, val/accuracy=0.819, val/loss=0.399, train/accuracy=0.789, train/loss=0.456]
Epoch 1:  31%|███       | 88/283 [00:02<00:04, 42.48it/s, loss=0.421, val/accuracy=0.819, val/loss=0.399, train/accuracy=0.789, train/loss=0.456]
Epoch 1:  31%|███       | 88/283 [00:02<00:04, 42.47it/s, loss=0.42, val/accuracy=0.819, val/loss=0.399, train/accuracy=0.789, train/loss=0.456] 
Epoch 1:  31%|███▏      | 89/283 [00:02<00:04, 42.50it/s, loss=0.42, val/accuracy=0.819, val/loss=0.399, train/accuracy=0.789, train/loss=0.456]
Epoch 1:  31%|███▏      | 89/283 [00:02<00:04, 42.50it/s, loss=0.417, val/accuracy=0.819, val/loss=0.399, train/accuracy=0.789, train/loss=0.456]
Epoch 1:  32%|███▏      | 90/283 [00:02<00:04, 42.52it/s, loss=0.417, val/accuracy=0.819, val/loss=0.399, train/accuracy=0.789, train/loss=0.456]
Epoch 1:  32%|███▏      | 90/283 [00:02<00:04, 42.52it/s, loss=0.413, val/accuracy=0.819, val/loss=0.399, train/accuracy=0.789, train/loss=0.456]
Epoch 1:  32%|███▏      | 91/283 [00:02<00:04, 42.55it/s, loss=0.413, val/accuracy=0.819, val/loss=0.399, train/accuracy=0.789, train/loss=0.456]
Epoch 1:  32%|███▏      | 91/283 [00:02<00:04, 42.54it/s, loss=0.419, val/accuracy=0.819, val/loss=0.399, train/accuracy=0.789, train/loss=0.456]
Epoch 1:  33%|███▎      | 92/283 [00:02<00:04, 42.57it/s, loss=0.419, val/accuracy=0.819, val/loss=0.399, train/accuracy=0.789, train/loss=0.456]
Epoch 1:  33%|███▎      | 92/283 [00:02<00:04, 42.57it/s, loss=0.418, val/accuracy=0.819, val/loss=0.399, train/accuracy=0.789, train/loss=0.456]
Epoch 1:  33%|███▎      | 93/283 [00:02<00:04, 42.60it/s, loss=0.418, val/accuracy=0.819, val/loss=0.399, train/accuracy=0.789, train/loss=0.456]
Epoch 1:  33%|███▎      | 93/283 [00:02<00:04, 42.59it/s, loss=0.416, val/accuracy=0.819, val/loss=0.399, train/accuracy=0.789, train/loss=0.456]
Epoch 1:  33%|███▎      | 94/283 [00:02<00:04, 42.62it/s, loss=0.416, val/accuracy=0.819, val/loss=0.399, train/accuracy=0.789, train/loss=0.456]
Epoch 1:  33%|███▎      | 94/283 [00:02<00:04, 42.62it/s, loss=0.421, val/accuracy=0.819, val/loss=0.399, train/accuracy=0.789, train/loss=0.456]
Epoch 1:  34%|███▎      | 95/283 [00:02<00:04, 42.64it/s, loss=0.421, val/accuracy=0.819, val/loss=0.399, train/accuracy=0.789, train/loss=0.456]
Epoch 1:  34%|███▎      | 95/283 [00:02<00:04, 42.64it/s, loss=0.418, val/accuracy=0.819, val/loss=0.399, train/accuracy=0.789, train/loss=0.456]
Epoch 1:  34%|███▍      | 96/283 [00:02<00:04, 42.66it/s, loss=0.418, val/accuracy=0.819, val/loss=0.399, train/accuracy=0.789, train/loss=0.456]
Epoch 1:  34%|███▍      | 96/283 [00:02<00:04, 42.66it/s, loss=0.416, val/accuracy=0.819, val/loss=0.399, train/accuracy=0.789, train/loss=0.456]
Epoch 1:  34%|███▍      | 97/283 [00:02<00:04, 42.68it/s, loss=0.416, val/accuracy=0.819, val/loss=0.399, train/accuracy=0.789, train/loss=0.456]
Epoch 1:  34%|███▍      | 97/283 [00:02<00:04, 42.68it/s, loss=0.411, val/accuracy=0.819, val/loss=0.399, train/accuracy=0.789, train/loss=0.456]
Epoch 1:  35%|███▍      | 98/283 [00:02<00:04, 42.70it/s, loss=0.411, val/accuracy=0.819, val/loss=0.399, train/accuracy=0.789, train/loss=0.456]
Epoch 1:  35%|███▍      | 98/283 [00:02<00:04, 42.70it/s, loss=0.406, val/accuracy=0.819, val/loss=0.399, train/accuracy=0.789, train/loss=0.456]
Epoch 1:  35%|███▍      | 99/283 [00:02<00:04, 42.72it/s, loss=0.406, val/accuracy=0.819, val/loss=0.399, train/accuracy=0.789, train/loss=0.456]
Epoch 1:  35%|███▍      | 99/283 [00:02<00:04, 42.72it/s, loss=0.409, val/accuracy=0.819, val/loss=0.399, train/accuracy=0.789, train/loss=0.456]
Epoch 1:  35%|███▌      | 100/283 [00:02<00:04, 42.74it/s, loss=0.409, val/accuracy=0.819, val/loss=0.399, train/accuracy=0.789, train/loss=0.456]
Epoch 1:  35%|███▌      | 100/283 [00:02<00:04, 42.74it/s, loss=0.412, val/accuracy=0.819, val/loss=0.399, train/accuracy=0.789, train/loss=0.456]
Epoch 1:  36%|███▌      | 101/283 [00:02<00:04, 42.76it/s, loss=0.412, val/accuracy=0.819, val/loss=0.399, train/accuracy=0.789, train/loss=0.456]
Epoch 1:  36%|███▌      | 101/283 [00:02<00:04, 42.76it/s, loss=0.412, val/accuracy=0.819, val/loss=0.399, train/accuracy=0.789, train/loss=0.456]
Epoch 1:  36%|███▌      | 102/283 [00:02<00:04, 42.79it/s, loss=0.412, val/accuracy=0.819, val/loss=0.399, train/accuracy=0.789, train/loss=0.456]
Epoch 1:  36%|███▌      | 102/283 [00:02<00:04, 42.78it/s, loss=0.408, val/accuracy=0.819, val/loss=0.399, train/accuracy=0.789, train/loss=0.456]
Epoch 1:  36%|███▋      | 103/283 [00:02<00:04, 42.81it/s, loss=0.408, val/accuracy=0.819, val/loss=0.399, train/accuracy=0.789, train/loss=0.456]
Epoch 1:  36%|███▋      | 103/283 [00:02<00:04, 42.80it/s, loss=0.407, val/accuracy=0.819, val/loss=0.399, train/accuracy=0.789, train/loss=0.456]
Epoch 1:  37%|███▋      | 104/283 [00:02<00:04, 42.82it/s, loss=0.407, val/accuracy=0.819, val/loss=0.399, train/accuracy=0.789, train/loss=0.456]
Epoch 1:  37%|███▋      | 104/283 [00:02<00:04, 42.82it/s, loss=0.406, val/accuracy=0.819, val/loss=0.399, train/accuracy=0.789, train/loss=0.456]
Epoch 1:  37%|███▋      | 105/283 [00:02<00:04, 42.84it/s, loss=0.406, val/accuracy=0.819, val/loss=0.399, train/accuracy=0.789, train/loss=0.456]
Epoch 1:  37%|███▋      | 105/283 [00:02<00:04, 42.83it/s, loss=0.402, val/accuracy=0.819, val/loss=0.399, train/accuracy=0.789, train/loss=0.456]
Epoch 1:  37%|███▋      | 106/283 [00:02<00:04, 42.86it/s, loss=0.402, val/accuracy=0.819, val/loss=0.399, train/accuracy=0.789, train/loss=0.456]
Epoch 1:  37%|███▋      | 106/283 [00:02<00:04, 42.85it/s, loss=0.401, val/accuracy=0.819, val/loss=0.399, train/accuracy=0.789, train/loss=0.456]
Epoch 1:  38%|███▊      | 107/283 [00:02<00:04, 42.87it/s, loss=0.401, val/accuracy=0.819, val/loss=0.399, train/accuracy=0.789, train/loss=0.456]
Epoch 1:  38%|███▊      | 107/283 [00:02<00:04, 42.87it/s, loss=0.394, val/accuracy=0.819, val/loss=0.399, train/accuracy=0.789, train/loss=0.456]
Epoch 1:  38%|███▊      | 108/283 [00:02<00:04, 42.89it/s, loss=0.394, val/accuracy=0.819, val/loss=0.399, train/accuracy=0.789, train/loss=0.456]
Epoch 1:  38%|███▊      | 108/283 [00:02<00:04, 42.89it/s, loss=0.397, val/accuracy=0.819, val/loss=0.399, train/accuracy=0.789, train/loss=0.456]
Epoch 1:  39%|███▊      | 109/283 [00:02<00:04, 42.91it/s, loss=0.397, val/accuracy=0.819, val/loss=0.399, train/accuracy=0.789, train/loss=0.456]
Epoch 1:  39%|███▊      | 109/283 [00:02<00:04, 42.90it/s, loss=0.396, val/accuracy=0.819, val/loss=0.399, train/accuracy=0.789, train/loss=0.456]
Epoch 1:  39%|███▉      | 110/283 [00:02<00:04, 42.91it/s, loss=0.396, val/accuracy=0.819, val/loss=0.399, train/accuracy=0.789, train/loss=0.456]
Epoch 1:  39%|███▉      | 110/283 [00:02<00:04, 42.91it/s, loss=0.399, val/accuracy=0.819, val/loss=0.399, train/accuracy=0.789, train/loss=0.456]
Epoch 1:  39%|███▉      | 111/283 [00:02<00:04, 42.93it/s, loss=0.399, val/accuracy=0.819, val/loss=0.399, train/accuracy=0.789, train/loss=0.456]
Epoch 1:  39%|███▉      | 111/283 [00:02<00:04, 42.93it/s, loss=0.392, val/accuracy=0.819, val/loss=0.399, train/accuracy=0.789, train/loss=0.456]
Epoch 1:  40%|███▉      | 112/283 [00:02<00:03, 42.95it/s, loss=0.392, val/accuracy=0.819, val/loss=0.399, train/accuracy=0.789, train/loss=0.456]
Epoch 1:  40%|███▉      | 112/283 [00:02<00:03, 42.94it/s, loss=0.392, val/accuracy=0.819, val/loss=0.399, train/accuracy=0.789, train/loss=0.456]
Epoch 1:  40%|███▉      | 113/283 [00:02<00:03, 42.97it/s, loss=0.392, val/accuracy=0.819, val/loss=0.399, train/accuracy=0.789, train/loss=0.456]
Epoch 1:  40%|███▉      | 113/283 [00:02<00:03, 42.96it/s, loss=0.391, val/accuracy=0.819, val/loss=0.399, train/accuracy=0.789, train/loss=0.456]
Epoch 1:  40%|████      | 114/283 [00:02<00:03, 42.98it/s, loss=0.391, val/accuracy=0.819, val/loss=0.399, train/accuracy=0.789, train/loss=0.456]
Epoch 1:  40%|████      | 114/283 [00:02<00:03, 42.98it/s, loss=0.38, val/accuracy=0.819, val/loss=0.399, train/accuracy=0.789, train/loss=0.456] 
Epoch 1:  41%|████      | 115/283 [00:02<00:03, 43.00it/s, loss=0.38, val/accuracy=0.819, val/loss=0.399, train/accuracy=0.789, train/loss=0.456]
Epoch 1:  41%|████      | 115/283 [00:02<00:03, 43.00it/s, loss=0.38, val/accuracy=0.819, val/loss=0.399, train/accuracy=0.789, train/loss=0.456]
Epoch 1:  41%|████      | 116/283 [00:02<00:03, 43.02it/s, loss=0.38, val/accuracy=0.819, val/loss=0.399, train/accuracy=0.789, train/loss=0.456]
Epoch 1:  41%|████      | 116/283 [00:02<00:03, 43.01it/s, loss=0.376, val/accuracy=0.819, val/loss=0.399, train/accuracy=0.789, train/loss=0.456]
Epoch 1:  41%|████▏     | 117/283 [00:02<00:03, 43.03it/s, loss=0.376, val/accuracy=0.819, val/loss=0.399, train/accuracy=0.789, train/loss=0.456]
Epoch 1:  41%|████▏     | 117/283 [00:02<00:03, 43.03it/s, loss=0.38, val/accuracy=0.819, val/loss=0.399, train/accuracy=0.789, train/loss=0.456] 
Epoch 1:  42%|████▏     | 118/283 [00:02<00:03, 43.05it/s, loss=0.38, val/accuracy=0.819, val/loss=0.399, train/accuracy=0.789, train/loss=0.456]
Epoch 1:  42%|████▏     | 118/283 [00:02<00:03, 43.04it/s, loss=0.378, val/accuracy=0.819, val/loss=0.399, train/accuracy=0.789, train/loss=0.456]
Epoch 1:  42%|████▏     | 119/283 [00:02<00:03, 43.06it/s, loss=0.378, val/accuracy=0.819, val/loss=0.399, train/accuracy=0.789, train/loss=0.456]
Epoch 1:  42%|████▏     | 119/283 [00:02<00:03, 43.06it/s, loss=0.381, val/accuracy=0.819, val/loss=0.399, train/accuracy=0.789, train/loss=0.456]
Epoch 1:  42%|████▏     | 120/283 [00:02<00:03, 43.08it/s, loss=0.381, val/accuracy=0.819, val/loss=0.399, train/accuracy=0.789, train/loss=0.456]
Epoch 1:  42%|████▏     | 120/283 [00:02<00:03, 43.07it/s, loss=0.381, val/accuracy=0.819, val/loss=0.399, train/accuracy=0.789, train/loss=0.456]
Epoch 1:  43%|████▎     | 121/283 [00:02<00:03, 43.09it/s, loss=0.381, val/accuracy=0.819, val/loss=0.399, train/accuracy=0.789, train/loss=0.456]
Epoch 1:  43%|████▎     | 121/283 [00:02<00:03, 43.09it/s, loss=0.382, val/accuracy=0.819, val/loss=0.399, train/accuracy=0.789, train/loss=0.456]
Epoch 1:  43%|████▎     | 122/283 [00:02<00:03, 43.10it/s, loss=0.382, val/accuracy=0.819, val/loss=0.399, train/accuracy=0.789, train/loss=0.456]
Epoch 1:  43%|████▎     | 122/283 [00:02<00:03, 43.10it/s, loss=0.388, val/accuracy=0.819, val/loss=0.399, train/accuracy=0.789, train/loss=0.456]
Epoch 1:  43%|████▎     | 123/283 [00:02<00:03, 43.12it/s, loss=0.388, val/accuracy=0.819, val/loss=0.399, train/accuracy=0.789, train/loss=0.456]
Epoch 1:  43%|████▎     | 123/283 [00:02<00:03, 43.11it/s, loss=0.386, val/accuracy=0.819, val/loss=0.399, train/accuracy=0.789, train/loss=0.456]
Epoch 1:  44%|████▍     | 124/283 [00:02<00:03, 43.13it/s, loss=0.386, val/accuracy=0.819, val/loss=0.399, train/accuracy=0.789, train/loss=0.456]
Epoch 1:  44%|████▍     | 124/283 [00:02<00:03, 43.13it/s, loss=0.386, val/accuracy=0.819, val/loss=0.399, train/accuracy=0.789, train/loss=0.456]
Epoch 1:  44%|████▍     | 125/283 [00:02<00:03, 43.14it/s, loss=0.386, val/accuracy=0.819, val/loss=0.399, train/accuracy=0.789, train/loss=0.456]
Epoch 1:  44%|████▍     | 125/283 [00:02<00:03, 43.14it/s, loss=0.386, val/accuracy=0.819, val/loss=0.399, train/accuracy=0.789, train/loss=0.456]
Epoch 1:  45%|████▍     | 126/283 [00:02<00:03, 43.15it/s, loss=0.386, val/accuracy=0.819, val/loss=0.399, train/accuracy=0.789, train/loss=0.456]
Epoch 1:  45%|████▍     | 126/283 [00:02<00:03, 43.15it/s, loss=0.387, val/accuracy=0.819, val/loss=0.399, train/accuracy=0.789, train/loss=0.456]
Epoch 1:  45%|████▍     | 127/283 [00:02<00:03, 43.17it/s, loss=0.387, val/accuracy=0.819, val/loss=0.399, train/accuracy=0.789, train/loss=0.456]
Epoch 1:  45%|████▍     | 127/283 [00:02<00:03, 43.16it/s, loss=0.39, val/accuracy=0.819, val/loss=0.399, train/accuracy=0.789, train/loss=0.456] 
Epoch 1:  45%|████▌     | 128/283 [00:02<00:03, 43.18it/s, loss=0.39, val/accuracy=0.819, val/loss=0.399, train/accuracy=0.789, train/loss=0.456]
Epoch 1:  45%|████▌     | 128/283 [00:02<00:03, 43.18it/s, loss=0.391, val/accuracy=0.819, val/loss=0.399, train/accuracy=0.789, train/loss=0.456]
Epoch 1:  46%|████▌     | 129/283 [00:02<00:03, 43.19it/s, loss=0.391, val/accuracy=0.819, val/loss=0.399, train/accuracy=0.789, train/loss=0.456]
Epoch 1:  46%|████▌     | 129/283 [00:02<00:03, 43.19it/s, loss=0.39, val/accuracy=0.819, val/loss=0.399, train/accuracy=0.789, train/loss=0.456] 
Epoch 1:  46%|████▌     | 130/283 [00:03<00:03, 43.20it/s, loss=0.39, val/accuracy=0.819, val/loss=0.399, train/accuracy=0.789, train/loss=0.456]
Epoch 1:  46%|████▌     | 130/283 [00:03<00:03, 43.20it/s, loss=0.391, val/accuracy=0.819, val/loss=0.399, train/accuracy=0.789, train/loss=0.456]
Epoch 1:  46%|████▋     | 131/283 [00:03<00:03, 43.22it/s, loss=0.391, val/accuracy=0.819, val/loss=0.399, train/accuracy=0.789, train/loss=0.456]
Epoch 1:  46%|████▋     | 131/283 [00:03<00:03, 43.21it/s, loss=0.393, val/accuracy=0.819, val/loss=0.399, train/accuracy=0.789, train/loss=0.456]
Epoch 1:  47%|████▋     | 132/283 [00:03<00:03, 43.23it/s, loss=0.393, val/accuracy=0.819, val/loss=0.399, train/accuracy=0.789, train/loss=0.456]
Epoch 1:  47%|████▋     | 132/283 [00:03<00:03, 43.23it/s, loss=0.396, val/accuracy=0.819, val/loss=0.399, train/accuracy=0.789, train/loss=0.456]
Epoch 1:  47%|████▋     | 133/283 [00:03<00:03, 43.24it/s, loss=0.396, val/accuracy=0.819, val/loss=0.399, train/accuracy=0.789, train/loss=0.456]
Epoch 1:  47%|████▋     | 133/283 [00:03<00:03, 43.24it/s, loss=0.391, val/accuracy=0.819, val/loss=0.399, train/accuracy=0.789, train/loss=0.456]
Epoch 1:  47%|████▋     | 134/283 [00:03<00:03, 43.25it/s, loss=0.391, val/accuracy=0.819, val/loss=0.399, train/accuracy=0.789, train/loss=0.456]
Epoch 1:  47%|████▋     | 134/283 [00:03<00:03, 43.25it/s, loss=0.397, val/accuracy=0.819, val/loss=0.399, train/accuracy=0.789, train/loss=0.456]
Epoch 1:  48%|████▊     | 135/283 [00:03<00:03, 43.27it/s, loss=0.397, val/accuracy=0.819, val/loss=0.399, train/accuracy=0.789, train/loss=0.456]
Epoch 1:  48%|████▊     | 135/283 [00:03<00:03, 43.26it/s, loss=0.401, val/accuracy=0.819, val/loss=0.399, train/accuracy=0.789, train/loss=0.456]
Epoch 1:  48%|████▊     | 136/283 [00:03<00:03, 43.28it/s, loss=0.401, val/accuracy=0.819, val/loss=0.399, train/accuracy=0.789, train/loss=0.456]
Epoch 1:  48%|████▊     | 136/283 [00:03<00:03, 43.28it/s, loss=0.409, val/accuracy=0.819, val/loss=0.399, train/accuracy=0.789, train/loss=0.456]
Epoch 1:  48%|████▊     | 137/283 [00:03<00:03, 43.29it/s, loss=0.409, val/accuracy=0.819, val/loss=0.399, train/accuracy=0.789, train/loss=0.456]
Epoch 1:  48%|████▊     | 137/283 [00:03<00:03, 43.29it/s, loss=0.407, val/accuracy=0.819, val/loss=0.399, train/accuracy=0.789, train/loss=0.456]
Epoch 1:  49%|████▉     | 138/283 [00:03<00:03, 43.30it/s, loss=0.407, val/accuracy=0.819, val/loss=0.399, train/accuracy=0.789, train/loss=0.456]
Epoch 1:  49%|████▉     | 138/283 [00:03<00:03, 43.30it/s, loss=0.41, val/accuracy=0.819, val/loss=0.399, train/accuracy=0.789, train/loss=0.456] 
Epoch 1:  49%|████▉     | 139/283 [00:03<00:03, 43.31it/s, loss=0.41, val/accuracy=0.819, val/loss=0.399, train/accuracy=0.789, train/loss=0.456]
Epoch 1:  49%|████▉     | 139/283 [00:03<00:03, 43.31it/s, loss=0.41, val/accuracy=0.819, val/loss=0.399, train/accuracy=0.789, train/loss=0.456]
Epoch 1:  49%|████▉     | 140/283 [00:03<00:03, 43.32it/s, loss=0.41, val/accuracy=0.819, val/loss=0.399, train/accuracy=0.789, train/loss=0.456]
Epoch 1:  49%|████▉     | 140/283 [00:03<00:03, 43.32it/s, loss=0.408, val/accuracy=0.819, val/loss=0.399, train/accuracy=0.789, train/loss=0.456]
Epoch 1:  50%|████▉     | 141/283 [00:03<00:03, 43.34it/s, loss=0.408, val/accuracy=0.819, val/loss=0.399, train/accuracy=0.789, train/loss=0.456]
Epoch 1:  50%|████▉     | 141/283 [00:03<00:03, 43.33it/s, loss=0.406, val/accuracy=0.819, val/loss=0.399, train/accuracy=0.789, train/loss=0.456]
Epoch 1:  50%|█████     | 142/283 [00:03<00:03, 43.34it/s, loss=0.406, val/accuracy=0.819, val/loss=0.399, train/accuracy=0.789, train/loss=0.456]
Epoch 1:  50%|█████     | 142/283 [00:03<00:03, 43.34it/s, loss=0.4, val/accuracy=0.819, val/loss=0.399, train/accuracy=0.789, train/loss=0.456]  
Epoch 1:  51%|█████     | 143/283 [00:03<00:03, 43.36it/s, loss=0.4, val/accuracy=0.819, val/loss=0.399, train/accuracy=0.789, train/loss=0.456]
Epoch 1:  51%|█████     | 143/283 [00:03<00:03, 43.35it/s, loss=0.406, val/accuracy=0.819, val/loss=0.399, train/accuracy=0.789, train/loss=0.456]
Epoch 1:  51%|█████     | 144/283 [00:03<00:03, 43.37it/s, loss=0.406, val/accuracy=0.819, val/loss=0.399, train/accuracy=0.789, train/loss=0.456]
Epoch 1:  51%|█████     | 144/283 [00:03<00:03, 43.36it/s, loss=0.403, val/accuracy=0.819, val/loss=0.399, train/accuracy=0.789, train/loss=0.456]
Epoch 1:  51%|█████     | 145/283 [00:03<00:03, 43.38it/s, loss=0.403, val/accuracy=0.819, val/loss=0.399, train/accuracy=0.789, train/loss=0.456]
Epoch 1:  51%|█████     | 145/283 [00:03<00:03, 43.37it/s, loss=0.404, val/accuracy=0.819, val/loss=0.399, train/accuracy=0.789, train/loss=0.456]
Epoch 1:  52%|█████▏    | 146/283 [00:03<00:03, 43.39it/s, loss=0.404, val/accuracy=0.819, val/loss=0.399, train/accuracy=0.789, train/loss=0.456]
Epoch 1:  52%|█████▏    | 146/283 [00:03<00:03, 43.38it/s, loss=0.399, val/accuracy=0.819, val/loss=0.399, train/accuracy=0.789, train/loss=0.456]
Epoch 1:  52%|█████▏    | 147/283 [00:03<00:03, 43.40it/s, loss=0.399, val/accuracy=0.819, val/loss=0.399, train/accuracy=0.789, train/loss=0.456]
Epoch 1:  52%|█████▏    | 147/283 [00:03<00:03, 43.39it/s, loss=0.396, val/accuracy=0.819, val/loss=0.399, train/accuracy=0.789, train/loss=0.456]
Epoch 1:  52%|█████▏    | 148/283 [00:03<00:03, 43.41it/s, loss=0.396, val/accuracy=0.819, val/loss=0.399, train/accuracy=0.789, train/loss=0.456]
Epoch 1:  52%|█████▏    | 148/283 [00:03<00:03, 43.40it/s, loss=0.398, val/accuracy=0.819, val/loss=0.399, train/accuracy=0.789, train/loss=0.456]
Epoch 1:  53%|█████▎    | 149/283 [00:03<00:03, 43.41it/s, loss=0.398, val/accuracy=0.819, val/loss=0.399, train/accuracy=0.789, train/loss=0.456]
Epoch 1:  53%|█████▎    | 149/283 [00:03<00:03, 43.41it/s, loss=0.399, val/accuracy=0.819, val/loss=0.399, train/accuracy=0.789, train/loss=0.456]
Epoch 1:  53%|█████▎    | 150/283 [00:03<00:03, 43.42it/s, loss=0.399, val/accuracy=0.819, val/loss=0.399, train/accuracy=0.789, train/loss=0.456]
Epoch 1:  53%|█████▎    | 150/283 [00:03<00:03, 43.42it/s, loss=0.397, val/accuracy=0.819, val/loss=0.399, train/accuracy=0.789, train/loss=0.456]
Epoch 1:  53%|█████▎    | 151/283 [00:03<00:03, 43.43it/s, loss=0.397, val/accuracy=0.819, val/loss=0.399, train/accuracy=0.789, train/loss=0.456]
Epoch 1:  53%|█████▎    | 151/283 [00:03<00:03, 43.43it/s, loss=0.391, val/accuracy=0.819, val/loss=0.399, train/accuracy=0.789, train/loss=0.456]
Epoch 1:  54%|█████▎    | 152/283 [00:03<00:03, 43.44it/s, loss=0.391, val/accuracy=0.819, val/loss=0.399, train/accuracy=0.789, train/loss=0.456]
Epoch 1:  54%|█████▎    | 152/283 [00:03<00:03, 43.44it/s, loss=0.389, val/accuracy=0.819, val/loss=0.399, train/accuracy=0.789, train/loss=0.456]
Epoch 1:  54%|█████▍    | 153/283 [00:03<00:02, 43.45it/s, loss=0.389, val/accuracy=0.819, val/loss=0.399, train/accuracy=0.789, train/loss=0.456]
Epoch 1:  54%|█████▍    | 153/283 [00:03<00:02, 43.45it/s, loss=0.392, val/accuracy=0.819, val/loss=0.399, train/accuracy=0.789, train/loss=0.456]
Epoch 1:  54%|█████▍    | 154/283 [00:03<00:02, 43.46it/s, loss=0.392, val/accuracy=0.819, val/loss=0.399, train/accuracy=0.789, train/loss=0.456]
Epoch 1:  54%|█████▍    | 154/283 [00:03<00:02, 43.45it/s, loss=0.393, val/accuracy=0.819, val/loss=0.399, train/accuracy=0.789, train/loss=0.456]
Epoch 1:  55%|█████▍    | 155/283 [00:03<00:02, 43.47it/s, loss=0.393, val/accuracy=0.819, val/loss=0.399, train/accuracy=0.789, train/loss=0.456]
Epoch 1:  55%|█████▍    | 155/283 [00:03<00:02, 43.46it/s, loss=0.391, val/accuracy=0.819, val/loss=0.399, train/accuracy=0.789, train/loss=0.456]
Epoch 1:  55%|█████▌    | 156/283 [00:03<00:02, 43.48it/s, loss=0.391, val/accuracy=0.819, val/loss=0.399, train/accuracy=0.789, train/loss=0.456]
Epoch 1:  55%|█████▌    | 156/283 [00:03<00:02, 43.47it/s, loss=0.389, val/accuracy=0.819, val/loss=0.399, train/accuracy=0.789, train/loss=0.456]
Epoch 1:  55%|█████▌    | 157/283 [00:03<00:02, 43.49it/s, loss=0.389, val/accuracy=0.819, val/loss=0.399, train/accuracy=0.789, train/loss=0.456]
Epoch 1:  55%|█████▌    | 157/283 [00:03<00:02, 43.48it/s, loss=0.391, val/accuracy=0.819, val/loss=0.399, train/accuracy=0.789, train/loss=0.456]
Epoch 1:  56%|█████▌    | 158/283 [00:03<00:02, 43.49it/s, loss=0.391, val/accuracy=0.819, val/loss=0.399, train/accuracy=0.789, train/loss=0.456]
Epoch 1:  56%|█████▌    | 158/283 [00:03<00:02, 43.49it/s, loss=0.392, val/accuracy=0.819, val/loss=0.399, train/accuracy=0.789, train/loss=0.456]
Epoch 1:  56%|█████▌    | 159/283 [00:03<00:02, 43.50it/s, loss=0.392, val/accuracy=0.819, val/loss=0.399, train/accuracy=0.789, train/loss=0.456]
Epoch 1:  56%|█████▌    | 159/283 [00:03<00:02, 43.50it/s, loss=0.394, val/accuracy=0.819, val/loss=0.399, train/accuracy=0.789, train/loss=0.456]
Epoch 1:  57%|█████▋    | 160/283 [00:03<00:02, 43.51it/s, loss=0.394, val/accuracy=0.819, val/loss=0.399, train/accuracy=0.789, train/loss=0.456]
Epoch 1:  57%|█████▋    | 160/283 [00:03<00:02, 43.51it/s, loss=0.394, val/accuracy=0.819, val/loss=0.399, train/accuracy=0.789, train/loss=0.456]
Epoch 1:  57%|█████▋    | 161/283 [00:03<00:02, 43.52it/s, loss=0.394, val/accuracy=0.819, val/loss=0.399, train/accuracy=0.789, train/loss=0.456]
Epoch 1:  57%|█████▋    | 161/283 [00:03<00:02, 43.52it/s, loss=0.396, val/accuracy=0.819, val/loss=0.399, train/accuracy=0.789, train/loss=0.456]
Epoch 1:  57%|█████▋    | 162/283 [00:03<00:02, 43.53it/s, loss=0.396, val/accuracy=0.819, val/loss=0.399, train/accuracy=0.789, train/loss=0.456]
Epoch 1:  57%|█████▋    | 162/283 [00:03<00:02, 43.53it/s, loss=0.399, val/accuracy=0.819, val/loss=0.399, train/accuracy=0.789, train/loss=0.456]
Epoch 1:  58%|█████▊    | 163/283 [00:03<00:02, 43.54it/s, loss=0.399, val/accuracy=0.819, val/loss=0.399, train/accuracy=0.789, train/loss=0.456]
Epoch 1:  58%|█████▊    | 163/283 [00:03<00:02, 43.54it/s, loss=0.392, val/accuracy=0.819, val/loss=0.399, train/accuracy=0.789, train/loss=0.456]
Epoch 1:  58%|█████▊    | 164/283 [00:03<00:02, 43.54it/s, loss=0.392, val/accuracy=0.819, val/loss=0.399, train/accuracy=0.789, train/loss=0.456]
Epoch 1:  58%|█████▊    | 164/283 [00:03<00:02, 43.54it/s, loss=0.393, val/accuracy=0.819, val/loss=0.399, train/accuracy=0.789, train/loss=0.456]
Epoch 1:  58%|█████▊    | 165/283 [00:03<00:02, 43.55it/s, loss=0.393, val/accuracy=0.819, val/loss=0.399, train/accuracy=0.789, train/loss=0.456]
Epoch 1:  58%|█████▊    | 165/283 [00:03<00:02, 43.55it/s, loss=0.39, val/accuracy=0.819, val/loss=0.399, train/accuracy=0.789, train/loss=0.456] 
Epoch 1:  59%|█████▊    | 166/283 [00:03<00:02, 43.56it/s, loss=0.39, val/accuracy=0.819, val/loss=0.399, train/accuracy=0.789, train/loss=0.456]
Epoch 1:  59%|█████▊    | 166/283 [00:03<00:02, 43.56it/s, loss=0.394, val/accuracy=0.819, val/loss=0.399, train/accuracy=0.789, train/loss=0.456]
Epoch 1:  59%|█████▉    | 167/283 [00:03<00:02, 43.57it/s, loss=0.394, val/accuracy=0.819, val/loss=0.399, train/accuracy=0.789, train/loss=0.456]
Epoch 1:  59%|█████▉    | 167/283 [00:03<00:02, 43.57it/s, loss=0.393, val/accuracy=0.819, val/loss=0.399, train/accuracy=0.789, train/loss=0.456]
Epoch 1:  59%|█████▉    | 168/283 [00:03<00:02, 43.58it/s, loss=0.393, val/accuracy=0.819, val/loss=0.399, train/accuracy=0.789, train/loss=0.456]
Epoch 1:  59%|█████▉    | 168/283 [00:03<00:02, 43.57it/s, loss=0.388, val/accuracy=0.819, val/loss=0.399, train/accuracy=0.789, train/loss=0.456]
Epoch 1:  60%|█████▉    | 169/283 [00:03<00:02, 43.58it/s, loss=0.388, val/accuracy=0.819, val/loss=0.399, train/accuracy=0.789, train/loss=0.456]
Epoch 1:  60%|█████▉    | 169/283 [00:03<00:02, 43.58it/s, loss=0.384, val/accuracy=0.819, val/loss=0.399, train/accuracy=0.789, train/loss=0.456]
Epoch 1:  60%|██████    | 170/283 [00:03<00:02, 43.59it/s, loss=0.384, val/accuracy=0.819, val/loss=0.399, train/accuracy=0.789, train/loss=0.456]
Epoch 1:  60%|██████    | 170/283 [00:03<00:02, 43.59it/s, loss=0.38, val/accuracy=0.819, val/loss=0.399, train/accuracy=0.789, train/loss=0.456] 
Epoch 1:  60%|██████    | 171/283 [00:03<00:02, 43.59it/s, loss=0.38, val/accuracy=0.819, val/loss=0.399, train/accuracy=0.789, train/loss=0.456]
Epoch 1:  60%|██████    | 171/283 [00:03<00:02, 43.59it/s, loss=0.388, val/accuracy=0.819, val/loss=0.399, train/accuracy=0.789, train/loss=0.456]
Epoch 1:  61%|██████    | 172/283 [00:03<00:02, 43.60it/s, loss=0.388, val/accuracy=0.819, val/loss=0.399, train/accuracy=0.789, train/loss=0.456]
Epoch 1:  61%|██████    | 172/283 [00:03<00:02, 43.60it/s, loss=0.385, val/accuracy=0.819, val/loss=0.399, train/accuracy=0.789, train/loss=0.456]
Epoch 1:  61%|██████    | 173/283 [00:03<00:02, 43.61it/s, loss=0.385, val/accuracy=0.819, val/loss=0.399, train/accuracy=0.789, train/loss=0.456]
Epoch 1:  61%|██████    | 173/283 [00:03<00:02, 43.60it/s, loss=0.381, val/accuracy=0.819, val/loss=0.399, train/accuracy=0.789, train/loss=0.456]
Epoch 1:  61%|██████▏   | 174/283 [00:03<00:02, 43.61it/s, loss=0.381, val/accuracy=0.819, val/loss=0.399, train/accuracy=0.789, train/loss=0.456]
Epoch 1:  61%|██████▏   | 174/283 [00:03<00:02, 43.61it/s, loss=0.379, val/accuracy=0.819, val/loss=0.399, train/accuracy=0.789, train/loss=0.456]
Epoch 1:  62%|██████▏   | 175/283 [00:04<00:02, 43.62it/s, loss=0.379, val/accuracy=0.819, val/loss=0.399, train/accuracy=0.789, train/loss=0.456]
Epoch 1:  62%|██████▏   | 175/283 [00:04<00:02, 43.62it/s, loss=0.38, val/accuracy=0.819, val/loss=0.399, train/accuracy=0.789, train/loss=0.456] 
Epoch 1:  62%|██████▏   | 176/283 [00:04<00:02, 43.63it/s, loss=0.38, val/accuracy=0.819, val/loss=0.399, train/accuracy=0.789, train/loss=0.456]
Epoch 1:  62%|██████▏   | 176/283 [00:04<00:02, 43.62it/s, loss=0.378, val/accuracy=0.819, val/loss=0.399, train/accuracy=0.789, train/loss=0.456]
Epoch 1:  63%|██████▎   | 177/283 [00:04<00:02, 43.63it/s, loss=0.378, val/accuracy=0.819, val/loss=0.399, train/accuracy=0.789, train/loss=0.456]
Epoch 1:  63%|██████▎   | 177/283 [00:04<00:02, 43.63it/s, loss=0.377, val/accuracy=0.819, val/loss=0.399, train/accuracy=0.789, train/loss=0.456]
Epoch 1:  63%|██████▎   | 178/283 [00:04<00:02, 43.64it/s, loss=0.377, val/accuracy=0.819, val/loss=0.399, train/accuracy=0.789, train/loss=0.456]
Epoch 1:  63%|██████▎   | 178/283 [00:04<00:02, 43.64it/s, loss=0.371, val/accuracy=0.819, val/loss=0.399, train/accuracy=0.789, train/loss=0.456]
Epoch 1:  63%|██████▎   | 179/283 [00:04<00:02, 43.65it/s, loss=0.371, val/accuracy=0.819, val/loss=0.399, train/accuracy=0.789, train/loss=0.456]
Epoch 1:  63%|██████▎   | 179/283 [00:04<00:02, 43.64it/s, loss=0.366, val/accuracy=0.819, val/loss=0.399, train/accuracy=0.789, train/loss=0.456]
Epoch 1:  64%|██████▎   | 180/283 [00:04<00:02, 43.65it/s, loss=0.366, val/accuracy=0.819, val/loss=0.399, train/accuracy=0.789, train/loss=0.456]
Epoch 1:  64%|██████▎   | 180/283 [00:04<00:02, 43.65it/s, loss=0.364, val/accuracy=0.819, val/loss=0.399, train/accuracy=0.789, train/loss=0.456]
Epoch 1:  64%|██████▍   | 181/283 [00:04<00:02, 43.66it/s, loss=0.364, val/accuracy=0.819, val/loss=0.399, train/accuracy=0.789, train/loss=0.456]
Epoch 1:  64%|██████▍   | 181/283 [00:04<00:02, 43.66it/s, loss=0.362, val/accuracy=0.819, val/loss=0.399, train/accuracy=0.789, train/loss=0.456]
Epoch 1:  64%|██████▍   | 182/283 [00:04<00:02, 43.67it/s, loss=0.362, val/accuracy=0.819, val/loss=0.399, train/accuracy=0.789, train/loss=0.456]
Epoch 1:  64%|██████▍   | 182/283 [00:04<00:02, 43.67it/s, loss=0.361, val/accuracy=0.819, val/loss=0.399, train/accuracy=0.789, train/loss=0.456]
Epoch 1:  65%|██████▍   | 183/283 [00:04<00:02, 43.68it/s, loss=0.361, val/accuracy=0.819, val/loss=0.399, train/accuracy=0.789, train/loss=0.456]
Epoch 1:  65%|██████▍   | 183/283 [00:04<00:02, 43.67it/s, loss=0.363, val/accuracy=0.819, val/loss=0.399, train/accuracy=0.789, train/loss=0.456]
Epoch 1:  65%|██████▌   | 184/283 [00:04<00:02, 43.68it/s, loss=0.363, val/accuracy=0.819, val/loss=0.399, train/accuracy=0.789, train/loss=0.456]
Epoch 1:  65%|██████▌   | 184/283 [00:04<00:02, 43.68it/s, loss=0.36, val/accuracy=0.819, val/loss=0.399, train/accuracy=0.789, train/loss=0.456] 
Epoch 1:  65%|██████▌   | 185/283 [00:04<00:02, 43.69it/s, loss=0.36, val/accuracy=0.819, val/loss=0.399, train/accuracy=0.789, train/loss=0.456]
Epoch 1:  65%|██████▌   | 185/283 [00:04<00:02, 43.69it/s, loss=0.366, val/accuracy=0.819, val/loss=0.399, train/accuracy=0.789, train/loss=0.456]
Epoch 1:  66%|██████▌   | 186/283 [00:04<00:02, 43.70it/s, loss=0.366, val/accuracy=0.819, val/loss=0.399, train/accuracy=0.789, train/loss=0.456]
Epoch 1:  66%|██████▌   | 186/283 [00:04<00:02, 43.69it/s, loss=0.364, val/accuracy=0.819, val/loss=0.399, train/accuracy=0.789, train/loss=0.456]
Epoch 1:  66%|██████▌   | 187/283 [00:04<00:02, 43.70it/s, loss=0.364, val/accuracy=0.819, val/loss=0.399, train/accuracy=0.789, train/loss=0.456]
Epoch 1:  66%|██████▌   | 187/283 [00:04<00:02, 43.70it/s, loss=0.369, val/accuracy=0.819, val/loss=0.399, train/accuracy=0.789, train/loss=0.456]
Epoch 1:  66%|██████▋   | 188/283 [00:04<00:02, 43.71it/s, loss=0.369, val/accuracy=0.819, val/loss=0.399, train/accuracy=0.789, train/loss=0.456]
Epoch 1:  66%|██████▋   | 188/283 [00:04<00:02, 43.71it/s, loss=0.372, val/accuracy=0.819, val/loss=0.399, train/accuracy=0.789, train/loss=0.456]
Epoch 1:  67%|██████▋   | 189/283 [00:04<00:02, 43.71it/s, loss=0.372, val/accuracy=0.819, val/loss=0.399, train/accuracy=0.789, train/loss=0.456]
Epoch 1:  67%|██████▋   | 189/283 [00:04<00:02, 43.71it/s, loss=0.379, val/accuracy=0.819, val/loss=0.399, train/accuracy=0.789, train/loss=0.456]
Epoch 1:  67%|██████▋   | 190/283 [00:04<00:02, 43.72it/s, loss=0.379, val/accuracy=0.819, val/loss=0.399, train/accuracy=0.789, train/loss=0.456]
Epoch 1:  67%|██████▋   | 190/283 [00:04<00:02, 43.72it/s, loss=0.383, val/accuracy=0.819, val/loss=0.399, train/accuracy=0.789, train/loss=0.456]
Epoch 1:  67%|██████▋   | 191/283 [00:04<00:02, 43.73it/s, loss=0.383, val/accuracy=0.819, val/loss=0.399, train/accuracy=0.789, train/loss=0.456]
Epoch 1:  67%|██████▋   | 191/283 [00:04<00:02, 43.72it/s, loss=0.377, val/accuracy=0.819, val/loss=0.399, train/accuracy=0.789, train/loss=0.456]
Epoch 1:  68%|██████▊   | 192/283 [00:04<00:02, 43.73it/s, loss=0.377, val/accuracy=0.819, val/loss=0.399, train/accuracy=0.789, train/loss=0.456]
Epoch 1:  68%|██████▊   | 192/283 [00:04<00:02, 43.73it/s, loss=0.379, val/accuracy=0.819, val/loss=0.399, train/accuracy=0.789, train/loss=0.456]
Epoch 1:  68%|██████▊   | 193/283 [00:04<00:02, 43.74it/s, loss=0.379, val/accuracy=0.819, val/loss=0.399, train/accuracy=0.789, train/loss=0.456]
Epoch 1:  68%|██████▊   | 193/283 [00:04<00:02, 43.74it/s, loss=0.383, val/accuracy=0.819, val/loss=0.399, train/accuracy=0.789, train/loss=0.456]
Epoch 1:  69%|██████▊   | 194/283 [00:04<00:02, 43.74it/s, loss=0.383, val/accuracy=0.819, val/loss=0.399, train/accuracy=0.789, train/loss=0.456]
Epoch 1:  69%|██████▊   | 194/283 [00:04<00:02, 43.74it/s, loss=0.381, val/accuracy=0.819, val/loss=0.399, train/accuracy=0.789, train/loss=0.456]
Epoch 1:  69%|██████▉   | 195/283 [00:04<00:02, 43.75it/s, loss=0.381, val/accuracy=0.819, val/loss=0.399, train/accuracy=0.789, train/loss=0.456]
Epoch 1:  69%|██████▉   | 195/283 [00:04<00:02, 43.75it/s, loss=0.374, val/accuracy=0.819, val/loss=0.399, train/accuracy=0.789, train/loss=0.456]
Epoch 1:  69%|██████▉   | 196/283 [00:04<00:01, 43.75it/s, loss=0.374, val/accuracy=0.819, val/loss=0.399, train/accuracy=0.789, train/loss=0.456]
Epoch 1:  69%|██████▉   | 196/283 [00:04<00:01, 43.75it/s, loss=0.374, val/accuracy=0.819, val/loss=0.399, train/accuracy=0.789, train/loss=0.456]
Epoch 1:  70%|██████▉   | 197/283 [00:04<00:01, 43.76it/s, loss=0.374, val/accuracy=0.819, val/loss=0.399, train/accuracy=0.789, train/loss=0.456]
Epoch 1:  70%|██████▉   | 197/283 [00:04<00:01, 43.76it/s, loss=0.372, val/accuracy=0.819, val/loss=0.399, train/accuracy=0.789, train/loss=0.456]
Epoch 1:  70%|██████▉   | 198/283 [00:04<00:01, 43.77it/s, loss=0.372, val/accuracy=0.819, val/loss=0.399, train/accuracy=0.789, train/loss=0.456]
Epoch 1:  70%|██████▉   | 198/283 [00:04<00:01, 43.76it/s, loss=0.377, val/accuracy=0.819, val/loss=0.399, train/accuracy=0.789, train/loss=0.456]
Epoch 1:  70%|███████   | 199/283 [00:04<00:01, 43.77it/s, loss=0.377, val/accuracy=0.819, val/loss=0.399, train/accuracy=0.789, train/loss=0.456]
Epoch 1:  70%|███████   | 199/283 [00:04<00:01, 43.77it/s, loss=0.38, val/accuracy=0.819, val/loss=0.399, train/accuracy=0.789, train/loss=0.456] 
Epoch 1:  71%|███████   | 200/283 [00:04<00:01, 43.78it/s, loss=0.38, val/accuracy=0.819, val/loss=0.399, train/accuracy=0.789, train/loss=0.456]
Epoch 1:  71%|███████   | 200/283 [00:04<00:01, 43.78it/s, loss=0.38, val/accuracy=0.819, val/loss=0.399, train/accuracy=0.789, train/loss=0.456]
Epoch 1:  71%|███████   | 201/283 [00:04<00:01, 43.78it/s, loss=0.38, val/accuracy=0.819, val/loss=0.399, train/accuracy=0.789, train/loss=0.456]
Epoch 1:  71%|███████   | 201/283 [00:04<00:01, 43.78it/s, loss=0.384, val/accuracy=0.819, val/loss=0.399, train/accuracy=0.789, train/loss=0.456]
Epoch 1:  71%|███████▏  | 202/283 [00:04<00:01, 43.79it/s, loss=0.384, val/accuracy=0.819, val/loss=0.399, train/accuracy=0.789, train/loss=0.456]
Epoch 1:  71%|███████▏  | 202/283 [00:04<00:01, 43.79it/s, loss=0.384, val/accuracy=0.819, val/loss=0.399, train/accuracy=0.789, train/loss=0.456]
Epoch 1:  72%|███████▏  | 203/283 [00:04<00:01, 43.79it/s, loss=0.384, val/accuracy=0.819, val/loss=0.399, train/accuracy=0.789, train/loss=0.456]
Epoch 1:  72%|███████▏  | 203/283 [00:04<00:01, 43.79it/s, loss=0.381, val/accuracy=0.819, val/loss=0.399, train/accuracy=0.789, train/loss=0.456]
Epoch 1:  72%|███████▏  | 204/283 [00:04<00:01, 43.80it/s, loss=0.381, val/accuracy=0.819, val/loss=0.399, train/accuracy=0.789, train/loss=0.456]
Epoch 1:  72%|███████▏  | 204/283 [00:04<00:01, 43.80it/s, loss=0.385, val/accuracy=0.819, val/loss=0.399, train/accuracy=0.789, train/loss=0.456]
Epoch 1:  72%|███████▏  | 205/283 [00:04<00:01, 43.81it/s, loss=0.385, val/accuracy=0.819, val/loss=0.399, train/accuracy=0.789, train/loss=0.456]
Epoch 1:  72%|███████▏  | 205/283 [00:04<00:01, 43.80it/s, loss=0.379, val/accuracy=0.819, val/loss=0.399, train/accuracy=0.789, train/loss=0.456]
Epoch 1:  73%|███████▎  | 206/283 [00:04<00:01, 43.81it/s, loss=0.379, val/accuracy=0.819, val/loss=0.399, train/accuracy=0.789, train/loss=0.456]
Epoch 1:  73%|███████▎  | 206/283 [00:04<00:01, 43.81it/s, loss=0.382, val/accuracy=0.819, val/loss=0.399, train/accuracy=0.789, train/loss=0.456]
Epoch 1:  73%|███████▎  | 207/283 [00:04<00:01, 43.82it/s, loss=0.382, val/accuracy=0.819, val/loss=0.399, train/accuracy=0.789, train/loss=0.456]
Epoch 1:  73%|███████▎  | 207/283 [00:04<00:01, 43.81it/s, loss=0.38, val/accuracy=0.819, val/loss=0.399, train/accuracy=0.789, train/loss=0.456] 
Epoch 1:  73%|███████▎  | 208/283 [00:04<00:01, 43.82it/s, loss=0.38, val/accuracy=0.819, val/loss=0.399, train/accuracy=0.789, train/loss=0.456]
Epoch 1:  73%|███████▎  | 208/283 [00:04<00:01, 43.82it/s, loss=0.385, val/accuracy=0.819, val/loss=0.399, train/accuracy=0.789, train/loss=0.456]
Epoch 1:  74%|███████▍  | 209/283 [00:04<00:01, 43.83it/s, loss=0.385, val/accuracy=0.819, val/loss=0.399, train/accuracy=0.789, train/loss=0.456]
Epoch 1:  74%|███████▍  | 209/283 [00:04<00:01, 43.82it/s, loss=0.391, val/accuracy=0.819, val/loss=0.399, train/accuracy=0.789, train/loss=0.456]
Epoch 1:  74%|███████▍  | 210/283 [00:04<00:01, 43.82it/s, loss=0.391, val/accuracy=0.819, val/loss=0.399, train/accuracy=0.789, train/loss=0.456]
Epoch 1:  74%|███████▍  | 210/283 [00:04<00:01, 43.82it/s, loss=0.391, val/accuracy=0.819, val/loss=0.399, train/accuracy=0.789, train/loss=0.456]
Epoch 1:  75%|███████▍  | 211/283 [00:04<00:01, 43.83it/s, loss=0.391, val/accuracy=0.819, val/loss=0.399, train/accuracy=0.789, train/loss=0.456]
Epoch 1:  75%|███████▍  | 211/283 [00:04<00:01, 43.82it/s, loss=0.392, val/accuracy=0.819, val/loss=0.399, train/accuracy=0.789, train/loss=0.456]
Epoch 1:  75%|███████▍  | 212/283 [00:04<00:01, 43.86it/s, loss=0.392, val/accuracy=0.819, val/loss=0.399, train/accuracy=0.789, train/loss=0.456]
Epoch 1:  75%|███████▍  | 212/283 [00:04<00:01, 43.86it/s, loss=0.388, val/accuracy=0.819, val/loss=0.399, train/accuracy=0.789, train/loss=0.456]

Validation: 0it [00:00, ?it/s][A

Validation:   0%|          | 0/71 [00:00<?, ?it/s][A

Validation DataLoader 0:   0%|          | 0/71 [00:00<?, ?it/s][A

Validation DataLoader 0:   1%|▏         | 1/71 [00:00<00:00, 129.81it/s][A
Epoch 1:  75%|███████▌  | 213/283 [00:04<00:01, 43.17it/s, loss=0.388, val/accuracy=0.819, val/loss=0.399, train/accuracy=0.789, train/loss=0.456]

Validation DataLoader 0:   3%|▎         | 2/71 [00:00<00:00, 84.45it/s] [A
Epoch 1:  76%|███████▌  | 214/283 [00:04<00:01, 43.23it/s, loss=0.388, val/accuracy=0.819, val/loss=0.399, train/accuracy=0.789, train/loss=0.456]

Validation DataLoader 0:   4%|▍         | 3/71 [00:00<00:00, 79.78it/s][A
Epoch 1:  76%|███████▌  | 215/283 [00:04<00:01, 43.31it/s, loss=0.388, val/accuracy=0.819, val/loss=0.399, train/accuracy=0.789, train/loss=0.456]

Validation DataLoader 0:   6%|▌         | 4/71 [00:00<00:01, 62.76it/s][A
Epoch 1:  76%|███████▋  | 216/283 [00:04<00:01, 43.28it/s, loss=0.388, val/accuracy=0.819, val/loss=0.399, train/accuracy=0.789, train/loss=0.456]

Validation DataLoader 0:   7%|▋         | 5/71 [00:00<00:01, 59.77it/s][A
Epoch 1:  77%|███████▋  | 217/283 [00:05<00:01, 43.31it/s, loss=0.388, val/accuracy=0.819, val/loss=0.399, train/accuracy=0.789, train/loss=0.456]

Validation DataLoader 0:   8%|▊         | 6/71 [00:00<00:01, 57.90it/s][A
Epoch 1:  77%|███████▋  | 218/283 [00:05<00:01, 43.34it/s, loss=0.388, val/accuracy=0.819, val/loss=0.399, train/accuracy=0.789, train/loss=0.456]

Validation DataLoader 0:  10%|▉         | 7/71 [00:00<00:01, 56.79it/s][A
Epoch 1:  77%|███████▋  | 219/283 [00:05<00:01, 43.37it/s, loss=0.388, val/accuracy=0.819, val/loss=0.399, train/accuracy=0.789, train/loss=0.456]

Validation DataLoader 0:  11%|█▏        | 8/71 [00:00<00:01, 56.23it/s][A
Epoch 1:  78%|███████▊  | 220/283 [00:05<00:01, 43.40it/s, loss=0.388, val/accuracy=0.819, val/loss=0.399, train/accuracy=0.789, train/loss=0.456]

Validation DataLoader 0:  13%|█▎        | 9/71 [00:00<00:01, 56.40it/s][A
Epoch 1:  78%|███████▊  | 221/283 [00:05<00:01, 43.45it/s, loss=0.388, val/accuracy=0.819, val/loss=0.399, train/accuracy=0.789, train/loss=0.456]

Validation DataLoader 0:  14%|█▍        | 10/71 [00:00<00:01, 54.41it/s][A
Epoch 1:  78%|███████▊  | 222/283 [00:05<00:01, 43.44it/s, loss=0.388, val/accuracy=0.819, val/loss=0.399, train/accuracy=0.789, train/loss=0.456]

Validation DataLoader 0:  15%|█▌        | 11/71 [00:00<00:01, 54.05it/s][A
Epoch 1:  79%|███████▉  | 223/283 [00:05<00:01, 43.47it/s, loss=0.388, val/accuracy=0.819, val/loss=0.399, train/accuracy=0.789, train/loss=0.456]

Validation DataLoader 0:  17%|█▋        | 12/71 [00:00<00:01, 53.74it/s][A
Epoch 1:  79%|███████▉  | 224/283 [00:05<00:01, 43.50it/s, loss=0.388, val/accuracy=0.819, val/loss=0.399, train/accuracy=0.789, train/loss=0.456]

Validation DataLoader 0:  18%|█▊        | 13/71 [00:00<00:01, 54.24it/s][A
Epoch 1:  80%|███████▉  | 225/283 [00:05<00:01, 43.55it/s, loss=0.388, val/accuracy=0.819, val/loss=0.399, train/accuracy=0.789, train/loss=0.456]

Validation DataLoader 0:  20%|█▉        | 14/71 [00:00<00:01, 53.11it/s][A
Epoch 1:  80%|███████▉  | 226/283 [00:05<00:01, 43.54it/s, loss=0.388, val/accuracy=0.819, val/loss=0.399, train/accuracy=0.789, train/loss=0.456]

Validation DataLoader 0:  21%|██        | 15/71 [00:00<00:01, 52.97it/s][A
Epoch 1:  80%|████████  | 227/283 [00:05<00:01, 43.57it/s, loss=0.388, val/accuracy=0.819, val/loss=0.399, train/accuracy=0.789, train/loss=0.456]

Validation DataLoader 0:  23%|██▎       | 16/71 [00:00<00:01, 52.72it/s][A
Epoch 1:  81%|████████  | 228/283 [00:05<00:01, 43.59it/s, loss=0.388, val/accuracy=0.819, val/loss=0.399, train/accuracy=0.789, train/loss=0.456]

Validation DataLoader 0:  24%|██▍       | 17/71 [00:00<00:01, 52.54it/s][A
Epoch 1:  81%|████████  | 229/283 [00:05<00:01, 43.62it/s, loss=0.388, val/accuracy=0.819, val/loss=0.399, train/accuracy=0.789, train/loss=0.456]

Validation DataLoader 0:  25%|██▌       | 18/71 [00:00<00:01, 52.37it/s][A
Epoch 1:  81%|████████▏ | 230/283 [00:05<00:01, 43.64it/s, loss=0.388, val/accuracy=0.819, val/loss=0.399, train/accuracy=0.789, train/loss=0.456]

Validation DataLoader 0:  27%|██▋       | 19/71 [00:00<00:00, 52.23it/s][A
Epoch 1:  82%|████████▏ | 231/283 [00:05<00:01, 43.66it/s, loss=0.388, val/accuracy=0.819, val/loss=0.399, train/accuracy=0.789, train/loss=0.456]

Validation DataLoader 0:  28%|██▊       | 20/71 [00:00<00:00, 52.46it/s][A
Epoch 1:  82%|████████▏ | 232/283 [00:05<00:01, 43.71it/s, loss=0.388, val/accuracy=0.819, val/loss=0.399, train/accuracy=0.789, train/loss=0.456]

Validation DataLoader 0:  30%|██▉       | 21/71 [00:00<00:00, 51.99it/s][A
Epoch 1:  82%|████████▏ | 233/283 [00:05<00:01, 43.71it/s, loss=0.388, val/accuracy=0.819, val/loss=0.399, train/accuracy=0.789, train/loss=0.456]

Validation DataLoader 0:  31%|███       | 22/71 [00:00<00:00, 51.96it/s][A
Epoch 1:  83%|████████▎ | 234/283 [00:05<00:01, 43.74it/s, loss=0.388, val/accuracy=0.819, val/loss=0.399, train/accuracy=0.789, train/loss=0.456]

Validation DataLoader 0:  32%|███▏      | 23/71 [00:00<00:00, 51.88it/s][A
Epoch 1:  83%|████████▎ | 235/283 [00:05<00:01, 43.76it/s, loss=0.388, val/accuracy=0.819, val/loss=0.399, train/accuracy=0.789, train/loss=0.456]

Validation DataLoader 0:  34%|███▍      | 24/71 [00:00<00:00, 52.75it/s][A
Epoch 1:  83%|████████▎ | 236/283 [00:05<00:01, 43.85it/s, loss=0.388, val/accuracy=0.819, val/loss=0.399, train/accuracy=0.789, train/loss=0.456]

Validation DataLoader 0:  35%|███▌      | 25/71 [00:00<00:00, 51.73it/s][A
Epoch 1:  84%|████████▎ | 237/283 [00:05<00:01, 43.81it/s, loss=0.388, val/accuracy=0.819, val/loss=0.399, train/accuracy=0.789, train/loss=0.456]

Validation DataLoader 0:  37%|███▋      | 26/71 [00:00<00:00, 51.69it/s][A
Epoch 1:  84%|████████▍ | 238/283 [00:05<00:01, 43.83it/s, loss=0.388, val/accuracy=0.819, val/loss=0.399, train/accuracy=0.789, train/loss=0.456]

Validation DataLoader 0:  38%|███▊      | 27/71 [00:00<00:00, 51.60it/s][A
Epoch 1:  84%|████████▍ | 239/283 [00:05<00:01, 43.85it/s, loss=0.388, val/accuracy=0.819, val/loss=0.399, train/accuracy=0.789, train/loss=0.456]

Validation DataLoader 0:  39%|███▉      | 28/71 [00:00<00:00, 51.54it/s][A
Epoch 1:  85%|████████▍ | 240/283 [00:05<00:00, 43.88it/s, loss=0.388, val/accuracy=0.819, val/loss=0.399, train/accuracy=0.789, train/loss=0.456]

Validation DataLoader 0:  41%|████      | 29/71 [00:00<00:00, 51.52it/s][A
Epoch 1:  85%|████████▌ | 241/283 [00:05<00:00, 43.90it/s, loss=0.388, val/accuracy=0.819, val/loss=0.399, train/accuracy=0.789, train/loss=0.456]

Validation DataLoader 0:  42%|████▏     | 30/71 [00:00<00:00, 51.48it/s][A
Epoch 1:  86%|████████▌ | 242/283 [00:05<00:00, 43.93it/s, loss=0.388, val/accuracy=0.819, val/loss=0.399, train/accuracy=0.789, train/loss=0.456]

Validation DataLoader 0:  44%|████▎     | 31/71 [00:00<00:00, 51.73it/s][A
Epoch 1:  86%|████████▌ | 243/283 [00:05<00:00, 43.97it/s, loss=0.388, val/accuracy=0.819, val/loss=0.399, train/accuracy=0.789, train/loss=0.456]

Validation DataLoader 0:  45%|████▌     | 32/71 [00:00<00:00, 51.43it/s][A
Epoch 1:  86%|████████▌ | 244/283 [00:05<00:00, 43.97it/s, loss=0.388, val/accuracy=0.819, val/loss=0.399, train/accuracy=0.789, train/loss=0.456]

Validation DataLoader 0:  46%|████▋     | 33/71 [00:00<00:00, 51.42it/s][A
Epoch 1:  87%|████████▋ | 245/283 [00:05<00:00, 44.00it/s, loss=0.388, val/accuracy=0.819, val/loss=0.399, train/accuracy=0.789, train/loss=0.456]

Validation DataLoader 0:  48%|████▊     | 34/71 [00:00<00:00, 51.37it/s][A
Epoch 1:  87%|████████▋ | 246/283 [00:05<00:00, 44.02it/s, loss=0.388, val/accuracy=0.819, val/loss=0.399, train/accuracy=0.789, train/loss=0.456]

Validation DataLoader 0:  49%|████▉     | 35/71 [00:00<00:00, 51.69it/s][A
Epoch 1:  87%|████████▋ | 247/283 [00:05<00:00, 44.08it/s, loss=0.388, val/accuracy=0.819, val/loss=0.399, train/accuracy=0.789, train/loss=0.456]

Validation DataLoader 0:  51%|█████     | 36/71 [00:00<00:00, 51.34it/s][A
Epoch 1:  88%|████████▊ | 248/283 [00:05<00:00, 44.07it/s, loss=0.388, val/accuracy=0.819, val/loss=0.399, train/accuracy=0.789, train/loss=0.456]

Validation DataLoader 0:  52%|█████▏    | 37/71 [00:00<00:00, 51.28it/s][A
Epoch 1:  88%|████████▊ | 249/283 [00:05<00:00, 44.09it/s, loss=0.388, val/accuracy=0.819, val/loss=0.399, train/accuracy=0.789, train/loss=0.456]

Validation DataLoader 0:  54%|█████▎    | 38/71 [00:00<00:00, 51.21it/s][A
Epoch 1:  88%|████████▊ | 250/283 [00:05<00:00, 44.10it/s, loss=0.388, val/accuracy=0.819, val/loss=0.399, train/accuracy=0.789, train/loss=0.456]

Validation DataLoader 0:  55%|█████▍    | 39/71 [00:00<00:00, 51.17it/s][A
Epoch 1:  89%|████████▊ | 251/283 [00:05<00:00, 44.12it/s, loss=0.388, val/accuracy=0.819, val/loss=0.399, train/accuracy=0.789, train/loss=0.456]

Validation DataLoader 0:  56%|█████▋    | 40/71 [00:00<00:00, 51.12it/s][A
Epoch 1:  89%|████████▉ | 252/283 [00:05<00:00, 44.14it/s, loss=0.388, val/accuracy=0.819, val/loss=0.399, train/accuracy=0.789, train/loss=0.456]

Validation DataLoader 0:  58%|█████▊    | 41/71 [00:00<00:00, 51.08it/s][A
Epoch 1:  89%|████████▉ | 253/283 [00:05<00:00, 44.16it/s, loss=0.388, val/accuracy=0.819, val/loss=0.399, train/accuracy=0.789, train/loss=0.456]

Validation DataLoader 0:  59%|█████▉    | 42/71 [00:00<00:00, 51.56it/s][A
Epoch 1:  90%|████████▉ | 254/283 [00:05<00:00, 44.24it/s, loss=0.388, val/accuracy=0.819, val/loss=0.399, train/accuracy=0.789, train/loss=0.456]

Validation DataLoader 0:  61%|██████    | 43/71 [00:00<00:00, 51.03it/s][A
Epoch 1:  90%|█████████ | 255/283 [00:05<00:00, 44.20it/s, loss=0.388, val/accuracy=0.819, val/loss=0.399, train/accuracy=0.789, train/loss=0.456]

Validation DataLoader 0:  62%|██████▏   | 44/71 [00:00<00:00, 51.27it/s][A
Epoch 1:  90%|█████████ | 256/283 [00:05<00:00, 44.25it/s, loss=0.388, val/accuracy=0.819, val/loss=0.399, train/accuracy=0.789, train/loss=0.456]

Validation DataLoader 0:  63%|██████▎   | 45/71 [00:00<00:00, 51.02it/s][A
Epoch 1:  91%|█████████ | 257/283 [00:05<00:00, 44.24it/s, loss=0.388, val/accuracy=0.819, val/loss=0.399, train/accuracy=0.789, train/loss=0.456]

Validation DataLoader 0:  65%|██████▍   | 46/71 [00:00<00:00, 51.27it/s][A
Epoch 1:  91%|█████████ | 258/283 [00:05<00:00, 44.30it/s, loss=0.388, val/accuracy=0.819, val/loss=0.399, train/accuracy=0.789, train/loss=0.456]

Validation DataLoader 0:  66%|██████▌   | 47/71 [00:00<00:00, 51.00it/s][A
Epoch 1:  92%|█████████▏| 259/283 [00:05<00:00, 44.29it/s, loss=0.388, val/accuracy=0.819, val/loss=0.399, train/accuracy=0.789, train/loss=0.456]

Validation DataLoader 0:  68%|██████▊   | 48/71 [00:00<00:00, 51.09it/s][A
Epoch 1:  92%|█████████▏| 260/283 [00:05<00:00, 44.32it/s, loss=0.388, val/accuracy=0.819, val/loss=0.399, train/accuracy=0.789, train/loss=0.456]

Validation DataLoader 0:  69%|██████▉   | 49/71 [00:00<00:00, 51.13it/s][A
Epoch 1:  92%|█████████▏| 261/283 [00:05<00:00, 44.35it/s, loss=0.388, val/accuracy=0.819, val/loss=0.399, train/accuracy=0.789, train/loss=0.456]

Validation DataLoader 0:  70%|███████   | 50/71 [00:00<00:00, 50.96it/s][A
Epoch 1:  93%|█████████▎| 262/283 [00:05<00:00, 44.35it/s, loss=0.388, val/accuracy=0.819, val/loss=0.399, train/accuracy=0.789, train/loss=0.456]

Validation DataLoader 0:  72%|███████▏  | 51/71 [00:00<00:00, 51.35it/s][A
Epoch 1:  93%|█████████▎| 263/283 [00:05<00:00, 44.43it/s, loss=0.388, val/accuracy=0.819, val/loss=0.399, train/accuracy=0.789, train/loss=0.456]

Validation DataLoader 0:  73%|███████▎  | 52/71 [00:01<00:00, 50.97it/s][A
Epoch 1:  93%|█████████▎| 264/283 [00:05<00:00, 44.39it/s, loss=0.388, val/accuracy=0.819, val/loss=0.399, train/accuracy=0.789, train/loss=0.456]

Validation DataLoader 0:  75%|███████▍  | 53/71 [00:01<00:00, 51.25it/s][A
Epoch 1:  94%|█████████▎| 265/283 [00:05<00:00, 44.46it/s, loss=0.388, val/accuracy=0.819, val/loss=0.399, train/accuracy=0.789, train/loss=0.456]

Validation DataLoader 0:  76%|███████▌  | 54/71 [00:01<00:00, 50.96it/s][A
Epoch 1:  94%|█████████▍| 266/283 [00:05<00:00, 44.43it/s, loss=0.388, val/accuracy=0.819, val/loss=0.399, train/accuracy=0.789, train/loss=0.456]

Validation DataLoader 0:  77%|███████▋  | 55/71 [00:01<00:00, 51.30it/s][A
Epoch 1:  94%|█████████▍| 267/283 [00:05<00:00, 44.51it/s, loss=0.388, val/accuracy=0.819, val/loss=0.399, train/accuracy=0.789, train/loss=0.456]

Validation DataLoader 0:  79%|███████▉  | 56/71 [00:01<00:00, 50.96it/s][A
Epoch 1:  95%|█████████▍| 268/283 [00:06<00:00, 44.48it/s, loss=0.388, val/accuracy=0.819, val/loss=0.399, train/accuracy=0.789, train/loss=0.456]

Validation DataLoader 0:  80%|████████  | 57/71 [00:01<00:00, 50.99it/s][A
Epoch 1:  95%|█████████▌| 269/283 [00:06<00:00, 44.50it/s, loss=0.388, val/accuracy=0.819, val/loss=0.399, train/accuracy=0.789, train/loss=0.456]

Validation DataLoader 0:  82%|████████▏ | 58/71 [00:01<00:00, 51.19it/s][A
Epoch 1:  95%|█████████▌| 270/283 [00:06<00:00, 44.56it/s, loss=0.388, val/accuracy=0.819, val/loss=0.399, train/accuracy=0.789, train/loss=0.456]

Validation DataLoader 0:  83%|████████▎ | 59/71 [00:01<00:00, 50.95it/s][A
Epoch 1:  96%|█████████▌| 271/283 [00:06<00:00, 44.54it/s, loss=0.388, val/accuracy=0.819, val/loss=0.399, train/accuracy=0.789, train/loss=0.456]

Validation DataLoader 0:  85%|████████▍ | 60/71 [00:01<00:00, 51.27it/s][A
Epoch 1:  96%|█████████▌| 272/283 [00:06<00:00, 44.61it/s, loss=0.388, val/accuracy=0.819, val/loss=0.399, train/accuracy=0.789, train/loss=0.456]

Validation DataLoader 0:  86%|████████▌ | 61/71 [00:01<00:00, 50.86it/s][A
Epoch 1:  96%|█████████▋| 273/283 [00:06<00:00, 44.56it/s, loss=0.388, val/accuracy=0.819, val/loss=0.399, train/accuracy=0.789, train/loss=0.456]

Validation DataLoader 0:  87%|████████▋ | 62/71 [00:01<00:00, 51.01it/s][A
Epoch 1:  97%|█████████▋| 274/283 [00:06<00:00, 44.61it/s, loss=0.388, val/accuracy=0.819, val/loss=0.399, train/accuracy=0.789, train/loss=0.456]

Validation DataLoader 0:  89%|████████▊ | 63/71 [00:01<00:00, 50.74it/s][A
Epoch 1:  97%|█████████▋| 275/283 [00:06<00:00, 44.58it/s, loss=0.388, val/accuracy=0.819, val/loss=0.399, train/accuracy=0.789, train/loss=0.456]

Validation DataLoader 0:  90%|█████████ | 64/71 [00:01<00:00, 50.62it/s][A
Epoch 1:  98%|█████████▊| 276/283 [00:06<00:00, 44.58it/s, loss=0.388, val/accuracy=0.819, val/loss=0.399, train/accuracy=0.789, train/loss=0.456]

Validation DataLoader 0:  92%|█████████▏| 65/71 [00:01<00:00, 50.50it/s][A
Epoch 1:  98%|█████████▊| 277/283 [00:06<00:00, 44.58it/s, loss=0.388, val/accuracy=0.819, val/loss=0.399, train/accuracy=0.789, train/loss=0.456]

Validation DataLoader 0:  93%|█████████▎| 66/71 [00:01<00:00, 50.39it/s][A
Epoch 1:  98%|█████████▊| 278/283 [00:06<00:00, 44.58it/s, loss=0.388, val/accuracy=0.819, val/loss=0.399, train/accuracy=0.789, train/loss=0.456]

Validation DataLoader 0:  94%|█████████▍| 67/71 [00:01<00:00, 50.29it/s][A
Epoch 1:  99%|█████████▊| 279/283 [00:06<00:00, 44.58it/s, loss=0.388, val/accuracy=0.819, val/loss=0.399, train/accuracy=0.789, train/loss=0.456]

Validation DataLoader 0:  96%|█████████▌| 68/71 [00:01<00:00, 50.19it/s][A
Epoch 1:  99%|█████████▉| 280/283 [00:06<00:00, 44.57it/s, loss=0.388, val/accuracy=0.819, val/loss=0.399, train/accuracy=0.789, train/loss=0.456]

Validation DataLoader 0:  97%|█████████▋| 69/71 [00:01<00:00, 50.09it/s][A
Epoch 1:  99%|█████████▉| 281/283 [00:06<00:00, 44.57it/s, loss=0.388, val/accuracy=0.819, val/loss=0.399, train/accuracy=0.789, train/loss=0.456]

Validation DataLoader 0:  99%|█████████▊| 70/71 [00:01<00:00, 50.33it/s][A
Epoch 1: 100%|█████████▉| 282/283 [00:06<00:00, 44.64it/s, loss=0.388, val/accuracy=0.819, val/loss=0.399, train/accuracy=0.789, train/loss=0.456]

Validation DataLoader 0: 100%|██████████| 71/71 [00:01<00:00, 50.87it/s][A
Epoch 1: 100%|██████████| 283/283 [00:06<00:00, 44.76it/s, loss=0.388, val/accuracy=0.819, val/loss=0.399, train/accuracy=0.789, train/loss=0.456]
Epoch 1: 100%|██████████| 283/283 [00:06<00:00, 44.75it/s, loss=0.388, val/accuracy=0.830, val/loss=0.377, train/accuracy=0.789, train/loss=0.456]

                                                                        [A
Epoch 1: 100%|██████████| 283/283 [00:06<00:00, 44.73it/s, loss=0.388, val/accuracy=0.830, val/loss=0.377, train/accuracy=0.820, train/loss=0.394]Epoch 1, global step 424: 'val/accuracy' reached 0.82975 (best 0.82975), saving model to '/home/cxo147/hyena-dna/results/genomic_benchmark_human_nontata_promoters_20251020_210915/checkpoints/val/accuracy.ckpt' as top 1

Epoch 1:   0%|          | 0/283 [00:00<?, ?it/s, loss=0.388, val/accuracy=0.830, val/loss=0.377, train/accuracy=0.820, train/loss=0.394]          
Epoch 2:   0%|          | 0/283 [00:00<?, ?it/s, loss=0.388, val/accuracy=0.830, val/loss=0.377, train/accuracy=0.820, train/loss=0.394]
Epoch 2:   0%|          | 1/283 [00:00<00:34,  8.27it/s, loss=0.388, val/accuracy=0.830, val/loss=0.377, train/accuracy=0.820, train/loss=0.394]
Epoch 2:   0%|          | 1/283 [00:00<00:34,  8.23it/s, loss=0.387, val/accuracy=0.830, val/loss=0.377, train/accuracy=0.820, train/loss=0.394]
Epoch 2:   1%|          | 2/283 [00:00<00:20, 13.70it/s, loss=0.387, val/accuracy=0.830, val/loss=0.377, train/accuracy=0.820, train/loss=0.394]
Epoch 2:   1%|          | 2/283 [00:00<00:20, 13.67it/s, loss=0.392, val/accuracy=0.830, val/loss=0.377, train/accuracy=0.820, train/loss=0.394]
Epoch 2:   1%|          | 3/283 [00:00<00:15, 17.52it/s, loss=0.392, val/accuracy=0.830, val/loss=0.377, train/accuracy=0.820, train/loss=0.394]
Epoch 2:   1%|          | 3/283 [00:00<00:16, 17.48it/s, loss=0.393, val/accuracy=0.830, val/loss=0.377, train/accuracy=0.820, train/loss=0.394]
Epoch 2:   1%|▏         | 4/283 [00:00<00:13, 20.34it/s, loss=0.393, val/accuracy=0.830, val/loss=0.377, train/accuracy=0.820, train/loss=0.394]
Epoch 2:   1%|▏         | 4/283 [00:00<00:13, 20.31it/s, loss=0.398, val/accuracy=0.830, val/loss=0.377, train/accuracy=0.820, train/loss=0.394]
Epoch 2:   2%|▏         | 5/283 [00:00<00:12, 22.52it/s, loss=0.398, val/accuracy=0.830, val/loss=0.377, train/accuracy=0.820, train/loss=0.394]
Epoch 2:   2%|▏         | 5/283 [00:00<00:12, 22.49it/s, loss=0.397, val/accuracy=0.830, val/loss=0.377, train/accuracy=0.820, train/loss=0.394]
Epoch 2:   2%|▏         | 6/283 [00:00<00:11, 24.26it/s, loss=0.397, val/accuracy=0.830, val/loss=0.377, train/accuracy=0.820, train/loss=0.394]
Epoch 2:   2%|▏         | 6/283 [00:00<00:11, 24.23it/s, loss=0.396, val/accuracy=0.830, val/loss=0.377, train/accuracy=0.820, train/loss=0.394]
Epoch 2:   2%|▏         | 7/283 [00:00<00:10, 25.66it/s, loss=0.396, val/accuracy=0.830, val/loss=0.377, train/accuracy=0.820, train/loss=0.394]
Epoch 2:   2%|▏         | 7/283 [00:00<00:10, 25.63it/s, loss=0.393, val/accuracy=0.830, val/loss=0.377, train/accuracy=0.820, train/loss=0.394]
Epoch 2:   3%|▎         | 8/283 [00:00<00:10, 26.84it/s, loss=0.393, val/accuracy=0.830, val/loss=0.377, train/accuracy=0.820, train/loss=0.394]
Epoch 2:   3%|▎         | 8/283 [00:00<00:10, 26.82it/s, loss=0.396, val/accuracy=0.830, val/loss=0.377, train/accuracy=0.820, train/loss=0.394]
Epoch 2:   3%|▎         | 9/283 [00:00<00:09, 27.95it/s, loss=0.396, val/accuracy=0.830, val/loss=0.377, train/accuracy=0.820, train/loss=0.394]
Epoch 2:   3%|▎         | 9/283 [00:00<00:09, 27.93it/s, loss=0.395, val/accuracy=0.830, val/loss=0.377, train/accuracy=0.820, train/loss=0.394]
Epoch 2:   4%|▎         | 10/283 [00:00<00:09, 29.04it/s, loss=0.395, val/accuracy=0.830, val/loss=0.377, train/accuracy=0.820, train/loss=0.394]
Epoch 2:   4%|▎         | 10/283 [00:00<00:09, 29.02it/s, loss=0.394, val/accuracy=0.830, val/loss=0.377, train/accuracy=0.820, train/loss=0.394]
Epoch 2:   4%|▍         | 11/283 [00:00<00:09, 29.99it/s, loss=0.394, val/accuracy=0.830, val/loss=0.377, train/accuracy=0.820, train/loss=0.394]
Epoch 2:   4%|▍         | 11/283 [00:00<00:09, 29.97it/s, loss=0.397, val/accuracy=0.830, val/loss=0.377, train/accuracy=0.820, train/loss=0.394]
Epoch 2:   4%|▍         | 12/283 [00:00<00:08, 30.84it/s, loss=0.397, val/accuracy=0.830, val/loss=0.377, train/accuracy=0.820, train/loss=0.394]
Epoch 2:   4%|▍         | 12/283 [00:00<00:08, 30.82it/s, loss=0.394, val/accuracy=0.830, val/loss=0.377, train/accuracy=0.820, train/loss=0.394]
Epoch 2:   5%|▍         | 13/283 [00:00<00:08, 31.61it/s, loss=0.394, val/accuracy=0.830, val/loss=0.377, train/accuracy=0.820, train/loss=0.394]
Epoch 2:   5%|▍         | 13/283 [00:00<00:08, 31.59it/s, loss=0.397, val/accuracy=0.830, val/loss=0.377, train/accuracy=0.820, train/loss=0.394]
Epoch 2:   5%|▍         | 14/283 [00:00<00:08, 32.29it/s, loss=0.397, val/accuracy=0.830, val/loss=0.377, train/accuracy=0.820, train/loss=0.394]
Epoch 2:   5%|▍         | 14/283 [00:00<00:08, 32.28it/s, loss=0.397, val/accuracy=0.830, val/loss=0.377, train/accuracy=0.820, train/loss=0.394]
Epoch 2:   5%|▌         | 15/283 [00:00<00:08, 32.89it/s, loss=0.397, val/accuracy=0.830, val/loss=0.377, train/accuracy=0.820, train/loss=0.394]
Epoch 2:   5%|▌         | 15/283 [00:00<00:08, 32.88it/s, loss=0.396, val/accuracy=0.830, val/loss=0.377, train/accuracy=0.820, train/loss=0.394]
Epoch 2:   6%|▌         | 16/283 [00:00<00:07, 33.45it/s, loss=0.396, val/accuracy=0.830, val/loss=0.377, train/accuracy=0.820, train/loss=0.394]
Epoch 2:   6%|▌         | 16/283 [00:00<00:07, 33.44it/s, loss=0.391, val/accuracy=0.830, val/loss=0.377, train/accuracy=0.820, train/loss=0.394]
Epoch 2:   6%|▌         | 17/283 [00:00<00:07, 33.96it/s, loss=0.391, val/accuracy=0.830, val/loss=0.377, train/accuracy=0.820, train/loss=0.394]
Epoch 2:   6%|▌         | 17/283 [00:00<00:07, 33.94it/s, loss=0.378, val/accuracy=0.830, val/loss=0.377, train/accuracy=0.820, train/loss=0.394]
Epoch 2:   6%|▋         | 18/283 [00:00<00:07, 34.42it/s, loss=0.378, val/accuracy=0.830, val/loss=0.377, train/accuracy=0.820, train/loss=0.394]
Epoch 2:   6%|▋         | 18/283 [00:00<00:07, 34.40it/s, loss=0.377, val/accuracy=0.830, val/loss=0.377, train/accuracy=0.820, train/loss=0.394]
Epoch 2:   7%|▋         | 19/283 [00:00<00:07, 34.84it/s, loss=0.377, val/accuracy=0.830, val/loss=0.377, train/accuracy=0.820, train/loss=0.394]
Epoch 2:   7%|▋         | 19/283 [00:00<00:07, 34.83it/s, loss=0.38, val/accuracy=0.830, val/loss=0.377, train/accuracy=0.820, train/loss=0.394] 
Epoch 2:   7%|▋         | 20/283 [00:00<00:07, 35.23it/s, loss=0.38, val/accuracy=0.830, val/loss=0.377, train/accuracy=0.820, train/loss=0.394]
Epoch 2:   7%|▋         | 20/283 [00:00<00:07, 35.22it/s, loss=0.384, val/accuracy=0.830, val/loss=0.377, train/accuracy=0.820, train/loss=0.394]
Epoch 2:   7%|▋         | 21/283 [00:00<00:07, 35.60it/s, loss=0.384, val/accuracy=0.830, val/loss=0.377, train/accuracy=0.820, train/loss=0.394]
Epoch 2:   7%|▋         | 21/283 [00:00<00:07, 35.58it/s, loss=0.382, val/accuracy=0.830, val/loss=0.377, train/accuracy=0.820, train/loss=0.394]
Epoch 2:   8%|▊         | 22/283 [00:00<00:07, 35.93it/s, loss=0.382, val/accuracy=0.830, val/loss=0.377, train/accuracy=0.820, train/loss=0.394]
Epoch 2:   8%|▊         | 22/283 [00:00<00:07, 35.92it/s, loss=0.378, val/accuracy=0.830, val/loss=0.377, train/accuracy=0.820, train/loss=0.394]
Epoch 2:   8%|▊         | 23/283 [00:00<00:07, 36.24it/s, loss=0.378, val/accuracy=0.830, val/loss=0.377, train/accuracy=0.820, train/loss=0.394]
Epoch 2:   8%|▊         | 23/283 [00:00<00:07, 36.23it/s, loss=0.379, val/accuracy=0.830, val/loss=0.377, train/accuracy=0.820, train/loss=0.394]
Epoch 2:   8%|▊         | 24/283 [00:00<00:07, 36.54it/s, loss=0.379, val/accuracy=0.830, val/loss=0.377, train/accuracy=0.820, train/loss=0.394]
Epoch 2:   8%|▊         | 24/283 [00:00<00:07, 36.52it/s, loss=0.376, val/accuracy=0.830, val/loss=0.377, train/accuracy=0.820, train/loss=0.394]
Epoch 2:   9%|▉         | 25/283 [00:00<00:07, 36.81it/s, loss=0.376, val/accuracy=0.830, val/loss=0.377, train/accuracy=0.820, train/loss=0.394]
Epoch 2:   9%|▉         | 25/283 [00:00<00:07, 36.80it/s, loss=0.375, val/accuracy=0.830, val/loss=0.377, train/accuracy=0.820, train/loss=0.394]
Epoch 2:   9%|▉         | 26/283 [00:00<00:06, 37.07it/s, loss=0.375, val/accuracy=0.830, val/loss=0.377, train/accuracy=0.820, train/loss=0.394]
Epoch 2:   9%|▉         | 26/283 [00:00<00:06, 37.05it/s, loss=0.375, val/accuracy=0.830, val/loss=0.377, train/accuracy=0.820, train/loss=0.394]
Epoch 2:  10%|▉         | 27/283 [00:00<00:06, 37.30it/s, loss=0.375, val/accuracy=0.830, val/loss=0.377, train/accuracy=0.820, train/loss=0.394]
Epoch 2:  10%|▉         | 27/283 [00:00<00:06, 37.29it/s, loss=0.376, val/accuracy=0.830, val/loss=0.377, train/accuracy=0.820, train/loss=0.394]
Epoch 2:  10%|▉         | 28/283 [00:00<00:06, 37.53it/s, loss=0.376, val/accuracy=0.830, val/loss=0.377, train/accuracy=0.820, train/loss=0.394]
Epoch 2:  10%|▉         | 28/283 [00:00<00:06, 37.52it/s, loss=0.379, val/accuracy=0.830, val/loss=0.377, train/accuracy=0.820, train/loss=0.394]
Epoch 2:  10%|█         | 29/283 [00:00<00:06, 37.75it/s, loss=0.379, val/accuracy=0.830, val/loss=0.377, train/accuracy=0.820, train/loss=0.394]
Epoch 2:  10%|█         | 29/283 [00:00<00:06, 37.74it/s, loss=0.377, val/accuracy=0.830, val/loss=0.377, train/accuracy=0.820, train/loss=0.394]
Epoch 2:  11%|█         | 30/283 [00:00<00:06, 37.95it/s, loss=0.377, val/accuracy=0.830, val/loss=0.377, train/accuracy=0.820, train/loss=0.394]
Epoch 2:  11%|█         | 30/283 [00:00<00:06, 37.94it/s, loss=0.376, val/accuracy=0.830, val/loss=0.377, train/accuracy=0.820, train/loss=0.394]
Epoch 2:  11%|█         | 31/283 [00:00<00:06, 38.14it/s, loss=0.376, val/accuracy=0.830, val/loss=0.377, train/accuracy=0.820, train/loss=0.394]
Epoch 2:  11%|█         | 31/283 [00:00<00:06, 38.13it/s, loss=0.374, val/accuracy=0.830, val/loss=0.377, train/accuracy=0.820, train/loss=0.394]
Epoch 2:  11%|█▏        | 32/283 [00:00<00:06, 38.32it/s, loss=0.374, val/accuracy=0.830, val/loss=0.377, train/accuracy=0.820, train/loss=0.394]
Epoch 2:  11%|█▏        | 32/283 [00:00<00:06, 38.31it/s, loss=0.376, val/accuracy=0.830, val/loss=0.377, train/accuracy=0.820, train/loss=0.394]
Epoch 2:  12%|█▏        | 33/283 [00:00<00:06, 38.49it/s, loss=0.376, val/accuracy=0.830, val/loss=0.377, train/accuracy=0.820, train/loss=0.394]
Epoch 2:  12%|█▏        | 33/283 [00:00<00:06, 38.48it/s, loss=0.372, val/accuracy=0.830, val/loss=0.377, train/accuracy=0.820, train/loss=0.394]
Epoch 2:  12%|█▏        | 34/283 [00:00<00:06, 38.65it/s, loss=0.372, val/accuracy=0.830, val/loss=0.377, train/accuracy=0.820, train/loss=0.394]
Epoch 2:  12%|█▏        | 34/283 [00:00<00:06, 38.63it/s, loss=0.37, val/accuracy=0.830, val/loss=0.377, train/accuracy=0.820, train/loss=0.394] 
Epoch 2:  12%|█▏        | 35/283 [00:00<00:06, 38.80it/s, loss=0.37, val/accuracy=0.830, val/loss=0.377, train/accuracy=0.820, train/loss=0.394]
Epoch 2:  12%|█▏        | 35/283 [00:00<00:06, 38.79it/s, loss=0.367, val/accuracy=0.830, val/loss=0.377, train/accuracy=0.820, train/loss=0.394]
Epoch 2:  13%|█▎        | 36/283 [00:00<00:06, 38.95it/s, loss=0.367, val/accuracy=0.830, val/loss=0.377, train/accuracy=0.820, train/loss=0.394]
Epoch 2:  13%|█▎        | 36/283 [00:00<00:06, 38.95it/s, loss=0.365, val/accuracy=0.830, val/loss=0.377, train/accuracy=0.820, train/loss=0.394]
Epoch 2:  13%|█▎        | 37/283 [00:00<00:06, 39.10it/s, loss=0.365, val/accuracy=0.830, val/loss=0.377, train/accuracy=0.820, train/loss=0.394]
Epoch 2:  13%|█▎        | 37/283 [00:00<00:06, 39.09it/s, loss=0.365, val/accuracy=0.830, val/loss=0.377, train/accuracy=0.820, train/loss=0.394]
Epoch 2:  13%|█▎        | 38/283 [00:00<00:06, 39.24it/s, loss=0.365, val/accuracy=0.830, val/loss=0.377, train/accuracy=0.820, train/loss=0.394]
Epoch 2:  13%|█▎        | 38/283 [00:00<00:06, 39.23it/s, loss=0.367, val/accuracy=0.830, val/loss=0.377, train/accuracy=0.820, train/loss=0.394]
Epoch 2:  14%|█▍        | 39/283 [00:00<00:06, 39.36it/s, loss=0.367, val/accuracy=0.830, val/loss=0.377, train/accuracy=0.820, train/loss=0.394]
Epoch 2:  14%|█▍        | 39/283 [00:00<00:06, 39.35it/s, loss=0.362, val/accuracy=0.830, val/loss=0.377, train/accuracy=0.820, train/loss=0.394]
Epoch 2:  14%|█▍        | 40/283 [00:01<00:06, 39.48it/s, loss=0.362, val/accuracy=0.830, val/loss=0.377, train/accuracy=0.820, train/loss=0.394]
Epoch 2:  14%|█▍        | 40/283 [00:01<00:06, 39.47it/s, loss=0.357, val/accuracy=0.830, val/loss=0.377, train/accuracy=0.820, train/loss=0.394]
Epoch 2:  14%|█▍        | 41/283 [00:01<00:06, 39.59it/s, loss=0.357, val/accuracy=0.830, val/loss=0.377, train/accuracy=0.820, train/loss=0.394]
Epoch 2:  14%|█▍        | 41/283 [00:01<00:06, 39.58it/s, loss=0.355, val/accuracy=0.830, val/loss=0.377, train/accuracy=0.820, train/loss=0.394]
Epoch 2:  15%|█▍        | 42/283 [00:01<00:06, 39.70it/s, loss=0.355, val/accuracy=0.830, val/loss=0.377, train/accuracy=0.820, train/loss=0.394]
Epoch 2:  15%|█▍        | 42/283 [00:01<00:06, 39.70it/s, loss=0.356, val/accuracy=0.830, val/loss=0.377, train/accuracy=0.820, train/loss=0.394]
Epoch 2:  15%|█▌        | 43/283 [00:01<00:06, 39.81it/s, loss=0.356, val/accuracy=0.830, val/loss=0.377, train/accuracy=0.820, train/loss=0.394]
Epoch 2:  15%|█▌        | 43/283 [00:01<00:06, 39.80it/s, loss=0.358, val/accuracy=0.830, val/loss=0.377, train/accuracy=0.820, train/loss=0.394]
Epoch 2:  16%|█▌        | 44/283 [00:01<00:05, 39.92it/s, loss=0.358, val/accuracy=0.830, val/loss=0.377, train/accuracy=0.820, train/loss=0.394]
Epoch 2:  16%|█▌        | 44/283 [00:01<00:05, 39.91it/s, loss=0.355, val/accuracy=0.830, val/loss=0.377, train/accuracy=0.820, train/loss=0.394]
Epoch 2:  16%|█▌        | 45/283 [00:01<00:05, 40.02it/s, loss=0.355, val/accuracy=0.830, val/loss=0.377, train/accuracy=0.820, train/loss=0.394]
Epoch 2:  16%|█▌        | 45/283 [00:01<00:05, 40.01it/s, loss=0.355, val/accuracy=0.830, val/loss=0.377, train/accuracy=0.820, train/loss=0.394]
Epoch 2:  16%|█▋        | 46/283 [00:01<00:05, 40.11it/s, loss=0.355, val/accuracy=0.830, val/loss=0.377, train/accuracy=0.820, train/loss=0.394]
Epoch 2:  16%|█▋        | 46/283 [00:01<00:05, 40.10it/s, loss=0.355, val/accuracy=0.830, val/loss=0.377, train/accuracy=0.820, train/loss=0.394]
Epoch 2:  17%|█▋        | 47/283 [00:01<00:05, 40.20it/s, loss=0.355, val/accuracy=0.830, val/loss=0.377, train/accuracy=0.820, train/loss=0.394]
Epoch 2:  17%|█▋        | 47/283 [00:01<00:05, 40.19it/s, loss=0.353, val/accuracy=0.830, val/loss=0.377, train/accuracy=0.820, train/loss=0.394]
Epoch 2:  17%|█▋        | 48/283 [00:01<00:05, 40.28it/s, loss=0.353, val/accuracy=0.830, val/loss=0.377, train/accuracy=0.820, train/loss=0.394]
Epoch 2:  17%|█▋        | 48/283 [00:01<00:05, 40.27it/s, loss=0.345, val/accuracy=0.830, val/loss=0.377, train/accuracy=0.820, train/loss=0.394]
Epoch 2:  17%|█▋        | 49/283 [00:01<00:05, 40.37it/s, loss=0.345, val/accuracy=0.830, val/loss=0.377, train/accuracy=0.820, train/loss=0.394]
Epoch 2:  17%|█▋        | 49/283 [00:01<00:05, 40.36it/s, loss=0.344, val/accuracy=0.830, val/loss=0.377, train/accuracy=0.820, train/loss=0.394]
Epoch 2:  18%|█▊        | 50/283 [00:01<00:05, 40.45it/s, loss=0.344, val/accuracy=0.830, val/loss=0.377, train/accuracy=0.820, train/loss=0.394]
Epoch 2:  18%|█▊        | 50/283 [00:01<00:05, 40.44it/s, loss=0.347, val/accuracy=0.830, val/loss=0.377, train/accuracy=0.820, train/loss=0.394]
Epoch 2:  18%|█▊        | 51/283 [00:01<00:05, 40.53it/s, loss=0.347, val/accuracy=0.830, val/loss=0.377, train/accuracy=0.820, train/loss=0.394]
Epoch 2:  18%|█▊        | 51/283 [00:01<00:05, 40.52it/s, loss=0.35, val/accuracy=0.830, val/loss=0.377, train/accuracy=0.820, train/loss=0.394] 
Epoch 2:  18%|█▊        | 52/283 [00:01<00:05, 40.61it/s, loss=0.35, val/accuracy=0.830, val/loss=0.377, train/accuracy=0.820, train/loss=0.394]
Epoch 2:  18%|█▊        | 52/283 [00:01<00:05, 40.60it/s, loss=0.349, val/accuracy=0.830, val/loss=0.377, train/accuracy=0.820, train/loss=0.394]
Epoch 2:  19%|█▊        | 53/283 [00:01<00:05, 40.68it/s, loss=0.349, val/accuracy=0.830, val/loss=0.377, train/accuracy=0.820, train/loss=0.394]
Epoch 2:  19%|█▊        | 53/283 [00:01<00:05, 40.67it/s, loss=0.353, val/accuracy=0.830, val/loss=0.377, train/accuracy=0.820, train/loss=0.394]
Epoch 2:  19%|█▉        | 54/283 [00:01<00:05, 40.75it/s, loss=0.353, val/accuracy=0.830, val/loss=0.377, train/accuracy=0.820, train/loss=0.394]
Epoch 2:  19%|█▉        | 54/283 [00:01<00:05, 40.74it/s, loss=0.357, val/accuracy=0.830, val/loss=0.377, train/accuracy=0.820, train/loss=0.394]
Epoch 2:  19%|█▉        | 55/283 [00:01<00:05, 40.82it/s, loss=0.357, val/accuracy=0.830, val/loss=0.377, train/accuracy=0.820, train/loss=0.394]
Epoch 2:  19%|█▉        | 55/283 [00:01<00:05, 40.81it/s, loss=0.359, val/accuracy=0.830, val/loss=0.377, train/accuracy=0.820, train/loss=0.394]
Epoch 2:  20%|█▉        | 56/283 [00:01<00:05, 40.87it/s, loss=0.359, val/accuracy=0.830, val/loss=0.377, train/accuracy=0.820, train/loss=0.394]
Epoch 2:  20%|█▉        | 56/283 [00:01<00:05, 40.87it/s, loss=0.358, val/accuracy=0.830, val/loss=0.377, train/accuracy=0.820, train/loss=0.394]
Epoch 2:  20%|██        | 57/283 [00:01<00:05, 40.93it/s, loss=0.358, val/accuracy=0.830, val/loss=0.377, train/accuracy=0.820, train/loss=0.394]
Epoch 2:  20%|██        | 57/283 [00:01<00:05, 40.93it/s, loss=0.361, val/accuracy=0.830, val/loss=0.377, train/accuracy=0.820, train/loss=0.394]
Epoch 2:  20%|██        | 58/283 [00:01<00:05, 41.00it/s, loss=0.361, val/accuracy=0.830, val/loss=0.377, train/accuracy=0.820, train/loss=0.394]
Epoch 2:  20%|██        | 58/283 [00:01<00:05, 40.99it/s, loss=0.36, val/accuracy=0.830, val/loss=0.377, train/accuracy=0.820, train/loss=0.394] 
Epoch 2:  21%|██        | 59/283 [00:01<00:05, 41.06it/s, loss=0.36, val/accuracy=0.830, val/loss=0.377, train/accuracy=0.820, train/loss=0.394]
Epoch 2:  21%|██        | 59/283 [00:01<00:05, 41.05it/s, loss=0.364, val/accuracy=0.830, val/loss=0.377, train/accuracy=0.820, train/loss=0.394]
Epoch 2:  21%|██        | 60/283 [00:01<00:05, 41.12it/s, loss=0.364, val/accuracy=0.830, val/loss=0.377, train/accuracy=0.820, train/loss=0.394]
Epoch 2:  21%|██        | 60/283 [00:01<00:05, 41.11it/s, loss=0.367, val/accuracy=0.830, val/loss=0.377, train/accuracy=0.820, train/loss=0.394]
Epoch 2:  22%|██▏       | 61/283 [00:01<00:05, 41.18it/s, loss=0.367, val/accuracy=0.830, val/loss=0.377, train/accuracy=0.820, train/loss=0.394]
Epoch 2:  22%|██▏       | 61/283 [00:01<00:05, 41.17it/s, loss=0.377, val/accuracy=0.830, val/loss=0.377, train/accuracy=0.820, train/loss=0.394]
Epoch 2:  22%|██▏       | 62/283 [00:01<00:05, 41.23it/s, loss=0.377, val/accuracy=0.830, val/loss=0.377, train/accuracy=0.820, train/loss=0.394]
Epoch 2:  22%|██▏       | 62/283 [00:01<00:05, 41.23it/s, loss=0.378, val/accuracy=0.830, val/loss=0.377, train/accuracy=0.820, train/loss=0.394]
Epoch 2:  22%|██▏       | 63/283 [00:01<00:05, 41.29it/s, loss=0.378, val/accuracy=0.830, val/loss=0.377, train/accuracy=0.820, train/loss=0.394]
Epoch 2:  22%|██▏       | 63/283 [00:01<00:05, 41.28it/s, loss=0.38, val/accuracy=0.830, val/loss=0.377, train/accuracy=0.820, train/loss=0.394] 
Epoch 2:  23%|██▎       | 64/283 [00:01<00:05, 41.34it/s, loss=0.38, val/accuracy=0.830, val/loss=0.377, train/accuracy=0.820, train/loss=0.394]
Epoch 2:  23%|██▎       | 64/283 [00:01<00:05, 41.34it/s, loss=0.385, val/accuracy=0.830, val/loss=0.377, train/accuracy=0.820, train/loss=0.394]
Epoch 2:  23%|██▎       | 65/283 [00:01<00:05, 41.39it/s, loss=0.385, val/accuracy=0.830, val/loss=0.377, train/accuracy=0.820, train/loss=0.394]
Epoch 2:  23%|██▎       | 65/283 [00:01<00:05, 41.38it/s, loss=0.383, val/accuracy=0.830, val/loss=0.377, train/accuracy=0.820, train/loss=0.394]
Epoch 2:  23%|██▎       | 66/283 [00:01<00:05, 41.44it/s, loss=0.383, val/accuracy=0.830, val/loss=0.377, train/accuracy=0.820, train/loss=0.394]
Epoch 2:  23%|██▎       | 66/283 [00:01<00:05, 41.44it/s, loss=0.383, val/accuracy=0.830, val/loss=0.377, train/accuracy=0.820, train/loss=0.394]
Epoch 2:  24%|██▎       | 67/283 [00:01<00:05, 41.49it/s, loss=0.383, val/accuracy=0.830, val/loss=0.377, train/accuracy=0.820, train/loss=0.394]
Epoch 2:  24%|██▎       | 67/283 [00:01<00:05, 41.49it/s, loss=0.384, val/accuracy=0.830, val/loss=0.377, train/accuracy=0.820, train/loss=0.394]
Epoch 2:  24%|██▍       | 68/283 [00:01<00:05, 41.54it/s, loss=0.384, val/accuracy=0.830, val/loss=0.377, train/accuracy=0.820, train/loss=0.394]
Epoch 2:  24%|██▍       | 68/283 [00:01<00:05, 41.54it/s, loss=0.389, val/accuracy=0.830, val/loss=0.377, train/accuracy=0.820, train/loss=0.394]
Epoch 2:  24%|██▍       | 69/283 [00:01<00:05, 41.59it/s, loss=0.389, val/accuracy=0.830, val/loss=0.377, train/accuracy=0.820, train/loss=0.394]
Epoch 2:  24%|██▍       | 69/283 [00:01<00:05, 41.58it/s, loss=0.39, val/accuracy=0.830, val/loss=0.377, train/accuracy=0.820, train/loss=0.394] 
Epoch 2:  25%|██▍       | 70/283 [00:01<00:05, 41.63it/s, loss=0.39, val/accuracy=0.830, val/loss=0.377, train/accuracy=0.820, train/loss=0.394]
Epoch 2:  25%|██▍       | 70/283 [00:01<00:05, 41.63it/s, loss=0.388, val/accuracy=0.830, val/loss=0.377, train/accuracy=0.820, train/loss=0.394]
Epoch 2:  25%|██▌       | 71/283 [00:01<00:05, 41.67it/s, loss=0.388, val/accuracy=0.830, val/loss=0.377, train/accuracy=0.820, train/loss=0.394]
Epoch 2:  25%|██▌       | 71/283 [00:01<00:05, 41.67it/s, loss=0.388, val/accuracy=0.830, val/loss=0.377, train/accuracy=0.820, train/loss=0.394]
Epoch 2:  25%|██▌       | 72/283 [00:01<00:05, 41.71it/s, loss=0.388, val/accuracy=0.830, val/loss=0.377, train/accuracy=0.820, train/loss=0.394]
Epoch 2:  25%|██▌       | 72/283 [00:01<00:05, 41.71it/s, loss=0.388, val/accuracy=0.830, val/loss=0.377, train/accuracy=0.820, train/loss=0.394]
Epoch 2:  26%|██▌       | 73/283 [00:01<00:05, 41.75it/s, loss=0.388, val/accuracy=0.830, val/loss=0.377, train/accuracy=0.820, train/loss=0.394]
Epoch 2:  26%|██▌       | 73/283 [00:01<00:05, 41.74it/s, loss=0.387, val/accuracy=0.830, val/loss=0.377, train/accuracy=0.820, train/loss=0.394]
Epoch 2:  26%|██▌       | 74/283 [00:01<00:05, 41.79it/s, loss=0.387, val/accuracy=0.830, val/loss=0.377, train/accuracy=0.820, train/loss=0.394]
Epoch 2:  26%|██▌       | 74/283 [00:01<00:05, 41.78it/s, loss=0.386, val/accuracy=0.830, val/loss=0.377, train/accuracy=0.820, train/loss=0.394]
Epoch 2:  27%|██▋       | 75/283 [00:01<00:04, 41.82it/s, loss=0.386, val/accuracy=0.830, val/loss=0.377, train/accuracy=0.820, train/loss=0.394]
Epoch 2:  27%|██▋       | 75/283 [00:01<00:04, 41.82it/s, loss=0.39, val/accuracy=0.830, val/loss=0.377, train/accuracy=0.820, train/loss=0.394] 
Epoch 2:  27%|██▋       | 76/283 [00:01<00:04, 41.86it/s, loss=0.39, val/accuracy=0.830, val/loss=0.377, train/accuracy=0.820, train/loss=0.394]
Epoch 2:  27%|██▋       | 76/283 [00:01<00:04, 41.86it/s, loss=0.392, val/accuracy=0.830, val/loss=0.377, train/accuracy=0.820, train/loss=0.394]
Epoch 2:  27%|██▋       | 77/283 [00:01<00:04, 41.90it/s, loss=0.392, val/accuracy=0.830, val/loss=0.377, train/accuracy=0.820, train/loss=0.394]
Epoch 2:  27%|██▋       | 77/283 [00:01<00:04, 41.89it/s, loss=0.395, val/accuracy=0.830, val/loss=0.377, train/accuracy=0.820, train/loss=0.394]
Epoch 2:  28%|██▊       | 78/283 [00:01<00:04, 41.93it/s, loss=0.395, val/accuracy=0.830, val/loss=0.377, train/accuracy=0.820, train/loss=0.394]
Epoch 2:  28%|██▊       | 78/283 [00:01<00:04, 41.93it/s, loss=0.396, val/accuracy=0.830, val/loss=0.377, train/accuracy=0.820, train/loss=0.394]
Epoch 2:  28%|██▊       | 79/283 [00:01<00:04, 41.97it/s, loss=0.396, val/accuracy=0.830, val/loss=0.377, train/accuracy=0.820, train/loss=0.394]
Epoch 2:  28%|██▊       | 79/283 [00:01<00:04, 41.96it/s, loss=0.392, val/accuracy=0.830, val/loss=0.377, train/accuracy=0.820, train/loss=0.394]
Epoch 2:  28%|██▊       | 80/283 [00:01<00:04, 42.00it/s, loss=0.392, val/accuracy=0.830, val/loss=0.377, train/accuracy=0.820, train/loss=0.394]
Epoch 2:  28%|██▊       | 80/283 [00:01<00:04, 41.99it/s, loss=0.393, val/accuracy=0.830, val/loss=0.377, train/accuracy=0.820, train/loss=0.394]
Epoch 2:  29%|██▊       | 81/283 [00:01<00:04, 42.03it/s, loss=0.393, val/accuracy=0.830, val/loss=0.377, train/accuracy=0.820, train/loss=0.394]
Epoch 2:  29%|██▊       | 81/283 [00:01<00:04, 42.03it/s, loss=0.386, val/accuracy=0.830, val/loss=0.377, train/accuracy=0.820, train/loss=0.394]
Epoch 2:  29%|██▉       | 82/283 [00:01<00:04, 42.06it/s, loss=0.386, val/accuracy=0.830, val/loss=0.377, train/accuracy=0.820, train/loss=0.394]
Epoch 2:  29%|██▉       | 82/283 [00:01<00:04, 42.06it/s, loss=0.387, val/accuracy=0.830, val/loss=0.377, train/accuracy=0.820, train/loss=0.394]
Epoch 2:  29%|██▉       | 83/283 [00:01<00:04, 42.10it/s, loss=0.387, val/accuracy=0.830, val/loss=0.377, train/accuracy=0.820, train/loss=0.394]
Epoch 2:  29%|██▉       | 83/283 [00:01<00:04, 42.09it/s, loss=0.383, val/accuracy=0.830, val/loss=0.377, train/accuracy=0.820, train/loss=0.394]
Epoch 2:  30%|██▉       | 84/283 [00:01<00:04, 42.13it/s, loss=0.383, val/accuracy=0.830, val/loss=0.377, train/accuracy=0.820, train/loss=0.394]
Epoch 2:  30%|██▉       | 84/283 [00:01<00:04, 42.12it/s, loss=0.383, val/accuracy=0.830, val/loss=0.377, train/accuracy=0.820, train/loss=0.394]
Epoch 2:  30%|███       | 85/283 [00:02<00:04, 42.16it/s, loss=0.383, val/accuracy=0.830, val/loss=0.377, train/accuracy=0.820, train/loss=0.394]
Epoch 2:  30%|███       | 85/283 [00:02<00:04, 42.15it/s, loss=0.383, val/accuracy=0.830, val/loss=0.377, train/accuracy=0.820, train/loss=0.394]
Epoch 2:  30%|███       | 86/283 [00:02<00:04, 42.19it/s, loss=0.383, val/accuracy=0.830, val/loss=0.377, train/accuracy=0.820, train/loss=0.394]
Epoch 2:  30%|███       | 86/283 [00:02<00:04, 42.18it/s, loss=0.384, val/accuracy=0.830, val/loss=0.377, train/accuracy=0.820, train/loss=0.394]
Epoch 2:  31%|███       | 87/283 [00:02<00:04, 42.22it/s, loss=0.384, val/accuracy=0.830, val/loss=0.377, train/accuracy=0.820, train/loss=0.394]
Epoch 2:  31%|███       | 87/283 [00:02<00:04, 42.21it/s, loss=0.381, val/accuracy=0.830, val/loss=0.377, train/accuracy=0.820, train/loss=0.394]
Epoch 2:  31%|███       | 88/283 [00:02<00:04, 42.24it/s, loss=0.381, val/accuracy=0.830, val/loss=0.377, train/accuracy=0.820, train/loss=0.394]
Epoch 2:  31%|███       | 88/283 [00:02<00:04, 42.24it/s, loss=0.379, val/accuracy=0.830, val/loss=0.377, train/accuracy=0.820, train/loss=0.394]
Epoch 2:  31%|███▏      | 89/283 [00:02<00:04, 42.27it/s, loss=0.379, val/accuracy=0.830, val/loss=0.377, train/accuracy=0.820, train/loss=0.394]
Epoch 2:  31%|███▏      | 89/283 [00:02<00:04, 42.27it/s, loss=0.382, val/accuracy=0.830, val/loss=0.377, train/accuracy=0.820, train/loss=0.394]
Epoch 2:  32%|███▏      | 90/283 [00:02<00:04, 42.30it/s, loss=0.382, val/accuracy=0.830, val/loss=0.377, train/accuracy=0.820, train/loss=0.394]
Epoch 2:  32%|███▏      | 90/283 [00:02<00:04, 42.29it/s, loss=0.386, val/accuracy=0.830, val/loss=0.377, train/accuracy=0.820, train/loss=0.394]
Epoch 2:  32%|███▏      | 91/283 [00:02<00:04, 42.33it/s, loss=0.386, val/accuracy=0.830, val/loss=0.377, train/accuracy=0.820, train/loss=0.394]
Epoch 2:  32%|███▏      | 91/283 [00:02<00:04, 42.32it/s, loss=0.389, val/accuracy=0.830, val/loss=0.377, train/accuracy=0.820, train/loss=0.394]
Epoch 2:  33%|███▎      | 92/283 [00:02<00:04, 42.35it/s, loss=0.389, val/accuracy=0.830, val/loss=0.377, train/accuracy=0.820, train/loss=0.394]
Epoch 2:  33%|███▎      | 92/283 [00:02<00:04, 42.35it/s, loss=0.389, val/accuracy=0.830, val/loss=0.377, train/accuracy=0.820, train/loss=0.394]
Epoch 2:  33%|███▎      | 93/283 [00:02<00:04, 42.38it/s, loss=0.389, val/accuracy=0.830, val/loss=0.377, train/accuracy=0.820, train/loss=0.394]
Epoch 2:  33%|███▎      | 93/283 [00:02<00:04, 42.37it/s, loss=0.39, val/accuracy=0.830, val/loss=0.377, train/accuracy=0.820, train/loss=0.394] 
Epoch 2:  33%|███▎      | 94/283 [00:02<00:04, 42.40it/s, loss=0.39, val/accuracy=0.830, val/loss=0.377, train/accuracy=0.820, train/loss=0.394]
Epoch 2:  33%|███▎      | 94/283 [00:02<00:04, 42.40it/s, loss=0.395, val/accuracy=0.830, val/loss=0.377, train/accuracy=0.820, train/loss=0.394]
Epoch 2:  34%|███▎      | 95/283 [00:02<00:04, 42.43it/s, loss=0.395, val/accuracy=0.830, val/loss=0.377, train/accuracy=0.820, train/loss=0.394]
Epoch 2:  34%|███▎      | 95/283 [00:02<00:04, 42.42it/s, loss=0.391, val/accuracy=0.830, val/loss=0.377, train/accuracy=0.820, train/loss=0.394]
Epoch 2:  34%|███▍      | 96/283 [00:02<00:04, 42.45it/s, loss=0.391, val/accuracy=0.830, val/loss=0.377, train/accuracy=0.820, train/loss=0.394]
Epoch 2:  34%|███▍      | 96/283 [00:02<00:04, 42.44it/s, loss=0.392, val/accuracy=0.830, val/loss=0.377, train/accuracy=0.820, train/loss=0.394]
Epoch 2:  34%|███▍      | 97/283 [00:02<00:04, 42.47it/s, loss=0.392, val/accuracy=0.830, val/loss=0.377, train/accuracy=0.820, train/loss=0.394]
Epoch 2:  34%|███▍      | 97/283 [00:02<00:04, 42.47it/s, loss=0.39, val/accuracy=0.830, val/loss=0.377, train/accuracy=0.820, train/loss=0.394] 
Epoch 2:  35%|███▍      | 98/283 [00:02<00:04, 42.49it/s, loss=0.39, val/accuracy=0.830, val/loss=0.377, train/accuracy=0.820, train/loss=0.394]
Epoch 2:  35%|███▍      | 98/283 [00:02<00:04, 42.49it/s, loss=0.389, val/accuracy=0.830, val/loss=0.377, train/accuracy=0.820, train/loss=0.394]
Epoch 2:  35%|███▍      | 99/283 [00:02<00:04, 42.52it/s, loss=0.389, val/accuracy=0.830, val/loss=0.377, train/accuracy=0.820, train/loss=0.394]
Epoch 2:  35%|███▍      | 99/283 [00:02<00:04, 42.51it/s, loss=0.39, val/accuracy=0.830, val/loss=0.377, train/accuracy=0.820, train/loss=0.394] 
Epoch 2:  35%|███▌      | 100/283 [00:02<00:04, 42.54it/s, loss=0.39, val/accuracy=0.830, val/loss=0.377, train/accuracy=0.820, train/loss=0.394]
Epoch 2:  35%|███▌      | 100/283 [00:02<00:04, 42.54it/s, loss=0.389, val/accuracy=0.830, val/loss=0.377, train/accuracy=0.820, train/loss=0.394]
Epoch 2:  36%|███▌      | 101/283 [00:02<00:04, 42.56it/s, loss=0.389, val/accuracy=0.830, val/loss=0.377, train/accuracy=0.820, train/loss=0.394]
Epoch 2:  36%|███▌      | 101/283 [00:02<00:04, 42.56it/s, loss=0.388, val/accuracy=0.830, val/loss=0.377, train/accuracy=0.820, train/loss=0.394]
Epoch 2:  36%|███▌      | 102/283 [00:02<00:04, 42.59it/s, loss=0.388, val/accuracy=0.830, val/loss=0.377, train/accuracy=0.820, train/loss=0.394]
Epoch 2:  36%|███▌      | 102/283 [00:02<00:04, 42.58it/s, loss=0.384, val/accuracy=0.830, val/loss=0.377, train/accuracy=0.820, train/loss=0.394]
Epoch 2:  36%|███▋      | 103/283 [00:02<00:04, 42.61it/s, loss=0.384, val/accuracy=0.830, val/loss=0.377, train/accuracy=0.820, train/loss=0.394]
Epoch 2:  36%|███▋      | 103/283 [00:02<00:04, 42.60it/s, loss=0.382, val/accuracy=0.830, val/loss=0.377, train/accuracy=0.820, train/loss=0.394]
Epoch 2:  37%|███▋      | 104/283 [00:02<00:04, 42.63it/s, loss=0.382, val/accuracy=0.830, val/loss=0.377, train/accuracy=0.820, train/loss=0.394]
Epoch 2:  37%|███▋      | 104/283 [00:02<00:04, 42.62it/s, loss=0.377, val/accuracy=0.830, val/loss=0.377, train/accuracy=0.820, train/loss=0.394]
Epoch 2:  37%|███▋      | 105/283 [00:02<00:04, 42.65it/s, loss=0.377, val/accuracy=0.830, val/loss=0.377, train/accuracy=0.820, train/loss=0.394]
Epoch 2:  37%|███▋      | 105/283 [00:02<00:04, 42.64it/s, loss=0.378, val/accuracy=0.830, val/loss=0.377, train/accuracy=0.820, train/loss=0.394]
Epoch 2:  37%|███▋      | 106/283 [00:02<00:04, 42.67it/s, loss=0.378, val/accuracy=0.830, val/loss=0.377, train/accuracy=0.820, train/loss=0.394]
Epoch 2:  37%|███▋      | 106/283 [00:02<00:04, 42.66it/s, loss=0.372, val/accuracy=0.830, val/loss=0.377, train/accuracy=0.820, train/loss=0.394]
Epoch 2:  38%|███▊      | 107/283 [00:02<00:04, 42.69it/s, loss=0.372, val/accuracy=0.830, val/loss=0.377, train/accuracy=0.820, train/loss=0.394]
Epoch 2:  38%|███▊      | 107/283 [00:02<00:04, 42.68it/s, loss=0.376, val/accuracy=0.830, val/loss=0.377, train/accuracy=0.820, train/loss=0.394]
Epoch 2:  38%|███▊      | 108/283 [00:02<00:04, 42.70it/s, loss=0.376, val/accuracy=0.830, val/loss=0.377, train/accuracy=0.820, train/loss=0.394]
Epoch 2:  38%|███▊      | 108/283 [00:02<00:04, 42.70it/s, loss=0.373, val/accuracy=0.830, val/loss=0.377, train/accuracy=0.820, train/loss=0.394]
Epoch 2:  39%|███▊      | 109/283 [00:02<00:04, 42.72it/s, loss=0.373, val/accuracy=0.830, val/loss=0.377, train/accuracy=0.820, train/loss=0.394]
Epoch 2:  39%|███▊      | 109/283 [00:02<00:04, 42.72it/s, loss=0.376, val/accuracy=0.830, val/loss=0.377, train/accuracy=0.820, train/loss=0.394]
Epoch 2:  39%|███▉      | 110/283 [00:02<00:04, 42.74it/s, loss=0.376, val/accuracy=0.830, val/loss=0.377, train/accuracy=0.820, train/loss=0.394]
Epoch 2:  39%|███▉      | 110/283 [00:02<00:04, 42.74it/s, loss=0.37, val/accuracy=0.830, val/loss=0.377, train/accuracy=0.820, train/loss=0.394] 
Epoch 2:  39%|███▉      | 111/283 [00:02<00:04, 42.76it/s, loss=0.37, val/accuracy=0.830, val/loss=0.377, train/accuracy=0.820, train/loss=0.394]
Epoch 2:  39%|███▉      | 111/283 [00:02<00:04, 42.76it/s, loss=0.362, val/accuracy=0.830, val/loss=0.377, train/accuracy=0.820, train/loss=0.394]
Epoch 2:  40%|███▉      | 112/283 [00:02<00:03, 42.78it/s, loss=0.362, val/accuracy=0.830, val/loss=0.377, train/accuracy=0.820, train/loss=0.394]
Epoch 2:  40%|███▉      | 112/283 [00:02<00:03, 42.77it/s, loss=0.363, val/accuracy=0.830, val/loss=0.377, train/accuracy=0.820, train/loss=0.394]
Epoch 2:  40%|███▉      | 113/283 [00:02<00:03, 42.79it/s, loss=0.363, val/accuracy=0.830, val/loss=0.377, train/accuracy=0.820, train/loss=0.394]
Epoch 2:  40%|███▉      | 113/283 [00:02<00:03, 42.79it/s, loss=0.36, val/accuracy=0.830, val/loss=0.377, train/accuracy=0.820, train/loss=0.394] 
Epoch 2:  40%|████      | 114/283 [00:02<00:03, 42.81it/s, loss=0.36, val/accuracy=0.830, val/loss=0.377, train/accuracy=0.820, train/loss=0.394]
Epoch 2:  40%|████      | 114/283 [00:02<00:03, 42.81it/s, loss=0.353, val/accuracy=0.830, val/loss=0.377, train/accuracy=0.820, train/loss=0.394]
Epoch 2:  41%|████      | 115/283 [00:02<00:03, 42.83it/s, loss=0.353, val/accuracy=0.830, val/loss=0.377, train/accuracy=0.820, train/loss=0.394]
Epoch 2:  41%|████      | 115/283 [00:02<00:03, 42.82it/s, loss=0.351, val/accuracy=0.830, val/loss=0.377, train/accuracy=0.820, train/loss=0.394]
Epoch 2:  41%|████      | 116/283 [00:02<00:03, 42.85it/s, loss=0.351, val/accuracy=0.830, val/loss=0.377, train/accuracy=0.820, train/loss=0.394]
Epoch 2:  41%|████      | 116/283 [00:02<00:03, 42.84it/s, loss=0.352, val/accuracy=0.830, val/loss=0.377, train/accuracy=0.820, train/loss=0.394]
Epoch 2:  41%|████▏     | 117/283 [00:02<00:03, 42.86it/s, loss=0.352, val/accuracy=0.830, val/loss=0.377, train/accuracy=0.820, train/loss=0.394]
Epoch 2:  41%|████▏     | 117/283 [00:02<00:03, 42.86it/s, loss=0.349, val/accuracy=0.830, val/loss=0.377, train/accuracy=0.820, train/loss=0.394]
Epoch 2:  42%|████▏     | 118/283 [00:02<00:03, 42.88it/s, loss=0.349, val/accuracy=0.830, val/loss=0.377, train/accuracy=0.820, train/loss=0.394]
Epoch 2:  42%|████▏     | 118/283 [00:02<00:03, 42.87it/s, loss=0.348, val/accuracy=0.830, val/loss=0.377, train/accuracy=0.820, train/loss=0.394]
Epoch 2:  42%|████▏     | 119/283 [00:02<00:03, 42.89it/s, loss=0.348, val/accuracy=0.830, val/loss=0.377, train/accuracy=0.820, train/loss=0.394]
Epoch 2:  42%|████▏     | 119/283 [00:02<00:03, 42.89it/s, loss=0.353, val/accuracy=0.830, val/loss=0.377, train/accuracy=0.820, train/loss=0.394]
Epoch 2:  42%|████▏     | 120/283 [00:02<00:03, 42.91it/s, loss=0.353, val/accuracy=0.830, val/loss=0.377, train/accuracy=0.820, train/loss=0.394]
Epoch 2:  42%|████▏     | 120/283 [00:02<00:03, 42.91it/s, loss=0.356, val/accuracy=0.830, val/loss=0.377, train/accuracy=0.820, train/loss=0.394]
Epoch 2:  43%|████▎     | 121/283 [00:02<00:03, 42.93it/s, loss=0.356, val/accuracy=0.830, val/loss=0.377, train/accuracy=0.820, train/loss=0.394]
Epoch 2:  43%|████▎     | 121/283 [00:02<00:03, 42.92it/s, loss=0.357, val/accuracy=0.830, val/loss=0.377, train/accuracy=0.820, train/loss=0.394]
Epoch 2:  43%|████▎     | 122/283 [00:02<00:03, 42.94it/s, loss=0.357, val/accuracy=0.830, val/loss=0.377, train/accuracy=0.820, train/loss=0.394]
Epoch 2:  43%|████▎     | 122/283 [00:02<00:03, 42.94it/s, loss=0.361, val/accuracy=0.830, val/loss=0.377, train/accuracy=0.820, train/loss=0.394]
Epoch 2:  43%|████▎     | 123/283 [00:02<00:03, 42.95it/s, loss=0.361, val/accuracy=0.830, val/loss=0.377, train/accuracy=0.820, train/loss=0.394]
Epoch 2:  43%|████▎     | 123/283 [00:02<00:03, 42.95it/s, loss=0.363, val/accuracy=0.830, val/loss=0.377, train/accuracy=0.820, train/loss=0.394]
Epoch 2:  44%|████▍     | 124/283 [00:02<00:03, 42.95it/s, loss=0.363, val/accuracy=0.830, val/loss=0.377, train/accuracy=0.820, train/loss=0.394]
Epoch 2:  44%|████▍     | 124/283 [00:02<00:03, 42.95it/s, loss=0.362, val/accuracy=0.830, val/loss=0.377, train/accuracy=0.820, train/loss=0.394]
Epoch 2:  44%|████▍     | 125/283 [00:02<00:03, 42.97it/s, loss=0.362, val/accuracy=0.830, val/loss=0.377, train/accuracy=0.820, train/loss=0.394]
Epoch 2:  44%|████▍     | 125/283 [00:02<00:03, 42.96it/s, loss=0.363, val/accuracy=0.830, val/loss=0.377, train/accuracy=0.820, train/loss=0.394]
Epoch 2:  45%|████▍     | 126/283 [00:02<00:03, 42.98it/s, loss=0.363, val/accuracy=0.830, val/loss=0.377, train/accuracy=0.820, train/loss=0.394]
Epoch 2:  45%|████▍     | 126/283 [00:02<00:03, 42.98it/s, loss=0.37, val/accuracy=0.830, val/loss=0.377, train/accuracy=0.820, train/loss=0.394] 
Epoch 2:  45%|████▍     | 127/283 [00:02<00:03, 42.99it/s, loss=0.37, val/accuracy=0.830, val/loss=0.377, train/accuracy=0.820, train/loss=0.394]
Epoch 2:  45%|████▍     | 127/283 [00:02<00:03, 42.99it/s, loss=0.369, val/accuracy=0.830, val/loss=0.377, train/accuracy=0.820, train/loss=0.394]
Epoch 2:  45%|████▌     | 128/283 [00:02<00:03, 43.01it/s, loss=0.369, val/accuracy=0.830, val/loss=0.377, train/accuracy=0.820, train/loss=0.394]
Epoch 2:  45%|████▌     | 128/283 [00:02<00:03, 43.00it/s, loss=0.37, val/accuracy=0.830, val/loss=0.377, train/accuracy=0.820, train/loss=0.394] 
Epoch 2:  46%|████▌     | 129/283 [00:02<00:03, 43.02it/s, loss=0.37, val/accuracy=0.830, val/loss=0.377, train/accuracy=0.820, train/loss=0.394]
Epoch 2:  46%|████▌     | 129/283 [00:02<00:03, 43.02it/s, loss=0.362, val/accuracy=0.830, val/loss=0.377, train/accuracy=0.820, train/loss=0.394]
Epoch 2:  46%|████▌     | 130/283 [00:03<00:03, 43.04it/s, loss=0.362, val/accuracy=0.830, val/loss=0.377, train/accuracy=0.820, train/loss=0.394]
Epoch 2:  46%|████▌     | 130/283 [00:03<00:03, 43.03it/s, loss=0.363, val/accuracy=0.830, val/loss=0.377, train/accuracy=0.820, train/loss=0.394]
Epoch 2:  46%|████▋     | 131/283 [00:03<00:03, 43.05it/s, loss=0.363, val/accuracy=0.830, val/loss=0.377, train/accuracy=0.820, train/loss=0.394]
Epoch 2:  46%|████▋     | 131/283 [00:03<00:03, 43.05it/s, loss=0.366, val/accuracy=0.830, val/loss=0.377, train/accuracy=0.820, train/loss=0.394]
Epoch 2:  47%|████▋     | 132/283 [00:03<00:03, 43.06it/s, loss=0.366, val/accuracy=0.830, val/loss=0.377, train/accuracy=0.820, train/loss=0.394]
Epoch 2:  47%|████▋     | 132/283 [00:03<00:03, 43.06it/s, loss=0.36, val/accuracy=0.830, val/loss=0.377, train/accuracy=0.820, train/loss=0.394] 
Epoch 2:  47%|████▋     | 133/283 [00:03<00:03, 43.08it/s, loss=0.36, val/accuracy=0.830, val/loss=0.377, train/accuracy=0.820, train/loss=0.394]
Epoch 2:  47%|████▋     | 133/283 [00:03<00:03, 43.07it/s, loss=0.359, val/accuracy=0.830, val/loss=0.377, train/accuracy=0.820, train/loss=0.394]
Epoch 2:  47%|████▋     | 134/283 [00:03<00:03, 43.09it/s, loss=0.359, val/accuracy=0.830, val/loss=0.377, train/accuracy=0.820, train/loss=0.394]
Epoch 2:  47%|████▋     | 134/283 [00:03<00:03, 43.09it/s, loss=0.363, val/accuracy=0.830, val/loss=0.377, train/accuracy=0.820, train/loss=0.394]
Epoch 2:  48%|████▊     | 135/283 [00:03<00:03, 43.10it/s, loss=0.363, val/accuracy=0.830, val/loss=0.377, train/accuracy=0.820, train/loss=0.394]
Epoch 2:  48%|████▊     | 135/283 [00:03<00:03, 43.10it/s, loss=0.367, val/accuracy=0.830, val/loss=0.377, train/accuracy=0.820, train/loss=0.394]
Epoch 2:  48%|████▊     | 136/283 [00:03<00:03, 43.11it/s, loss=0.367, val/accuracy=0.830, val/loss=0.377, train/accuracy=0.820, train/loss=0.394]
Epoch 2:  48%|████▊     | 136/283 [00:03<00:03, 43.11it/s, loss=0.364, val/accuracy=0.830, val/loss=0.377, train/accuracy=0.820, train/loss=0.394]
Epoch 2:  48%|████▊     | 137/283 [00:03<00:03, 43.12it/s, loss=0.364, val/accuracy=0.830, val/loss=0.377, train/accuracy=0.820, train/loss=0.394]
Epoch 2:  48%|████▊     | 137/283 [00:03<00:03, 43.12it/s, loss=0.364, val/accuracy=0.830, val/loss=0.377, train/accuracy=0.820, train/loss=0.394]
Epoch 2:  49%|████▉     | 138/283 [00:03<00:03, 43.14it/s, loss=0.364, val/accuracy=0.830, val/loss=0.377, train/accuracy=0.820, train/loss=0.394]
Epoch 2:  49%|████▉     | 138/283 [00:03<00:03, 43.13it/s, loss=0.368, val/accuracy=0.830, val/loss=0.377, train/accuracy=0.820, train/loss=0.394]
Epoch 2:  49%|████▉     | 139/283 [00:03<00:03, 43.15it/s, loss=0.368, val/accuracy=0.830, val/loss=0.377, train/accuracy=0.820, train/loss=0.394]
Epoch 2:  49%|████▉     | 139/283 [00:03<00:03, 43.14it/s, loss=0.367, val/accuracy=0.830, val/loss=0.377, train/accuracy=0.820, train/loss=0.394]
Epoch 2:  49%|████▉     | 140/283 [00:03<00:03, 43.16it/s, loss=0.367, val/accuracy=0.830, val/loss=0.377, train/accuracy=0.820, train/loss=0.394]
Epoch 2:  49%|████▉     | 140/283 [00:03<00:03, 43.16it/s, loss=0.367, val/accuracy=0.830, val/loss=0.377, train/accuracy=0.820, train/loss=0.394]
Epoch 2:  50%|████▉     | 141/283 [00:03<00:03, 43.17it/s, loss=0.367, val/accuracy=0.830, val/loss=0.377, train/accuracy=0.820, train/loss=0.394]
Epoch 2:  50%|████▉     | 141/283 [00:03<00:03, 43.17it/s, loss=0.367, val/accuracy=0.830, val/loss=0.377, train/accuracy=0.820, train/loss=0.394]
Epoch 2:  50%|█████     | 142/283 [00:03<00:03, 43.18it/s, loss=0.367, val/accuracy=0.830, val/loss=0.377, train/accuracy=0.820, train/loss=0.394]
Epoch 2:  50%|█████     | 142/283 [00:03<00:03, 43.18it/s, loss=0.369, val/accuracy=0.830, val/loss=0.377, train/accuracy=0.820, train/loss=0.394]
Epoch 2:  51%|█████     | 143/283 [00:03<00:03, 43.19it/s, loss=0.369, val/accuracy=0.830, val/loss=0.377, train/accuracy=0.820, train/loss=0.394]
Epoch 2:  51%|█████     | 143/283 [00:03<00:03, 43.19it/s, loss=0.363, val/accuracy=0.830, val/loss=0.377, train/accuracy=0.820, train/loss=0.394]
Epoch 2:  51%|█████     | 144/283 [00:03<00:03, 43.20it/s, loss=0.363, val/accuracy=0.830, val/loss=0.377, train/accuracy=0.820, train/loss=0.394]
Epoch 2:  51%|█████     | 144/283 [00:03<00:03, 43.20it/s, loss=0.363, val/accuracy=0.830, val/loss=0.377, train/accuracy=0.820, train/loss=0.394]
Epoch 2:  51%|█████     | 145/283 [00:03<00:03, 43.22it/s, loss=0.363, val/accuracy=0.830, val/loss=0.377, train/accuracy=0.820, train/loss=0.394]
Epoch 2:  51%|█████     | 145/283 [00:03<00:03, 43.21it/s, loss=0.363, val/accuracy=0.830, val/loss=0.377, train/accuracy=0.820, train/loss=0.394]
Epoch 2:  52%|█████▏    | 146/283 [00:03<00:03, 43.23it/s, loss=0.363, val/accuracy=0.830, val/loss=0.377, train/accuracy=0.820, train/loss=0.394]
Epoch 2:  52%|█████▏    | 146/283 [00:03<00:03, 43.22it/s, loss=0.362, val/accuracy=0.830, val/loss=0.377, train/accuracy=0.820, train/loss=0.394]
Epoch 2:  52%|█████▏    | 147/283 [00:03<00:03, 43.23it/s, loss=0.362, val/accuracy=0.830, val/loss=0.377, train/accuracy=0.820, train/loss=0.394]
Epoch 2:  52%|█████▏    | 147/283 [00:03<00:03, 43.23it/s, loss=0.367, val/accuracy=0.830, val/loss=0.377, train/accuracy=0.820, train/loss=0.394]
Epoch 2:  52%|█████▏    | 148/283 [00:03<00:03, 43.24it/s, loss=0.367, val/accuracy=0.830, val/loss=0.377, train/accuracy=0.820, train/loss=0.394]
Epoch 2:  52%|█████▏    | 148/283 [00:03<00:03, 43.24it/s, loss=0.367, val/accuracy=0.830, val/loss=0.377, train/accuracy=0.820, train/loss=0.394]
Epoch 2:  53%|█████▎    | 149/283 [00:03<00:03, 43.25it/s, loss=0.367, val/accuracy=0.830, val/loss=0.377, train/accuracy=0.820, train/loss=0.394]
Epoch 2:  53%|█████▎    | 149/283 [00:03<00:03, 43.25it/s, loss=0.367, val/accuracy=0.830, val/loss=0.377, train/accuracy=0.820, train/loss=0.394]
Epoch 2:  53%|█████▎    | 150/283 [00:03<00:03, 43.26it/s, loss=0.367, val/accuracy=0.830, val/loss=0.377, train/accuracy=0.820, train/loss=0.394]
Epoch 2:  53%|█████▎    | 150/283 [00:03<00:03, 43.26it/s, loss=0.372, val/accuracy=0.830, val/loss=0.377, train/accuracy=0.820, train/loss=0.394]
Epoch 2:  53%|█████▎    | 151/283 [00:03<00:03, 43.27it/s, loss=0.372, val/accuracy=0.830, val/loss=0.377, train/accuracy=0.820, train/loss=0.394]
Epoch 2:  53%|█████▎    | 151/283 [00:03<00:03, 43.27it/s, loss=0.373, val/accuracy=0.830, val/loss=0.377, train/accuracy=0.820, train/loss=0.394]
Epoch 2:  54%|█████▎    | 152/283 [00:03<00:03, 43.29it/s, loss=0.373, val/accuracy=0.830, val/loss=0.377, train/accuracy=0.820, train/loss=0.394]
Epoch 2:  54%|█████▎    | 152/283 [00:03<00:03, 43.28it/s, loss=0.381, val/accuracy=0.830, val/loss=0.377, train/accuracy=0.820, train/loss=0.394]
Epoch 2:  54%|█████▍    | 153/283 [00:03<00:03, 43.29it/s, loss=0.381, val/accuracy=0.830, val/loss=0.377, train/accuracy=0.820, train/loss=0.394]
Epoch 2:  54%|█████▍    | 153/283 [00:03<00:03, 43.29it/s, loss=0.381, val/accuracy=0.830, val/loss=0.377, train/accuracy=0.820, train/loss=0.394]
Epoch 2:  54%|█████▍    | 154/283 [00:03<00:02, 43.30it/s, loss=0.381, val/accuracy=0.830, val/loss=0.377, train/accuracy=0.820, train/loss=0.394]
Epoch 2:  54%|█████▍    | 154/283 [00:03<00:02, 43.30it/s, loss=0.378, val/accuracy=0.830, val/loss=0.377, train/accuracy=0.820, train/loss=0.394]
Epoch 2:  55%|█████▍    | 155/283 [00:03<00:02, 43.31it/s, loss=0.378, val/accuracy=0.830, val/loss=0.377, train/accuracy=0.820, train/loss=0.394]
Epoch 2:  55%|█████▍    | 155/283 [00:03<00:02, 43.31it/s, loss=0.377, val/accuracy=0.830, val/loss=0.377, train/accuracy=0.820, train/loss=0.394]
Epoch 2:  55%|█████▌    | 156/283 [00:03<00:02, 43.32it/s, loss=0.377, val/accuracy=0.830, val/loss=0.377, train/accuracy=0.820, train/loss=0.394]
Epoch 2:  55%|█████▌    | 156/283 [00:03<00:02, 43.32it/s, loss=0.374, val/accuracy=0.830, val/loss=0.377, train/accuracy=0.820, train/loss=0.394]
Epoch 2:  55%|█████▌    | 157/283 [00:03<00:02, 43.33it/s, loss=0.374, val/accuracy=0.830, val/loss=0.377, train/accuracy=0.820, train/loss=0.394]
Epoch 2:  55%|█████▌    | 157/283 [00:03<00:02, 43.33it/s, loss=0.377, val/accuracy=0.830, val/loss=0.377, train/accuracy=0.820, train/loss=0.394]
Epoch 2:  56%|█████▌    | 158/283 [00:03<00:02, 43.34it/s, loss=0.377, val/accuracy=0.830, val/loss=0.377, train/accuracy=0.820, train/loss=0.394]
Epoch 2:  56%|█████▌    | 158/283 [00:03<00:02, 43.34it/s, loss=0.371, val/accuracy=0.830, val/loss=0.377, train/accuracy=0.820, train/loss=0.394]
Epoch 2:  56%|█████▌    | 159/283 [00:03<00:02, 43.35it/s, loss=0.371, val/accuracy=0.830, val/loss=0.377, train/accuracy=0.820, train/loss=0.394]
Epoch 2:  56%|█████▌    | 159/283 [00:03<00:02, 43.35it/s, loss=0.369, val/accuracy=0.830, val/loss=0.377, train/accuracy=0.820, train/loss=0.394]
Epoch 2:  57%|█████▋    | 160/283 [00:03<00:02, 43.36it/s, loss=0.369, val/accuracy=0.830, val/loss=0.377, train/accuracy=0.820, train/loss=0.394]
Epoch 2:  57%|█████▋    | 160/283 [00:03<00:02, 43.36it/s, loss=0.368, val/accuracy=0.830, val/loss=0.377, train/accuracy=0.820, train/loss=0.394]
Epoch 2:  57%|█████▋    | 161/283 [00:03<00:02, 43.37it/s, loss=0.368, val/accuracy=0.830, val/loss=0.377, train/accuracy=0.820, train/loss=0.394]
Epoch 2:  57%|█████▋    | 161/283 [00:03<00:02, 43.36it/s, loss=0.367, val/accuracy=0.830, val/loss=0.377, train/accuracy=0.820, train/loss=0.394]
Epoch 2:  57%|█████▋    | 162/283 [00:03<00:02, 43.38it/s, loss=0.367, val/accuracy=0.830, val/loss=0.377, train/accuracy=0.820, train/loss=0.394]
Epoch 2:  57%|█████▋    | 162/283 [00:03<00:02, 43.37it/s, loss=0.362, val/accuracy=0.830, val/loss=0.377, train/accuracy=0.820, train/loss=0.394]
Epoch 2:  58%|█████▊    | 163/283 [00:03<00:02, 43.38it/s, loss=0.362, val/accuracy=0.830, val/loss=0.377, train/accuracy=0.820, train/loss=0.394]
Epoch 2:  58%|█████▊    | 163/283 [00:03<00:02, 43.38it/s, loss=0.369, val/accuracy=0.830, val/loss=0.377, train/accuracy=0.820, train/loss=0.394]
Epoch 2:  58%|█████▊    | 164/283 [00:03<00:02, 43.39it/s, loss=0.369, val/accuracy=0.830, val/loss=0.377, train/accuracy=0.820, train/loss=0.394]
Epoch 2:  58%|█████▊    | 164/283 [00:03<00:02, 43.39it/s, loss=0.372, val/accuracy=0.830, val/loss=0.377, train/accuracy=0.820, train/loss=0.394]
Epoch 2:  58%|█████▊    | 165/283 [00:03<00:02, 43.40it/s, loss=0.372, val/accuracy=0.830, val/loss=0.377, train/accuracy=0.820, train/loss=0.394]
Epoch 2:  58%|█████▊    | 165/283 [00:03<00:02, 43.40it/s, loss=0.373, val/accuracy=0.830, val/loss=0.377, train/accuracy=0.820, train/loss=0.394]
Epoch 2:  59%|█████▊    | 166/283 [00:03<00:02, 43.41it/s, loss=0.373, val/accuracy=0.830, val/loss=0.377, train/accuracy=0.820, train/loss=0.394]
Epoch 2:  59%|█████▊    | 166/283 [00:03<00:02, 43.41it/s, loss=0.371, val/accuracy=0.830, val/loss=0.377, train/accuracy=0.820, train/loss=0.394]
Epoch 2:  59%|█████▉    | 167/283 [00:03<00:02, 43.42it/s, loss=0.371, val/accuracy=0.830, val/loss=0.377, train/accuracy=0.820, train/loss=0.394]
Epoch 2:  59%|█████▉    | 167/283 [00:03<00:02, 43.42it/s, loss=0.37, val/accuracy=0.830, val/loss=0.377, train/accuracy=0.820, train/loss=0.394] 
Epoch 2:  59%|█████▉    | 168/283 [00:03<00:02, 43.43it/s, loss=0.37, val/accuracy=0.830, val/loss=0.377, train/accuracy=0.820, train/loss=0.394]
Epoch 2:  59%|█████▉    | 168/283 [00:03<00:02, 43.42it/s, loss=0.368, val/accuracy=0.830, val/loss=0.377, train/accuracy=0.820, train/loss=0.394]
Epoch 2:  60%|█████▉    | 169/283 [00:03<00:02, 43.43it/s, loss=0.368, val/accuracy=0.830, val/loss=0.377, train/accuracy=0.820, train/loss=0.394]
Epoch 2:  60%|█████▉    | 169/283 [00:03<00:02, 43.43it/s, loss=0.373, val/accuracy=0.830, val/loss=0.377, train/accuracy=0.820, train/loss=0.394]
Epoch 2:  60%|██████    | 170/283 [00:03<00:02, 43.44it/s, loss=0.373, val/accuracy=0.830, val/loss=0.377, train/accuracy=0.820, train/loss=0.394]
Epoch 2:  60%|██████    | 170/283 [00:03<00:02, 43.44it/s, loss=0.371, val/accuracy=0.830, val/loss=0.377, train/accuracy=0.820, train/loss=0.394]
Epoch 2:  60%|██████    | 171/283 [00:03<00:02, 43.45it/s, loss=0.371, val/accuracy=0.830, val/loss=0.377, train/accuracy=0.820, train/loss=0.394]
Epoch 2:  60%|██████    | 171/283 [00:03<00:02, 43.45it/s, loss=0.367, val/accuracy=0.830, val/loss=0.377, train/accuracy=0.820, train/loss=0.394]
Epoch 2:  61%|██████    | 172/283 [00:03<00:02, 43.46it/s, loss=0.367, val/accuracy=0.830, val/loss=0.377, train/accuracy=0.820, train/loss=0.394]
Epoch 2:  61%|██████    | 172/283 [00:03<00:02, 43.46it/s, loss=0.367, val/accuracy=0.830, val/loss=0.377, train/accuracy=0.820, train/loss=0.394]
Epoch 2:  61%|██████    | 173/283 [00:03<00:02, 43.47it/s, loss=0.367, val/accuracy=0.830, val/loss=0.377, train/accuracy=0.820, train/loss=0.394]
Epoch 2:  61%|██████    | 173/283 [00:03<00:02, 43.46it/s, loss=0.369, val/accuracy=0.830, val/loss=0.377, train/accuracy=0.820, train/loss=0.394]
Epoch 2:  61%|██████▏   | 174/283 [00:04<00:02, 43.47it/s, loss=0.369, val/accuracy=0.830, val/loss=0.377, train/accuracy=0.820, train/loss=0.394]
Epoch 2:  61%|██████▏   | 174/283 [00:04<00:02, 43.47it/s, loss=0.373, val/accuracy=0.830, val/loss=0.377, train/accuracy=0.820, train/loss=0.394]
Epoch 2:  62%|██████▏   | 175/283 [00:04<00:02, 43.48it/s, loss=0.373, val/accuracy=0.830, val/loss=0.377, train/accuracy=0.820, train/loss=0.394]
Epoch 2:  62%|██████▏   | 175/283 [00:04<00:02, 43.48it/s, loss=0.373, val/accuracy=0.830, val/loss=0.377, train/accuracy=0.820, train/loss=0.394]
Epoch 2:  62%|██████▏   | 176/283 [00:04<00:02, 43.49it/s, loss=0.373, val/accuracy=0.830, val/loss=0.377, train/accuracy=0.820, train/loss=0.394]
Epoch 2:  62%|██████▏   | 176/283 [00:04<00:02, 43.49it/s, loss=0.376, val/accuracy=0.830, val/loss=0.377, train/accuracy=0.820, train/loss=0.394]
Epoch 2:  63%|██████▎   | 177/283 [00:04<00:02, 43.50it/s, loss=0.376, val/accuracy=0.830, val/loss=0.377, train/accuracy=0.820, train/loss=0.394]
Epoch 2:  63%|██████▎   | 177/283 [00:04<00:02, 43.49it/s, loss=0.374, val/accuracy=0.830, val/loss=0.377, train/accuracy=0.820, train/loss=0.394]
Epoch 2:  63%|██████▎   | 178/283 [00:04<00:02, 43.50it/s, loss=0.374, val/accuracy=0.830, val/loss=0.377, train/accuracy=0.820, train/loss=0.394]
Epoch 2:  63%|██████▎   | 178/283 [00:04<00:02, 43.50it/s, loss=0.375, val/accuracy=0.830, val/loss=0.377, train/accuracy=0.820, train/loss=0.394]
Epoch 2:  63%|██████▎   | 179/283 [00:04<00:02, 43.51it/s, loss=0.375, val/accuracy=0.830, val/loss=0.377, train/accuracy=0.820, train/loss=0.394]
Epoch 2:  63%|██████▎   | 179/283 [00:04<00:02, 43.51it/s, loss=0.375, val/accuracy=0.830, val/loss=0.377, train/accuracy=0.820, train/loss=0.394]
Epoch 2:  64%|██████▎   | 180/283 [00:04<00:02, 43.52it/s, loss=0.375, val/accuracy=0.830, val/loss=0.377, train/accuracy=0.820, train/loss=0.394]
Epoch 2:  64%|██████▎   | 180/283 [00:04<00:02, 43.52it/s, loss=0.379, val/accuracy=0.830, val/loss=0.377, train/accuracy=0.820, train/loss=0.394]
Epoch 2:  64%|██████▍   | 181/283 [00:04<00:02, 43.53it/s, loss=0.379, val/accuracy=0.830, val/loss=0.377, train/accuracy=0.820, train/loss=0.394]
Epoch 2:  64%|██████▍   | 181/283 [00:04<00:02, 43.52it/s, loss=0.383, val/accuracy=0.830, val/loss=0.377, train/accuracy=0.820, train/loss=0.394]
Epoch 2:  64%|██████▍   | 182/283 [00:04<00:02, 43.53it/s, loss=0.383, val/accuracy=0.830, val/loss=0.377, train/accuracy=0.820, train/loss=0.394]
Epoch 2:  64%|██████▍   | 182/283 [00:04<00:02, 43.53it/s, loss=0.385, val/accuracy=0.830, val/loss=0.377, train/accuracy=0.820, train/loss=0.394]
Epoch 2:  65%|██████▍   | 183/283 [00:04<00:02, 43.54it/s, loss=0.385, val/accuracy=0.830, val/loss=0.377, train/accuracy=0.820, train/loss=0.394]
Epoch 2:  65%|██████▍   | 183/283 [00:04<00:02, 43.54it/s, loss=0.382, val/accuracy=0.830, val/loss=0.377, train/accuracy=0.820, train/loss=0.394]
Epoch 2:  65%|██████▌   | 184/283 [00:04<00:02, 43.55it/s, loss=0.382, val/accuracy=0.830, val/loss=0.377, train/accuracy=0.820, train/loss=0.394]
Epoch 2:  65%|██████▌   | 184/283 [00:04<00:02, 43.54it/s, loss=0.379, val/accuracy=0.830, val/loss=0.377, train/accuracy=0.820, train/loss=0.394]
Epoch 2:  65%|██████▌   | 185/283 [00:04<00:02, 43.55it/s, loss=0.379, val/accuracy=0.830, val/loss=0.377, train/accuracy=0.820, train/loss=0.394]
Epoch 2:  65%|██████▌   | 185/283 [00:04<00:02, 43.55it/s, loss=0.377, val/accuracy=0.830, val/loss=0.377, train/accuracy=0.820, train/loss=0.394]
Epoch 2:  66%|██████▌   | 186/283 [00:04<00:02, 43.56it/s, loss=0.377, val/accuracy=0.830, val/loss=0.377, train/accuracy=0.820, train/loss=0.394]
Epoch 2:  66%|██████▌   | 186/283 [00:04<00:02, 43.56it/s, loss=0.375, val/accuracy=0.830, val/loss=0.377, train/accuracy=0.820, train/loss=0.394]
Epoch 2:  66%|██████▌   | 187/283 [00:04<00:02, 43.57it/s, loss=0.375, val/accuracy=0.830, val/loss=0.377, train/accuracy=0.820, train/loss=0.394]
Epoch 2:  66%|██████▌   | 187/283 [00:04<00:02, 43.57it/s, loss=0.371, val/accuracy=0.830, val/loss=0.377, train/accuracy=0.820, train/loss=0.394]
Epoch 2:  66%|██████▋   | 188/283 [00:04<00:02, 43.57it/s, loss=0.371, val/accuracy=0.830, val/loss=0.377, train/accuracy=0.820, train/loss=0.394]
Epoch 2:  66%|██████▋   | 188/283 [00:04<00:02, 43.57it/s, loss=0.371, val/accuracy=0.830, val/loss=0.377, train/accuracy=0.820, train/loss=0.394]
Epoch 2:  67%|██████▋   | 189/283 [00:04<00:02, 43.58it/s, loss=0.371, val/accuracy=0.830, val/loss=0.377, train/accuracy=0.820, train/loss=0.394]
Epoch 2:  67%|██████▋   | 189/283 [00:04<00:02, 43.58it/s, loss=0.368, val/accuracy=0.830, val/loss=0.377, train/accuracy=0.820, train/loss=0.394]
Epoch 2:  67%|██████▋   | 190/283 [00:04<00:02, 43.59it/s, loss=0.368, val/accuracy=0.830, val/loss=0.377, train/accuracy=0.820, train/loss=0.394]
Epoch 2:  67%|██████▋   | 190/283 [00:04<00:02, 43.58it/s, loss=0.365, val/accuracy=0.830, val/loss=0.377, train/accuracy=0.820, train/loss=0.394]
Epoch 2:  67%|██████▋   | 191/283 [00:04<00:02, 43.58it/s, loss=0.365, val/accuracy=0.830, val/loss=0.377, train/accuracy=0.820, train/loss=0.394]
Epoch 2:  67%|██████▋   | 191/283 [00:04<00:02, 43.58it/s, loss=0.369, val/accuracy=0.830, val/loss=0.377, train/accuracy=0.820, train/loss=0.394]
Epoch 2:  68%|██████▊   | 192/283 [00:04<00:02, 43.59it/s, loss=0.369, val/accuracy=0.830, val/loss=0.377, train/accuracy=0.820, train/loss=0.394]
Epoch 2:  68%|██████▊   | 192/283 [00:04<00:02, 43.58it/s, loss=0.363, val/accuracy=0.830, val/loss=0.377, train/accuracy=0.820, train/loss=0.394]
Epoch 2:  68%|██████▊   | 193/283 [00:04<00:02, 43.59it/s, loss=0.363, val/accuracy=0.830, val/loss=0.377, train/accuracy=0.820, train/loss=0.394]
Epoch 2:  68%|██████▊   | 193/283 [00:04<00:02, 43.59it/s, loss=0.363, val/accuracy=0.830, val/loss=0.377, train/accuracy=0.820, train/loss=0.394]
Epoch 2:  69%|██████▊   | 194/283 [00:04<00:02, 43.60it/s, loss=0.363, val/accuracy=0.830, val/loss=0.377, train/accuracy=0.820, train/loss=0.394]
Epoch 2:  69%|██████▊   | 194/283 [00:04<00:02, 43.60it/s, loss=0.368, val/accuracy=0.830, val/loss=0.377, train/accuracy=0.820, train/loss=0.394]
Epoch 2:  69%|██████▉   | 195/283 [00:04<00:02, 43.61it/s, loss=0.368, val/accuracy=0.830, val/loss=0.377, train/accuracy=0.820, train/loss=0.394]
Epoch 2:  69%|██████▉   | 195/283 [00:04<00:02, 43.60it/s, loss=0.364, val/accuracy=0.830, val/loss=0.377, train/accuracy=0.820, train/loss=0.394]
Epoch 2:  69%|██████▉   | 196/283 [00:04<00:01, 43.61it/s, loss=0.364, val/accuracy=0.830, val/loss=0.377, train/accuracy=0.820, train/loss=0.394]
Epoch 2:  69%|██████▉   | 196/283 [00:04<00:01, 43.61it/s, loss=0.365, val/accuracy=0.830, val/loss=0.377, train/accuracy=0.820, train/loss=0.394]
Epoch 2:  70%|██████▉   | 197/283 [00:04<00:01, 43.62it/s, loss=0.365, val/accuracy=0.830, val/loss=0.377, train/accuracy=0.820, train/loss=0.394]
Epoch 2:  70%|██████▉   | 197/283 [00:04<00:01, 43.61it/s, loss=0.362, val/accuracy=0.830, val/loss=0.377, train/accuracy=0.820, train/loss=0.394]
Epoch 2:  70%|██████▉   | 198/283 [00:04<00:01, 43.62it/s, loss=0.362, val/accuracy=0.830, val/loss=0.377, train/accuracy=0.820, train/loss=0.394]
Epoch 2:  70%|██████▉   | 198/283 [00:04<00:01, 43.62it/s, loss=0.366, val/accuracy=0.830, val/loss=0.377, train/accuracy=0.820, train/loss=0.394]
Epoch 2:  70%|███████   | 199/283 [00:04<00:01, 43.63it/s, loss=0.366, val/accuracy=0.830, val/loss=0.377, train/accuracy=0.820, train/loss=0.394]
Epoch 2:  70%|███████   | 199/283 [00:04<00:01, 43.63it/s, loss=0.366, val/accuracy=0.830, val/loss=0.377, train/accuracy=0.820, train/loss=0.394]
Epoch 2:  71%|███████   | 200/283 [00:04<00:01, 43.63it/s, loss=0.366, val/accuracy=0.830, val/loss=0.377, train/accuracy=0.820, train/loss=0.394]
Epoch 2:  71%|███████   | 200/283 [00:04<00:01, 43.63it/s, loss=0.366, val/accuracy=0.830, val/loss=0.377, train/accuracy=0.820, train/loss=0.394]
Epoch 2:  71%|███████   | 201/283 [00:04<00:01, 43.64it/s, loss=0.366, val/accuracy=0.830, val/loss=0.377, train/accuracy=0.820, train/loss=0.394]
Epoch 2:  71%|███████   | 201/283 [00:04<00:01, 43.64it/s, loss=0.364, val/accuracy=0.830, val/loss=0.377, train/accuracy=0.820, train/loss=0.394]
Epoch 2:  71%|███████▏  | 202/283 [00:04<00:01, 43.64it/s, loss=0.364, val/accuracy=0.830, val/loss=0.377, train/accuracy=0.820, train/loss=0.394]
Epoch 2:  71%|███████▏  | 202/283 [00:04<00:01, 43.64it/s, loss=0.363, val/accuracy=0.830, val/loss=0.377, train/accuracy=0.820, train/loss=0.394]
Epoch 2:  72%|███████▏  | 203/283 [00:04<00:01, 43.65it/s, loss=0.363, val/accuracy=0.830, val/loss=0.377, train/accuracy=0.820, train/loss=0.394]
Epoch 2:  72%|███████▏  | 203/283 [00:04<00:01, 43.65it/s, loss=0.364, val/accuracy=0.830, val/loss=0.377, train/accuracy=0.820, train/loss=0.394]
Epoch 2:  72%|███████▏  | 204/283 [00:04<00:01, 43.66it/s, loss=0.364, val/accuracy=0.830, val/loss=0.377, train/accuracy=0.820, train/loss=0.394]
Epoch 2:  72%|███████▏  | 204/283 [00:04<00:01, 43.65it/s, loss=0.364, val/accuracy=0.830, val/loss=0.377, train/accuracy=0.820, train/loss=0.394]
Epoch 2:  72%|███████▏  | 205/283 [00:04<00:01, 43.66it/s, loss=0.364, val/accuracy=0.830, val/loss=0.377, train/accuracy=0.820, train/loss=0.394]
Epoch 2:  72%|███████▏  | 205/283 [00:04<00:01, 43.66it/s, loss=0.369, val/accuracy=0.830, val/loss=0.377, train/accuracy=0.820, train/loss=0.394]
Epoch 2:  73%|███████▎  | 206/283 [00:04<00:01, 43.67it/s, loss=0.369, val/accuracy=0.830, val/loss=0.377, train/accuracy=0.820, train/loss=0.394]
Epoch 2:  73%|███████▎  | 206/283 [00:04<00:01, 43.66it/s, loss=0.371, val/accuracy=0.830, val/loss=0.377, train/accuracy=0.820, train/loss=0.394]
Epoch 2:  73%|███████▎  | 207/283 [00:04<00:01, 43.67it/s, loss=0.371, val/accuracy=0.830, val/loss=0.377, train/accuracy=0.820, train/loss=0.394]
Epoch 2:  73%|███████▎  | 207/283 [00:04<00:01, 43.67it/s, loss=0.373, val/accuracy=0.830, val/loss=0.377, train/accuracy=0.820, train/loss=0.394]
Epoch 2:  73%|███████▎  | 208/283 [00:04<00:01, 43.68it/s, loss=0.373, val/accuracy=0.830, val/loss=0.377, train/accuracy=0.820, train/loss=0.394]
Epoch 2:  73%|███████▎  | 208/283 [00:04<00:01, 43.67it/s, loss=0.378, val/accuracy=0.830, val/loss=0.377, train/accuracy=0.820, train/loss=0.394]
Epoch 2:  74%|███████▍  | 209/283 [00:04<00:01, 43.68it/s, loss=0.378, val/accuracy=0.830, val/loss=0.377, train/accuracy=0.820, train/loss=0.394]
Epoch 2:  74%|███████▍  | 209/283 [00:04<00:01, 43.68it/s, loss=0.379, val/accuracy=0.830, val/loss=0.377, train/accuracy=0.820, train/loss=0.394]
Epoch 2:  74%|███████▍  | 210/283 [00:04<00:01, 43.68it/s, loss=0.379, val/accuracy=0.830, val/loss=0.377, train/accuracy=0.820, train/loss=0.394]
Epoch 2:  74%|███████▍  | 210/283 [00:04<00:01, 43.68it/s, loss=0.376, val/accuracy=0.830, val/loss=0.377, train/accuracy=0.820, train/loss=0.394]
Epoch 2:  75%|███████▍  | 211/283 [00:04<00:01, 43.68it/s, loss=0.376, val/accuracy=0.830, val/loss=0.377, train/accuracy=0.820, train/loss=0.394]
Epoch 2:  75%|███████▍  | 211/283 [00:04<00:01, 43.68it/s, loss=0.374, val/accuracy=0.830, val/loss=0.377, train/accuracy=0.820, train/loss=0.394]
Epoch 2:  75%|███████▍  | 212/283 [00:04<00:01, 43.72it/s, loss=0.374, val/accuracy=0.830, val/loss=0.377, train/accuracy=0.820, train/loss=0.394]
Epoch 2:  75%|███████▍  | 212/283 [00:04<00:01, 43.72it/s, loss=0.376, val/accuracy=0.830, val/loss=0.377, train/accuracy=0.820, train/loss=0.394]

Validation: 0it [00:00, ?it/s][A

Validation:   0%|          | 0/71 [00:00<?, ?it/s][A

Validation DataLoader 0:   0%|          | 0/71 [00:00<?, ?it/s][A

Validation DataLoader 0:   1%|▏         | 1/71 [00:00<00:00, 133.70it/s][A
Epoch 2:  75%|███████▌  | 213/283 [00:04<00:01, 42.94it/s, loss=0.376, val/accuracy=0.830, val/loss=0.377, train/accuracy=0.820, train/loss=0.394]

Validation DataLoader 0:   3%|▎         | 2/71 [00:00<00:00, 84.47it/s] [A
Epoch 2:  76%|███████▌  | 214/283 [00:04<00:01, 43.01it/s, loss=0.376, val/accuracy=0.830, val/loss=0.377, train/accuracy=0.820, train/loss=0.394]

Validation DataLoader 0:   4%|▍         | 3/71 [00:00<00:00, 68.37it/s][A
Epoch 2:  76%|███████▌  | 215/283 [00:04<00:01, 43.03it/s, loss=0.376, val/accuracy=0.830, val/loss=0.377, train/accuracy=0.820, train/loss=0.394]

Validation DataLoader 0:   6%|▌         | 4/71 [00:00<00:01, 62.49it/s][A
Epoch 2:  76%|███████▋  | 216/283 [00:05<00:01, 43.06it/s, loss=0.376, val/accuracy=0.830, val/loss=0.377, train/accuracy=0.820, train/loss=0.394]

Validation DataLoader 0:   7%|▋         | 5/71 [00:00<00:01, 59.48it/s][A
Epoch 2:  77%|███████▋  | 217/283 [00:05<00:01, 43.09it/s, loss=0.376, val/accuracy=0.830, val/loss=0.377, train/accuracy=0.820, train/loss=0.394]

Validation DataLoader 0:   8%|▊         | 6/71 [00:00<00:01, 57.49it/s][A
Epoch 2:  77%|███████▋  | 218/283 [00:05<00:01, 43.11it/s, loss=0.376, val/accuracy=0.830, val/loss=0.377, train/accuracy=0.820, train/loss=0.394]

Validation DataLoader 0:  10%|▉         | 7/71 [00:00<00:01, 57.71it/s][A
Epoch 2:  77%|███████▋  | 219/283 [00:05<00:01, 43.16it/s, loss=0.376, val/accuracy=0.830, val/loss=0.377, train/accuracy=0.820, train/loss=0.394]

Validation DataLoader 0:  11%|█▏        | 8/71 [00:00<00:01, 55.21it/s][A
Epoch 2:  78%|███████▊  | 220/283 [00:05<00:01, 43.16it/s, loss=0.376, val/accuracy=0.830, val/loss=0.377, train/accuracy=0.820, train/loss=0.394]

Validation DataLoader 0:  13%|█▎        | 9/71 [00:00<00:01, 54.96it/s][A
Epoch 2:  78%|███████▊  | 221/283 [00:05<00:01, 43.20it/s, loss=0.376, val/accuracy=0.830, val/loss=0.377, train/accuracy=0.820, train/loss=0.394]

Validation DataLoader 0:  14%|█▍        | 10/71 [00:00<00:01, 54.19it/s][A
Epoch 2:  78%|███████▊  | 222/283 [00:05<00:01, 43.22it/s, loss=0.376, val/accuracy=0.830, val/loss=0.377, train/accuracy=0.820, train/loss=0.394]

Validation DataLoader 0:  15%|█▌        | 11/71 [00:00<00:01, 53.75it/s][A
Epoch 2:  79%|███████▉  | 223/283 [00:05<00:01, 43.24it/s, loss=0.376, val/accuracy=0.830, val/loss=0.377, train/accuracy=0.820, train/loss=0.394]

Validation DataLoader 0:  17%|█▋        | 12/71 [00:00<00:01, 55.18it/s][A
Epoch 2:  79%|███████▉  | 224/283 [00:05<00:01, 43.33it/s, loss=0.376, val/accuracy=0.830, val/loss=0.377, train/accuracy=0.820, train/loss=0.394]

Validation DataLoader 0:  18%|█▊        | 13/71 [00:00<00:01, 53.64it/s][A
Epoch 2:  80%|███████▉  | 225/283 [00:05<00:01, 43.31it/s, loss=0.376, val/accuracy=0.830, val/loss=0.377, train/accuracy=0.820, train/loss=0.394]

Validation DataLoader 0:  20%|█▉        | 14/71 [00:00<00:01, 52.87it/s][A
Epoch 2:  80%|███████▉  | 226/283 [00:05<00:01, 43.32it/s, loss=0.376, val/accuracy=0.830, val/loss=0.377, train/accuracy=0.820, train/loss=0.394]

Validation DataLoader 0:  21%|██        | 15/71 [00:00<00:01, 53.85it/s][A
Epoch 2:  80%|████████  | 227/283 [00:05<00:01, 43.40it/s, loss=0.376, val/accuracy=0.830, val/loss=0.377, train/accuracy=0.820, train/loss=0.394]

Validation DataLoader 0:  23%|██▎       | 16/71 [00:00<00:01, 53.79it/s][A
Epoch 2:  81%|████████  | 228/283 [00:05<00:01, 43.43it/s, loss=0.376, val/accuracy=0.830, val/loss=0.377, train/accuracy=0.820, train/loss=0.394]

Validation DataLoader 0:  24%|██▍       | 17/71 [00:00<00:01, 52.25it/s][A
Epoch 2:  81%|████████  | 229/283 [00:05<00:01, 43.39it/s, loss=0.376, val/accuracy=0.830, val/loss=0.377, train/accuracy=0.820, train/loss=0.394]

Validation DataLoader 0:  25%|██▌       | 18/71 [00:00<00:01, 52.07it/s][A
Epoch 2:  81%|████████▏ | 230/283 [00:05<00:01, 43.41it/s, loss=0.376, val/accuracy=0.830, val/loss=0.377, train/accuracy=0.820, train/loss=0.394]

Validation DataLoader 0:  27%|██▋       | 19/71 [00:00<00:00, 52.82it/s][A
Epoch 2:  82%|████████▏ | 231/283 [00:05<00:01, 43.48it/s, loss=0.376, val/accuracy=0.830, val/loss=0.377, train/accuracy=0.820, train/loss=0.394]

Validation DataLoader 0:  28%|██▊       | 20/71 [00:00<00:00, 51.89it/s][A
Epoch 2:  82%|████████▏ | 232/283 [00:05<00:01, 43.46it/s, loss=0.376, val/accuracy=0.830, val/loss=0.377, train/accuracy=0.820, train/loss=0.394]

Validation DataLoader 0:  30%|██▉       | 21/71 [00:00<00:00, 52.70it/s][A
Epoch 2:  82%|████████▏ | 233/283 [00:05<00:01, 43.54it/s, loss=0.376, val/accuracy=0.830, val/loss=0.377, train/accuracy=0.820, train/loss=0.394]

Validation DataLoader 0:  31%|███       | 22/71 [00:00<00:00, 51.73it/s][A
Epoch 2:  83%|████████▎ | 234/283 [00:05<00:01, 43.51it/s, loss=0.376, val/accuracy=0.830, val/loss=0.377, train/accuracy=0.820, train/loss=0.394]

Validation DataLoader 0:  32%|███▏      | 23/71 [00:00<00:00, 52.03it/s][A
Epoch 2:  83%|████████▎ | 235/283 [00:05<00:01, 43.56it/s, loss=0.376, val/accuracy=0.830, val/loss=0.377, train/accuracy=0.820, train/loss=0.394]

Validation DataLoader 0:  34%|███▍      | 24/71 [00:00<00:00, 51.66it/s][A
Epoch 2:  83%|████████▎ | 236/283 [00:05<00:01, 43.57it/s, loss=0.376, val/accuracy=0.830, val/loss=0.377, train/accuracy=0.820, train/loss=0.394]

Validation DataLoader 0:  35%|███▌      | 25/71 [00:00<00:00, 51.77it/s][A
Epoch 2:  84%|████████▎ | 237/283 [00:05<00:01, 43.60it/s, loss=0.376, val/accuracy=0.830, val/loss=0.377, train/accuracy=0.820, train/loss=0.394]

Validation DataLoader 0:  37%|███▋      | 26/71 [00:00<00:00, 52.16it/s][A
Epoch 2:  84%|████████▍ | 238/283 [00:05<00:01, 43.66it/s, loss=0.376, val/accuracy=0.830, val/loss=0.377, train/accuracy=0.820, train/loss=0.394]

Validation DataLoader 0:  38%|███▊      | 27/71 [00:00<00:00, 51.49it/s][A
Epoch 2:  84%|████████▍ | 239/283 [00:05<00:01, 43.64it/s, loss=0.376, val/accuracy=0.830, val/loss=0.377, train/accuracy=0.820, train/loss=0.394]

Validation DataLoader 0:  39%|███▉      | 28/71 [00:00<00:00, 51.44it/s][A
Epoch 2:  85%|████████▍ | 240/283 [00:05<00:00, 43.66it/s, loss=0.376, val/accuracy=0.830, val/loss=0.377, train/accuracy=0.820, train/loss=0.394]

Validation DataLoader 0:  41%|████      | 29/71 [00:00<00:00, 51.38it/s][A
Epoch 2:  85%|████████▌ | 241/283 [00:05<00:00, 43.68it/s, loss=0.376, val/accuracy=0.830, val/loss=0.377, train/accuracy=0.820, train/loss=0.394]

Validation DataLoader 0:  42%|████▏     | 30/71 [00:00<00:00, 51.34it/s][A
Epoch 2:  86%|████████▌ | 242/283 [00:05<00:00, 43.71it/s, loss=0.376, val/accuracy=0.830, val/loss=0.377, train/accuracy=0.820, train/loss=0.394]

Validation DataLoader 0:  44%|████▎     | 31/71 [00:00<00:00, 51.52it/s][A
Epoch 2:  86%|████████▌ | 243/283 [00:05<00:00, 43.75it/s, loss=0.376, val/accuracy=0.830, val/loss=0.377, train/accuracy=0.820, train/loss=0.394]

Validation DataLoader 0:  45%|████▌     | 32/71 [00:00<00:00, 51.85it/s][A
Epoch 2:  86%|████████▌ | 244/283 [00:05<00:00, 43.81it/s, loss=0.376, val/accuracy=0.830, val/loss=0.377, train/accuracy=0.820, train/loss=0.394]

Validation DataLoader 0:  46%|████▋     | 33/71 [00:00<00:00, 51.23it/s][A
Epoch 2:  87%|████████▋ | 245/283 [00:05<00:00, 43.78it/s, loss=0.376, val/accuracy=0.830, val/loss=0.377, train/accuracy=0.820, train/loss=0.394]

Validation DataLoader 0:  48%|████▊     | 34/71 [00:00<00:00, 51.63it/s][A
Epoch 2:  87%|████████▋ | 246/283 [00:05<00:00, 43.84it/s, loss=0.376, val/accuracy=0.830, val/loss=0.377, train/accuracy=0.820, train/loss=0.394]

Validation DataLoader 0:  49%|████▉     | 35/71 [00:00<00:00, 51.19it/s][A
Epoch 2:  87%|████████▋ | 247/283 [00:05<00:00, 43.82it/s, loss=0.376, val/accuracy=0.830, val/loss=0.377, train/accuracy=0.820, train/loss=0.394]

Validation DataLoader 0:  51%|█████     | 36/71 [00:00<00:00, 51.58it/s][A
Epoch 2:  88%|████████▊ | 248/283 [00:05<00:00, 43.89it/s, loss=0.376, val/accuracy=0.830, val/loss=0.377, train/accuracy=0.820, train/loss=0.394]

Validation DataLoader 0:  52%|█████▏    | 37/71 [00:00<00:00, 51.16it/s][A
Epoch 2:  88%|████████▊ | 249/283 [00:05<00:00, 43.87it/s, loss=0.376, val/accuracy=0.830, val/loss=0.377, train/accuracy=0.820, train/loss=0.394]

Validation DataLoader 0:  54%|█████▎    | 38/71 [00:00<00:00, 51.54it/s][A
Epoch 2:  88%|████████▊ | 250/283 [00:05<00:00, 43.94it/s, loss=0.376, val/accuracy=0.830, val/loss=0.377, train/accuracy=0.820, train/loss=0.394]

Validation DataLoader 0:  55%|█████▍    | 39/71 [00:00<00:00, 51.12it/s][A
Epoch 2:  89%|████████▊ | 251/283 [00:05<00:00, 43.92it/s, loss=0.376, val/accuracy=0.830, val/loss=0.377, train/accuracy=0.820, train/loss=0.394]

Validation DataLoader 0:  56%|█████▋    | 40/71 [00:00<00:00, 51.52it/s][A
Epoch 2:  89%|████████▉ | 252/283 [00:05<00:00, 43.99it/s, loss=0.376, val/accuracy=0.830, val/loss=0.377, train/accuracy=0.820, train/loss=0.394]

Validation DataLoader 0:  58%|█████▊    | 41/71 [00:00<00:00, 51.10it/s][A
Epoch 2:  89%|████████▉ | 253/283 [00:05<00:00, 43.96it/s, loss=0.376, val/accuracy=0.830, val/loss=0.377, train/accuracy=0.820, train/loss=0.394]

Validation DataLoader 0:  59%|█████▉    | 42/71 [00:00<00:00, 51.57it/s][A
Epoch 2:  90%|████████▉ | 254/283 [00:05<00:00, 44.04it/s, loss=0.376, val/accuracy=0.830, val/loss=0.377, train/accuracy=0.820, train/loss=0.394]

Validation DataLoader 0:  61%|██████    | 43/71 [00:00<00:00, 51.07it/s][A
Epoch 2:  90%|█████████ | 255/283 [00:05<00:00, 44.01it/s, loss=0.376, val/accuracy=0.830, val/loss=0.377, train/accuracy=0.820, train/loss=0.394]

Validation DataLoader 0:  62%|██████▏   | 44/71 [00:00<00:00, 51.45it/s][A
Epoch 2:  90%|█████████ | 256/283 [00:05<00:00, 44.08it/s, loss=0.376, val/accuracy=0.830, val/loss=0.377, train/accuracy=0.820, train/loss=0.394]

Validation DataLoader 0:  63%|██████▎   | 45/71 [00:00<00:00, 51.32it/s][A
Epoch 2:  91%|█████████ | 257/283 [00:05<00:00, 44.09it/s, loss=0.376, val/accuracy=0.830, val/loss=0.377, train/accuracy=0.820, train/loss=0.394]

Validation DataLoader 0:  65%|██████▍   | 46/71 [00:00<00:00, 51.75it/s][A
Epoch 2:  91%|█████████ | 258/283 [00:05<00:00, 44.17it/s, loss=0.376, val/accuracy=0.830, val/loss=0.377, train/accuracy=0.820, train/loss=0.394]

Validation DataLoader 0:  66%|██████▌   | 47/71 [00:00<00:00, 51.02it/s][A
Epoch 2:  92%|█████████▏| 259/283 [00:05<00:00, 44.10it/s, loss=0.376, val/accuracy=0.830, val/loss=0.377, train/accuracy=0.820, train/loss=0.394]

Validation DataLoader 0:  68%|██████▊   | 48/71 [00:00<00:00, 51.34it/s][A
Epoch 2:  92%|█████████▏| 260/283 [00:05<00:00, 44.16it/s, loss=0.376, val/accuracy=0.830, val/loss=0.377, train/accuracy=0.820, train/loss=0.394]

Validation DataLoader 0:  69%|██████▉   | 49/71 [00:00<00:00, 51.00it/s][A
Epoch 2:  92%|█████████▏| 261/283 [00:05<00:00, 44.14it/s, loss=0.376, val/accuracy=0.830, val/loss=0.377, train/accuracy=0.820, train/loss=0.394]

Validation DataLoader 0:  70%|███████   | 50/71 [00:00<00:00, 51.47it/s][A
Epoch 2:  93%|█████████▎| 262/283 [00:05<00:00, 44.23it/s, loss=0.376, val/accuracy=0.830, val/loss=0.377, train/accuracy=0.820, train/loss=0.394]

Validation DataLoader 0:  72%|███████▏  | 51/71 [00:01<00:00, 50.97it/s][A
Epoch 2:  93%|█████████▎| 263/283 [00:05<00:00, 44.18it/s, loss=0.376, val/accuracy=0.830, val/loss=0.377, train/accuracy=0.820, train/loss=0.394]

Validation DataLoader 0:  73%|███████▎  | 52/71 [00:01<00:00, 50.95it/s][A
Epoch 2:  93%|█████████▎| 264/283 [00:05<00:00, 44.20it/s, loss=0.376, val/accuracy=0.830, val/loss=0.377, train/accuracy=0.820, train/loss=0.394]

Validation DataLoader 0:  75%|███████▍  | 53/71 [00:01<00:00, 50.92it/s][A
Epoch 2:  94%|█████████▎| 265/283 [00:05<00:00, 44.22it/s, loss=0.376, val/accuracy=0.830, val/loss=0.377, train/accuracy=0.820, train/loss=0.394]

Validation DataLoader 0:  76%|███████▌  | 54/71 [00:01<00:00, 50.85it/s][A
Epoch 2:  94%|█████████▍| 266/283 [00:06<00:00, 44.23it/s, loss=0.376, val/accuracy=0.830, val/loss=0.377, train/accuracy=0.820, train/loss=0.394]

Validation DataLoader 0:  77%|███████▋  | 55/71 [00:01<00:00, 50.80it/s][A
Epoch 2:  94%|█████████▍| 267/283 [00:06<00:00, 44.24it/s, loss=0.376, val/accuracy=0.830, val/loss=0.377, train/accuracy=0.820, train/loss=0.394]

Validation DataLoader 0:  79%|███████▉  | 56/71 [00:01<00:00, 50.78it/s][A
Epoch 2:  95%|█████████▍| 268/283 [00:06<00:00, 44.26it/s, loss=0.376, val/accuracy=0.830, val/loss=0.377, train/accuracy=0.820, train/loss=0.394]

Validation DataLoader 0:  80%|████████  | 57/71 [00:01<00:00, 50.87it/s][A
Epoch 2:  95%|█████████▌| 269/283 [00:06<00:00, 44.29it/s, loss=0.376, val/accuracy=0.830, val/loss=0.377, train/accuracy=0.820, train/loss=0.394]

Validation DataLoader 0:  82%|████████▏ | 58/71 [00:01<00:00, 50.74it/s][A
Epoch 2:  95%|█████████▌| 270/283 [00:06<00:00, 44.29it/s, loss=0.376, val/accuracy=0.830, val/loss=0.377, train/accuracy=0.820, train/loss=0.394]

Validation DataLoader 0:  83%|████████▎ | 59/71 [00:01<00:00, 50.95it/s][A
Epoch 2:  96%|█████████▌| 271/283 [00:06<00:00, 44.35it/s, loss=0.376, val/accuracy=0.830, val/loss=0.377, train/accuracy=0.820, train/loss=0.394]

Validation DataLoader 0:  85%|████████▍ | 60/71 [00:01<00:00, 50.71it/s][A
Epoch 2:  96%|█████████▌| 272/283 [00:06<00:00, 44.33it/s, loss=0.376, val/accuracy=0.830, val/loss=0.377, train/accuracy=0.820, train/loss=0.394]

Validation DataLoader 0:  86%|████████▌ | 61/71 [00:01<00:00, 50.91it/s][A
Epoch 2:  96%|█████████▋| 273/283 [00:06<00:00, 44.39it/s, loss=0.376, val/accuracy=0.830, val/loss=0.377, train/accuracy=0.820, train/loss=0.394]

Validation DataLoader 0:  87%|████████▋ | 62/71 [00:01<00:00, 50.62it/s][A
Epoch 2:  97%|█████████▋| 274/283 [00:06<00:00, 44.36it/s, loss=0.376, val/accuracy=0.830, val/loss=0.377, train/accuracy=0.820, train/loss=0.394]

Validation DataLoader 0:  89%|████████▊ | 63/71 [00:01<00:00, 50.62it/s][A
Epoch 2:  97%|█████████▋| 275/283 [00:06<00:00, 44.38it/s, loss=0.376, val/accuracy=0.830, val/loss=0.377, train/accuracy=0.820, train/loss=0.394]

Validation DataLoader 0:  90%|█████████ | 64/71 [00:01<00:00, 50.60it/s][A
Epoch 2:  98%|█████████▊| 276/283 [00:06<00:00, 44.39it/s, loss=0.376, val/accuracy=0.830, val/loss=0.377, train/accuracy=0.820, train/loss=0.394]

Validation DataLoader 0:  92%|█████████▏| 65/71 [00:01<00:00, 50.99it/s][A
Epoch 2:  98%|█████████▊| 277/283 [00:06<00:00, 44.48it/s, loss=0.376, val/accuracy=0.830, val/loss=0.377, train/accuracy=0.820, train/loss=0.394]

Validation DataLoader 0:  93%|█████████▎| 66/71 [00:01<00:00, 50.73it/s][A
Epoch 2:  98%|█████████▊| 278/283 [00:06<00:00, 44.45it/s, loss=0.376, val/accuracy=0.830, val/loss=0.377, train/accuracy=0.820, train/loss=0.394]

Validation DataLoader 0:  94%|█████████▍| 67/71 [00:01<00:00, 50.56it/s][A
Epoch 2:  99%|█████████▊| 279/283 [00:06<00:00, 44.44it/s, loss=0.376, val/accuracy=0.830, val/loss=0.377, train/accuracy=0.820, train/loss=0.394]

Validation DataLoader 0:  96%|█████████▌| 68/71 [00:01<00:00, 50.55it/s][A
Epoch 2:  99%|█████████▉| 280/283 [00:06<00:00, 44.46it/s, loss=0.376, val/accuracy=0.830, val/loss=0.377, train/accuracy=0.820, train/loss=0.394]

Validation DataLoader 0:  97%|█████████▋| 69/71 [00:01<00:00, 50.55it/s][A
Epoch 2:  99%|█████████▉| 281/283 [00:06<00:00, 44.48it/s, loss=0.376, val/accuracy=0.830, val/loss=0.377, train/accuracy=0.820, train/loss=0.394]

Validation DataLoader 0:  99%|█████████▊| 70/71 [00:01<00:00, 50.83it/s][A
Epoch 2: 100%|█████████▉| 282/283 [00:06<00:00, 44.55it/s, loss=0.376, val/accuracy=0.830, val/loss=0.377, train/accuracy=0.820, train/loss=0.394]

Validation DataLoader 0: 100%|██████████| 71/71 [00:01<00:00, 51.38it/s][A
Epoch 2: 100%|██████████| 283/283 [00:06<00:00, 44.68it/s, loss=0.376, val/accuracy=0.830, val/loss=0.377, train/accuracy=0.820, train/loss=0.394]
Epoch 2: 100%|██████████| 283/283 [00:06<00:00, 44.66it/s, loss=0.376, val/accuracy=0.838, val/loss=0.366, train/accuracy=0.820, train/loss=0.394]

                                                                        [A
Epoch 2: 100%|██████████| 283/283 [00:06<00:00, 44.64it/s, loss=0.376, val/accuracy=0.838, val/loss=0.366, train/accuracy=0.834, train/loss=0.372]Epoch 2, global step 636: 'val/accuracy' reached 0.83806 (best 0.83806), saving model to '/home/cxo147/hyena-dna/results/genomic_benchmark_human_nontata_promoters_20251020_210915/checkpoints/val/accuracy.ckpt' as top 1

Epoch 2:   0%|          | 0/283 [00:00<?, ?it/s, loss=0.376, val/accuracy=0.838, val/loss=0.366, train/accuracy=0.834, train/loss=0.372]          
Epoch 3:   0%|          | 0/283 [00:00<?, ?it/s, loss=0.376, val/accuracy=0.838, val/loss=0.366, train/accuracy=0.834, train/loss=0.372]
Epoch 3:   0%|          | 1/283 [00:00<00:35,  8.04it/s, loss=0.376, val/accuracy=0.838, val/loss=0.366, train/accuracy=0.834, train/loss=0.372]
Epoch 3:   0%|          | 1/283 [00:00<00:35,  8.01it/s, loss=0.374, val/accuracy=0.838, val/loss=0.366, train/accuracy=0.834, train/loss=0.372]
Epoch 3:   1%|          | 2/283 [00:00<00:20, 13.56it/s, loss=0.374, val/accuracy=0.838, val/loss=0.366, train/accuracy=0.834, train/loss=0.372]
Epoch 3:   1%|          | 2/283 [00:00<00:20, 13.54it/s, loss=0.366, val/accuracy=0.838, val/loss=0.366, train/accuracy=0.834, train/loss=0.372]
Epoch 3:   1%|          | 3/283 [00:00<00:15, 17.65it/s, loss=0.366, val/accuracy=0.838, val/loss=0.366, train/accuracy=0.834, train/loss=0.372]
Epoch 3:   1%|          | 3/283 [00:00<00:15, 17.63it/s, loss=0.37, val/accuracy=0.838, val/loss=0.366, train/accuracy=0.834, train/loss=0.372] 
Epoch 3:   1%|▏         | 4/283 [00:00<00:13, 20.78it/s, loss=0.37, val/accuracy=0.838, val/loss=0.366, train/accuracy=0.834, train/loss=0.372]
Epoch 3:   1%|▏         | 4/283 [00:00<00:13, 20.75it/s, loss=0.371, val/accuracy=0.838, val/loss=0.366, train/accuracy=0.834, train/loss=0.372]
Epoch 3:   2%|▏         | 5/283 [00:00<00:11, 23.26it/s, loss=0.371, val/accuracy=0.838, val/loss=0.366, train/accuracy=0.834, train/loss=0.372]
Epoch 3:   2%|▏         | 5/283 [00:00<00:11, 23.23it/s, loss=0.376, val/accuracy=0.838, val/loss=0.366, train/accuracy=0.834, train/loss=0.372]
Epoch 3:   2%|▏         | 6/283 [00:00<00:10, 25.28it/s, loss=0.376, val/accuracy=0.838, val/loss=0.366, train/accuracy=0.834, train/loss=0.372]
Epoch 3:   2%|▏         | 6/283 [00:00<00:10, 25.25it/s, loss=0.375, val/accuracy=0.838, val/loss=0.366, train/accuracy=0.834, train/loss=0.372]
Epoch 3:   2%|▏         | 7/283 [00:00<00:10, 26.87it/s, loss=0.375, val/accuracy=0.838, val/loss=0.366, train/accuracy=0.834, train/loss=0.372]
Epoch 3:   2%|▏         | 7/283 [00:00<00:10, 26.84it/s, loss=0.379, val/accuracy=0.838, val/loss=0.366, train/accuracy=0.834, train/loss=0.372]
Epoch 3:   3%|▎         | 8/283 [00:00<00:09, 28.27it/s, loss=0.379, val/accuracy=0.838, val/loss=0.366, train/accuracy=0.834, train/loss=0.372]
Epoch 3:   3%|▎         | 8/283 [00:00<00:09, 28.25it/s, loss=0.376, val/accuracy=0.838, val/loss=0.366, train/accuracy=0.834, train/loss=0.372]
Epoch 3:   3%|▎         | 9/283 [00:00<00:09, 29.47it/s, loss=0.376, val/accuracy=0.838, val/loss=0.366, train/accuracy=0.834, train/loss=0.372]
Epoch 3:   3%|▎         | 9/283 [00:00<00:09, 29.44it/s, loss=0.381, val/accuracy=0.838, val/loss=0.366, train/accuracy=0.834, train/loss=0.372]
Epoch 3:   4%|▎         | 10/283 [00:00<00:08, 30.51it/s, loss=0.381, val/accuracy=0.838, val/loss=0.366, train/accuracy=0.834, train/loss=0.372]
Epoch 3:   4%|▎         | 10/283 [00:00<00:08, 30.49it/s, loss=0.379, val/accuracy=0.838, val/loss=0.366, train/accuracy=0.834, train/loss=0.372]
Epoch 3:   4%|▍         | 11/283 [00:00<00:08, 31.42it/s, loss=0.379, val/accuracy=0.838, val/loss=0.366, train/accuracy=0.834, train/loss=0.372]
Epoch 3:   4%|▍         | 11/283 [00:00<00:08, 31.40it/s, loss=0.382, val/accuracy=0.838, val/loss=0.366, train/accuracy=0.834, train/loss=0.372]
Epoch 3:   4%|▍         | 12/283 [00:00<00:08, 32.22it/s, loss=0.382, val/accuracy=0.838, val/loss=0.366, train/accuracy=0.834, train/loss=0.372]
Epoch 3:   4%|▍         | 12/283 [00:00<00:08, 32.20it/s, loss=0.383, val/accuracy=0.838, val/loss=0.366, train/accuracy=0.834, train/loss=0.372]
Epoch 3:   5%|▍         | 13/283 [00:00<00:08, 32.93it/s, loss=0.383, val/accuracy=0.838, val/loss=0.366, train/accuracy=0.834, train/loss=0.372]
Epoch 3:   5%|▍         | 13/283 [00:00<00:08, 32.91it/s, loss=0.382, val/accuracy=0.838, val/loss=0.366, train/accuracy=0.834, train/loss=0.372]
Epoch 3:   5%|▍         | 14/283 [00:00<00:08, 33.56it/s, loss=0.382, val/accuracy=0.838, val/loss=0.366, train/accuracy=0.834, train/loss=0.372]
Epoch 3:   5%|▍         | 14/283 [00:00<00:08, 33.54it/s, loss=0.38, val/accuracy=0.838, val/loss=0.366, train/accuracy=0.834, train/loss=0.372] 
Epoch 3:   5%|▌         | 15/283 [00:00<00:07, 34.12it/s, loss=0.38, val/accuracy=0.838, val/loss=0.366, train/accuracy=0.834, train/loss=0.372]
Epoch 3:   5%|▌         | 15/283 [00:00<00:07, 34.11it/s, loss=0.379, val/accuracy=0.838, val/loss=0.366, train/accuracy=0.834, train/loss=0.372]
Epoch 3:   6%|▌         | 16/283 [00:00<00:07, 34.64it/s, loss=0.379, val/accuracy=0.838, val/loss=0.366, train/accuracy=0.834, train/loss=0.372]
Epoch 3:   6%|▌         | 16/283 [00:00<00:07, 34.62it/s, loss=0.374, val/accuracy=0.838, val/loss=0.366, train/accuracy=0.834, train/loss=0.372]
Epoch 3:   6%|▌         | 17/283 [00:00<00:07, 35.11it/s, loss=0.374, val/accuracy=0.838, val/loss=0.366, train/accuracy=0.834, train/loss=0.372]
Epoch 3:   6%|▌         | 17/283 [00:00<00:07, 35.09it/s, loss=0.377, val/accuracy=0.838, val/loss=0.366, train/accuracy=0.834, train/loss=0.372]
Epoch 3:   6%|▋         | 18/283 [00:00<00:07, 35.54it/s, loss=0.377, val/accuracy=0.838, val/loss=0.366, train/accuracy=0.834, train/loss=0.372]
Epoch 3:   6%|▋         | 18/283 [00:00<00:07, 35.52it/s, loss=0.379, val/accuracy=0.838, val/loss=0.366, train/accuracy=0.834, train/loss=0.372]
Epoch 3:   7%|▋         | 19/283 [00:00<00:07, 35.92it/s, loss=0.379, val/accuracy=0.838, val/loss=0.366, train/accuracy=0.834, train/loss=0.372]
Epoch 3:   7%|▋         | 19/283 [00:00<00:07, 35.91it/s, loss=0.377, val/accuracy=0.838, val/loss=0.366, train/accuracy=0.834, train/loss=0.372]
Epoch 3:   7%|▋         | 20/283 [00:00<00:07, 36.28it/s, loss=0.377, val/accuracy=0.838, val/loss=0.366, train/accuracy=0.834, train/loss=0.372]
Epoch 3:   7%|▋         | 20/283 [00:00<00:07, 36.26it/s, loss=0.376, val/accuracy=0.838, val/loss=0.366, train/accuracy=0.834, train/loss=0.372]
Epoch 3:   7%|▋         | 21/283 [00:00<00:07, 36.61it/s, loss=0.376, val/accuracy=0.838, val/loss=0.366, train/accuracy=0.834, train/loss=0.372]
Epoch 3:   7%|▋         | 21/283 [00:00<00:07, 36.59it/s, loss=0.375, val/accuracy=0.838, val/loss=0.366, train/accuracy=0.834, train/loss=0.372]
Epoch 3:   8%|▊         | 22/283 [00:00<00:07, 36.91it/s, loss=0.375, val/accuracy=0.838, val/loss=0.366, train/accuracy=0.834, train/loss=0.372]
Epoch 3:   8%|▊         | 22/283 [00:00<00:07, 36.89it/s, loss=0.376, val/accuracy=0.838, val/loss=0.366, train/accuracy=0.834, train/loss=0.372]
Epoch 3:   8%|▊         | 23/283 [00:00<00:06, 37.19it/s, loss=0.376, val/accuracy=0.838, val/loss=0.366, train/accuracy=0.834, train/loss=0.372]
Epoch 3:   8%|▊         | 23/283 [00:00<00:06, 37.18it/s, loss=0.375, val/accuracy=0.838, val/loss=0.366, train/accuracy=0.834, train/loss=0.372]
Epoch 3:   8%|▊         | 24/283 [00:00<00:06, 37.45it/s, loss=0.375, val/accuracy=0.838, val/loss=0.366, train/accuracy=0.834, train/loss=0.372]
Epoch 3:   8%|▊         | 24/283 [00:00<00:06, 37.44it/s, loss=0.369, val/accuracy=0.838, val/loss=0.366, train/accuracy=0.834, train/loss=0.372]
Epoch 3:   9%|▉         | 25/283 [00:00<00:06, 37.69it/s, loss=0.369, val/accuracy=0.838, val/loss=0.366, train/accuracy=0.834, train/loss=0.372]
Epoch 3:   9%|▉         | 25/283 [00:00<00:06, 37.68it/s, loss=0.366, val/accuracy=0.838, val/loss=0.366, train/accuracy=0.834, train/loss=0.372]
Epoch 3:   9%|▉         | 26/283 [00:00<00:06, 37.92it/s, loss=0.366, val/accuracy=0.838, val/loss=0.366, train/accuracy=0.834, train/loss=0.372]
Epoch 3:   9%|▉         | 26/283 [00:00<00:06, 37.91it/s, loss=0.37, val/accuracy=0.838, val/loss=0.366, train/accuracy=0.834, train/loss=0.372] 
Epoch 3:  10%|▉         | 27/283 [00:00<00:06, 38.14it/s, loss=0.37, val/accuracy=0.838, val/loss=0.366, train/accuracy=0.834, train/loss=0.372]
Epoch 3:  10%|▉         | 27/283 [00:00<00:06, 38.13it/s, loss=0.367, val/accuracy=0.838, val/loss=0.366, train/accuracy=0.834, train/loss=0.372]
Epoch 3:  10%|▉         | 28/283 [00:00<00:06, 38.35it/s, loss=0.367, val/accuracy=0.838, val/loss=0.366, train/accuracy=0.834, train/loss=0.372]
Epoch 3:  10%|▉         | 28/283 [00:00<00:06, 38.34it/s, loss=0.357, val/accuracy=0.838, val/loss=0.366, train/accuracy=0.834, train/loss=0.372]
Epoch 3:  10%|█         | 29/283 [00:00<00:06, 38.54it/s, loss=0.357, val/accuracy=0.838, val/loss=0.366, train/accuracy=0.834, train/loss=0.372]
Epoch 3:  10%|█         | 29/283 [00:00<00:06, 38.53it/s, loss=0.352, val/accuracy=0.838, val/loss=0.366, train/accuracy=0.834, train/loss=0.372]
Epoch 3:  11%|█         | 30/283 [00:00<00:06, 38.72it/s, loss=0.352, val/accuracy=0.838, val/loss=0.366, train/accuracy=0.834, train/loss=0.372]
Epoch 3:  11%|█         | 30/283 [00:00<00:06, 38.70it/s, loss=0.354, val/accuracy=0.838, val/loss=0.366, train/accuracy=0.834, train/loss=0.372]
Epoch 3:  11%|█         | 31/283 [00:00<00:06, 38.89it/s, loss=0.354, val/accuracy=0.838, val/loss=0.366, train/accuracy=0.834, train/loss=0.372]
Epoch 3:  11%|█         | 31/283 [00:00<00:06, 38.87it/s, loss=0.353, val/accuracy=0.838, val/loss=0.366, train/accuracy=0.834, train/loss=0.372]
Epoch 3:  11%|█▏        | 32/283 [00:00<00:06, 39.05it/s, loss=0.353, val/accuracy=0.838, val/loss=0.366, train/accuracy=0.834, train/loss=0.372]
Epoch 3:  11%|█▏        | 32/283 [00:00<00:06, 39.04it/s, loss=0.355, val/accuracy=0.838, val/loss=0.366, train/accuracy=0.834, train/loss=0.372]
Epoch 3:  12%|█▏        | 33/283 [00:00<00:06, 39.20it/s, loss=0.355, val/accuracy=0.838, val/loss=0.366, train/accuracy=0.834, train/loss=0.372]
Epoch 3:  12%|█▏        | 33/283 [00:00<00:06, 39.19it/s, loss=0.354, val/accuracy=0.838, val/loss=0.366, train/accuracy=0.834, train/loss=0.372]
Epoch 3:  12%|█▏        | 34/283 [00:00<00:06, 39.34it/s, loss=0.354, val/accuracy=0.838, val/loss=0.366, train/accuracy=0.834, train/loss=0.372]
Epoch 3:  12%|█▏        | 34/283 [00:00<00:06, 39.33it/s, loss=0.352, val/accuracy=0.838, val/loss=0.366, train/accuracy=0.834, train/loss=0.372]
Epoch 3:  12%|█▏        | 35/283 [00:00<00:06, 39.48it/s, loss=0.352, val/accuracy=0.838, val/loss=0.366, train/accuracy=0.834, train/loss=0.372]
Epoch 3:  12%|█▏        | 35/283 [00:00<00:06, 39.47it/s, loss=0.348, val/accuracy=0.838, val/loss=0.366, train/accuracy=0.834, train/loss=0.372]
Epoch 3:  13%|█▎        | 36/283 [00:00<00:06, 39.61it/s, loss=0.348, val/accuracy=0.838, val/loss=0.366, train/accuracy=0.834, train/loss=0.372]
Epoch 3:  13%|█▎        | 36/283 [00:00<00:06, 39.60it/s, loss=0.35, val/accuracy=0.838, val/loss=0.366, train/accuracy=0.834, train/loss=0.372] 
Epoch 3:  13%|█▎        | 37/283 [00:00<00:06, 39.73it/s, loss=0.35, val/accuracy=0.838, val/loss=0.366, train/accuracy=0.834, train/loss=0.372]
Epoch 3:  13%|█▎        | 37/283 [00:00<00:06, 39.72it/s, loss=0.345, val/accuracy=0.838, val/loss=0.366, train/accuracy=0.834, train/loss=0.372]
Epoch 3:  13%|█▎        | 38/283 [00:00<00:06, 39.84it/s, loss=0.345, val/accuracy=0.838, val/loss=0.366, train/accuracy=0.834, train/loss=0.372]
Epoch 3:  13%|█▎        | 38/283 [00:00<00:06, 39.83it/s, loss=0.344, val/accuracy=0.838, val/loss=0.366, train/accuracy=0.834, train/loss=0.372]
Epoch 3:  14%|█▍        | 39/283 [00:00<00:06, 39.95it/s, loss=0.344, val/accuracy=0.838, val/loss=0.366, train/accuracy=0.834, train/loss=0.372]
Epoch 3:  14%|█▍        | 39/283 [00:00<00:06, 39.94it/s, loss=0.343, val/accuracy=0.838, val/loss=0.366, train/accuracy=0.834, train/loss=0.372]
Epoch 3:  14%|█▍        | 40/283 [00:00<00:06, 40.06it/s, loss=0.343, val/accuracy=0.838, val/loss=0.366, train/accuracy=0.834, train/loss=0.372]
Epoch 3:  14%|█▍        | 40/283 [00:00<00:06, 40.05it/s, loss=0.344, val/accuracy=0.838, val/loss=0.366, train/accuracy=0.834, train/loss=0.372]
Epoch 3:  14%|█▍        | 41/283 [00:01<00:06, 40.16it/s, loss=0.344, val/accuracy=0.838, val/loss=0.366, train/accuracy=0.834, train/loss=0.372]
Epoch 3:  14%|█▍        | 41/283 [00:01<00:06, 40.15it/s, loss=0.346, val/accuracy=0.838, val/loss=0.366, train/accuracy=0.834, train/loss=0.372]
Epoch 3:  15%|█▍        | 42/283 [00:01<00:05, 40.26it/s, loss=0.346, val/accuracy=0.838, val/loss=0.366, train/accuracy=0.834, train/loss=0.372]
Epoch 3:  15%|█▍        | 42/283 [00:01<00:05, 40.25it/s, loss=0.346, val/accuracy=0.838, val/loss=0.366, train/accuracy=0.834, train/loss=0.372]
Epoch 3:  15%|█▌        | 43/283 [00:01<00:05, 40.35it/s, loss=0.346, val/accuracy=0.838, val/loss=0.366, train/accuracy=0.834, train/loss=0.372]
Epoch 3:  15%|█▌        | 43/283 [00:01<00:05, 40.34it/s, loss=0.34, val/accuracy=0.838, val/loss=0.366, train/accuracy=0.834, train/loss=0.372] 
Epoch 3:  16%|█▌        | 44/283 [00:01<00:05, 40.44it/s, loss=0.34, val/accuracy=0.838, val/loss=0.366, train/accuracy=0.834, train/loss=0.372]
Epoch 3:  16%|█▌        | 44/283 [00:01<00:05, 40.43it/s, loss=0.345, val/accuracy=0.838, val/loss=0.366, train/accuracy=0.834, train/loss=0.372]
Epoch 3:  16%|█▌        | 45/283 [00:01<00:05, 40.53it/s, loss=0.345, val/accuracy=0.838, val/loss=0.366, train/accuracy=0.834, train/loss=0.372]
Epoch 3:  16%|█▌        | 45/283 [00:01<00:05, 40.52it/s, loss=0.347, val/accuracy=0.838, val/loss=0.366, train/accuracy=0.834, train/loss=0.372]
Epoch 3:  16%|█▋        | 46/283 [00:01<00:05, 40.60it/s, loss=0.347, val/accuracy=0.838, val/loss=0.366, train/accuracy=0.834, train/loss=0.372]
Epoch 3:  16%|█▋        | 46/283 [00:01<00:05, 40.59it/s, loss=0.341, val/accuracy=0.838, val/loss=0.366, train/accuracy=0.834, train/loss=0.372]
Epoch 3:  17%|█▋        | 47/283 [00:01<00:05, 40.69it/s, loss=0.341, val/accuracy=0.838, val/loss=0.366, train/accuracy=0.834, train/loss=0.372]
Epoch 3:  17%|█▋        | 47/283 [00:01<00:05, 40.68it/s, loss=0.343, val/accuracy=0.838, val/loss=0.366, train/accuracy=0.834, train/loss=0.372]
Epoch 3:  17%|█▋        | 48/283 [00:01<00:05, 40.76it/s, loss=0.343, val/accuracy=0.838, val/loss=0.366, train/accuracy=0.834, train/loss=0.372]
Epoch 3:  17%|█▋        | 48/283 [00:01<00:05, 40.75it/s, loss=0.351, val/accuracy=0.838, val/loss=0.366, train/accuracy=0.834, train/loss=0.372]
Epoch 3:  17%|█▋        | 49/283 [00:01<00:05, 40.84it/s, loss=0.351, val/accuracy=0.838, val/loss=0.366, train/accuracy=0.834, train/loss=0.372]
Epoch 3:  17%|█▋        | 49/283 [00:01<00:05, 40.83it/s, loss=0.35, val/accuracy=0.838, val/loss=0.366, train/accuracy=0.834, train/loss=0.372] 
Epoch 3:  18%|█▊        | 50/283 [00:01<00:05, 40.91it/s, loss=0.35, val/accuracy=0.838, val/loss=0.366, train/accuracy=0.834, train/loss=0.372]
Epoch 3:  18%|█▊        | 50/283 [00:01<00:05, 40.90it/s, loss=0.35, val/accuracy=0.838, val/loss=0.366, train/accuracy=0.834, train/loss=0.372]
Epoch 3:  18%|█▊        | 51/283 [00:01<00:05, 40.98it/s, loss=0.35, val/accuracy=0.838, val/loss=0.366, train/accuracy=0.834, train/loss=0.372]
Epoch 3:  18%|█▊        | 51/283 [00:01<00:05, 40.97it/s, loss=0.354, val/accuracy=0.838, val/loss=0.366, train/accuracy=0.834, train/loss=0.372]
Epoch 3:  18%|█▊        | 52/283 [00:01<00:05, 41.04it/s, loss=0.354, val/accuracy=0.838, val/loss=0.366, train/accuracy=0.834, train/loss=0.372]
Epoch 3:  18%|█▊        | 52/283 [00:01<00:05, 41.04it/s, loss=0.354, val/accuracy=0.838, val/loss=0.366, train/accuracy=0.834, train/loss=0.372]
Epoch 3:  19%|█▊        | 53/283 [00:01<00:05, 41.11it/s, loss=0.354, val/accuracy=0.838, val/loss=0.366, train/accuracy=0.834, train/loss=0.372]
Epoch 3:  19%|█▊        | 53/283 [00:01<00:05, 41.10it/s, loss=0.354, val/accuracy=0.838, val/loss=0.366, train/accuracy=0.834, train/loss=0.372]
Epoch 3:  19%|█▉        | 54/283 [00:01<00:05, 41.17it/s, loss=0.354, val/accuracy=0.838, val/loss=0.366, train/accuracy=0.834, train/loss=0.372]
Epoch 3:  19%|█▉        | 54/283 [00:01<00:05, 41.16it/s, loss=0.357, val/accuracy=0.838, val/loss=0.366, train/accuracy=0.834, train/loss=0.372]
Epoch 3:  19%|█▉        | 55/283 [00:01<00:05, 41.22it/s, loss=0.357, val/accuracy=0.838, val/loss=0.366, train/accuracy=0.834, train/loss=0.372]
Epoch 3:  19%|█▉        | 55/283 [00:01<00:05, 41.22it/s, loss=0.357, val/accuracy=0.838, val/loss=0.366, train/accuracy=0.834, train/loss=0.372]
Epoch 3:  20%|█▉        | 56/283 [00:01<00:05, 41.28it/s, loss=0.357, val/accuracy=0.838, val/loss=0.366, train/accuracy=0.834, train/loss=0.372]
Epoch 3:  20%|█▉        | 56/283 [00:01<00:05, 41.28it/s, loss=0.357, val/accuracy=0.838, val/loss=0.366, train/accuracy=0.834, train/loss=0.372]
Epoch 3:  20%|██        | 57/283 [00:01<00:05, 41.34it/s, loss=0.357, val/accuracy=0.838, val/loss=0.366, train/accuracy=0.834, train/loss=0.372]
Epoch 3:  20%|██        | 57/283 [00:01<00:05, 41.33it/s, loss=0.36, val/accuracy=0.838, val/loss=0.366, train/accuracy=0.834, train/loss=0.372] 
Epoch 3:  20%|██        | 58/283 [00:01<00:05, 41.39it/s, loss=0.36, val/accuracy=0.838, val/loss=0.366, train/accuracy=0.834, train/loss=0.372]
Epoch 3:  20%|██        | 58/283 [00:01<00:05, 41.38it/s, loss=0.357, val/accuracy=0.838, val/loss=0.366, train/accuracy=0.834, train/loss=0.372]
Epoch 3:  21%|██        | 59/283 [00:01<00:05, 41.44it/s, loss=0.357, val/accuracy=0.838, val/loss=0.366, train/accuracy=0.834, train/loss=0.372]
Epoch 3:  21%|██        | 59/283 [00:01<00:05, 41.44it/s, loss=0.359, val/accuracy=0.838, val/loss=0.366, train/accuracy=0.834, train/loss=0.372]
Epoch 3:  21%|██        | 60/283 [00:01<00:05, 41.50it/s, loss=0.359, val/accuracy=0.838, val/loss=0.366, train/accuracy=0.834, train/loss=0.372]
Epoch 3:  21%|██        | 60/283 [00:01<00:05, 41.49it/s, loss=0.364, val/accuracy=0.838, val/loss=0.366, train/accuracy=0.834, train/loss=0.372]
Epoch 3:  22%|██▏       | 61/283 [00:01<00:05, 41.55it/s, loss=0.364, val/accuracy=0.838, val/loss=0.366, train/accuracy=0.834, train/loss=0.372]
Epoch 3:  22%|██▏       | 61/283 [00:01<00:05, 41.54it/s, loss=0.365, val/accuracy=0.838, val/loss=0.366, train/accuracy=0.834, train/loss=0.372]
Epoch 3:  22%|██▏       | 62/283 [00:01<00:05, 41.59it/s, loss=0.365, val/accuracy=0.838, val/loss=0.366, train/accuracy=0.834, train/loss=0.372]
Epoch 3:  22%|██▏       | 62/283 [00:01<00:05, 41.59it/s, loss=0.362, val/accuracy=0.838, val/loss=0.366, train/accuracy=0.834, train/loss=0.372]
Epoch 3:  22%|██▏       | 63/283 [00:01<00:05, 41.64it/s, loss=0.362, val/accuracy=0.838, val/loss=0.366, train/accuracy=0.834, train/loss=0.372]
Epoch 3:  22%|██▏       | 63/283 [00:01<00:05, 41.63it/s, loss=0.365, val/accuracy=0.838, val/loss=0.366, train/accuracy=0.834, train/loss=0.372]
Epoch 3:  23%|██▎       | 64/283 [00:01<00:05, 41.68it/s, loss=0.365, val/accuracy=0.838, val/loss=0.366, train/accuracy=0.834, train/loss=0.372]
Epoch 3:  23%|██▎       | 64/283 [00:01<00:05, 41.68it/s, loss=0.361, val/accuracy=0.838, val/loss=0.366, train/accuracy=0.834, train/loss=0.372]
Epoch 3:  23%|██▎       | 65/283 [00:01<00:05, 41.73it/s, loss=0.361, val/accuracy=0.838, val/loss=0.366, train/accuracy=0.834, train/loss=0.372]
Epoch 3:  23%|██▎       | 65/283 [00:01<00:05, 41.72it/s, loss=0.362, val/accuracy=0.838, val/loss=0.366, train/accuracy=0.834, train/loss=0.372]
Epoch 3:  23%|██▎       | 66/283 [00:01<00:05, 41.77it/s, loss=0.362, val/accuracy=0.838, val/loss=0.366, train/accuracy=0.834, train/loss=0.372]
Epoch 3:  23%|██▎       | 66/283 [00:01<00:05, 41.76it/s, loss=0.361, val/accuracy=0.838, val/loss=0.366, train/accuracy=0.834, train/loss=0.372]
Epoch 3:  24%|██▎       | 67/283 [00:01<00:05, 41.81it/s, loss=0.361, val/accuracy=0.838, val/loss=0.366, train/accuracy=0.834, train/loss=0.372]
Epoch 3:  24%|██▎       | 67/283 [00:01<00:05, 41.81it/s, loss=0.359, val/accuracy=0.838, val/loss=0.366, train/accuracy=0.834, train/loss=0.372]
Epoch 3:  24%|██▍       | 68/283 [00:01<00:05, 41.86it/s, loss=0.359, val/accuracy=0.838, val/loss=0.366, train/accuracy=0.834, train/loss=0.372]
Epoch 3:  24%|██▍       | 68/283 [00:01<00:05, 41.85it/s, loss=0.356, val/accuracy=0.838, val/loss=0.366, train/accuracy=0.834, train/loss=0.372]
Epoch 3:  24%|██▍       | 69/283 [00:01<00:05, 41.90it/s, loss=0.356, val/accuracy=0.838, val/loss=0.366, train/accuracy=0.834, train/loss=0.372]
Epoch 3:  24%|██▍       | 69/283 [00:01<00:05, 41.89it/s, loss=0.356, val/accuracy=0.838, val/loss=0.366, train/accuracy=0.834, train/loss=0.372]
Epoch 3:  25%|██▍       | 70/283 [00:01<00:05, 41.94it/s, loss=0.356, val/accuracy=0.838, val/loss=0.366, train/accuracy=0.834, train/loss=0.372]
Epoch 3:  25%|██▍       | 70/283 [00:01<00:05, 41.93it/s, loss=0.353, val/accuracy=0.838, val/loss=0.366, train/accuracy=0.834, train/loss=0.372]
Epoch 3:  25%|██▌       | 71/283 [00:01<00:05, 41.97it/s, loss=0.353, val/accuracy=0.838, val/loss=0.366, train/accuracy=0.834, train/loss=0.372]
Epoch 3:  25%|██▌       | 71/283 [00:01<00:05, 41.97it/s, loss=0.346, val/accuracy=0.838, val/loss=0.366, train/accuracy=0.834, train/loss=0.372]
Epoch 3:  25%|██▌       | 72/283 [00:01<00:05, 42.01it/s, loss=0.346, val/accuracy=0.838, val/loss=0.366, train/accuracy=0.834, train/loss=0.372]
Epoch 3:  25%|██▌       | 72/283 [00:01<00:05, 42.01it/s, loss=0.348, val/accuracy=0.838, val/loss=0.366, train/accuracy=0.834, train/loss=0.372]
Epoch 3:  26%|██▌       | 73/283 [00:01<00:04, 42.05it/s, loss=0.348, val/accuracy=0.838, val/loss=0.366, train/accuracy=0.834, train/loss=0.372]
Epoch 3:  26%|██▌       | 73/283 [00:01<00:04, 42.04it/s, loss=0.35, val/accuracy=0.838, val/loss=0.366, train/accuracy=0.834, train/loss=0.372] 
Epoch 3:  26%|██▌       | 74/283 [00:01<00:04, 42.08it/s, loss=0.35, val/accuracy=0.838, val/loss=0.366, train/accuracy=0.834, train/loss=0.372]
Epoch 3:  26%|██▌       | 74/283 [00:01<00:04, 42.08it/s, loss=0.349, val/accuracy=0.838, val/loss=0.366, train/accuracy=0.834, train/loss=0.372]
Epoch 3:  27%|██▋       | 75/283 [00:01<00:04, 42.12it/s, loss=0.349, val/accuracy=0.838, val/loss=0.366, train/accuracy=0.834, train/loss=0.372]
Epoch 3:  27%|██▋       | 75/283 [00:01<00:04, 42.11it/s, loss=0.352, val/accuracy=0.838, val/loss=0.366, train/accuracy=0.834, train/loss=0.372]
Epoch 3:  27%|██▋       | 76/283 [00:01<00:04, 42.15it/s, loss=0.352, val/accuracy=0.838, val/loss=0.366, train/accuracy=0.834, train/loss=0.372]
Epoch 3:  27%|██▋       | 76/283 [00:01<00:04, 42.15it/s, loss=0.353, val/accuracy=0.838, val/loss=0.366, train/accuracy=0.834, train/loss=0.372]
Epoch 3:  27%|██▋       | 77/283 [00:01<00:04, 42.18it/s, loss=0.353, val/accuracy=0.838, val/loss=0.366, train/accuracy=0.834, train/loss=0.372]
Epoch 3:  27%|██▋       | 77/283 [00:01<00:04, 42.18it/s, loss=0.354, val/accuracy=0.838, val/loss=0.366, train/accuracy=0.834, train/loss=0.372]
Epoch 3:  28%|██▊       | 78/283 [00:01<00:04, 42.21it/s, loss=0.354, val/accuracy=0.838, val/loss=0.366, train/accuracy=0.834, train/loss=0.372]
Epoch 3:  28%|██▊       | 78/283 [00:01<00:04, 42.21it/s, loss=0.358, val/accuracy=0.838, val/loss=0.366, train/accuracy=0.834, train/loss=0.372]
Epoch 3:  28%|██▊       | 79/283 [00:01<00:04, 42.24it/s, loss=0.358, val/accuracy=0.838, val/loss=0.366, train/accuracy=0.834, train/loss=0.372]
Epoch 3:  28%|██▊       | 79/283 [00:01<00:04, 42.23it/s, loss=0.358, val/accuracy=0.838, val/loss=0.366, train/accuracy=0.834, train/loss=0.372]
Epoch 3:  28%|██▊       | 80/283 [00:01<00:04, 42.27it/s, loss=0.358, val/accuracy=0.838, val/loss=0.366, train/accuracy=0.834, train/loss=0.372]
Epoch 3:  28%|██▊       | 80/283 [00:01<00:04, 42.26it/s, loss=0.352, val/accuracy=0.838, val/loss=0.366, train/accuracy=0.834, train/loss=0.372]
Epoch 3:  29%|██▊       | 81/283 [00:01<00:04, 42.30it/s, loss=0.352, val/accuracy=0.838, val/loss=0.366, train/accuracy=0.834, train/loss=0.372]
Epoch 3:  29%|██▊       | 81/283 [00:01<00:04, 42.29it/s, loss=0.355, val/accuracy=0.838, val/loss=0.366, train/accuracy=0.834, train/loss=0.372]
Epoch 3:  29%|██▉       | 82/283 [00:01<00:04, 42.32it/s, loss=0.355, val/accuracy=0.838, val/loss=0.366, train/accuracy=0.834, train/loss=0.372]
Epoch 3:  29%|██▉       | 82/283 [00:01<00:04, 42.32it/s, loss=0.358, val/accuracy=0.838, val/loss=0.366, train/accuracy=0.834, train/loss=0.372]
Epoch 3:  29%|██▉       | 83/283 [00:01<00:04, 42.35it/s, loss=0.358, val/accuracy=0.838, val/loss=0.366, train/accuracy=0.834, train/loss=0.372]
Epoch 3:  29%|██▉       | 83/283 [00:01<00:04, 42.35it/s, loss=0.359, val/accuracy=0.838, val/loss=0.366, train/accuracy=0.834, train/loss=0.372]
Epoch 3:  30%|██▉       | 84/283 [00:01<00:04, 42.38it/s, loss=0.359, val/accuracy=0.838, val/loss=0.366, train/accuracy=0.834, train/loss=0.372]
Epoch 3:  30%|██▉       | 84/283 [00:01<00:04, 42.37it/s, loss=0.361, val/accuracy=0.838, val/loss=0.366, train/accuracy=0.834, train/loss=0.372]
Epoch 3:  30%|███       | 85/283 [00:02<00:04, 42.40it/s, loss=0.361, val/accuracy=0.838, val/loss=0.366, train/accuracy=0.834, train/loss=0.372]
Epoch 3:  30%|███       | 85/283 [00:02<00:04, 42.40it/s, loss=0.363, val/accuracy=0.838, val/loss=0.366, train/accuracy=0.834, train/loss=0.372]
Epoch 3:  30%|███       | 86/283 [00:02<00:04, 42.43it/s, loss=0.363, val/accuracy=0.838, val/loss=0.366, train/accuracy=0.834, train/loss=0.372]
Epoch 3:  30%|███       | 86/283 [00:02<00:04, 42.42it/s, loss=0.365, val/accuracy=0.838, val/loss=0.366, train/accuracy=0.834, train/loss=0.372]
Epoch 3:  31%|███       | 87/283 [00:02<00:04, 42.45it/s, loss=0.365, val/accuracy=0.838, val/loss=0.366, train/accuracy=0.834, train/loss=0.372]
Epoch 3:  31%|███       | 87/283 [00:02<00:04, 42.45it/s, loss=0.366, val/accuracy=0.838, val/loss=0.366, train/accuracy=0.834, train/loss=0.372]
Epoch 3:  31%|███       | 88/283 [00:02<00:04, 42.48it/s, loss=0.366, val/accuracy=0.838, val/loss=0.366, train/accuracy=0.834, train/loss=0.372]
Epoch 3:  31%|███       | 88/283 [00:02<00:04, 42.48it/s, loss=0.364, val/accuracy=0.838, val/loss=0.366, train/accuracy=0.834, train/loss=0.372]
Epoch 3:  31%|███▏      | 89/283 [00:02<00:04, 42.51it/s, loss=0.364, val/accuracy=0.838, val/loss=0.366, train/accuracy=0.834, train/loss=0.372]
Epoch 3:  31%|███▏      | 89/283 [00:02<00:04, 42.50it/s, loss=0.371, val/accuracy=0.838, val/loss=0.366, train/accuracy=0.834, train/loss=0.372]
Epoch 3:  32%|███▏      | 90/283 [00:02<00:04, 42.53it/s, loss=0.371, val/accuracy=0.838, val/loss=0.366, train/accuracy=0.834, train/loss=0.372]
Epoch 3:  32%|███▏      | 90/283 [00:02<00:04, 42.53it/s, loss=0.374, val/accuracy=0.838, val/loss=0.366, train/accuracy=0.834, train/loss=0.372]
Epoch 3:  32%|███▏      | 91/283 [00:02<00:04, 42.55it/s, loss=0.374, val/accuracy=0.838, val/loss=0.366, train/accuracy=0.834, train/loss=0.372]
Epoch 3:  32%|███▏      | 91/283 [00:02<00:04, 42.55it/s, loss=0.374, val/accuracy=0.838, val/loss=0.366, train/accuracy=0.834, train/loss=0.372]
Epoch 3:  33%|███▎      | 92/283 [00:02<00:04, 42.58it/s, loss=0.374, val/accuracy=0.838, val/loss=0.366, train/accuracy=0.834, train/loss=0.372]
Epoch 3:  33%|███▎      | 92/283 [00:02<00:04, 42.57it/s, loss=0.371, val/accuracy=0.838, val/loss=0.366, train/accuracy=0.834, train/loss=0.372]
Epoch 3:  33%|███▎      | 93/283 [00:02<00:04, 42.60it/s, loss=0.371, val/accuracy=0.838, val/loss=0.366, train/accuracy=0.834, train/loss=0.372]
Epoch 3:  33%|███▎      | 93/283 [00:02<00:04, 42.60it/s, loss=0.369, val/accuracy=0.838, val/loss=0.366, train/accuracy=0.834, train/loss=0.372]
Epoch 3:  33%|███▎      | 94/283 [00:02<00:04, 42.62it/s, loss=0.369, val/accuracy=0.838, val/loss=0.366, train/accuracy=0.834, train/loss=0.372]
Epoch 3:  33%|███▎      | 94/283 [00:02<00:04, 42.62it/s, loss=0.371, val/accuracy=0.838, val/loss=0.366, train/accuracy=0.834, train/loss=0.372]
Epoch 3:  34%|███▎      | 95/283 [00:02<00:04, 42.64it/s, loss=0.371, val/accuracy=0.838, val/loss=0.366, train/accuracy=0.834, train/loss=0.372]
Epoch 3:  34%|███▎      | 95/283 [00:02<00:04, 42.64it/s, loss=0.371, val/accuracy=0.838, val/loss=0.366, train/accuracy=0.834, train/loss=0.372]
Epoch 3:  34%|███▍      | 96/283 [00:02<00:04, 42.66it/s, loss=0.371, val/accuracy=0.838, val/loss=0.366, train/accuracy=0.834, train/loss=0.372]
Epoch 3:  34%|███▍      | 96/283 [00:02<00:04, 42.66it/s, loss=0.37, val/accuracy=0.838, val/loss=0.366, train/accuracy=0.834, train/loss=0.372] 
Epoch 3:  34%|███▍      | 97/283 [00:02<00:04, 42.68it/s, loss=0.37, val/accuracy=0.838, val/loss=0.366, train/accuracy=0.834, train/loss=0.372]
Epoch 3:  34%|███▍      | 97/283 [00:02<00:04, 42.68it/s, loss=0.371, val/accuracy=0.838, val/loss=0.366, train/accuracy=0.834, train/loss=0.372]
Epoch 3:  35%|███▍      | 98/283 [00:02<00:04, 42.70it/s, loss=0.371, val/accuracy=0.838, val/loss=0.366, train/accuracy=0.834, train/loss=0.372]
Epoch 3:  35%|███▍      | 98/283 [00:02<00:04, 42.70it/s, loss=0.369, val/accuracy=0.838, val/loss=0.366, train/accuracy=0.834, train/loss=0.372]
Epoch 3:  35%|███▍      | 99/283 [00:02<00:04, 42.72it/s, loss=0.369, val/accuracy=0.838, val/loss=0.366, train/accuracy=0.834, train/loss=0.372]
Epoch 3:  35%|███▍      | 99/283 [00:02<00:04, 42.71it/s, loss=0.37, val/accuracy=0.838, val/loss=0.366, train/accuracy=0.834, train/loss=0.372] 
Epoch 3:  35%|███▌      | 100/283 [00:02<00:04, 42.74it/s, loss=0.37, val/accuracy=0.838, val/loss=0.366, train/accuracy=0.834, train/loss=0.372]
Epoch 3:  35%|███▌      | 100/283 [00:02<00:04, 42.73it/s, loss=0.371, val/accuracy=0.838, val/loss=0.366, train/accuracy=0.834, train/loss=0.372]
Epoch 3:  36%|███▌      | 101/283 [00:02<00:04, 42.75it/s, loss=0.371, val/accuracy=0.838, val/loss=0.366, train/accuracy=0.834, train/loss=0.372]
Epoch 3:  36%|███▌      | 101/283 [00:02<00:04, 42.75it/s, loss=0.366, val/accuracy=0.838, val/loss=0.366, train/accuracy=0.834, train/loss=0.372]
Epoch 3:  36%|███▌      | 102/283 [00:02<00:04, 42.77it/s, loss=0.366, val/accuracy=0.838, val/loss=0.366, train/accuracy=0.834, train/loss=0.372]
Epoch 3:  36%|███▌      | 102/283 [00:02<00:04, 42.77it/s, loss=0.366, val/accuracy=0.838, val/loss=0.366, train/accuracy=0.834, train/loss=0.372]
Epoch 3:  36%|███▋      | 103/283 [00:02<00:04, 42.79it/s, loss=0.366, val/accuracy=0.838, val/loss=0.366, train/accuracy=0.834, train/loss=0.372]
Epoch 3:  36%|███▋      | 103/283 [00:02<00:04, 42.78it/s, loss=0.361, val/accuracy=0.838, val/loss=0.366, train/accuracy=0.834, train/loss=0.372]
Epoch 3:  37%|███▋      | 104/283 [00:02<00:04, 42.81it/s, loss=0.361, val/accuracy=0.838, val/loss=0.366, train/accuracy=0.834, train/loss=0.372]
Epoch 3:  37%|███▋      | 104/283 [00:02<00:04, 42.80it/s, loss=0.36, val/accuracy=0.838, val/loss=0.366, train/accuracy=0.834, train/loss=0.372] 
Epoch 3:  37%|███▋      | 105/283 [00:02<00:04, 42.83it/s, loss=0.36, val/accuracy=0.838, val/loss=0.366, train/accuracy=0.834, train/loss=0.372]
Epoch 3:  37%|███▋      | 105/283 [00:02<00:04, 42.82it/s, loss=0.365, val/accuracy=0.838, val/loss=0.366, train/accuracy=0.834, train/loss=0.372]
Epoch 3:  37%|███▋      | 106/283 [00:02<00:04, 42.84it/s, loss=0.365, val/accuracy=0.838, val/loss=0.366, train/accuracy=0.834, train/loss=0.372]
Epoch 3:  37%|███▋      | 106/283 [00:02<00:04, 42.84it/s, loss=0.36, val/accuracy=0.838, val/loss=0.366, train/accuracy=0.834, train/loss=0.372] 
Epoch 3:  38%|███▊      | 107/283 [00:02<00:04, 42.86it/s, loss=0.36, val/accuracy=0.838, val/loss=0.366, train/accuracy=0.834, train/loss=0.372]
Epoch 3:  38%|███▊      | 107/283 [00:02<00:04, 42.86it/s, loss=0.359, val/accuracy=0.838, val/loss=0.366, train/accuracy=0.834, train/loss=0.372]
Epoch 3:  38%|███▊      | 108/283 [00:02<00:04, 42.88it/s, loss=0.359, val/accuracy=0.838, val/loss=0.366, train/accuracy=0.834, train/loss=0.372]
Epoch 3:  38%|███▊      | 108/283 [00:02<00:04, 42.87it/s, loss=0.361, val/accuracy=0.838, val/loss=0.366, train/accuracy=0.834, train/loss=0.372]
Epoch 3:  39%|███▊      | 109/283 [00:02<00:04, 42.89it/s, loss=0.361, val/accuracy=0.838, val/loss=0.366, train/accuracy=0.834, train/loss=0.372]
Epoch 3:  39%|███▊      | 109/283 [00:02<00:04, 42.88it/s, loss=0.352, val/accuracy=0.838, val/loss=0.366, train/accuracy=0.834, train/loss=0.372]
Epoch 3:  39%|███▉      | 110/283 [00:02<00:04, 42.90it/s, loss=0.352, val/accuracy=0.838, val/loss=0.366, train/accuracy=0.834, train/loss=0.372]
Epoch 3:  39%|███▉      | 110/283 [00:02<00:04, 42.89it/s, loss=0.354, val/accuracy=0.838, val/loss=0.366, train/accuracy=0.834, train/loss=0.372]
Epoch 3:  39%|███▉      | 111/283 [00:02<00:04, 42.91it/s, loss=0.354, val/accuracy=0.838, val/loss=0.366, train/accuracy=0.834, train/loss=0.372]
Epoch 3:  39%|███▉      | 111/283 [00:02<00:04, 42.91it/s, loss=0.354, val/accuracy=0.838, val/loss=0.366, train/accuracy=0.834, train/loss=0.372]
Epoch 3:  40%|███▉      | 112/283 [00:02<00:03, 42.93it/s, loss=0.354, val/accuracy=0.838, val/loss=0.366, train/accuracy=0.834, train/loss=0.372]
Epoch 3:  40%|███▉      | 112/283 [00:02<00:03, 42.93it/s, loss=0.35, val/accuracy=0.838, val/loss=0.366, train/accuracy=0.834, train/loss=0.372] 
Epoch 3:  40%|███▉      | 113/283 [00:02<00:03, 42.95it/s, loss=0.35, val/accuracy=0.838, val/loss=0.366, train/accuracy=0.834, train/loss=0.372]
Epoch 3:  40%|███▉      | 113/283 [00:02<00:03, 42.94it/s, loss=0.35, val/accuracy=0.838, val/loss=0.366, train/accuracy=0.834, train/loss=0.372]
Epoch 3:  40%|████      | 114/283 [00:02<00:03, 42.96it/s, loss=0.35, val/accuracy=0.838, val/loss=0.366, train/accuracy=0.834, train/loss=0.372]
Epoch 3:  40%|████      | 114/283 [00:02<00:03, 42.96it/s, loss=0.351, val/accuracy=0.838, val/loss=0.366, train/accuracy=0.834, train/loss=0.372]
Epoch 3:  41%|████      | 115/283 [00:02<00:03, 42.98it/s, loss=0.351, val/accuracy=0.838, val/loss=0.366, train/accuracy=0.834, train/loss=0.372]
Epoch 3:  41%|████      | 115/283 [00:02<00:03, 42.97it/s, loss=0.353, val/accuracy=0.838, val/loss=0.366, train/accuracy=0.834, train/loss=0.372]
Epoch 3:  41%|████      | 116/283 [00:02<00:03, 42.99it/s, loss=0.353, val/accuracy=0.838, val/loss=0.366, train/accuracy=0.834, train/loss=0.372]
Epoch 3:  41%|████      | 116/283 [00:02<00:03, 42.99it/s, loss=0.362, val/accuracy=0.838, val/loss=0.366, train/accuracy=0.834, train/loss=0.372]
Epoch 3:  41%|████▏     | 117/283 [00:02<00:03, 43.01it/s, loss=0.362, val/accuracy=0.838, val/loss=0.366, train/accuracy=0.834, train/loss=0.372]
Epoch 3:  41%|████▏     | 117/283 [00:02<00:03, 43.00it/s, loss=0.358, val/accuracy=0.838, val/loss=0.366, train/accuracy=0.834, train/loss=0.372]
Epoch 3:  42%|████▏     | 118/283 [00:02<00:03, 43.02it/s, loss=0.358, val/accuracy=0.838, val/loss=0.366, train/accuracy=0.834, train/loss=0.372]
Epoch 3:  42%|████▏     | 118/283 [00:02<00:03, 43.02it/s, loss=0.361, val/accuracy=0.838, val/loss=0.366, train/accuracy=0.834, train/loss=0.372]
Epoch 3:  42%|████▏     | 119/283 [00:02<00:03, 43.04it/s, loss=0.361, val/accuracy=0.838, val/loss=0.366, train/accuracy=0.834, train/loss=0.372]
Epoch 3:  42%|████▏     | 119/283 [00:02<00:03, 43.03it/s, loss=0.361, val/accuracy=0.838, val/loss=0.366, train/accuracy=0.834, train/loss=0.372]
Epoch 3:  42%|████▏     | 120/283 [00:02<00:03, 43.05it/s, loss=0.361, val/accuracy=0.838, val/loss=0.366, train/accuracy=0.834, train/loss=0.372]
Epoch 3:  42%|████▏     | 120/283 [00:02<00:03, 43.05it/s, loss=0.359, val/accuracy=0.838, val/loss=0.366, train/accuracy=0.834, train/loss=0.372]
Epoch 3:  43%|████▎     | 121/283 [00:02<00:03, 43.07it/s, loss=0.359, val/accuracy=0.838, val/loss=0.366, train/accuracy=0.834, train/loss=0.372]
Epoch 3:  43%|████▎     | 121/283 [00:02<00:03, 43.06it/s, loss=0.361, val/accuracy=0.838, val/loss=0.366, train/accuracy=0.834, train/loss=0.372]
Epoch 3:  43%|████▎     | 122/283 [00:02<00:03, 43.08it/s, loss=0.361, val/accuracy=0.838, val/loss=0.366, train/accuracy=0.834, train/loss=0.372]
Epoch 3:  43%|████▎     | 122/283 [00:02<00:03, 43.08it/s, loss=0.363, val/accuracy=0.838, val/loss=0.366, train/accuracy=0.834, train/loss=0.372]
Epoch 3:  43%|████▎     | 123/283 [00:02<00:03, 43.09it/s, loss=0.363, val/accuracy=0.838, val/loss=0.366, train/accuracy=0.834, train/loss=0.372]
Epoch 3:  43%|████▎     | 123/283 [00:02<00:03, 43.09it/s, loss=0.365, val/accuracy=0.838, val/loss=0.366, train/accuracy=0.834, train/loss=0.372]
Epoch 3:  44%|████▍     | 124/283 [00:02<00:03, 43.10it/s, loss=0.365, val/accuracy=0.838, val/loss=0.366, train/accuracy=0.834, train/loss=0.372]
Epoch 3:  44%|████▍     | 124/283 [00:02<00:03, 43.10it/s, loss=0.366, val/accuracy=0.838, val/loss=0.366, train/accuracy=0.834, train/loss=0.372]
Epoch 3:  44%|████▍     | 125/283 [00:02<00:03, 43.12it/s, loss=0.366, val/accuracy=0.838, val/loss=0.366, train/accuracy=0.834, train/loss=0.372]
Epoch 3:  44%|████▍     | 125/283 [00:02<00:03, 43.11it/s, loss=0.355, val/accuracy=0.838, val/loss=0.366, train/accuracy=0.834, train/loss=0.372]
Epoch 3:  45%|████▍     | 126/283 [00:02<00:03, 43.13it/s, loss=0.355, val/accuracy=0.838, val/loss=0.366, train/accuracy=0.834, train/loss=0.372]
Epoch 3:  45%|████▍     | 126/283 [00:02<00:03, 43.13it/s, loss=0.359, val/accuracy=0.838, val/loss=0.366, train/accuracy=0.834, train/loss=0.372]
Epoch 3:  45%|████▍     | 127/283 [00:02<00:03, 43.14it/s, loss=0.359, val/accuracy=0.838, val/loss=0.366, train/accuracy=0.834, train/loss=0.372]
Epoch 3:  45%|████▍     | 127/283 [00:02<00:03, 43.14it/s, loss=0.358, val/accuracy=0.838, val/loss=0.366, train/accuracy=0.834, train/loss=0.372]
Epoch 3:  45%|████▌     | 128/283 [00:02<00:03, 43.16it/s, loss=0.358, val/accuracy=0.838, val/loss=0.366, train/accuracy=0.834, train/loss=0.372]
Epoch 3:  45%|████▌     | 128/283 [00:02<00:03, 43.15it/s, loss=0.355, val/accuracy=0.838, val/loss=0.366, train/accuracy=0.834, train/loss=0.372]
Epoch 3:  46%|████▌     | 129/283 [00:02<00:03, 43.17it/s, loss=0.355, val/accuracy=0.838, val/loss=0.366, train/accuracy=0.834, train/loss=0.372]
Epoch 3:  46%|████▌     | 129/283 [00:02<00:03, 43.17it/s, loss=0.362, val/accuracy=0.838, val/loss=0.366, train/accuracy=0.834, train/loss=0.372]
Epoch 3:  46%|████▌     | 130/283 [00:03<00:03, 43.18it/s, loss=0.362, val/accuracy=0.838, val/loss=0.366, train/accuracy=0.834, train/loss=0.372]
Epoch 3:  46%|████▌     | 130/283 [00:03<00:03, 43.18it/s, loss=0.357, val/accuracy=0.838, val/loss=0.366, train/accuracy=0.834, train/loss=0.372]
Epoch 3:  46%|████▋     | 131/283 [00:03<00:03, 43.19it/s, loss=0.357, val/accuracy=0.838, val/loss=0.366, train/accuracy=0.834, train/loss=0.372]
Epoch 3:  46%|████▋     | 131/283 [00:03<00:03, 43.19it/s, loss=0.354, val/accuracy=0.838, val/loss=0.366, train/accuracy=0.834, train/loss=0.372]
Epoch 3:  47%|████▋     | 132/283 [00:03<00:03, 43.20it/s, loss=0.354, val/accuracy=0.838, val/loss=0.366, train/accuracy=0.834, train/loss=0.372]
Epoch 3:  47%|████▋     | 132/283 [00:03<00:03, 43.20it/s, loss=0.355, val/accuracy=0.838, val/loss=0.366, train/accuracy=0.834, train/loss=0.372]
Epoch 3:  47%|████▋     | 133/283 [00:03<00:03, 43.21it/s, loss=0.355, val/accuracy=0.838, val/loss=0.366, train/accuracy=0.834, train/loss=0.372]
Epoch 3:  47%|████▋     | 133/283 [00:03<00:03, 43.21it/s, loss=0.352, val/accuracy=0.838, val/loss=0.366, train/accuracy=0.834, train/loss=0.372]
Epoch 3:  47%|████▋     | 134/283 [00:03<00:03, 43.22it/s, loss=0.352, val/accuracy=0.838, val/loss=0.366, train/accuracy=0.834, train/loss=0.372]
Epoch 3:  47%|████▋     | 134/283 [00:03<00:03, 43.22it/s, loss=0.349, val/accuracy=0.838, val/loss=0.366, train/accuracy=0.834, train/loss=0.372]
Epoch 3:  48%|████▊     | 135/283 [00:03<00:03, 43.24it/s, loss=0.349, val/accuracy=0.838, val/loss=0.366, train/accuracy=0.834, train/loss=0.372]
Epoch 3:  48%|████▊     | 135/283 [00:03<00:03, 43.23it/s, loss=0.348, val/accuracy=0.838, val/loss=0.366, train/accuracy=0.834, train/loss=0.372]
Epoch 3:  48%|████▊     | 136/283 [00:03<00:03, 43.25it/s, loss=0.348, val/accuracy=0.838, val/loss=0.366, train/accuracy=0.834, train/loss=0.372]
Epoch 3:  48%|████▊     | 136/283 [00:03<00:03, 43.24it/s, loss=0.338, val/accuracy=0.838, val/loss=0.366, train/accuracy=0.834, train/loss=0.372]
Epoch 3:  48%|████▊     | 137/283 [00:03<00:03, 43.26it/s, loss=0.338, val/accuracy=0.838, val/loss=0.366, train/accuracy=0.834, train/loss=0.372]
Epoch 3:  48%|████▊     | 137/283 [00:03<00:03, 43.26it/s, loss=0.337, val/accuracy=0.838, val/loss=0.366, train/accuracy=0.834, train/loss=0.372]
Epoch 3:  49%|████▉     | 138/283 [00:03<00:03, 43.27it/s, loss=0.337, val/accuracy=0.838, val/loss=0.366, train/accuracy=0.834, train/loss=0.372]
Epoch 3:  49%|████▉     | 138/283 [00:03<00:03, 43.26it/s, loss=0.338, val/accuracy=0.838, val/loss=0.366, train/accuracy=0.834, train/loss=0.372]
Epoch 3:  49%|████▉     | 139/283 [00:03<00:03, 43.28it/s, loss=0.338, val/accuracy=0.838, val/loss=0.366, train/accuracy=0.834, train/loss=0.372]
Epoch 3:  49%|████▉     | 139/283 [00:03<00:03, 43.28it/s, loss=0.342, val/accuracy=0.838, val/loss=0.366, train/accuracy=0.834, train/loss=0.372]
Epoch 3:  49%|████▉     | 140/283 [00:03<00:03, 43.29it/s, loss=0.342, val/accuracy=0.838, val/loss=0.366, train/accuracy=0.834, train/loss=0.372]
Epoch 3:  49%|████▉     | 140/283 [00:03<00:03, 43.29it/s, loss=0.343, val/accuracy=0.838, val/loss=0.366, train/accuracy=0.834, train/loss=0.372]
Epoch 3:  50%|████▉     | 141/283 [00:03<00:03, 43.30it/s, loss=0.343, val/accuracy=0.838, val/loss=0.366, train/accuracy=0.834, train/loss=0.372]
Epoch 3:  50%|████▉     | 141/283 [00:03<00:03, 43.30it/s, loss=0.342, val/accuracy=0.838, val/loss=0.366, train/accuracy=0.834, train/loss=0.372]
Epoch 3:  50%|█████     | 142/283 [00:03<00:03, 43.31it/s, loss=0.342, val/accuracy=0.838, val/loss=0.366, train/accuracy=0.834, train/loss=0.372]
Epoch 3:  50%|█████     | 142/283 [00:03<00:03, 43.31it/s, loss=0.342, val/accuracy=0.838, val/loss=0.366, train/accuracy=0.834, train/loss=0.372]
Epoch 3:  51%|█████     | 143/283 [00:03<00:03, 43.32it/s, loss=0.342, val/accuracy=0.838, val/loss=0.366, train/accuracy=0.834, train/loss=0.372]
Epoch 3:  51%|█████     | 143/283 [00:03<00:03, 43.32it/s, loss=0.345, val/accuracy=0.838, val/loss=0.366, train/accuracy=0.834, train/loss=0.372]
Epoch 3:  51%|█████     | 144/283 [00:03<00:03, 43.33it/s, loss=0.345, val/accuracy=0.838, val/loss=0.366, train/accuracy=0.834, train/loss=0.372]
Epoch 3:  51%|█████     | 144/283 [00:03<00:03, 43.33it/s, loss=0.347, val/accuracy=0.838, val/loss=0.366, train/accuracy=0.834, train/loss=0.372]
Epoch 3:  51%|█████     | 145/283 [00:03<00:03, 43.34it/s, loss=0.347, val/accuracy=0.838, val/loss=0.366, train/accuracy=0.834, train/loss=0.372]
Epoch 3:  51%|█████     | 145/283 [00:03<00:03, 43.34it/s, loss=0.351, val/accuracy=0.838, val/loss=0.366, train/accuracy=0.834, train/loss=0.372]
Epoch 3:  52%|█████▏    | 146/283 [00:03<00:03, 43.35it/s, loss=0.351, val/accuracy=0.838, val/loss=0.366, train/accuracy=0.834, train/loss=0.372]
Epoch 3:  52%|█████▏    | 146/283 [00:03<00:03, 43.35it/s, loss=0.346, val/accuracy=0.838, val/loss=0.366, train/accuracy=0.834, train/loss=0.372]
Epoch 3:  52%|█████▏    | 147/283 [00:03<00:03, 43.36it/s, loss=0.346, val/accuracy=0.838, val/loss=0.366, train/accuracy=0.834, train/loss=0.372]
Epoch 3:  52%|█████▏    | 147/283 [00:03<00:03, 43.36it/s, loss=0.341, val/accuracy=0.838, val/loss=0.366, train/accuracy=0.834, train/loss=0.372]
Epoch 3:  52%|█████▏    | 148/283 [00:03<00:03, 43.37it/s, loss=0.341, val/accuracy=0.838, val/loss=0.366, train/accuracy=0.834, train/loss=0.372]
Epoch 3:  52%|█████▏    | 148/283 [00:03<00:03, 43.37it/s, loss=0.348, val/accuracy=0.838, val/loss=0.366, train/accuracy=0.834, train/loss=0.372]
Epoch 3:  53%|█████▎    | 149/283 [00:03<00:03, 43.38it/s, loss=0.348, val/accuracy=0.838, val/loss=0.366, train/accuracy=0.834, train/loss=0.372]
Epoch 3:  53%|█████▎    | 149/283 [00:03<00:03, 43.38it/s, loss=0.347, val/accuracy=0.838, val/loss=0.366, train/accuracy=0.834, train/loss=0.372]
Epoch 3:  53%|█████▎    | 150/283 [00:03<00:03, 43.39it/s, loss=0.347, val/accuracy=0.838, val/loss=0.366, train/accuracy=0.834, train/loss=0.372]
Epoch 3:  53%|█████▎    | 150/283 [00:03<00:03, 43.39it/s, loss=0.343, val/accuracy=0.838, val/loss=0.366, train/accuracy=0.834, train/loss=0.372]
Epoch 3:  53%|█████▎    | 151/283 [00:03<00:03, 43.40it/s, loss=0.343, val/accuracy=0.838, val/loss=0.366, train/accuracy=0.834, train/loss=0.372]
Epoch 3:  53%|█████▎    | 151/283 [00:03<00:03, 43.40it/s, loss=0.342, val/accuracy=0.838, val/loss=0.366, train/accuracy=0.834, train/loss=0.372]
Epoch 3:  54%|█████▎    | 152/283 [00:03<00:03, 43.41it/s, loss=0.342, val/accuracy=0.838, val/loss=0.366, train/accuracy=0.834, train/loss=0.372]
Epoch 3:  54%|█████▎    | 152/283 [00:03<00:03, 43.41it/s, loss=0.34, val/accuracy=0.838, val/loss=0.366, train/accuracy=0.834, train/loss=0.372] 
Epoch 3:  54%|█████▍    | 153/283 [00:03<00:02, 43.42it/s, loss=0.34, val/accuracy=0.838, val/loss=0.366, train/accuracy=0.834, train/loss=0.372]
Epoch 3:  54%|█████▍    | 153/283 [00:03<00:02, 43.42it/s, loss=0.342, val/accuracy=0.838, val/loss=0.366, train/accuracy=0.834, train/loss=0.372]
Epoch 3:  54%|█████▍    | 154/283 [00:03<00:02, 43.43it/s, loss=0.342, val/accuracy=0.838, val/loss=0.366, train/accuracy=0.834, train/loss=0.372]
Epoch 3:  54%|█████▍    | 154/283 [00:03<00:02, 43.43it/s, loss=0.344, val/accuracy=0.838, val/loss=0.366, train/accuracy=0.834, train/loss=0.372]
Epoch 3:  55%|█████▍    | 155/283 [00:03<00:02, 43.44it/s, loss=0.344, val/accuracy=0.838, val/loss=0.366, train/accuracy=0.834, train/loss=0.372]
Epoch 3:  55%|█████▍    | 155/283 [00:03<00:02, 43.44it/s, loss=0.343, val/accuracy=0.838, val/loss=0.366, train/accuracy=0.834, train/loss=0.372]
Epoch 3:  55%|█████▌    | 156/283 [00:03<00:02, 43.45it/s, loss=0.343, val/accuracy=0.838, val/loss=0.366, train/accuracy=0.834, train/loss=0.372]
Epoch 3:  55%|█████▌    | 156/283 [00:03<00:02, 43.45it/s, loss=0.35, val/accuracy=0.838, val/loss=0.366, train/accuracy=0.834, train/loss=0.372] 
Epoch 3:  55%|█████▌    | 157/283 [00:03<00:02, 43.46it/s, loss=0.35, val/accuracy=0.838, val/loss=0.366, train/accuracy=0.834, train/loss=0.372]
Epoch 3:  55%|█████▌    | 157/283 [00:03<00:02, 43.46it/s, loss=0.349, val/accuracy=0.838, val/loss=0.366, train/accuracy=0.834, train/loss=0.372]
Epoch 3:  56%|█████▌    | 158/283 [00:03<00:02, 43.47it/s, loss=0.349, val/accuracy=0.838, val/loss=0.366, train/accuracy=0.834, train/loss=0.372]
Epoch 3:  56%|█████▌    | 158/283 [00:03<00:02, 43.46it/s, loss=0.347, val/accuracy=0.838, val/loss=0.366, train/accuracy=0.834, train/loss=0.372]
Epoch 3:  56%|█████▌    | 159/283 [00:03<00:02, 43.48it/s, loss=0.347, val/accuracy=0.838, val/loss=0.366, train/accuracy=0.834, train/loss=0.372]
Epoch 3:  56%|█████▌    | 159/283 [00:03<00:02, 43.47it/s, loss=0.348, val/accuracy=0.838, val/loss=0.366, train/accuracy=0.834, train/loss=0.372]
Epoch 3:  57%|█████▋    | 160/283 [00:03<00:02, 43.49it/s, loss=0.348, val/accuracy=0.838, val/loss=0.366, train/accuracy=0.834, train/loss=0.372]
Epoch 3:  57%|█████▋    | 160/283 [00:03<00:02, 43.48it/s, loss=0.347, val/accuracy=0.838, val/loss=0.366, train/accuracy=0.834, train/loss=0.372]
Epoch 3:  57%|█████▋    | 161/283 [00:03<00:02, 43.49it/s, loss=0.347, val/accuracy=0.838, val/loss=0.366, train/accuracy=0.834, train/loss=0.372]
Epoch 3:  57%|█████▋    | 161/283 [00:03<00:02, 43.49it/s, loss=0.348, val/accuracy=0.838, val/loss=0.366, train/accuracy=0.834, train/loss=0.372]
Epoch 3:  57%|█████▋    | 162/283 [00:03<00:02, 43.50it/s, loss=0.348, val/accuracy=0.838, val/loss=0.366, train/accuracy=0.834, train/loss=0.372]
Epoch 3:  57%|█████▋    | 162/283 [00:03<00:02, 43.50it/s, loss=0.345, val/accuracy=0.838, val/loss=0.366, train/accuracy=0.834, train/loss=0.372]
Epoch 3:  58%|█████▊    | 163/283 [00:03<00:02, 43.51it/s, loss=0.345, val/accuracy=0.838, val/loss=0.366, train/accuracy=0.834, train/loss=0.372]
Epoch 3:  58%|█████▊    | 163/283 [00:03<00:02, 43.51it/s, loss=0.346, val/accuracy=0.838, val/loss=0.366, train/accuracy=0.834, train/loss=0.372]
Epoch 3:  58%|█████▊    | 164/283 [00:03<00:02, 43.52it/s, loss=0.346, val/accuracy=0.838, val/loss=0.366, train/accuracy=0.834, train/loss=0.372]
Epoch 3:  58%|█████▊    | 164/283 [00:03<00:02, 43.52it/s, loss=0.348, val/accuracy=0.838, val/loss=0.366, train/accuracy=0.834, train/loss=0.372]
Epoch 3:  58%|█████▊    | 165/283 [00:03<00:02, 43.53it/s, loss=0.348, val/accuracy=0.838, val/loss=0.366, train/accuracy=0.834, train/loss=0.372]
Epoch 3:  58%|█████▊    | 165/283 [00:03<00:02, 43.53it/s, loss=0.347, val/accuracy=0.838, val/loss=0.366, train/accuracy=0.834, train/loss=0.372]
Epoch 3:  59%|█████▊    | 166/283 [00:03<00:02, 43.54it/s, loss=0.347, val/accuracy=0.838, val/loss=0.366, train/accuracy=0.834, train/loss=0.372]
Epoch 3:  59%|█████▊    | 166/283 [00:03<00:02, 43.53it/s, loss=0.353, val/accuracy=0.838, val/loss=0.366, train/accuracy=0.834, train/loss=0.372]
Epoch 3:  59%|█████▉    | 167/283 [00:03<00:02, 43.55it/s, loss=0.353, val/accuracy=0.838, val/loss=0.366, train/accuracy=0.834, train/loss=0.372]
Epoch 3:  59%|█████▉    | 167/283 [00:03<00:02, 43.54it/s, loss=0.358, val/accuracy=0.838, val/loss=0.366, train/accuracy=0.834, train/loss=0.372]
Epoch 3:  59%|█████▉    | 168/283 [00:03<00:02, 43.55it/s, loss=0.358, val/accuracy=0.838, val/loss=0.366, train/accuracy=0.834, train/loss=0.372]
Epoch 3:  59%|█████▉    | 168/283 [00:03<00:02, 43.55it/s, loss=0.356, val/accuracy=0.838, val/loss=0.366, train/accuracy=0.834, train/loss=0.372]
Epoch 3:  60%|█████▉    | 169/283 [00:03<00:02, 43.56it/s, loss=0.356, val/accuracy=0.838, val/loss=0.366, train/accuracy=0.834, train/loss=0.372]
Epoch 3:  60%|█████▉    | 169/283 [00:03<00:02, 43.56it/s, loss=0.35, val/accuracy=0.838, val/loss=0.366, train/accuracy=0.834, train/loss=0.372] 
Epoch 3:  60%|██████    | 170/283 [00:03<00:02, 43.57it/s, loss=0.35, val/accuracy=0.838, val/loss=0.366, train/accuracy=0.834, train/loss=0.372]
Epoch 3:  60%|██████    | 170/283 [00:03<00:02, 43.57it/s, loss=0.354, val/accuracy=0.838, val/loss=0.366, train/accuracy=0.834, train/loss=0.372]
Epoch 3:  60%|██████    | 171/283 [00:03<00:02, 43.58it/s, loss=0.354, val/accuracy=0.838, val/loss=0.366, train/accuracy=0.834, train/loss=0.372]
Epoch 3:  60%|██████    | 171/283 [00:03<00:02, 43.57it/s, loss=0.36, val/accuracy=0.838, val/loss=0.366, train/accuracy=0.834, train/loss=0.372] 
Epoch 3:  61%|██████    | 172/283 [00:03<00:02, 43.58it/s, loss=0.36, val/accuracy=0.838, val/loss=0.366, train/accuracy=0.834, train/loss=0.372]
Epoch 3:  61%|██████    | 172/283 [00:03<00:02, 43.58it/s, loss=0.365, val/accuracy=0.838, val/loss=0.366, train/accuracy=0.834, train/loss=0.372]
Epoch 3:  61%|██████    | 173/283 [00:03<00:02, 43.59it/s, loss=0.365, val/accuracy=0.838, val/loss=0.366, train/accuracy=0.834, train/loss=0.372]
Epoch 3:  61%|██████    | 173/283 [00:03<00:02, 43.59it/s, loss=0.362, val/accuracy=0.838, val/loss=0.366, train/accuracy=0.834, train/loss=0.372]
Epoch 3:  61%|██████▏   | 174/283 [00:03<00:02, 43.59it/s, loss=0.362, val/accuracy=0.838, val/loss=0.366, train/accuracy=0.834, train/loss=0.372]
Epoch 3:  61%|██████▏   | 174/283 [00:03<00:02, 43.59it/s, loss=0.358, val/accuracy=0.838, val/loss=0.366, train/accuracy=0.834, train/loss=0.372]
Epoch 3:  62%|██████▏   | 175/283 [00:04<00:02, 43.60it/s, loss=0.358, val/accuracy=0.838, val/loss=0.366, train/accuracy=0.834, train/loss=0.372]
Epoch 3:  62%|██████▏   | 175/283 [00:04<00:02, 43.59it/s, loss=0.355, val/accuracy=0.838, val/loss=0.366, train/accuracy=0.834, train/loss=0.372]
Epoch 3:  62%|██████▏   | 176/283 [00:04<00:02, 43.60it/s, loss=0.355, val/accuracy=0.838, val/loss=0.366, train/accuracy=0.834, train/loss=0.372]
Epoch 3:  62%|██████▏   | 176/283 [00:04<00:02, 43.60it/s, loss=0.35, val/accuracy=0.838, val/loss=0.366, train/accuracy=0.834, train/loss=0.372] 
Epoch 3:  63%|██████▎   | 177/283 [00:04<00:02, 43.61it/s, loss=0.35, val/accuracy=0.838, val/loss=0.366, train/accuracy=0.834, train/loss=0.372]
Epoch 3:  63%|██████▎   | 177/283 [00:04<00:02, 43.61it/s, loss=0.357, val/accuracy=0.838, val/loss=0.366, train/accuracy=0.834, train/loss=0.372]
Epoch 3:  63%|██████▎   | 178/283 [00:04<00:02, 43.62it/s, loss=0.357, val/accuracy=0.838, val/loss=0.366, train/accuracy=0.834, train/loss=0.372]
Epoch 3:  63%|██████▎   | 178/283 [00:04<00:02, 43.61it/s, loss=0.351, val/accuracy=0.838, val/loss=0.366, train/accuracy=0.834, train/loss=0.372]
Epoch 3:  63%|██████▎   | 179/283 [00:04<00:02, 43.62it/s, loss=0.351, val/accuracy=0.838, val/loss=0.366, train/accuracy=0.834, train/loss=0.372]
Epoch 3:  63%|██████▎   | 179/283 [00:04<00:02, 43.62it/s, loss=0.344, val/accuracy=0.838, val/loss=0.366, train/accuracy=0.834, train/loss=0.372]
Epoch 3:  64%|██████▎   | 180/283 [00:04<00:02, 43.63it/s, loss=0.344, val/accuracy=0.838, val/loss=0.366, train/accuracy=0.834, train/loss=0.372]
Epoch 3:  64%|██████▎   | 180/283 [00:04<00:02, 43.63it/s, loss=0.343, val/accuracy=0.838, val/loss=0.366, train/accuracy=0.834, train/loss=0.372]
Epoch 3:  64%|██████▍   | 181/283 [00:04<00:02, 43.63it/s, loss=0.343, val/accuracy=0.838, val/loss=0.366, train/accuracy=0.834, train/loss=0.372]
Epoch 3:  64%|██████▍   | 181/283 [00:04<00:02, 43.63it/s, loss=0.343, val/accuracy=0.838, val/loss=0.366, train/accuracy=0.834, train/loss=0.372]
Epoch 3:  64%|██████▍   | 182/283 [00:04<00:02, 43.64it/s, loss=0.343, val/accuracy=0.838, val/loss=0.366, train/accuracy=0.834, train/loss=0.372]
Epoch 3:  64%|██████▍   | 182/283 [00:04<00:02, 43.64it/s, loss=0.344, val/accuracy=0.838, val/loss=0.366, train/accuracy=0.834, train/loss=0.372]
Epoch 3:  65%|██████▍   | 183/283 [00:04<00:02, 43.65it/s, loss=0.344, val/accuracy=0.838, val/loss=0.366, train/accuracy=0.834, train/loss=0.372]
Epoch 3:  65%|██████▍   | 183/283 [00:04<00:02, 43.64it/s, loss=0.344, val/accuracy=0.838, val/loss=0.366, train/accuracy=0.834, train/loss=0.372]
Epoch 3:  65%|██████▌   | 184/283 [00:04<00:02, 43.65it/s, loss=0.344, val/accuracy=0.838, val/loss=0.366, train/accuracy=0.834, train/loss=0.372]
Epoch 3:  65%|██████▌   | 184/283 [00:04<00:02, 43.65it/s, loss=0.342, val/accuracy=0.838, val/loss=0.366, train/accuracy=0.834, train/loss=0.372]
Epoch 3:  65%|██████▌   | 185/283 [00:04<00:02, 43.66it/s, loss=0.342, val/accuracy=0.838, val/loss=0.366, train/accuracy=0.834, train/loss=0.372]
Epoch 3:  65%|██████▌   | 185/283 [00:04<00:02, 43.65it/s, loss=0.341, val/accuracy=0.838, val/loss=0.366, train/accuracy=0.834, train/loss=0.372]
Epoch 3:  66%|██████▌   | 186/283 [00:04<00:02, 43.66it/s, loss=0.341, val/accuracy=0.838, val/loss=0.366, train/accuracy=0.834, train/loss=0.372]
Epoch 3:  66%|██████▌   | 186/283 [00:04<00:02, 43.66it/s, loss=0.338, val/accuracy=0.838, val/loss=0.366, train/accuracy=0.834, train/loss=0.372]
Epoch 3:  66%|██████▌   | 187/283 [00:04<00:02, 43.67it/s, loss=0.338, val/accuracy=0.838, val/loss=0.366, train/accuracy=0.834, train/loss=0.372]
Epoch 3:  66%|██████▌   | 187/283 [00:04<00:02, 43.67it/s, loss=0.338, val/accuracy=0.838, val/loss=0.366, train/accuracy=0.834, train/loss=0.372]
Epoch 3:  66%|██████▋   | 188/283 [00:04<00:02, 43.68it/s, loss=0.338, val/accuracy=0.838, val/loss=0.366, train/accuracy=0.834, train/loss=0.372]
Epoch 3:  66%|██████▋   | 188/283 [00:04<00:02, 43.67it/s, loss=0.334, val/accuracy=0.838, val/loss=0.366, train/accuracy=0.834, train/loss=0.372]
Epoch 3:  67%|██████▋   | 189/283 [00:04<00:02, 43.68it/s, loss=0.334, val/accuracy=0.838, val/loss=0.366, train/accuracy=0.834, train/loss=0.372]
Epoch 3:  67%|██████▋   | 189/283 [00:04<00:02, 43.68it/s, loss=0.334, val/accuracy=0.838, val/loss=0.366, train/accuracy=0.834, train/loss=0.372]
Epoch 3:  67%|██████▋   | 190/283 [00:04<00:02, 43.69it/s, loss=0.334, val/accuracy=0.838, val/loss=0.366, train/accuracy=0.834, train/loss=0.372]
Epoch 3:  67%|██████▋   | 190/283 [00:04<00:02, 43.68it/s, loss=0.338, val/accuracy=0.838, val/loss=0.366, train/accuracy=0.834, train/loss=0.372]
Epoch 3:  67%|██████▋   | 191/283 [00:04<00:02, 43.69it/s, loss=0.338, val/accuracy=0.838, val/loss=0.366, train/accuracy=0.834, train/loss=0.372]
Epoch 3:  67%|██████▋   | 191/283 [00:04<00:02, 43.69it/s, loss=0.334, val/accuracy=0.838, val/loss=0.366, train/accuracy=0.834, train/loss=0.372]
Epoch 3:  68%|██████▊   | 192/283 [00:04<00:02, 43.70it/s, loss=0.334, val/accuracy=0.838, val/loss=0.366, train/accuracy=0.834, train/loss=0.372]
Epoch 3:  68%|██████▊   | 192/283 [00:04<00:02, 43.70it/s, loss=0.331, val/accuracy=0.838, val/loss=0.366, train/accuracy=0.834, train/loss=0.372]
Epoch 3:  68%|██████▊   | 193/283 [00:04<00:02, 43.70it/s, loss=0.331, val/accuracy=0.838, val/loss=0.366, train/accuracy=0.834, train/loss=0.372]
Epoch 3:  68%|██████▊   | 193/283 [00:04<00:02, 43.70it/s, loss=0.334, val/accuracy=0.838, val/loss=0.366, train/accuracy=0.834, train/loss=0.372]
Epoch 3:  69%|██████▊   | 194/283 [00:04<00:02, 43.71it/s, loss=0.334, val/accuracy=0.838, val/loss=0.366, train/accuracy=0.834, train/loss=0.372]
Epoch 3:  69%|██████▊   | 194/283 [00:04<00:02, 43.71it/s, loss=0.339, val/accuracy=0.838, val/loss=0.366, train/accuracy=0.834, train/loss=0.372]
Epoch 3:  69%|██████▉   | 195/283 [00:04<00:02, 43.71it/s, loss=0.339, val/accuracy=0.838, val/loss=0.366, train/accuracy=0.834, train/loss=0.372]
Epoch 3:  69%|██████▉   | 195/283 [00:04<00:02, 43.71it/s, loss=0.341, val/accuracy=0.838, val/loss=0.366, train/accuracy=0.834, train/loss=0.372]
Epoch 3:  69%|██████▉   | 196/283 [00:04<00:01, 43.72it/s, loss=0.341, val/accuracy=0.838, val/loss=0.366, train/accuracy=0.834, train/loss=0.372]
Epoch 3:  69%|██████▉   | 196/283 [00:04<00:01, 43.72it/s, loss=0.339, val/accuracy=0.838, val/loss=0.366, train/accuracy=0.834, train/loss=0.372]
Epoch 3:  70%|██████▉   | 197/283 [00:04<00:01, 43.73it/s, loss=0.339, val/accuracy=0.838, val/loss=0.366, train/accuracy=0.834, train/loss=0.372]
Epoch 3:  70%|██████▉   | 197/283 [00:04<00:01, 43.72it/s, loss=0.334, val/accuracy=0.838, val/loss=0.366, train/accuracy=0.834, train/loss=0.372]
Epoch 3:  70%|██████▉   | 198/283 [00:04<00:01, 43.73it/s, loss=0.334, val/accuracy=0.838, val/loss=0.366, train/accuracy=0.834, train/loss=0.372]
Epoch 3:  70%|██████▉   | 198/283 [00:04<00:01, 43.73it/s, loss=0.339, val/accuracy=0.838, val/loss=0.366, train/accuracy=0.834, train/loss=0.372]
Epoch 3:  70%|███████   | 199/283 [00:04<00:01, 43.74it/s, loss=0.339, val/accuracy=0.838, val/loss=0.366, train/accuracy=0.834, train/loss=0.372]
Epoch 3:  70%|███████   | 199/283 [00:04<00:01, 43.73it/s, loss=0.339, val/accuracy=0.838, val/loss=0.366, train/accuracy=0.834, train/loss=0.372]
Epoch 3:  71%|███████   | 200/283 [00:04<00:01, 43.74it/s, loss=0.339, val/accuracy=0.838, val/loss=0.366, train/accuracy=0.834, train/loss=0.372]
Epoch 3:  71%|███████   | 200/283 [00:04<00:01, 43.74it/s, loss=0.344, val/accuracy=0.838, val/loss=0.366, train/accuracy=0.834, train/loss=0.372]
Epoch 3:  71%|███████   | 201/283 [00:04<00:01, 43.75it/s, loss=0.344, val/accuracy=0.838, val/loss=0.366, train/accuracy=0.834, train/loss=0.372]
Epoch 3:  71%|███████   | 201/283 [00:04<00:01, 43.74it/s, loss=0.346, val/accuracy=0.838, val/loss=0.366, train/accuracy=0.834, train/loss=0.372]
Epoch 3:  71%|███████▏  | 202/283 [00:04<00:01, 43.75it/s, loss=0.346, val/accuracy=0.838, val/loss=0.366, train/accuracy=0.834, train/loss=0.372]
Epoch 3:  71%|███████▏  | 202/283 [00:04<00:01, 43.75it/s, loss=0.349, val/accuracy=0.838, val/loss=0.366, train/accuracy=0.834, train/loss=0.372]
Epoch 3:  72%|███████▏  | 203/283 [00:04<00:01, 43.76it/s, loss=0.349, val/accuracy=0.838, val/loss=0.366, train/accuracy=0.834, train/loss=0.372]
Epoch 3:  72%|███████▏  | 203/283 [00:04<00:01, 43.75it/s, loss=0.344, val/accuracy=0.838, val/loss=0.366, train/accuracy=0.834, train/loss=0.372]
Epoch 3:  72%|███████▏  | 204/283 [00:04<00:01, 43.76it/s, loss=0.344, val/accuracy=0.838, val/loss=0.366, train/accuracy=0.834, train/loss=0.372]
Epoch 3:  72%|███████▏  | 204/283 [00:04<00:01, 43.76it/s, loss=0.345, val/accuracy=0.838, val/loss=0.366, train/accuracy=0.834, train/loss=0.372]
Epoch 3:  72%|███████▏  | 205/283 [00:04<00:01, 43.77it/s, loss=0.345, val/accuracy=0.838, val/loss=0.366, train/accuracy=0.834, train/loss=0.372]
Epoch 3:  72%|███████▏  | 205/283 [00:04<00:01, 43.76it/s, loss=0.344, val/accuracy=0.838, val/loss=0.366, train/accuracy=0.834, train/loss=0.372]
Epoch 3:  73%|███████▎  | 206/283 [00:04<00:01, 43.77it/s, loss=0.344, val/accuracy=0.838, val/loss=0.366, train/accuracy=0.834, train/loss=0.372]
Epoch 3:  73%|███████▎  | 206/283 [00:04<00:01, 43.77it/s, loss=0.345, val/accuracy=0.838, val/loss=0.366, train/accuracy=0.834, train/loss=0.372]
Epoch 3:  73%|███████▎  | 207/283 [00:04<00:01, 43.77it/s, loss=0.345, val/accuracy=0.838, val/loss=0.366, train/accuracy=0.834, train/loss=0.372]
Epoch 3:  73%|███████▎  | 207/283 [00:04<00:01, 43.77it/s, loss=0.346, val/accuracy=0.838, val/loss=0.366, train/accuracy=0.834, train/loss=0.372]
Epoch 3:  73%|███████▎  | 208/283 [00:04<00:01, 43.78it/s, loss=0.346, val/accuracy=0.838, val/loss=0.366, train/accuracy=0.834, train/loss=0.372]
Epoch 3:  73%|███████▎  | 208/283 [00:04<00:01, 43.78it/s, loss=0.347, val/accuracy=0.838, val/loss=0.366, train/accuracy=0.834, train/loss=0.372]
Epoch 3:  74%|███████▍  | 209/283 [00:04<00:01, 43.78it/s, loss=0.347, val/accuracy=0.838, val/loss=0.366, train/accuracy=0.834, train/loss=0.372]
Epoch 3:  74%|███████▍  | 209/283 [00:04<00:01, 43.78it/s, loss=0.348, val/accuracy=0.838, val/loss=0.366, train/accuracy=0.834, train/loss=0.372]
Epoch 3:  74%|███████▍  | 210/283 [00:04<00:01, 43.78it/s, loss=0.348, val/accuracy=0.838, val/loss=0.366, train/accuracy=0.834, train/loss=0.372]
Epoch 3:  74%|███████▍  | 210/283 [00:04<00:01, 43.77it/s, loss=0.346, val/accuracy=0.838, val/loss=0.366, train/accuracy=0.834, train/loss=0.372]
Epoch 3:  75%|███████▍  | 211/283 [00:04<00:01, 43.78it/s, loss=0.346, val/accuracy=0.838, val/loss=0.366, train/accuracy=0.834, train/loss=0.372]
Epoch 3:  75%|███████▍  | 211/283 [00:04<00:01, 43.78it/s, loss=0.349, val/accuracy=0.838, val/loss=0.366, train/accuracy=0.834, train/loss=0.372]
Epoch 3:  75%|███████▍  | 212/283 [00:04<00:01, 43.82it/s, loss=0.349, val/accuracy=0.838, val/loss=0.366, train/accuracy=0.834, train/loss=0.372]
Epoch 3:  75%|███████▍  | 212/283 [00:04<00:01, 43.82it/s, loss=0.356, val/accuracy=0.838, val/loss=0.366, train/accuracy=0.834, train/loss=0.372]

Validation: 0it [00:00, ?it/s][A

Validation:   0%|          | 0/71 [00:00<?, ?it/s][A

Validation DataLoader 0:   0%|          | 0/71 [00:00<?, ?it/s][A

Validation DataLoader 0:   1%|▏         | 1/71 [00:00<00:00, 130.16it/s][A
Epoch 3:  75%|███████▌  | 213/283 [00:04<00:01, 43.05it/s, loss=0.356, val/accuracy=0.838, val/loss=0.366, train/accuracy=0.834, train/loss=0.372]

Validation DataLoader 0:   3%|▎         | 2/71 [00:00<00:00, 87.90it/s] [A
Epoch 3:  76%|███████▌  | 214/283 [00:04<00:01, 43.12it/s, loss=0.356, val/accuracy=0.838, val/loss=0.366, train/accuracy=0.834, train/loss=0.372]

Validation DataLoader 0:   4%|▍         | 3/71 [00:00<00:00, 70.94it/s][A
Epoch 3:  76%|███████▌  | 215/283 [00:04<00:01, 43.15it/s, loss=0.356, val/accuracy=0.838, val/loss=0.366, train/accuracy=0.834, train/loss=0.372]

Validation DataLoader 0:   6%|▌         | 4/71 [00:00<00:01, 64.84it/s][A
Epoch 3:  76%|███████▋  | 216/283 [00:05<00:01, 43.19it/s, loss=0.356, val/accuracy=0.838, val/loss=0.366, train/accuracy=0.834, train/loss=0.372]

Validation DataLoader 0:   7%|▋         | 5/71 [00:00<00:01, 61.57it/s][A
Epoch 3:  77%|███████▋  | 217/283 [00:05<00:01, 43.22it/s, loss=0.356, val/accuracy=0.838, val/loss=0.366, train/accuracy=0.834, train/loss=0.372]

Validation DataLoader 0:   8%|▊         | 6/71 [00:00<00:01, 59.73it/s][A
Epoch 3:  77%|███████▋  | 218/283 [00:05<00:01, 43.25it/s, loss=0.356, val/accuracy=0.838, val/loss=0.366, train/accuracy=0.834, train/loss=0.372]

Validation DataLoader 0:  10%|▉         | 7/71 [00:00<00:01, 58.48it/s][A
Epoch 3:  77%|███████▋  | 219/283 [00:05<00:01, 43.28it/s, loss=0.356, val/accuracy=0.838, val/loss=0.366, train/accuracy=0.834, train/loss=0.372]

Validation DataLoader 0:  11%|█▏        | 8/71 [00:00<00:01, 57.53it/s][A
Epoch 3:  78%|███████▊  | 220/283 [00:05<00:01, 43.32it/s, loss=0.356, val/accuracy=0.838, val/loss=0.366, train/accuracy=0.834, train/loss=0.372]

Validation DataLoader 0:  13%|█▎        | 9/71 [00:00<00:01, 56.84it/s][A
Epoch 3:  78%|███████▊  | 221/283 [00:05<00:01, 43.35it/s, loss=0.356, val/accuracy=0.838, val/loss=0.366, train/accuracy=0.834, train/loss=0.372]

Validation DataLoader 0:  14%|█▍        | 10/71 [00:00<00:01, 56.29it/s][A
Epoch 3:  78%|███████▊  | 222/283 [00:05<00:01, 43.38it/s, loss=0.356, val/accuracy=0.838, val/loss=0.366, train/accuracy=0.834, train/loss=0.372]

Validation DataLoader 0:  15%|█▌        | 11/71 [00:00<00:01, 55.93it/s][A
Epoch 3:  79%|███████▉  | 223/283 [00:05<00:01, 43.41it/s, loss=0.356, val/accuracy=0.838, val/loss=0.366, train/accuracy=0.834, train/loss=0.372]

Validation DataLoader 0:  17%|█▋        | 12/71 [00:00<00:01, 55.49it/s][A
Epoch 3:  79%|███████▉  | 224/283 [00:05<00:01, 43.44it/s, loss=0.356, val/accuracy=0.838, val/loss=0.366, train/accuracy=0.834, train/loss=0.372]

Validation DataLoader 0:  18%|█▊        | 13/71 [00:00<00:01, 55.18it/s][A
Epoch 3:  80%|███████▉  | 225/283 [00:05<00:01, 43.47it/s, loss=0.356, val/accuracy=0.838, val/loss=0.366, train/accuracy=0.834, train/loss=0.372]

Validation DataLoader 0:  20%|█▉        | 14/71 [00:00<00:01, 54.91it/s][A
Epoch 3:  80%|███████▉  | 226/283 [00:05<00:01, 43.50it/s, loss=0.356, val/accuracy=0.838, val/loss=0.366, train/accuracy=0.834, train/loss=0.372]

Validation DataLoader 0:  21%|██        | 15/71 [00:00<00:01, 54.76it/s][A
Epoch 3:  80%|████████  | 227/283 [00:05<00:01, 43.54it/s, loss=0.356, val/accuracy=0.838, val/loss=0.366, train/accuracy=0.834, train/loss=0.372]

Validation DataLoader 0:  23%|██▎       | 16/71 [00:00<00:01, 54.51it/s][A
Epoch 3:  81%|████████  | 228/283 [00:05<00:01, 43.57it/s, loss=0.356, val/accuracy=0.838, val/loss=0.366, train/accuracy=0.834, train/loss=0.372]

Validation DataLoader 0:  24%|██▍       | 17/71 [00:00<00:00, 54.41it/s][A
Epoch 3:  81%|████████  | 229/283 [00:05<00:01, 43.60it/s, loss=0.356, val/accuracy=0.838, val/loss=0.366, train/accuracy=0.834, train/loss=0.372]

Validation DataLoader 0:  25%|██▌       | 18/71 [00:00<00:00, 54.21it/s][A
Epoch 3:  81%|████████▏ | 230/283 [00:05<00:01, 43.63it/s, loss=0.356, val/accuracy=0.838, val/loss=0.366, train/accuracy=0.834, train/loss=0.372]

Validation DataLoader 0:  27%|██▋       | 19/71 [00:00<00:00, 54.04it/s][A
Epoch 3:  82%|████████▏ | 231/283 [00:05<00:01, 43.65it/s, loss=0.356, val/accuracy=0.838, val/loss=0.366, train/accuracy=0.834, train/loss=0.372]

Validation DataLoader 0:  28%|██▊       | 20/71 [00:00<00:00, 53.87it/s][A
Epoch 3:  82%|████████▏ | 232/283 [00:05<00:01, 43.68it/s, loss=0.356, val/accuracy=0.838, val/loss=0.366, train/accuracy=0.834, train/loss=0.372]

Validation DataLoader 0:  30%|██▉       | 21/71 [00:00<00:00, 53.77it/s][A
Epoch 3:  82%|████████▏ | 233/283 [00:05<00:01, 43.71it/s, loss=0.356, val/accuracy=0.838, val/loss=0.366, train/accuracy=0.834, train/loss=0.372]

Validation DataLoader 0:  31%|███       | 22/71 [00:00<00:00, 53.59it/s][A
Epoch 3:  83%|████████▎ | 234/283 [00:05<00:01, 43.73it/s, loss=0.356, val/accuracy=0.838, val/loss=0.366, train/accuracy=0.834, train/loss=0.372]

Validation DataLoader 0:  32%|███▏      | 23/71 [00:00<00:00, 53.51it/s][A
Epoch 3:  83%|████████▎ | 235/283 [00:05<00:01, 43.76it/s, loss=0.356, val/accuracy=0.838, val/loss=0.366, train/accuracy=0.834, train/loss=0.372]

Validation DataLoader 0:  34%|███▍      | 24/71 [00:00<00:00, 53.36it/s][A
Epoch 3:  83%|████████▎ | 236/283 [00:05<00:01, 43.79it/s, loss=0.356, val/accuracy=0.838, val/loss=0.366, train/accuracy=0.834, train/loss=0.372]

Validation DataLoader 0:  35%|███▌      | 25/71 [00:00<00:00, 53.24it/s][A
Epoch 3:  84%|████████▎ | 237/283 [00:05<00:01, 43.81it/s, loss=0.356, val/accuracy=0.838, val/loss=0.366, train/accuracy=0.834, train/loss=0.372]

Validation DataLoader 0:  37%|███▋      | 26/71 [00:00<00:00, 53.13it/s][A
Epoch 3:  84%|████████▍ | 238/283 [00:05<00:01, 43.84it/s, loss=0.356, val/accuracy=0.838, val/loss=0.366, train/accuracy=0.834, train/loss=0.372]

Validation DataLoader 0:  38%|███▊      | 27/71 [00:00<00:00, 53.07it/s][A
Epoch 3:  84%|████████▍ | 239/283 [00:05<00:01, 43.86it/s, loss=0.356, val/accuracy=0.838, val/loss=0.366, train/accuracy=0.834, train/loss=0.372]

Validation DataLoader 0:  39%|███▉      | 28/71 [00:00<00:00, 52.95it/s][A
Epoch 3:  85%|████████▍ | 240/283 [00:05<00:00, 43.89it/s, loss=0.356, val/accuracy=0.838, val/loss=0.366, train/accuracy=0.834, train/loss=0.372]

Validation DataLoader 0:  41%|████      | 29/71 [00:00<00:00, 52.86it/s][A
Epoch 3:  85%|████████▌ | 241/283 [00:05<00:00, 43.91it/s, loss=0.356, val/accuracy=0.838, val/loss=0.366, train/accuracy=0.834, train/loss=0.372]

Validation DataLoader 0:  42%|████▏     | 30/71 [00:00<00:00, 52.80it/s][A
Epoch 3:  86%|████████▌ | 242/283 [00:05<00:00, 43.93it/s, loss=0.356, val/accuracy=0.838, val/loss=0.366, train/accuracy=0.834, train/loss=0.372]

Validation DataLoader 0:  44%|████▎     | 31/71 [00:00<00:00, 52.69it/s][A
Epoch 3:  86%|████████▌ | 243/283 [00:05<00:00, 43.96it/s, loss=0.356, val/accuracy=0.838, val/loss=0.366, train/accuracy=0.834, train/loss=0.372]

Validation DataLoader 0:  45%|████▌     | 32/71 [00:00<00:00, 52.63it/s][A
Epoch 3:  86%|████████▌ | 244/283 [00:05<00:00, 43.98it/s, loss=0.356, val/accuracy=0.838, val/loss=0.366, train/accuracy=0.834, train/loss=0.372]

Validation DataLoader 0:  46%|████▋     | 33/71 [00:00<00:00, 52.57it/s][A
Epoch 3:  87%|████████▋ | 245/283 [00:05<00:00, 44.00it/s, loss=0.356, val/accuracy=0.838, val/loss=0.366, train/accuracy=0.834, train/loss=0.372]

Validation DataLoader 0:  48%|████▊     | 34/71 [00:00<00:00, 52.50it/s][A
Epoch 3:  87%|████████▋ | 246/283 [00:05<00:00, 44.03it/s, loss=0.356, val/accuracy=0.838, val/loss=0.366, train/accuracy=0.834, train/loss=0.372]

Validation DataLoader 0:  49%|████▉     | 35/71 [00:00<00:00, 52.43it/s][A
Epoch 3:  87%|████████▋ | 247/283 [00:05<00:00, 44.05it/s, loss=0.356, val/accuracy=0.838, val/loss=0.366, train/accuracy=0.834, train/loss=0.372]

Validation DataLoader 0:  51%|█████     | 36/71 [00:00<00:00, 52.41it/s][A
Epoch 3:  88%|████████▊ | 248/283 [00:05<00:00, 44.07it/s, loss=0.356, val/accuracy=0.838, val/loss=0.366, train/accuracy=0.834, train/loss=0.372]

Validation DataLoader 0:  52%|█████▏    | 37/71 [00:00<00:00, 52.35it/s][A
Epoch 3:  88%|████████▊ | 249/283 [00:05<00:00, 44.10it/s, loss=0.356, val/accuracy=0.838, val/loss=0.366, train/accuracy=0.834, train/loss=0.372]

Validation DataLoader 0:  54%|█████▎    | 38/71 [00:00<00:00, 52.29it/s][A
Epoch 3:  88%|████████▊ | 250/283 [00:05<00:00, 44.12it/s, loss=0.356, val/accuracy=0.838, val/loss=0.366, train/accuracy=0.834, train/loss=0.372]

Validation DataLoader 0:  55%|█████▍    | 39/71 [00:00<00:00, 52.26it/s][A
Epoch 3:  89%|████████▊ | 251/283 [00:05<00:00, 44.14it/s, loss=0.356, val/accuracy=0.838, val/loss=0.366, train/accuracy=0.834, train/loss=0.372]

Validation DataLoader 0:  56%|█████▋    | 40/71 [00:00<00:00, 52.23it/s][A
Epoch 3:  89%|████████▉ | 252/283 [00:05<00:00, 44.17it/s, loss=0.356, val/accuracy=0.838, val/loss=0.366, train/accuracy=0.834, train/loss=0.372]

Validation DataLoader 0:  58%|█████▊    | 41/71 [00:00<00:00, 52.17it/s][A
Epoch 3:  89%|████████▉ | 253/283 [00:05<00:00, 44.19it/s, loss=0.356, val/accuracy=0.838, val/loss=0.366, train/accuracy=0.834, train/loss=0.372]

Validation DataLoader 0:  59%|█████▉    | 42/71 [00:00<00:00, 52.12it/s][A
Epoch 3:  90%|████████▉ | 254/283 [00:05<00:00, 44.21it/s, loss=0.356, val/accuracy=0.838, val/loss=0.366, train/accuracy=0.834, train/loss=0.372]

Validation DataLoader 0:  61%|██████    | 43/71 [00:00<00:00, 52.08it/s][A
Epoch 3:  90%|█████████ | 255/283 [00:05<00:00, 44.23it/s, loss=0.356, val/accuracy=0.838, val/loss=0.366, train/accuracy=0.834, train/loss=0.372]

Validation DataLoader 0:  62%|██████▏   | 44/71 [00:00<00:00, 52.04it/s][A
Epoch 3:  90%|█████████ | 256/283 [00:05<00:00, 44.25it/s, loss=0.356, val/accuracy=0.838, val/loss=0.366, train/accuracy=0.834, train/loss=0.372]

Validation DataLoader 0:  63%|██████▎   | 45/71 [00:00<00:00, 52.02it/s][A
Epoch 3:  91%|█████████ | 257/283 [00:05<00:00, 44.27it/s, loss=0.356, val/accuracy=0.838, val/loss=0.366, train/accuracy=0.834, train/loss=0.372]

Validation DataLoader 0:  65%|██████▍   | 46/71 [00:00<00:00, 51.97it/s][A
Epoch 3:  91%|█████████ | 258/283 [00:05<00:00, 44.29it/s, loss=0.356, val/accuracy=0.838, val/loss=0.366, train/accuracy=0.834, train/loss=0.372]

Validation DataLoader 0:  66%|██████▌   | 47/71 [00:00<00:00, 51.94it/s][A
Epoch 3:  92%|█████████▏| 259/283 [00:05<00:00, 44.31it/s, loss=0.356, val/accuracy=0.838, val/loss=0.366, train/accuracy=0.834, train/loss=0.372]

Validation DataLoader 0:  68%|██████▊   | 48/71 [00:00<00:00, 51.91it/s][A
Epoch 3:  92%|█████████▏| 260/283 [00:05<00:00, 44.33it/s, loss=0.356, val/accuracy=0.838, val/loss=0.366, train/accuracy=0.834, train/loss=0.372]

Validation DataLoader 0:  69%|██████▉   | 49/71 [00:00<00:00, 51.89it/s][A
Epoch 3:  92%|█████████▏| 261/283 [00:05<00:00, 44.36it/s, loss=0.356, val/accuracy=0.838, val/loss=0.366, train/accuracy=0.834, train/loss=0.372]

Validation DataLoader 0:  70%|███████   | 50/71 [00:00<00:00, 51.86it/s][A
Epoch 3:  93%|█████████▎| 262/283 [00:05<00:00, 44.38it/s, loss=0.356, val/accuracy=0.838, val/loss=0.366, train/accuracy=0.834, train/loss=0.372]

Validation DataLoader 0:  72%|███████▏  | 51/71 [00:00<00:00, 51.86it/s][A
Epoch 3:  93%|█████████▎| 263/283 [00:05<00:00, 44.40it/s, loss=0.356, val/accuracy=0.838, val/loss=0.366, train/accuracy=0.834, train/loss=0.372]

Validation DataLoader 0:  73%|███████▎  | 52/71 [00:01<00:00, 51.83it/s][A
Epoch 3:  93%|█████████▎| 264/283 [00:05<00:00, 44.42it/s, loss=0.356, val/accuracy=0.838, val/loss=0.366, train/accuracy=0.834, train/loss=0.372]

Validation DataLoader 0:  75%|███████▍  | 53/71 [00:01<00:00, 51.83it/s][A
Epoch 3:  94%|█████████▎| 265/283 [00:05<00:00, 44.44it/s, loss=0.356, val/accuracy=0.838, val/loss=0.366, train/accuracy=0.834, train/loss=0.372]

Validation DataLoader 0:  76%|███████▌  | 54/71 [00:01<00:00, 51.80it/s][A
Epoch 3:  94%|█████████▍| 266/283 [00:05<00:00, 44.46it/s, loss=0.356, val/accuracy=0.838, val/loss=0.366, train/accuracy=0.834, train/loss=0.372]

Validation DataLoader 0:  77%|███████▋  | 55/71 [00:01<00:00, 51.79it/s][A
Epoch 3:  94%|█████████▍| 267/283 [00:06<00:00, 44.49it/s, loss=0.356, val/accuracy=0.838, val/loss=0.366, train/accuracy=0.834, train/loss=0.372]

Validation DataLoader 0:  79%|███████▉  | 56/71 [00:01<00:00, 51.77it/s][A
Epoch 3:  95%|█████████▍| 268/283 [00:06<00:00, 44.51it/s, loss=0.356, val/accuracy=0.838, val/loss=0.366, train/accuracy=0.834, train/loss=0.372]

Validation DataLoader 0:  80%|████████  | 57/71 [00:01<00:00, 51.77it/s][A
Epoch 3:  95%|█████████▌| 269/283 [00:06<00:00, 44.53it/s, loss=0.356, val/accuracy=0.838, val/loss=0.366, train/accuracy=0.834, train/loss=0.372]

Validation DataLoader 0:  82%|████████▏ | 58/71 [00:01<00:00, 51.75it/s][A
Epoch 3:  95%|█████████▌| 270/283 [00:06<00:00, 44.55it/s, loss=0.356, val/accuracy=0.838, val/loss=0.366, train/accuracy=0.834, train/loss=0.372]

Validation DataLoader 0:  83%|████████▎ | 59/71 [00:01<00:00, 51.74it/s][A
Epoch 3:  96%|█████████▌| 271/283 [00:06<00:00, 44.57it/s, loss=0.356, val/accuracy=0.838, val/loss=0.366, train/accuracy=0.834, train/loss=0.372]

Validation DataLoader 0:  85%|████████▍ | 60/71 [00:01<00:00, 51.72it/s][A
Epoch 3:  96%|█████████▌| 272/283 [00:06<00:00, 44.59it/s, loss=0.356, val/accuracy=0.838, val/loss=0.366, train/accuracy=0.834, train/loss=0.372]

Validation DataLoader 0:  86%|████████▌ | 61/71 [00:01<00:00, 51.72it/s][A
Epoch 3:  96%|█████████▋| 273/283 [00:06<00:00, 44.61it/s, loss=0.356, val/accuracy=0.838, val/loss=0.366, train/accuracy=0.834, train/loss=0.372]

Validation DataLoader 0:  87%|████████▋ | 62/71 [00:01<00:00, 51.70it/s][A
Epoch 3:  97%|█████████▋| 274/283 [00:06<00:00, 44.63it/s, loss=0.356, val/accuracy=0.838, val/loss=0.366, train/accuracy=0.834, train/loss=0.372]

Validation DataLoader 0:  89%|████████▊ | 63/71 [00:01<00:00, 51.67it/s][A
Epoch 3:  97%|█████████▋| 275/283 [00:06<00:00, 44.65it/s, loss=0.356, val/accuracy=0.838, val/loss=0.366, train/accuracy=0.834, train/loss=0.372]

Validation DataLoader 0:  90%|█████████ | 64/71 [00:01<00:00, 51.65it/s][A
Epoch 3:  98%|█████████▊| 276/283 [00:06<00:00, 44.67it/s, loss=0.356, val/accuracy=0.838, val/loss=0.366, train/accuracy=0.834, train/loss=0.372]

Validation DataLoader 0:  92%|█████████▏| 65/71 [00:01<00:00, 51.65it/s][A
Epoch 3:  98%|█████████▊| 277/283 [00:06<00:00, 44.69it/s, loss=0.356, val/accuracy=0.838, val/loss=0.366, train/accuracy=0.834, train/loss=0.372]

Validation DataLoader 0:  93%|█████████▎| 66/71 [00:01<00:00, 51.63it/s][A
Epoch 3:  98%|█████████▊| 278/283 [00:06<00:00, 44.71it/s, loss=0.356, val/accuracy=0.838, val/loss=0.366, train/accuracy=0.834, train/loss=0.372]

Validation DataLoader 0:  94%|█████████▍| 67/71 [00:01<00:00, 51.63it/s][A
Epoch 3:  99%|█████████▊| 279/283 [00:06<00:00, 44.73it/s, loss=0.356, val/accuracy=0.838, val/loss=0.366, train/accuracy=0.834, train/loss=0.372]

Validation DataLoader 0:  96%|█████████▌| 68/71 [00:01<00:00, 51.61it/s][A
Epoch 3:  99%|█████████▉| 280/283 [00:06<00:00, 44.75it/s, loss=0.356, val/accuracy=0.838, val/loss=0.366, train/accuracy=0.834, train/loss=0.372]

Validation DataLoader 0:  97%|█████████▋| 69/71 [00:01<00:00, 51.61it/s][A
Epoch 3:  99%|█████████▉| 281/283 [00:06<00:00, 44.77it/s, loss=0.356, val/accuracy=0.838, val/loss=0.366, train/accuracy=0.834, train/loss=0.372]

Validation DataLoader 0:  99%|█████████▊| 70/71 [00:01<00:00, 51.89it/s][A
Epoch 3: 100%|█████████▉| 282/283 [00:06<00:00, 44.84it/s, loss=0.356, val/accuracy=0.838, val/loss=0.366, train/accuracy=0.834, train/loss=0.372]

Validation DataLoader 0: 100%|██████████| 71/71 [00:01<00:00, 52.45it/s][A
Epoch 3: 100%|██████████| 283/283 [00:06<00:00, 44.97it/s, loss=0.356, val/accuracy=0.838, val/loss=0.366, train/accuracy=0.834, train/loss=0.372]
Epoch 3: 100%|██████████| 283/283 [00:06<00:00, 44.95it/s, loss=0.356, val/accuracy=0.849, val/loss=0.347, train/accuracy=0.834, train/loss=0.372]

                                                                        [A
Epoch 3: 100%|██████████| 283/283 [00:06<00:00, 44.93it/s, loss=0.356, val/accuracy=0.849, val/loss=0.347, train/accuracy=0.841, train/loss=0.355]Epoch 3, global step 848: 'val/accuracy' reached 0.84935 (best 0.84935), saving model to '/home/cxo147/hyena-dna/results/genomic_benchmark_human_nontata_promoters_20251020_210915/checkpoints/val/accuracy.ckpt' as top 1

Epoch 3:   0%|          | 0/283 [00:00<?, ?it/s, loss=0.356, val/accuracy=0.849, val/loss=0.347, train/accuracy=0.841, train/loss=0.355]          
Epoch 4:   0%|          | 0/283 [00:00<?, ?it/s, loss=0.356, val/accuracy=0.849, val/loss=0.347, train/accuracy=0.841, train/loss=0.355]
Epoch 4:   0%|          | 1/283 [00:00<00:32,  8.55it/s, loss=0.356, val/accuracy=0.849, val/loss=0.347, train/accuracy=0.841, train/loss=0.355]
Epoch 4:   0%|          | 1/283 [00:00<00:33,  8.51it/s, loss=0.361, val/accuracy=0.849, val/loss=0.347, train/accuracy=0.841, train/loss=0.355]
Epoch 4:   1%|          | 2/283 [00:00<00:19, 14.27it/s, loss=0.361, val/accuracy=0.849, val/loss=0.347, train/accuracy=0.841, train/loss=0.355]
Epoch 4:   1%|          | 2/283 [00:00<00:19, 14.24it/s, loss=0.36, val/accuracy=0.849, val/loss=0.347, train/accuracy=0.841, train/loss=0.355] 
Epoch 4:   1%|          | 3/283 [00:00<00:15, 18.43it/s, loss=0.36, val/accuracy=0.849, val/loss=0.347, train/accuracy=0.841, train/loss=0.355]
Epoch 4:   1%|          | 3/283 [00:00<00:15, 18.40it/s, loss=0.361, val/accuracy=0.849, val/loss=0.347, train/accuracy=0.841, train/loss=0.355]
Epoch 4:   1%|▏         | 4/283 [00:00<00:12, 21.58it/s, loss=0.361, val/accuracy=0.849, val/loss=0.347, train/accuracy=0.841, train/loss=0.355]
Epoch 4:   1%|▏         | 4/283 [00:00<00:12, 21.55it/s, loss=0.364, val/accuracy=0.849, val/loss=0.347, train/accuracy=0.841, train/loss=0.355]
Epoch 4:   2%|▏         | 5/283 [00:00<00:11, 24.05it/s, loss=0.364, val/accuracy=0.849, val/loss=0.347, train/accuracy=0.841, train/loss=0.355]
Epoch 4:   2%|▏         | 5/283 [00:00<00:11, 24.02it/s, loss=0.363, val/accuracy=0.849, val/loss=0.347, train/accuracy=0.841, train/loss=0.355]
Epoch 4:   2%|▏         | 6/283 [00:00<00:10, 26.04it/s, loss=0.363, val/accuracy=0.849, val/loss=0.347, train/accuracy=0.841, train/loss=0.355]
Epoch 4:   2%|▏         | 6/283 [00:00<00:10, 26.01it/s, loss=0.367, val/accuracy=0.849, val/loss=0.347, train/accuracy=0.841, train/loss=0.355]
Epoch 4:   2%|▏         | 7/283 [00:00<00:09, 27.68it/s, loss=0.367, val/accuracy=0.849, val/loss=0.347, train/accuracy=0.841, train/loss=0.355]
Epoch 4:   2%|▏         | 7/283 [00:00<00:09, 27.66it/s, loss=0.368, val/accuracy=0.849, val/loss=0.347, train/accuracy=0.841, train/loss=0.355]
Epoch 4:   3%|▎         | 8/283 [00:00<00:09, 29.05it/s, loss=0.368, val/accuracy=0.849, val/loss=0.347, train/accuracy=0.841, train/loss=0.355]
Epoch 4:   3%|▎         | 8/283 [00:00<00:09, 29.03it/s, loss=0.362, val/accuracy=0.849, val/loss=0.347, train/accuracy=0.841, train/loss=0.355]
Epoch 4:   3%|▎         | 9/283 [00:00<00:09, 30.22it/s, loss=0.362, val/accuracy=0.849, val/loss=0.347, train/accuracy=0.841, train/loss=0.355]
Epoch 4:   3%|▎         | 9/283 [00:00<00:09, 30.19it/s, loss=0.358, val/accuracy=0.849, val/loss=0.347, train/accuracy=0.841, train/loss=0.355]
Epoch 4:   4%|▎         | 10/283 [00:00<00:08, 31.22it/s, loss=0.358, val/accuracy=0.849, val/loss=0.347, train/accuracy=0.841, train/loss=0.355]
Epoch 4:   4%|▎         | 10/283 [00:00<00:08, 31.20it/s, loss=0.355, val/accuracy=0.849, val/loss=0.347, train/accuracy=0.841, train/loss=0.355]
Epoch 4:   4%|▍         | 11/283 [00:00<00:08, 32.09it/s, loss=0.355, val/accuracy=0.849, val/loss=0.347, train/accuracy=0.841, train/loss=0.355]
Epoch 4:   4%|▍         | 11/283 [00:00<00:08, 32.07it/s, loss=0.353, val/accuracy=0.849, val/loss=0.347, train/accuracy=0.841, train/loss=0.355]
Epoch 4:   4%|▍         | 12/283 [00:00<00:08, 32.85it/s, loss=0.353, val/accuracy=0.849, val/loss=0.347, train/accuracy=0.841, train/loss=0.355]
Epoch 4:   4%|▍         | 12/283 [00:00<00:08, 32.83it/s, loss=0.35, val/accuracy=0.849, val/loss=0.347, train/accuracy=0.841, train/loss=0.355] 
Epoch 4:   5%|▍         | 13/283 [00:00<00:08, 33.52it/s, loss=0.35, val/accuracy=0.849, val/loss=0.347, train/accuracy=0.841, train/loss=0.355]
Epoch 4:   5%|▍         | 13/283 [00:00<00:08, 33.50it/s, loss=0.352, val/accuracy=0.849, val/loss=0.347, train/accuracy=0.841, train/loss=0.355]
Epoch 4:   5%|▍         | 14/283 [00:00<00:07, 34.12it/s, loss=0.352, val/accuracy=0.849, val/loss=0.347, train/accuracy=0.841, train/loss=0.355]
Epoch 4:   5%|▍         | 14/283 [00:00<00:07, 34.10it/s, loss=0.349, val/accuracy=0.849, val/loss=0.347, train/accuracy=0.841, train/loss=0.355]
Epoch 4:   5%|▌         | 15/283 [00:00<00:07, 34.65it/s, loss=0.349, val/accuracy=0.849, val/loss=0.347, train/accuracy=0.841, train/loss=0.355]
Epoch 4:   5%|▌         | 15/283 [00:00<00:07, 34.63it/s, loss=0.351, val/accuracy=0.849, val/loss=0.347, train/accuracy=0.841, train/loss=0.355]
Epoch 4:   6%|▌         | 16/283 [00:00<00:07, 35.14it/s, loss=0.351, val/accuracy=0.849, val/loss=0.347, train/accuracy=0.841, train/loss=0.355]
Epoch 4:   6%|▌         | 16/283 [00:00<00:07, 35.12it/s, loss=0.35, val/accuracy=0.849, val/loss=0.347, train/accuracy=0.841, train/loss=0.355] 
Epoch 4:   6%|▌         | 17/283 [00:00<00:07, 35.58it/s, loss=0.35, val/accuracy=0.849, val/loss=0.347, train/accuracy=0.841, train/loss=0.355]
Epoch 4:   6%|▌         | 17/283 [00:00<00:07, 35.56it/s, loss=0.347, val/accuracy=0.849, val/loss=0.347, train/accuracy=0.841, train/loss=0.355]
Epoch 4:   6%|▋         | 18/283 [00:00<00:07, 35.98it/s, loss=0.347, val/accuracy=0.849, val/loss=0.347, train/accuracy=0.841, train/loss=0.355]
Epoch 4:   6%|▋         | 18/283 [00:00<00:07, 35.97it/s, loss=0.345, val/accuracy=0.849, val/loss=0.347, train/accuracy=0.841, train/loss=0.355]
Epoch 4:   7%|▋         | 19/283 [00:00<00:07, 36.33it/s, loss=0.345, val/accuracy=0.849, val/loss=0.347, train/accuracy=0.841, train/loss=0.355]
Epoch 4:   7%|▋         | 19/283 [00:00<00:07, 36.32it/s, loss=0.341, val/accuracy=0.849, val/loss=0.347, train/accuracy=0.841, train/loss=0.355]
Epoch 4:   7%|▋         | 20/283 [00:00<00:07, 36.67it/s, loss=0.341, val/accuracy=0.849, val/loss=0.347, train/accuracy=0.841, train/loss=0.355]
Epoch 4:   7%|▋         | 20/283 [00:00<00:07, 36.65it/s, loss=0.333, val/accuracy=0.849, val/loss=0.347, train/accuracy=0.841, train/loss=0.355]
Epoch 4:   7%|▋         | 21/283 [00:00<00:07, 36.97it/s, loss=0.333, val/accuracy=0.849, val/loss=0.347, train/accuracy=0.841, train/loss=0.355]
Epoch 4:   7%|▋         | 21/283 [00:00<00:07, 36.96it/s, loss=0.326, val/accuracy=0.849, val/loss=0.347, train/accuracy=0.841, train/loss=0.355]
Epoch 4:   8%|▊         | 22/283 [00:00<00:07, 37.26it/s, loss=0.326, val/accuracy=0.849, val/loss=0.347, train/accuracy=0.841, train/loss=0.355]
Epoch 4:   8%|▊         | 22/283 [00:00<00:07, 37.25it/s, loss=0.329, val/accuracy=0.849, val/loss=0.347, train/accuracy=0.841, train/loss=0.355]
Epoch 4:   8%|▊         | 23/283 [00:00<00:06, 37.52it/s, loss=0.329, val/accuracy=0.849, val/loss=0.347, train/accuracy=0.841, train/loss=0.355]
Epoch 4:   8%|▊         | 23/283 [00:00<00:06, 37.51it/s, loss=0.325, val/accuracy=0.849, val/loss=0.347, train/accuracy=0.841, train/loss=0.355]
Epoch 4:   8%|▊         | 24/283 [00:00<00:06, 37.77it/s, loss=0.325, val/accuracy=0.849, val/loss=0.347, train/accuracy=0.841, train/loss=0.355]
Epoch 4:   8%|▊         | 24/283 [00:00<00:06, 37.76it/s, loss=0.321, val/accuracy=0.849, val/loss=0.347, train/accuracy=0.841, train/loss=0.355]
Epoch 4:   9%|▉         | 25/283 [00:00<00:06, 38.00it/s, loss=0.321, val/accuracy=0.849, val/loss=0.347, train/accuracy=0.841, train/loss=0.355]
Epoch 4:   9%|▉         | 25/283 [00:00<00:06, 37.99it/s, loss=0.324, val/accuracy=0.849, val/loss=0.347, train/accuracy=0.841, train/loss=0.355]
Epoch 4:   9%|▉         | 26/283 [00:00<00:06, 38.22it/s, loss=0.324, val/accuracy=0.849, val/loss=0.347, train/accuracy=0.841, train/loss=0.355]
Epoch 4:   9%|▉         | 26/283 [00:00<00:06, 38.20it/s, loss=0.319, val/accuracy=0.849, val/loss=0.347, train/accuracy=0.841, train/loss=0.355]
Epoch 4:  10%|▉         | 27/283 [00:00<00:06, 38.42it/s, loss=0.319, val/accuracy=0.849, val/loss=0.347, train/accuracy=0.841, train/loss=0.355]
Epoch 4:  10%|▉         | 27/283 [00:00<00:06, 38.40it/s, loss=0.318, val/accuracy=0.849, val/loss=0.347, train/accuracy=0.841, train/loss=0.355]
Epoch 4:  10%|▉         | 28/283 [00:00<00:06, 38.61it/s, loss=0.318, val/accuracy=0.849, val/loss=0.347, train/accuracy=0.841, train/loss=0.355]
Epoch 4:  10%|▉         | 28/283 [00:00<00:06, 38.59it/s, loss=0.324, val/accuracy=0.849, val/loss=0.347, train/accuracy=0.841, train/loss=0.355]
Epoch 4:  10%|█         | 29/283 [00:00<00:06, 38.78it/s, loss=0.324, val/accuracy=0.849, val/loss=0.347, train/accuracy=0.841, train/loss=0.355]
Epoch 4:  10%|█         | 29/283 [00:00<00:06, 38.77it/s, loss=0.327, val/accuracy=0.849, val/loss=0.347, train/accuracy=0.841, train/loss=0.355]
Epoch 4:  11%|█         | 30/283 [00:00<00:06, 38.96it/s, loss=0.327, val/accuracy=0.849, val/loss=0.347, train/accuracy=0.841, train/loss=0.355]
Epoch 4:  11%|█         | 30/283 [00:00<00:06, 38.94it/s, loss=0.329, val/accuracy=0.849, val/loss=0.347, train/accuracy=0.841, train/loss=0.355]
Epoch 4:  11%|█         | 31/283 [00:00<00:06, 39.12it/s, loss=0.329, val/accuracy=0.849, val/loss=0.347, train/accuracy=0.841, train/loss=0.355]
Epoch 4:  11%|█         | 31/283 [00:00<00:06, 39.10it/s, loss=0.332, val/accuracy=0.849, val/loss=0.347, train/accuracy=0.841, train/loss=0.355]
Epoch 4:  11%|█▏        | 32/283 [00:00<00:06, 39.27it/s, loss=0.332, val/accuracy=0.849, val/loss=0.347, train/accuracy=0.841, train/loss=0.355]
Epoch 4:  11%|█▏        | 32/283 [00:00<00:06, 39.25it/s, loss=0.334, val/accuracy=0.849, val/loss=0.347, train/accuracy=0.841, train/loss=0.355]
Epoch 4:  12%|█▏        | 33/283 [00:00<00:06, 39.41it/s, loss=0.334, val/accuracy=0.849, val/loss=0.347, train/accuracy=0.841, train/loss=0.355]
Epoch 4:  12%|█▏        | 33/283 [00:00<00:06, 39.39it/s, loss=0.338, val/accuracy=0.849, val/loss=0.347, train/accuracy=0.841, train/loss=0.355]
Epoch 4:  12%|█▏        | 34/283 [00:00<00:06, 39.54it/s, loss=0.338, val/accuracy=0.849, val/loss=0.347, train/accuracy=0.841, train/loss=0.355]
Epoch 4:  12%|█▏        | 34/283 [00:00<00:06, 39.53it/s, loss=0.34, val/accuracy=0.849, val/loss=0.347, train/accuracy=0.841, train/loss=0.355] 
Epoch 4:  12%|█▏        | 35/283 [00:00<00:06, 39.67it/s, loss=0.34, val/accuracy=0.849, val/loss=0.347, train/accuracy=0.841, train/loss=0.355]
Epoch 4:  12%|█▏        | 35/283 [00:00<00:06, 39.66it/s, loss=0.337, val/accuracy=0.849, val/loss=0.347, train/accuracy=0.841, train/loss=0.355]
Epoch 4:  13%|█▎        | 36/283 [00:00<00:06, 39.79it/s, loss=0.337, val/accuracy=0.849, val/loss=0.347, train/accuracy=0.841, train/loss=0.355]
Epoch 4:  13%|█▎        | 36/283 [00:00<00:06, 39.78it/s, loss=0.343, val/accuracy=0.849, val/loss=0.347, train/accuracy=0.841, train/loss=0.355]
Epoch 4:  13%|█▎        | 37/283 [00:00<00:06, 39.90it/s, loss=0.343, val/accuracy=0.849, val/loss=0.347, train/accuracy=0.841, train/loss=0.355]
Epoch 4:  13%|█▎        | 37/283 [00:00<00:06, 39.89it/s, loss=0.346, val/accuracy=0.849, val/loss=0.347, train/accuracy=0.841, train/loss=0.355]
Epoch 4:  13%|█▎        | 38/283 [00:00<00:06, 40.01it/s, loss=0.346, val/accuracy=0.849, val/loss=0.347, train/accuracy=0.841, train/loss=0.355]
Epoch 4:  13%|█▎        | 38/283 [00:00<00:06, 40.00it/s, loss=0.35, val/accuracy=0.849, val/loss=0.347, train/accuracy=0.841, train/loss=0.355] 
Epoch 4:  14%|█▍        | 39/283 [00:00<00:06, 40.12it/s, loss=0.35, val/accuracy=0.849, val/loss=0.347, train/accuracy=0.841, train/loss=0.355]
Epoch 4:  14%|█▍        | 39/283 [00:00<00:06, 40.11it/s, loss=0.354, val/accuracy=0.849, val/loss=0.347, train/accuracy=0.841, train/loss=0.355]
Epoch 4:  14%|█▍        | 40/283 [00:00<00:06, 40.22it/s, loss=0.354, val/accuracy=0.849, val/loss=0.347, train/accuracy=0.841, train/loss=0.355]
Epoch 4:  14%|█▍        | 40/283 [00:00<00:06, 40.21it/s, loss=0.357, val/accuracy=0.849, val/loss=0.347, train/accuracy=0.841, train/loss=0.355]
Epoch 4:  14%|█▍        | 41/283 [00:01<00:06, 40.31it/s, loss=0.357, val/accuracy=0.849, val/loss=0.347, train/accuracy=0.841, train/loss=0.355]
Epoch 4:  14%|█▍        | 41/283 [00:01<00:06, 40.30it/s, loss=0.366, val/accuracy=0.849, val/loss=0.347, train/accuracy=0.841, train/loss=0.355]
Epoch 4:  15%|█▍        | 42/283 [00:01<00:05, 40.41it/s, loss=0.366, val/accuracy=0.849, val/loss=0.347, train/accuracy=0.841, train/loss=0.355]
Epoch 4:  15%|█▍        | 42/283 [00:01<00:05, 40.40it/s, loss=0.365, val/accuracy=0.849, val/loss=0.347, train/accuracy=0.841, train/loss=0.355]
Epoch 4:  15%|█▌        | 43/283 [00:01<00:05, 40.49it/s, loss=0.365, val/accuracy=0.849, val/loss=0.347, train/accuracy=0.841, train/loss=0.355]
Epoch 4:  15%|█▌        | 43/283 [00:01<00:05, 40.49it/s, loss=0.364, val/accuracy=0.849, val/loss=0.347, train/accuracy=0.841, train/loss=0.355]
Epoch 4:  16%|█▌        | 44/283 [00:01<00:05, 40.58it/s, loss=0.364, val/accuracy=0.849, val/loss=0.347, train/accuracy=0.841, train/loss=0.355]
Epoch 4:  16%|█▌        | 44/283 [00:01<00:05, 40.57it/s, loss=0.367, val/accuracy=0.849, val/loss=0.347, train/accuracy=0.841, train/loss=0.355]
Epoch 4:  16%|█▌        | 45/283 [00:01<00:05, 40.66it/s, loss=0.367, val/accuracy=0.849, val/loss=0.347, train/accuracy=0.841, train/loss=0.355]
Epoch 4:  16%|█▌        | 45/283 [00:01<00:05, 40.65it/s, loss=0.364, val/accuracy=0.849, val/loss=0.347, train/accuracy=0.841, train/loss=0.355]
Epoch 4:  16%|█▋        | 46/283 [00:01<00:05, 40.74it/s, loss=0.364, val/accuracy=0.849, val/loss=0.347, train/accuracy=0.841, train/loss=0.355]
Epoch 4:  16%|█▋        | 46/283 [00:01<00:05, 40.73it/s, loss=0.366, val/accuracy=0.849, val/loss=0.347, train/accuracy=0.841, train/loss=0.355]
Epoch 4:  17%|█▋        | 47/283 [00:01<00:05, 40.81it/s, loss=0.366, val/accuracy=0.849, val/loss=0.347, train/accuracy=0.841, train/loss=0.355]
Epoch 4:  17%|█▋        | 47/283 [00:01<00:05, 40.80it/s, loss=0.363, val/accuracy=0.849, val/loss=0.347, train/accuracy=0.841, train/loss=0.355]
Epoch 4:  17%|█▋        | 48/283 [00:01<00:05, 40.88it/s, loss=0.363, val/accuracy=0.849, val/loss=0.347, train/accuracy=0.841, train/loss=0.355]
Epoch 4:  17%|█▋        | 48/283 [00:01<00:05, 40.87it/s, loss=0.352, val/accuracy=0.849, val/loss=0.347, train/accuracy=0.841, train/loss=0.355]
Epoch 4:  17%|█▋        | 49/283 [00:01<00:05, 40.95it/s, loss=0.352, val/accuracy=0.849, val/loss=0.347, train/accuracy=0.841, train/loss=0.355]
Epoch 4:  17%|█▋        | 49/283 [00:01<00:05, 40.94it/s, loss=0.347, val/accuracy=0.849, val/loss=0.347, train/accuracy=0.841, train/loss=0.355]
Epoch 4:  18%|█▊        | 50/283 [00:01<00:05, 41.01it/s, loss=0.347, val/accuracy=0.849, val/loss=0.347, train/accuracy=0.841, train/loss=0.355]
Epoch 4:  18%|█▊        | 50/283 [00:01<00:05, 41.01it/s, loss=0.34, val/accuracy=0.849, val/loss=0.347, train/accuracy=0.841, train/loss=0.355] 
Epoch 4:  18%|█▊        | 51/283 [00:01<00:05, 41.08it/s, loss=0.34, val/accuracy=0.849, val/loss=0.347, train/accuracy=0.841, train/loss=0.355]
Epoch 4:  18%|█▊        | 51/283 [00:01<00:05, 41.07it/s, loss=0.343, val/accuracy=0.849, val/loss=0.347, train/accuracy=0.841, train/loss=0.355]
Epoch 4:  18%|█▊        | 52/283 [00:01<00:05, 41.14it/s, loss=0.343, val/accuracy=0.849, val/loss=0.347, train/accuracy=0.841, train/loss=0.355]
Epoch 4:  18%|█▊        | 52/283 [00:01<00:05, 41.13it/s, loss=0.342, val/accuracy=0.849, val/loss=0.347, train/accuracy=0.841, train/loss=0.355]
Epoch 4:  19%|█▊        | 53/283 [00:01<00:05, 41.20it/s, loss=0.342, val/accuracy=0.849, val/loss=0.347, train/accuracy=0.841, train/loss=0.355]
Epoch 4:  19%|█▊        | 53/283 [00:01<00:05, 41.19it/s, loss=0.338, val/accuracy=0.849, val/loss=0.347, train/accuracy=0.841, train/loss=0.355]
Epoch 4:  19%|█▉        | 54/283 [00:01<00:05, 41.26it/s, loss=0.338, val/accuracy=0.849, val/loss=0.347, train/accuracy=0.841, train/loss=0.355]
Epoch 4:  19%|█▉        | 54/283 [00:01<00:05, 41.25it/s, loss=0.345, val/accuracy=0.849, val/loss=0.347, train/accuracy=0.841, train/loss=0.355]
Epoch 4:  19%|█▉        | 55/283 [00:01<00:05, 41.31it/s, loss=0.345, val/accuracy=0.849, val/loss=0.347, train/accuracy=0.841, train/loss=0.355]
Epoch 4:  19%|█▉        | 55/283 [00:01<00:05, 41.30it/s, loss=0.343, val/accuracy=0.849, val/loss=0.347, train/accuracy=0.841, train/loss=0.355]
Epoch 4:  20%|█▉        | 56/283 [00:01<00:05, 41.37it/s, loss=0.343, val/accuracy=0.849, val/loss=0.347, train/accuracy=0.841, train/loss=0.355]
Epoch 4:  20%|█▉        | 56/283 [00:01<00:05, 41.36it/s, loss=0.337, val/accuracy=0.849, val/loss=0.347, train/accuracy=0.841, train/loss=0.355]
Epoch 4:  20%|██        | 57/283 [00:01<00:05, 41.42it/s, loss=0.337, val/accuracy=0.849, val/loss=0.347, train/accuracy=0.841, train/loss=0.355]
Epoch 4:  20%|██        | 57/283 [00:01<00:05, 41.41it/s, loss=0.335, val/accuracy=0.849, val/loss=0.347, train/accuracy=0.841, train/loss=0.355]
Epoch 4:  20%|██        | 58/283 [00:01<00:05, 41.47it/s, loss=0.335, val/accuracy=0.849, val/loss=0.347, train/accuracy=0.841, train/loss=0.355]
Epoch 4:  20%|██        | 58/283 [00:01<00:05, 41.46it/s, loss=0.328, val/accuracy=0.849, val/loss=0.347, train/accuracy=0.841, train/loss=0.355]
Epoch 4:  21%|██        | 59/283 [00:01<00:05, 41.51it/s, loss=0.328, val/accuracy=0.849, val/loss=0.347, train/accuracy=0.841, train/loss=0.355]
Epoch 4:  21%|██        | 59/283 [00:01<00:05, 41.51it/s, loss=0.322, val/accuracy=0.849, val/loss=0.347, train/accuracy=0.841, train/loss=0.355]
Epoch 4:  21%|██        | 60/283 [00:01<00:05, 41.56it/s, loss=0.322, val/accuracy=0.849, val/loss=0.347, train/accuracy=0.841, train/loss=0.355]
Epoch 4:  21%|██        | 60/283 [00:01<00:05, 41.55it/s, loss=0.319, val/accuracy=0.849, val/loss=0.347, train/accuracy=0.841, train/loss=0.355]
Epoch 4:  22%|██▏       | 61/283 [00:01<00:05, 41.61it/s, loss=0.319, val/accuracy=0.849, val/loss=0.347, train/accuracy=0.841, train/loss=0.355]
Epoch 4:  22%|██▏       | 61/283 [00:01<00:05, 41.60it/s, loss=0.314, val/accuracy=0.849, val/loss=0.347, train/accuracy=0.841, train/loss=0.355]
Epoch 4:  22%|██▏       | 62/283 [00:01<00:05, 41.65it/s, loss=0.314, val/accuracy=0.849, val/loss=0.347, train/accuracy=0.841, train/loss=0.355]
Epoch 4:  22%|██▏       | 62/283 [00:01<00:05, 41.64it/s, loss=0.312, val/accuracy=0.849, val/loss=0.347, train/accuracy=0.841, train/loss=0.355]
Epoch 4:  22%|██▏       | 63/283 [00:01<00:05, 41.69it/s, loss=0.312, val/accuracy=0.849, val/loss=0.347, train/accuracy=0.841, train/loss=0.355]
Epoch 4:  22%|██▏       | 63/283 [00:01<00:05, 41.69it/s, loss=0.312, val/accuracy=0.849, val/loss=0.347, train/accuracy=0.841, train/loss=0.355]
Epoch 4:  23%|██▎       | 64/283 [00:01<00:05, 41.74it/s, loss=0.312, val/accuracy=0.849, val/loss=0.347, train/accuracy=0.841, train/loss=0.355]
Epoch 4:  23%|██▎       | 64/283 [00:01<00:05, 41.73it/s, loss=0.309, val/accuracy=0.849, val/loss=0.347, train/accuracy=0.841, train/loss=0.355]
Epoch 4:  23%|██▎       | 65/283 [00:01<00:05, 41.77it/s, loss=0.309, val/accuracy=0.849, val/loss=0.347, train/accuracy=0.841, train/loss=0.355]
Epoch 4:  23%|██▎       | 65/283 [00:01<00:05, 41.77it/s, loss=0.306, val/accuracy=0.849, val/loss=0.347, train/accuracy=0.841, train/loss=0.355]
Epoch 4:  23%|██▎       | 66/283 [00:01<00:05, 41.81it/s, loss=0.306, val/accuracy=0.849, val/loss=0.347, train/accuracy=0.841, train/loss=0.355]
Epoch 4:  23%|██▎       | 66/283 [00:01<00:05, 41.81it/s, loss=0.305, val/accuracy=0.849, val/loss=0.347, train/accuracy=0.841, train/loss=0.355]
Epoch 4:  24%|██▎       | 67/283 [00:01<00:05, 41.85it/s, loss=0.305, val/accuracy=0.849, val/loss=0.347, train/accuracy=0.841, train/loss=0.355]
Epoch 4:  24%|██▎       | 67/283 [00:01<00:05, 41.84it/s, loss=0.307, val/accuracy=0.849, val/loss=0.347, train/accuracy=0.841, train/loss=0.355]
Epoch 4:  24%|██▍       | 68/283 [00:01<00:05, 41.89it/s, loss=0.307, val/accuracy=0.849, val/loss=0.347, train/accuracy=0.841, train/loss=0.355]
Epoch 4:  24%|██▍       | 68/283 [00:01<00:05, 41.88it/s, loss=0.312, val/accuracy=0.849, val/loss=0.347, train/accuracy=0.841, train/loss=0.355]
Epoch 4:  24%|██▍       | 69/283 [00:01<00:05, 41.92it/s, loss=0.312, val/accuracy=0.849, val/loss=0.347, train/accuracy=0.841, train/loss=0.355]
Epoch 4:  24%|██▍       | 69/283 [00:01<00:05, 41.92it/s, loss=0.319, val/accuracy=0.849, val/loss=0.347, train/accuracy=0.841, train/loss=0.355]
Epoch 4:  25%|██▍       | 70/283 [00:01<00:05, 41.96it/s, loss=0.319, val/accuracy=0.849, val/loss=0.347, train/accuracy=0.841, train/loss=0.355]
Epoch 4:  25%|██▍       | 70/283 [00:01<00:05, 41.95it/s, loss=0.325, val/accuracy=0.849, val/loss=0.347, train/accuracy=0.841, train/loss=0.355]
Epoch 4:  25%|██▌       | 71/283 [00:01<00:05, 41.99it/s, loss=0.325, val/accuracy=0.849, val/loss=0.347, train/accuracy=0.841, train/loss=0.355]
Epoch 4:  25%|██▌       | 71/283 [00:01<00:05, 41.99it/s, loss=0.325, val/accuracy=0.849, val/loss=0.347, train/accuracy=0.841, train/loss=0.355]
Epoch 4:  25%|██▌       | 72/283 [00:01<00:05, 42.03it/s, loss=0.325, val/accuracy=0.849, val/loss=0.347, train/accuracy=0.841, train/loss=0.355]
Epoch 4:  25%|██▌       | 72/283 [00:01<00:05, 42.02it/s, loss=0.329, val/accuracy=0.849, val/loss=0.347, train/accuracy=0.841, train/loss=0.355]
Epoch 4:  26%|██▌       | 73/283 [00:01<00:04, 42.06it/s, loss=0.329, val/accuracy=0.849, val/loss=0.347, train/accuracy=0.841, train/loss=0.355]
Epoch 4:  26%|██▌       | 73/283 [00:01<00:04, 42.05it/s, loss=0.329, val/accuracy=0.849, val/loss=0.347, train/accuracy=0.841, train/loss=0.355]
Epoch 4:  26%|██▌       | 74/283 [00:01<00:04, 42.09it/s, loss=0.329, val/accuracy=0.849, val/loss=0.347, train/accuracy=0.841, train/loss=0.355]
Epoch 4:  26%|██▌       | 74/283 [00:01<00:04, 42.08it/s, loss=0.324, val/accuracy=0.849, val/loss=0.347, train/accuracy=0.841, train/loss=0.355]
Epoch 4:  27%|██▋       | 75/283 [00:01<00:04, 42.12it/s, loss=0.324, val/accuracy=0.849, val/loss=0.347, train/accuracy=0.841, train/loss=0.355]
Epoch 4:  27%|██▋       | 75/283 [00:01<00:04, 42.11it/s, loss=0.326, val/accuracy=0.849, val/loss=0.347, train/accuracy=0.841, train/loss=0.355]
Epoch 4:  27%|██▋       | 76/283 [00:01<00:04, 42.15it/s, loss=0.326, val/accuracy=0.849, val/loss=0.347, train/accuracy=0.841, train/loss=0.355]
Epoch 4:  27%|██▋       | 76/283 [00:01<00:04, 42.14it/s, loss=0.336, val/accuracy=0.849, val/loss=0.347, train/accuracy=0.841, train/loss=0.355]
Epoch 4:  27%|██▋       | 77/283 [00:01<00:04, 42.18it/s, loss=0.336, val/accuracy=0.849, val/loss=0.347, train/accuracy=0.841, train/loss=0.355]
Epoch 4:  27%|██▋       | 77/283 [00:01<00:04, 42.17it/s, loss=0.337, val/accuracy=0.849, val/loss=0.347, train/accuracy=0.841, train/loss=0.355]
Epoch 4:  28%|██▊       | 78/283 [00:01<00:04, 42.20it/s, loss=0.337, val/accuracy=0.849, val/loss=0.347, train/accuracy=0.841, train/loss=0.355]
Epoch 4:  28%|██▊       | 78/283 [00:01<00:04, 42.19it/s, loss=0.337, val/accuracy=0.849, val/loss=0.347, train/accuracy=0.841, train/loss=0.355]
Epoch 4:  28%|██▊       | 79/283 [00:01<00:04, 42.23it/s, loss=0.337, val/accuracy=0.849, val/loss=0.347, train/accuracy=0.841, train/loss=0.355]
Epoch 4:  28%|██▊       | 79/283 [00:01<00:04, 42.22it/s, loss=0.338, val/accuracy=0.849, val/loss=0.347, train/accuracy=0.841, train/loss=0.355]
Epoch 4:  28%|██▊       | 80/283 [00:01<00:04, 42.25it/s, loss=0.338, val/accuracy=0.849, val/loss=0.347, train/accuracy=0.841, train/loss=0.355]
Epoch 4:  28%|██▊       | 80/283 [00:01<00:04, 42.25it/s, loss=0.339, val/accuracy=0.849, val/loss=0.347, train/accuracy=0.841, train/loss=0.355]
Epoch 4:  29%|██▊       | 81/283 [00:01<00:04, 42.28it/s, loss=0.339, val/accuracy=0.849, val/loss=0.347, train/accuracy=0.841, train/loss=0.355]
Epoch 4:  29%|██▊       | 81/283 [00:01<00:04, 42.28it/s, loss=0.344, val/accuracy=0.849, val/loss=0.347, train/accuracy=0.841, train/loss=0.355]
Epoch 4:  29%|██▉       | 82/283 [00:01<00:04, 42.31it/s, loss=0.344, val/accuracy=0.849, val/loss=0.347, train/accuracy=0.841, train/loss=0.355]
Epoch 4:  29%|██▉       | 82/283 [00:01<00:04, 42.30it/s, loss=0.342, val/accuracy=0.849, val/loss=0.347, train/accuracy=0.841, train/loss=0.355]
Epoch 4:  29%|██▉       | 83/283 [00:01<00:04, 42.33it/s, loss=0.342, val/accuracy=0.849, val/loss=0.347, train/accuracy=0.841, train/loss=0.355]
Epoch 4:  29%|██▉       | 83/283 [00:01<00:04, 42.32it/s, loss=0.345, val/accuracy=0.849, val/loss=0.347, train/accuracy=0.841, train/loss=0.355]
Epoch 4:  30%|██▉       | 84/283 [00:01<00:04, 42.35it/s, loss=0.345, val/accuracy=0.849, val/loss=0.347, train/accuracy=0.841, train/loss=0.355]
Epoch 4:  30%|██▉       | 84/283 [00:01<00:04, 42.35it/s, loss=0.347, val/accuracy=0.849, val/loss=0.347, train/accuracy=0.841, train/loss=0.355]
Epoch 4:  30%|███       | 85/283 [00:02<00:04, 42.38it/s, loss=0.347, val/accuracy=0.849, val/loss=0.347, train/accuracy=0.841, train/loss=0.355]
Epoch 4:  30%|███       | 85/283 [00:02<00:04, 42.37it/s, loss=0.353, val/accuracy=0.849, val/loss=0.347, train/accuracy=0.841, train/loss=0.355]
Epoch 4:  30%|███       | 86/283 [00:02<00:04, 42.40it/s, loss=0.353, val/accuracy=0.849, val/loss=0.347, train/accuracy=0.841, train/loss=0.355]
Epoch 4:  30%|███       | 86/283 [00:02<00:04, 42.40it/s, loss=0.351, val/accuracy=0.849, val/loss=0.347, train/accuracy=0.841, train/loss=0.355]
Epoch 4:  31%|███       | 87/283 [00:02<00:04, 42.42it/s, loss=0.351, val/accuracy=0.849, val/loss=0.347, train/accuracy=0.841, train/loss=0.355]
Epoch 4:  31%|███       | 87/283 [00:02<00:04, 42.42it/s, loss=0.353, val/accuracy=0.849, val/loss=0.347, train/accuracy=0.841, train/loss=0.355]
Epoch 4:  31%|███       | 88/283 [00:02<00:04, 42.45it/s, loss=0.353, val/accuracy=0.849, val/loss=0.347, train/accuracy=0.841, train/loss=0.355]
Epoch 4:  31%|███       | 88/283 [00:02<00:04, 42.44it/s, loss=0.356, val/accuracy=0.849, val/loss=0.347, train/accuracy=0.841, train/loss=0.355]
Epoch 4:  31%|███▏      | 89/283 [00:02<00:04, 42.47it/s, loss=0.356, val/accuracy=0.849, val/loss=0.347, train/accuracy=0.841, train/loss=0.355]
Epoch 4:  31%|███▏      | 89/283 [00:02<00:04, 42.46it/s, loss=0.352, val/accuracy=0.849, val/loss=0.347, train/accuracy=0.841, train/loss=0.355]
Epoch 4:  32%|███▏      | 90/283 [00:02<00:04, 42.49it/s, loss=0.352, val/accuracy=0.849, val/loss=0.347, train/accuracy=0.841, train/loss=0.355]
Epoch 4:  32%|███▏      | 90/283 [00:02<00:04, 42.49it/s, loss=0.351, val/accuracy=0.849, val/loss=0.347, train/accuracy=0.841, train/loss=0.355]
Epoch 4:  32%|███▏      | 91/283 [00:02<00:04, 42.51it/s, loss=0.351, val/accuracy=0.849, val/loss=0.347, train/accuracy=0.841, train/loss=0.355]
Epoch 4:  32%|███▏      | 91/283 [00:02<00:04, 42.51it/s, loss=0.349, val/accuracy=0.849, val/loss=0.347, train/accuracy=0.841, train/loss=0.355]
Epoch 4:  33%|███▎      | 92/283 [00:02<00:04, 42.53it/s, loss=0.349, val/accuracy=0.849, val/loss=0.347, train/accuracy=0.841, train/loss=0.355]
Epoch 4:  33%|███▎      | 92/283 [00:02<00:04, 42.53it/s, loss=0.342, val/accuracy=0.849, val/loss=0.347, train/accuracy=0.841, train/loss=0.355]
Epoch 4:  33%|███▎      | 93/283 [00:02<00:04, 42.55it/s, loss=0.342, val/accuracy=0.849, val/loss=0.347, train/accuracy=0.841, train/loss=0.355]
Epoch 4:  33%|███▎      | 93/283 [00:02<00:04, 42.55it/s, loss=0.342, val/accuracy=0.849, val/loss=0.347, train/accuracy=0.841, train/loss=0.355]
Epoch 4:  33%|███▎      | 94/283 [00:02<00:04, 42.57it/s, loss=0.342, val/accuracy=0.849, val/loss=0.347, train/accuracy=0.841, train/loss=0.355]
Epoch 4:  33%|███▎      | 94/283 [00:02<00:04, 42.57it/s, loss=0.346, val/accuracy=0.849, val/loss=0.347, train/accuracy=0.841, train/loss=0.355]
Epoch 4:  34%|███▎      | 95/283 [00:02<00:04, 42.59it/s, loss=0.346, val/accuracy=0.849, val/loss=0.347, train/accuracy=0.841, train/loss=0.355]
Epoch 4:  34%|███▎      | 95/283 [00:02<00:04, 42.59it/s, loss=0.343, val/accuracy=0.849, val/loss=0.347, train/accuracy=0.841, train/loss=0.355]
Epoch 4:  34%|███▍      | 96/283 [00:02<00:04, 42.61it/s, loss=0.343, val/accuracy=0.849, val/loss=0.347, train/accuracy=0.841, train/loss=0.355]
Epoch 4:  34%|███▍      | 96/283 [00:02<00:04, 42.61it/s, loss=0.335, val/accuracy=0.849, val/loss=0.347, train/accuracy=0.841, train/loss=0.355]
Epoch 4:  34%|███▍      | 97/283 [00:02<00:04, 42.63it/s, loss=0.335, val/accuracy=0.849, val/loss=0.347, train/accuracy=0.841, train/loss=0.355]
Epoch 4:  34%|███▍      | 97/283 [00:02<00:04, 42.63it/s, loss=0.34, val/accuracy=0.849, val/loss=0.347, train/accuracy=0.841, train/loss=0.355] 
Epoch 4:  35%|███▍      | 98/283 [00:02<00:04, 42.65it/s, loss=0.34, val/accuracy=0.849, val/loss=0.347, train/accuracy=0.841, train/loss=0.355]
Epoch 4:  35%|███▍      | 98/283 [00:02<00:04, 42.65it/s, loss=0.337, val/accuracy=0.849, val/loss=0.347, train/accuracy=0.841, train/loss=0.355]
Epoch 4:  35%|███▍      | 99/283 [00:02<00:04, 42.67it/s, loss=0.337, val/accuracy=0.849, val/loss=0.347, train/accuracy=0.841, train/loss=0.355]
Epoch 4:  35%|███▍      | 99/283 [00:02<00:04, 42.66it/s, loss=0.338, val/accuracy=0.849, val/loss=0.347, train/accuracy=0.841, train/loss=0.355]
Epoch 4:  35%|███▌      | 100/283 [00:02<00:04, 42.68it/s, loss=0.338, val/accuracy=0.849, val/loss=0.347, train/accuracy=0.841, train/loss=0.355]
Epoch 4:  35%|███▌      | 100/283 [00:02<00:04, 42.68it/s, loss=0.339, val/accuracy=0.849, val/loss=0.347, train/accuracy=0.841, train/loss=0.355]
Epoch 4:  36%|███▌      | 101/283 [00:02<00:04, 42.70it/s, loss=0.339, val/accuracy=0.849, val/loss=0.347, train/accuracy=0.841, train/loss=0.355]
Epoch 4:  36%|███▌      | 101/283 [00:02<00:04, 42.70it/s, loss=0.331, val/accuracy=0.849, val/loss=0.347, train/accuracy=0.841, train/loss=0.355]
Epoch 4:  36%|███▌      | 102/283 [00:02<00:04, 42.72it/s, loss=0.331, val/accuracy=0.849, val/loss=0.347, train/accuracy=0.841, train/loss=0.355]
Epoch 4:  36%|███▌      | 102/283 [00:02<00:04, 42.71it/s, loss=0.331, val/accuracy=0.849, val/loss=0.347, train/accuracy=0.841, train/loss=0.355]
Epoch 4:  36%|███▋      | 103/283 [00:02<00:04, 42.73it/s, loss=0.331, val/accuracy=0.849, val/loss=0.347, train/accuracy=0.841, train/loss=0.355]
Epoch 4:  36%|███▋      | 103/283 [00:02<00:04, 42.73it/s, loss=0.332, val/accuracy=0.849, val/loss=0.347, train/accuracy=0.841, train/loss=0.355]
Epoch 4:  37%|███▋      | 104/283 [00:02<00:04, 42.75it/s, loss=0.332, val/accuracy=0.849, val/loss=0.347, train/accuracy=0.841, train/loss=0.355]
Epoch 4:  37%|███▋      | 104/283 [00:02<00:04, 42.74it/s, loss=0.331, val/accuracy=0.849, val/loss=0.347, train/accuracy=0.841, train/loss=0.355]
Epoch 4:  37%|███▋      | 105/283 [00:02<00:04, 42.76it/s, loss=0.331, val/accuracy=0.849, val/loss=0.347, train/accuracy=0.841, train/loss=0.355]
Epoch 4:  37%|███▋      | 105/283 [00:02<00:04, 42.76it/s, loss=0.328, val/accuracy=0.849, val/loss=0.347, train/accuracy=0.841, train/loss=0.355]
Epoch 4:  37%|███▋      | 106/283 [00:02<00:04, 42.78it/s, loss=0.328, val/accuracy=0.849, val/loss=0.347, train/accuracy=0.841, train/loss=0.355]
Epoch 4:  37%|███▋      | 106/283 [00:02<00:04, 42.77it/s, loss=0.332, val/accuracy=0.849, val/loss=0.347, train/accuracy=0.841, train/loss=0.355]
Epoch 4:  38%|███▊      | 107/283 [00:02<00:04, 42.79it/s, loss=0.332, val/accuracy=0.849, val/loss=0.347, train/accuracy=0.841, train/loss=0.355]
Epoch 4:  38%|███▊      | 107/283 [00:02<00:04, 42.79it/s, loss=0.333, val/accuracy=0.849, val/loss=0.347, train/accuracy=0.841, train/loss=0.355]
Epoch 4:  38%|███▊      | 108/283 [00:02<00:04, 42.81it/s, loss=0.333, val/accuracy=0.849, val/loss=0.347, train/accuracy=0.841, train/loss=0.355]
Epoch 4:  38%|███▊      | 108/283 [00:02<00:04, 42.81it/s, loss=0.336, val/accuracy=0.849, val/loss=0.347, train/accuracy=0.841, train/loss=0.355]
Epoch 4:  39%|███▊      | 109/283 [00:02<00:04, 42.83it/s, loss=0.336, val/accuracy=0.849, val/loss=0.347, train/accuracy=0.841, train/loss=0.355]
Epoch 4:  39%|███▊      | 109/283 [00:02<00:04, 42.82it/s, loss=0.338, val/accuracy=0.849, val/loss=0.347, train/accuracy=0.841, train/loss=0.355]
Epoch 4:  39%|███▉      | 110/283 [00:02<00:04, 42.84it/s, loss=0.338, val/accuracy=0.849, val/loss=0.347, train/accuracy=0.841, train/loss=0.355]
Epoch 4:  39%|███▉      | 110/283 [00:02<00:04, 42.84it/s, loss=0.338, val/accuracy=0.849, val/loss=0.347, train/accuracy=0.841, train/loss=0.355]
Epoch 4:  39%|███▉      | 111/283 [00:02<00:04, 42.85it/s, loss=0.338, val/accuracy=0.849, val/loss=0.347, train/accuracy=0.841, train/loss=0.355]
Epoch 4:  39%|███▉      | 111/283 [00:02<00:04, 42.85it/s, loss=0.337, val/accuracy=0.849, val/loss=0.347, train/accuracy=0.841, train/loss=0.355]
Epoch 4:  40%|███▉      | 112/283 [00:02<00:03, 42.87it/s, loss=0.337, val/accuracy=0.849, val/loss=0.347, train/accuracy=0.841, train/loss=0.355]
Epoch 4:  40%|███▉      | 112/283 [00:02<00:03, 42.86it/s, loss=0.339, val/accuracy=0.849, val/loss=0.347, train/accuracy=0.841, train/loss=0.355]
Epoch 4:  40%|███▉      | 113/283 [00:02<00:03, 42.88it/s, loss=0.339, val/accuracy=0.849, val/loss=0.347, train/accuracy=0.841, train/loss=0.355]
Epoch 4:  40%|███▉      | 113/283 [00:02<00:03, 42.88it/s, loss=0.339, val/accuracy=0.849, val/loss=0.347, train/accuracy=0.841, train/loss=0.355]
Epoch 4:  40%|████      | 114/283 [00:02<00:03, 42.89it/s, loss=0.339, val/accuracy=0.849, val/loss=0.347, train/accuracy=0.841, train/loss=0.355]
Epoch 4:  40%|████      | 114/283 [00:02<00:03, 42.89it/s, loss=0.338, val/accuracy=0.849, val/loss=0.347, train/accuracy=0.841, train/loss=0.355]
Epoch 4:  41%|████      | 115/283 [00:02<00:03, 42.90it/s, loss=0.338, val/accuracy=0.849, val/loss=0.347, train/accuracy=0.841, train/loss=0.355]
Epoch 4:  41%|████      | 115/283 [00:02<00:03, 42.90it/s, loss=0.346, val/accuracy=0.849, val/loss=0.347, train/accuracy=0.841, train/loss=0.355]
Epoch 4:  41%|████      | 116/283 [00:02<00:03, 42.92it/s, loss=0.346, val/accuracy=0.849, val/loss=0.347, train/accuracy=0.841, train/loss=0.355]
Epoch 4:  41%|████      | 116/283 [00:02<00:03, 42.91it/s, loss=0.348, val/accuracy=0.849, val/loss=0.347, train/accuracy=0.841, train/loss=0.355]
Epoch 4:  41%|████▏     | 117/283 [00:02<00:03, 42.93it/s, loss=0.348, val/accuracy=0.849, val/loss=0.347, train/accuracy=0.841, train/loss=0.355]
Epoch 4:  41%|████▏     | 117/283 [00:02<00:03, 42.93it/s, loss=0.343, val/accuracy=0.849, val/loss=0.347, train/accuracy=0.841, train/loss=0.355]
Epoch 4:  42%|████▏     | 118/283 [00:02<00:03, 42.94it/s, loss=0.343, val/accuracy=0.849, val/loss=0.347, train/accuracy=0.841, train/loss=0.355]
Epoch 4:  42%|████▏     | 118/283 [00:02<00:03, 42.94it/s, loss=0.348, val/accuracy=0.849, val/loss=0.347, train/accuracy=0.841, train/loss=0.355]
Epoch 4:  42%|████▏     | 119/283 [00:02<00:03, 42.96it/s, loss=0.348, val/accuracy=0.849, val/loss=0.347, train/accuracy=0.841, train/loss=0.355]
Epoch 4:  42%|████▏     | 119/283 [00:02<00:03, 42.95it/s, loss=0.348, val/accuracy=0.849, val/loss=0.347, train/accuracy=0.841, train/loss=0.355]
Epoch 4:  42%|████▏     | 120/283 [00:02<00:03, 42.97it/s, loss=0.348, val/accuracy=0.849, val/loss=0.347, train/accuracy=0.841, train/loss=0.355]
Epoch 4:  42%|████▏     | 120/283 [00:02<00:03, 42.96it/s, loss=0.344, val/accuracy=0.849, val/loss=0.347, train/accuracy=0.841, train/loss=0.355]
Epoch 4:  43%|████▎     | 121/283 [00:02<00:03, 42.98it/s, loss=0.344, val/accuracy=0.849, val/loss=0.347, train/accuracy=0.841, train/loss=0.355]
Epoch 4:  43%|████▎     | 121/283 [00:02<00:03, 42.98it/s, loss=0.346, val/accuracy=0.849, val/loss=0.347, train/accuracy=0.841, train/loss=0.355]
Epoch 4:  43%|████▎     | 122/283 [00:02<00:03, 42.99it/s, loss=0.346, val/accuracy=0.849, val/loss=0.347, train/accuracy=0.841, train/loss=0.355]
Epoch 4:  43%|████▎     | 122/283 [00:02<00:03, 42.99it/s, loss=0.349, val/accuracy=0.849, val/loss=0.347, train/accuracy=0.841, train/loss=0.355]
Epoch 4:  43%|████▎     | 123/283 [00:02<00:03, 43.01it/s, loss=0.349, val/accuracy=0.849, val/loss=0.347, train/accuracy=0.841, train/loss=0.355]
Epoch 4:  43%|████▎     | 123/283 [00:02<00:03, 43.00it/s, loss=0.351, val/accuracy=0.849, val/loss=0.347, train/accuracy=0.841, train/loss=0.355]
Epoch 4:  44%|████▍     | 124/283 [00:02<00:03, 43.02it/s, loss=0.351, val/accuracy=0.849, val/loss=0.347, train/accuracy=0.841, train/loss=0.355]
Epoch 4:  44%|████▍     | 124/283 [00:02<00:03, 43.01it/s, loss=0.352, val/accuracy=0.849, val/loss=0.347, train/accuracy=0.841, train/loss=0.355]
Epoch 4:  44%|████▍     | 125/283 [00:02<00:03, 43.03it/s, loss=0.352, val/accuracy=0.849, val/loss=0.347, train/accuracy=0.841, train/loss=0.355]
Epoch 4:  44%|████▍     | 125/283 [00:02<00:03, 43.03it/s, loss=0.352, val/accuracy=0.849, val/loss=0.347, train/accuracy=0.841, train/loss=0.355]
Epoch 4:  45%|████▍     | 126/283 [00:02<00:03, 43.04it/s, loss=0.352, val/accuracy=0.849, val/loss=0.347, train/accuracy=0.841, train/loss=0.355]
Epoch 4:  45%|████▍     | 126/283 [00:02<00:03, 43.04it/s, loss=0.353, val/accuracy=0.849, val/loss=0.347, train/accuracy=0.841, train/loss=0.355]
Epoch 4:  45%|████▍     | 127/283 [00:02<00:03, 43.05it/s, loss=0.353, val/accuracy=0.849, val/loss=0.347, train/accuracy=0.841, train/loss=0.355]
Epoch 4:  45%|████▍     | 127/283 [00:02<00:03, 43.05it/s, loss=0.354, val/accuracy=0.849, val/loss=0.347, train/accuracy=0.841, train/loss=0.355]
Epoch 4:  45%|████▌     | 128/283 [00:02<00:03, 43.06it/s, loss=0.354, val/accuracy=0.849, val/loss=0.347, train/accuracy=0.841, train/loss=0.355]
Epoch 4:  45%|████▌     | 128/283 [00:02<00:03, 43.06it/s, loss=0.348, val/accuracy=0.849, val/loss=0.347, train/accuracy=0.841, train/loss=0.355]
Epoch 4:  46%|████▌     | 129/283 [00:02<00:03, 43.07it/s, loss=0.348, val/accuracy=0.849, val/loss=0.347, train/accuracy=0.841, train/loss=0.355]
Epoch 4:  46%|████▌     | 129/283 [00:02<00:03, 43.07it/s, loss=0.346, val/accuracy=0.849, val/loss=0.347, train/accuracy=0.841, train/loss=0.355]
Epoch 4:  46%|████▌     | 130/283 [00:03<00:03, 43.08it/s, loss=0.346, val/accuracy=0.849, val/loss=0.347, train/accuracy=0.841, train/loss=0.355]
Epoch 4:  46%|████▌     | 130/283 [00:03<00:03, 43.08it/s, loss=0.345, val/accuracy=0.849, val/loss=0.347, train/accuracy=0.841, train/loss=0.355]
Epoch 4:  46%|████▋     | 131/283 [00:03<00:03, 43.10it/s, loss=0.345, val/accuracy=0.849, val/loss=0.347, train/accuracy=0.841, train/loss=0.355]
Epoch 4:  46%|████▋     | 131/283 [00:03<00:03, 43.09it/s, loss=0.343, val/accuracy=0.849, val/loss=0.347, train/accuracy=0.841, train/loss=0.355]
Epoch 4:  47%|████▋     | 132/283 [00:03<00:03, 43.11it/s, loss=0.343, val/accuracy=0.849, val/loss=0.347, train/accuracy=0.841, train/loss=0.355]
Epoch 4:  47%|████▋     | 132/283 [00:03<00:03, 43.10it/s, loss=0.344, val/accuracy=0.849, val/loss=0.347, train/accuracy=0.841, train/loss=0.355]
Epoch 4:  47%|████▋     | 133/283 [00:03<00:03, 43.12it/s, loss=0.344, val/accuracy=0.849, val/loss=0.347, train/accuracy=0.841, train/loss=0.355]
Epoch 4:  47%|████▋     | 133/283 [00:03<00:03, 43.11it/s, loss=0.34, val/accuracy=0.849, val/loss=0.347, train/accuracy=0.841, train/loss=0.355] 
Epoch 4:  47%|████▋     | 134/283 [00:03<00:03, 43.13it/s, loss=0.34, val/accuracy=0.849, val/loss=0.347, train/accuracy=0.841, train/loss=0.355]
Epoch 4:  47%|████▋     | 134/283 [00:03<00:03, 43.12it/s, loss=0.334, val/accuracy=0.849, val/loss=0.347, train/accuracy=0.841, train/loss=0.355]
Epoch 4:  48%|████▊     | 135/283 [00:03<00:03, 43.14it/s, loss=0.334, val/accuracy=0.849, val/loss=0.347, train/accuracy=0.841, train/loss=0.355]
Epoch 4:  48%|████▊     | 135/283 [00:03<00:03, 43.13it/s, loss=0.328, val/accuracy=0.849, val/loss=0.347, train/accuracy=0.841, train/loss=0.355]
Epoch 4:  48%|████▊     | 136/283 [00:03<00:03, 43.15it/s, loss=0.328, val/accuracy=0.849, val/loss=0.347, train/accuracy=0.841, train/loss=0.355]
Epoch 4:  48%|████▊     | 136/283 [00:03<00:03, 43.14it/s, loss=0.329, val/accuracy=0.849, val/loss=0.347, train/accuracy=0.841, train/loss=0.355]
Epoch 4:  48%|████▊     | 137/283 [00:03<00:03, 43.16it/s, loss=0.329, val/accuracy=0.849, val/loss=0.347, train/accuracy=0.841, train/loss=0.355]
Epoch 4:  48%|████▊     | 137/283 [00:03<00:03, 43.15it/s, loss=0.331, val/accuracy=0.849, val/loss=0.347, train/accuracy=0.841, train/loss=0.355]
Epoch 4:  49%|████▉     | 138/283 [00:03<00:03, 43.17it/s, loss=0.331, val/accuracy=0.849, val/loss=0.347, train/accuracy=0.841, train/loss=0.355]
Epoch 4:  49%|████▉     | 138/283 [00:03<00:03, 43.16it/s, loss=0.33, val/accuracy=0.849, val/loss=0.347, train/accuracy=0.841, train/loss=0.355] 
Epoch 4:  49%|████▉     | 139/283 [00:03<00:03, 43.18it/s, loss=0.33, val/accuracy=0.849, val/loss=0.347, train/accuracy=0.841, train/loss=0.355]
Epoch 4:  49%|████▉     | 139/283 [00:03<00:03, 43.17it/s, loss=0.331, val/accuracy=0.849, val/loss=0.347, train/accuracy=0.841, train/loss=0.355]
Epoch 4:  49%|████▉     | 140/283 [00:03<00:03, 43.19it/s, loss=0.331, val/accuracy=0.849, val/loss=0.347, train/accuracy=0.841, train/loss=0.355]
Epoch 4:  49%|████▉     | 140/283 [00:03<00:03, 43.18it/s, loss=0.334, val/accuracy=0.849, val/loss=0.347, train/accuracy=0.841, train/loss=0.355]
Epoch 4:  50%|████▉     | 141/283 [00:03<00:03, 43.20it/s, loss=0.334, val/accuracy=0.849, val/loss=0.347, train/accuracy=0.841, train/loss=0.355]
Epoch 4:  50%|████▉     | 141/283 [00:03<00:03, 43.19it/s, loss=0.336, val/accuracy=0.849, val/loss=0.347, train/accuracy=0.841, train/loss=0.355]
Epoch 4:  50%|█████     | 142/283 [00:03<00:03, 43.20it/s, loss=0.336, val/accuracy=0.849, val/loss=0.347, train/accuracy=0.841, train/loss=0.355]
Epoch 4:  50%|█████     | 142/283 [00:03<00:03, 43.20it/s, loss=0.332, val/accuracy=0.849, val/loss=0.347, train/accuracy=0.841, train/loss=0.355]
Epoch 4:  51%|█████     | 143/283 [00:03<00:03, 43.21it/s, loss=0.332, val/accuracy=0.849, val/loss=0.347, train/accuracy=0.841, train/loss=0.355]
Epoch 4:  51%|█████     | 143/283 [00:03<00:03, 43.21it/s, loss=0.326, val/accuracy=0.849, val/loss=0.347, train/accuracy=0.841, train/loss=0.355]
Epoch 4:  51%|█████     | 144/283 [00:03<00:03, 43.22it/s, loss=0.326, val/accuracy=0.849, val/loss=0.347, train/accuracy=0.841, train/loss=0.355]
Epoch 4:  51%|█████     | 144/283 [00:03<00:03, 43.22it/s, loss=0.327, val/accuracy=0.849, val/loss=0.347, train/accuracy=0.841, train/loss=0.355]
Epoch 4:  51%|█████     | 145/283 [00:03<00:03, 43.23it/s, loss=0.327, val/accuracy=0.849, val/loss=0.347, train/accuracy=0.841, train/loss=0.355]
Epoch 4:  51%|█████     | 145/283 [00:03<00:03, 43.23it/s, loss=0.326, val/accuracy=0.849, val/loss=0.347, train/accuracy=0.841, train/loss=0.355]
Epoch 4:  52%|█████▏    | 146/283 [00:03<00:03, 43.24it/s, loss=0.326, val/accuracy=0.849, val/loss=0.347, train/accuracy=0.841, train/loss=0.355]
Epoch 4:  52%|█████▏    | 146/283 [00:03<00:03, 43.24it/s, loss=0.323, val/accuracy=0.849, val/loss=0.347, train/accuracy=0.841, train/loss=0.355]
Epoch 4:  52%|█████▏    | 147/283 [00:03<00:03, 43.24it/s, loss=0.323, val/accuracy=0.849, val/loss=0.347, train/accuracy=0.841, train/loss=0.355]
Epoch 4:  52%|█████▏    | 147/283 [00:03<00:03, 43.24it/s, loss=0.323, val/accuracy=0.849, val/loss=0.347, train/accuracy=0.841, train/loss=0.355]
Epoch 4:  52%|█████▏    | 148/283 [00:03<00:03, 43.25it/s, loss=0.323, val/accuracy=0.849, val/loss=0.347, train/accuracy=0.841, train/loss=0.355]
Epoch 4:  52%|█████▏    | 148/283 [00:03<00:03, 43.25it/s, loss=0.327, val/accuracy=0.849, val/loss=0.347, train/accuracy=0.841, train/loss=0.355]
Epoch 4:  53%|█████▎    | 149/283 [00:03<00:03, 43.26it/s, loss=0.327, val/accuracy=0.849, val/loss=0.347, train/accuracy=0.841, train/loss=0.355]
Epoch 4:  53%|█████▎    | 149/283 [00:03<00:03, 43.26it/s, loss=0.324, val/accuracy=0.849, val/loss=0.347, train/accuracy=0.841, train/loss=0.355]
Epoch 4:  53%|█████▎    | 150/283 [00:03<00:03, 43.27it/s, loss=0.324, val/accuracy=0.849, val/loss=0.347, train/accuracy=0.841, train/loss=0.355]
Epoch 4:  53%|█████▎    | 150/283 [00:03<00:03, 43.27it/s, loss=0.32, val/accuracy=0.849, val/loss=0.347, train/accuracy=0.841, train/loss=0.355] 
Epoch 4:  53%|█████▎    | 151/283 [00:03<00:03, 43.28it/s, loss=0.32, val/accuracy=0.849, val/loss=0.347, train/accuracy=0.841, train/loss=0.355]
Epoch 4:  53%|█████▎    | 151/283 [00:03<00:03, 43.27it/s, loss=0.323, val/accuracy=0.849, val/loss=0.347, train/accuracy=0.841, train/loss=0.355]
Epoch 4:  54%|█████▎    | 152/283 [00:03<00:03, 43.28it/s, loss=0.323, val/accuracy=0.849, val/loss=0.347, train/accuracy=0.841, train/loss=0.355]
Epoch 4:  54%|█████▎    | 152/283 [00:03<00:03, 43.28it/s, loss=0.324, val/accuracy=0.849, val/loss=0.347, train/accuracy=0.841, train/loss=0.355]
Epoch 4:  54%|█████▍    | 153/283 [00:03<00:03, 43.29it/s, loss=0.324, val/accuracy=0.849, val/loss=0.347, train/accuracy=0.841, train/loss=0.355]
Epoch 4:  54%|█████▍    | 153/283 [00:03<00:03, 43.29it/s, loss=0.328, val/accuracy=0.849, val/loss=0.347, train/accuracy=0.841, train/loss=0.355]
Epoch 4:  54%|█████▍    | 154/283 [00:03<00:02, 43.30it/s, loss=0.328, val/accuracy=0.849, val/loss=0.347, train/accuracy=0.841, train/loss=0.355]
Epoch 4:  54%|█████▍    | 154/283 [00:03<00:02, 43.29it/s, loss=0.332, val/accuracy=0.849, val/loss=0.347, train/accuracy=0.841, train/loss=0.355]
Epoch 4:  55%|█████▍    | 155/283 [00:03<00:02, 43.30it/s, loss=0.332, val/accuracy=0.849, val/loss=0.347, train/accuracy=0.841, train/loss=0.355]
Epoch 4:  55%|█████▍    | 155/283 [00:03<00:02, 43.30it/s, loss=0.335, val/accuracy=0.849, val/loss=0.347, train/accuracy=0.841, train/loss=0.355]
Epoch 4:  55%|█████▌    | 156/283 [00:03<00:02, 43.31it/s, loss=0.335, val/accuracy=0.849, val/loss=0.347, train/accuracy=0.841, train/loss=0.355]
Epoch 4:  55%|█████▌    | 156/283 [00:03<00:02, 43.31it/s, loss=0.335, val/accuracy=0.849, val/loss=0.347, train/accuracy=0.841, train/loss=0.355]
Epoch 4:  55%|█████▌    | 157/283 [00:03<00:02, 43.32it/s, loss=0.335, val/accuracy=0.849, val/loss=0.347, train/accuracy=0.841, train/loss=0.355]
Epoch 4:  55%|█████▌    | 157/283 [00:03<00:02, 43.32it/s, loss=0.334, val/accuracy=0.849, val/loss=0.347, train/accuracy=0.841, train/loss=0.355]
Epoch 4:  56%|█████▌    | 158/283 [00:03<00:02, 43.33it/s, loss=0.334, val/accuracy=0.849, val/loss=0.347, train/accuracy=0.841, train/loss=0.355]
Epoch 4:  56%|█████▌    | 158/283 [00:03<00:02, 43.32it/s, loss=0.334, val/accuracy=0.849, val/loss=0.347, train/accuracy=0.841, train/loss=0.355]
Epoch 4:  56%|█████▌    | 159/283 [00:03<00:02, 43.33it/s, loss=0.334, val/accuracy=0.849, val/loss=0.347, train/accuracy=0.841, train/loss=0.355]
Epoch 4:  56%|█████▌    | 159/283 [00:03<00:02, 43.33it/s, loss=0.334, val/accuracy=0.849, val/loss=0.347, train/accuracy=0.841, train/loss=0.355]
Epoch 4:  57%|█████▋    | 160/283 [00:03<00:02, 43.34it/s, loss=0.334, val/accuracy=0.849, val/loss=0.347, train/accuracy=0.841, train/loss=0.355]
Epoch 4:  57%|█████▋    | 160/283 [00:03<00:02, 43.34it/s, loss=0.334, val/accuracy=0.849, val/loss=0.347, train/accuracy=0.841, train/loss=0.355]
Epoch 4:  57%|█████▋    | 161/283 [00:03<00:02, 43.35it/s, loss=0.334, val/accuracy=0.849, val/loss=0.347, train/accuracy=0.841, train/loss=0.355]
Epoch 4:  57%|█████▋    | 161/283 [00:03<00:02, 43.34it/s, loss=0.333, val/accuracy=0.849, val/loss=0.347, train/accuracy=0.841, train/loss=0.355]
Epoch 4:  57%|█████▋    | 162/283 [00:03<00:02, 43.35it/s, loss=0.333, val/accuracy=0.849, val/loss=0.347, train/accuracy=0.841, train/loss=0.355]
Epoch 4:  57%|█████▋    | 162/283 [00:03<00:02, 43.35it/s, loss=0.337, val/accuracy=0.849, val/loss=0.347, train/accuracy=0.841, train/loss=0.355]
Epoch 4:  58%|█████▊    | 163/283 [00:03<00:02, 43.36it/s, loss=0.337, val/accuracy=0.849, val/loss=0.347, train/accuracy=0.841, train/loss=0.355]
Epoch 4:  58%|█████▊    | 163/283 [00:03<00:02, 43.36it/s, loss=0.341, val/accuracy=0.849, val/loss=0.347, train/accuracy=0.841, train/loss=0.355]
Epoch 4:  58%|█████▊    | 164/283 [00:03<00:02, 43.37it/s, loss=0.341, val/accuracy=0.849, val/loss=0.347, train/accuracy=0.841, train/loss=0.355]
Epoch 4:  58%|█████▊    | 164/283 [00:03<00:02, 43.36it/s, loss=0.34, val/accuracy=0.849, val/loss=0.347, train/accuracy=0.841, train/loss=0.355] 
Epoch 4:  58%|█████▊    | 165/283 [00:03<00:02, 43.37it/s, loss=0.34, val/accuracy=0.849, val/loss=0.347, train/accuracy=0.841, train/loss=0.355]
Epoch 4:  58%|█████▊    | 165/283 [00:03<00:02, 43.37it/s, loss=0.343, val/accuracy=0.849, val/loss=0.347, train/accuracy=0.841, train/loss=0.355]
Epoch 4:  59%|█████▊    | 166/283 [00:03<00:02, 43.38it/s, loss=0.343, val/accuracy=0.849, val/loss=0.347, train/accuracy=0.841, train/loss=0.355]
Epoch 4:  59%|█████▊    | 166/283 [00:03<00:02, 43.38it/s, loss=0.338, val/accuracy=0.849, val/loss=0.347, train/accuracy=0.841, train/loss=0.355]
Epoch 4:  59%|█████▉    | 167/283 [00:03<00:02, 43.39it/s, loss=0.338, val/accuracy=0.849, val/loss=0.347, train/accuracy=0.841, train/loss=0.355]
Epoch 4:  59%|█████▉    | 167/283 [00:03<00:02, 43.38it/s, loss=0.337, val/accuracy=0.849, val/loss=0.347, train/accuracy=0.841, train/loss=0.355]
Epoch 4:  59%|█████▉    | 168/283 [00:03<00:02, 43.39it/s, loss=0.337, val/accuracy=0.849, val/loss=0.347, train/accuracy=0.841, train/loss=0.355]
Epoch 4:  59%|█████▉    | 168/283 [00:03<00:02, 43.39it/s, loss=0.337, val/accuracy=0.849, val/loss=0.347, train/accuracy=0.841, train/loss=0.355]
Epoch 4:  60%|█████▉    | 169/283 [00:03<00:02, 43.40it/s, loss=0.337, val/accuracy=0.849, val/loss=0.347, train/accuracy=0.841, train/loss=0.355]
Epoch 4:  60%|█████▉    | 169/283 [00:03<00:02, 43.40it/s, loss=0.345, val/accuracy=0.849, val/loss=0.347, train/accuracy=0.841, train/loss=0.355]
Epoch 4:  60%|██████    | 170/283 [00:03<00:02, 43.41it/s, loss=0.345, val/accuracy=0.849, val/loss=0.347, train/accuracy=0.841, train/loss=0.355]
Epoch 4:  60%|██████    | 170/283 [00:03<00:02, 43.40it/s, loss=0.346, val/accuracy=0.849, val/loss=0.347, train/accuracy=0.841, train/loss=0.355]
Epoch 4:  60%|██████    | 171/283 [00:03<00:02, 43.41it/s, loss=0.346, val/accuracy=0.849, val/loss=0.347, train/accuracy=0.841, train/loss=0.355]
Epoch 4:  60%|██████    | 171/283 [00:03<00:02, 43.41it/s, loss=0.346, val/accuracy=0.849, val/loss=0.347, train/accuracy=0.841, train/loss=0.355]
Epoch 4:  61%|██████    | 172/283 [00:03<00:02, 43.42it/s, loss=0.346, val/accuracy=0.849, val/loss=0.347, train/accuracy=0.841, train/loss=0.355]
Epoch 4:  61%|██████    | 172/283 [00:03<00:02, 43.42it/s, loss=0.341, val/accuracy=0.849, val/loss=0.347, train/accuracy=0.841, train/loss=0.355]
Epoch 4:  61%|██████    | 173/283 [00:03<00:02, 43.42it/s, loss=0.341, val/accuracy=0.849, val/loss=0.347, train/accuracy=0.841, train/loss=0.355]
Epoch 4:  61%|██████    | 173/283 [00:03<00:02, 43.42it/s, loss=0.339, val/accuracy=0.849, val/loss=0.347, train/accuracy=0.841, train/loss=0.355]
Epoch 4:  61%|██████▏   | 174/283 [00:04<00:02, 43.43it/s, loss=0.339, val/accuracy=0.849, val/loss=0.347, train/accuracy=0.841, train/loss=0.355]
Epoch 4:  61%|██████▏   | 174/283 [00:04<00:02, 43.43it/s, loss=0.33, val/accuracy=0.849, val/loss=0.347, train/accuracy=0.841, train/loss=0.355] 
Epoch 4:  62%|██████▏   | 175/283 [00:04<00:02, 43.44it/s, loss=0.33, val/accuracy=0.849, val/loss=0.347, train/accuracy=0.841, train/loss=0.355]
Epoch 4:  62%|██████▏   | 175/283 [00:04<00:02, 43.43it/s, loss=0.329, val/accuracy=0.849, val/loss=0.347, train/accuracy=0.841, train/loss=0.355]
Epoch 4:  62%|██████▏   | 176/283 [00:04<00:02, 43.44it/s, loss=0.329, val/accuracy=0.849, val/loss=0.347, train/accuracy=0.841, train/loss=0.355]
Epoch 4:  62%|██████▏   | 176/283 [00:04<00:02, 43.44it/s, loss=0.327, val/accuracy=0.849, val/loss=0.347, train/accuracy=0.841, train/loss=0.355]
Epoch 4:  63%|██████▎   | 177/283 [00:04<00:02, 43.45it/s, loss=0.327, val/accuracy=0.849, val/loss=0.347, train/accuracy=0.841, train/loss=0.355]
Epoch 4:  63%|██████▎   | 177/283 [00:04<00:02, 43.45it/s, loss=0.322, val/accuracy=0.849, val/loss=0.347, train/accuracy=0.841, train/loss=0.355]
Epoch 4:  63%|██████▎   | 178/283 [00:04<00:02, 43.45it/s, loss=0.322, val/accuracy=0.849, val/loss=0.347, train/accuracy=0.841, train/loss=0.355]
Epoch 4:  63%|██████▎   | 178/283 [00:04<00:02, 43.45it/s, loss=0.328, val/accuracy=0.849, val/loss=0.347, train/accuracy=0.841, train/loss=0.355]
Epoch 4:  63%|██████▎   | 179/283 [00:04<00:02, 43.46it/s, loss=0.328, val/accuracy=0.849, val/loss=0.347, train/accuracy=0.841, train/loss=0.355]
Epoch 4:  63%|██████▎   | 179/283 [00:04<00:02, 43.46it/s, loss=0.325, val/accuracy=0.849, val/loss=0.347, train/accuracy=0.841, train/loss=0.355]
Epoch 4:  64%|██████▎   | 180/283 [00:04<00:02, 43.47it/s, loss=0.325, val/accuracy=0.849, val/loss=0.347, train/accuracy=0.841, train/loss=0.355]
Epoch 4:  64%|██████▎   | 180/283 [00:04<00:02, 43.46it/s, loss=0.326, val/accuracy=0.849, val/loss=0.347, train/accuracy=0.841, train/loss=0.355]
Epoch 4:  64%|██████▍   | 181/283 [00:04<00:02, 43.47it/s, loss=0.326, val/accuracy=0.849, val/loss=0.347, train/accuracy=0.841, train/loss=0.355]
Epoch 4:  64%|██████▍   | 181/283 [00:04<00:02, 43.47it/s, loss=0.324, val/accuracy=0.849, val/loss=0.347, train/accuracy=0.841, train/loss=0.355]
Epoch 4:  64%|██████▍   | 182/283 [00:04<00:02, 43.48it/s, loss=0.324, val/accuracy=0.849, val/loss=0.347, train/accuracy=0.841, train/loss=0.355]
Epoch 4:  64%|██████▍   | 182/283 [00:04<00:02, 43.48it/s, loss=0.321, val/accuracy=0.849, val/loss=0.347, train/accuracy=0.841, train/loss=0.355]
Epoch 4:  65%|██████▍   | 183/283 [00:04<00:02, 43.48it/s, loss=0.321, val/accuracy=0.849, val/loss=0.347, train/accuracy=0.841, train/loss=0.355]
Epoch 4:  65%|██████▍   | 183/283 [00:04<00:02, 43.48it/s, loss=0.32, val/accuracy=0.849, val/loss=0.347, train/accuracy=0.841, train/loss=0.355] 
Epoch 4:  65%|██████▌   | 184/283 [00:04<00:02, 43.49it/s, loss=0.32, val/accuracy=0.849, val/loss=0.347, train/accuracy=0.841, train/loss=0.355]
Epoch 4:  65%|██████▌   | 184/283 [00:04<00:02, 43.49it/s, loss=0.32, val/accuracy=0.849, val/loss=0.347, train/accuracy=0.841, train/loss=0.355]
Epoch 4:  65%|██████▌   | 185/283 [00:04<00:02, 43.49it/s, loss=0.32, val/accuracy=0.849, val/loss=0.347, train/accuracy=0.841, train/loss=0.355]
Epoch 4:  65%|██████▌   | 185/283 [00:04<00:02, 43.49it/s, loss=0.326, val/accuracy=0.849, val/loss=0.347, train/accuracy=0.841, train/loss=0.355]
Epoch 4:  66%|██████▌   | 186/283 [00:04<00:02, 43.50it/s, loss=0.326, val/accuracy=0.849, val/loss=0.347, train/accuracy=0.841, train/loss=0.355]
Epoch 4:  66%|██████▌   | 186/283 [00:04<00:02, 43.50it/s, loss=0.325, val/accuracy=0.849, val/loss=0.347, train/accuracy=0.841, train/loss=0.355]
Epoch 4:  66%|██████▌   | 187/283 [00:04<00:02, 43.50it/s, loss=0.325, val/accuracy=0.849, val/loss=0.347, train/accuracy=0.841, train/loss=0.355]
Epoch 4:  66%|██████▌   | 187/283 [00:04<00:02, 43.50it/s, loss=0.326, val/accuracy=0.849, val/loss=0.347, train/accuracy=0.841, train/loss=0.355]
Epoch 4:  66%|██████▋   | 188/283 [00:04<00:02, 43.51it/s, loss=0.326, val/accuracy=0.849, val/loss=0.347, train/accuracy=0.841, train/loss=0.355]
Epoch 4:  66%|██████▋   | 188/283 [00:04<00:02, 43.51it/s, loss=0.326, val/accuracy=0.849, val/loss=0.347, train/accuracy=0.841, train/loss=0.355]
Epoch 4:  67%|██████▋   | 189/283 [00:04<00:02, 43.51it/s, loss=0.326, val/accuracy=0.849, val/loss=0.347, train/accuracy=0.841, train/loss=0.355]
Epoch 4:  67%|██████▋   | 189/283 [00:04<00:02, 43.51it/s, loss=0.323, val/accuracy=0.849, val/loss=0.347, train/accuracy=0.841, train/loss=0.355]
Epoch 4:  67%|██████▋   | 190/283 [00:04<00:02, 43.52it/s, loss=0.323, val/accuracy=0.849, val/loss=0.347, train/accuracy=0.841, train/loss=0.355]
Epoch 4:  67%|██████▋   | 190/283 [00:04<00:02, 43.52it/s, loss=0.33, val/accuracy=0.849, val/loss=0.347, train/accuracy=0.841, train/loss=0.355] 
Epoch 4:  67%|██████▋   | 191/283 [00:04<00:02, 43.52it/s, loss=0.33, val/accuracy=0.849, val/loss=0.347, train/accuracy=0.841, train/loss=0.355]
Epoch 4:  67%|██████▋   | 191/283 [00:04<00:02, 43.52it/s, loss=0.327, val/accuracy=0.849, val/loss=0.347, train/accuracy=0.841, train/loss=0.355]
Epoch 4:  68%|██████▊   | 192/283 [00:04<00:02, 43.53it/s, loss=0.327, val/accuracy=0.849, val/loss=0.347, train/accuracy=0.841, train/loss=0.355]
Epoch 4:  68%|██████▊   | 192/283 [00:04<00:02, 43.53it/s, loss=0.331, val/accuracy=0.849, val/loss=0.347, train/accuracy=0.841, train/loss=0.355]
Epoch 4:  68%|██████▊   | 193/283 [00:04<00:02, 43.53it/s, loss=0.331, val/accuracy=0.849, val/loss=0.347, train/accuracy=0.841, train/loss=0.355]
Epoch 4:  68%|██████▊   | 193/283 [00:04<00:02, 43.53it/s, loss=0.331, val/accuracy=0.849, val/loss=0.347, train/accuracy=0.841, train/loss=0.355]
Epoch 4:  69%|██████▊   | 194/283 [00:04<00:02, 43.54it/s, loss=0.331, val/accuracy=0.849, val/loss=0.347, train/accuracy=0.841, train/loss=0.355]
Epoch 4:  69%|██████▊   | 194/283 [00:04<00:02, 43.54it/s, loss=0.336, val/accuracy=0.849, val/loss=0.347, train/accuracy=0.841, train/loss=0.355]
Epoch 4:  69%|██████▉   | 195/283 [00:04<00:02, 43.54it/s, loss=0.336, val/accuracy=0.849, val/loss=0.347, train/accuracy=0.841, train/loss=0.355]
Epoch 4:  69%|██████▉   | 195/283 [00:04<00:02, 43.54it/s, loss=0.336, val/accuracy=0.849, val/loss=0.347, train/accuracy=0.841, train/loss=0.355]
Epoch 4:  69%|██████▉   | 196/283 [00:04<00:01, 43.55it/s, loss=0.336, val/accuracy=0.849, val/loss=0.347, train/accuracy=0.841, train/loss=0.355]
Epoch 4:  69%|██████▉   | 196/283 [00:04<00:01, 43.55it/s, loss=0.338, val/accuracy=0.849, val/loss=0.347, train/accuracy=0.841, train/loss=0.355]
Epoch 4:  70%|██████▉   | 197/283 [00:04<00:01, 43.55it/s, loss=0.338, val/accuracy=0.849, val/loss=0.347, train/accuracy=0.841, train/loss=0.355]
Epoch 4:  70%|██████▉   | 197/283 [00:04<00:01, 43.55it/s, loss=0.34, val/accuracy=0.849, val/loss=0.347, train/accuracy=0.841, train/loss=0.355] 
Epoch 4:  70%|██████▉   | 198/283 [00:04<00:01, 43.56it/s, loss=0.34, val/accuracy=0.849, val/loss=0.347, train/accuracy=0.841, train/loss=0.355]
Epoch 4:  70%|██████▉   | 198/283 [00:04<00:01, 43.55it/s, loss=0.334, val/accuracy=0.849, val/loss=0.347, train/accuracy=0.841, train/loss=0.355]
Epoch 4:  70%|███████   | 199/283 [00:04<00:01, 43.56it/s, loss=0.334, val/accuracy=0.849, val/loss=0.347, train/accuracy=0.841, train/loss=0.355]
Epoch 4:  70%|███████   | 199/283 [00:04<00:01, 43.56it/s, loss=0.335, val/accuracy=0.849, val/loss=0.347, train/accuracy=0.841, train/loss=0.355]
Epoch 4:  71%|███████   | 200/283 [00:04<00:01, 43.57it/s, loss=0.335, val/accuracy=0.849, val/loss=0.347, train/accuracy=0.841, train/loss=0.355]
Epoch 4:  71%|███████   | 200/283 [00:04<00:01, 43.56it/s, loss=0.333, val/accuracy=0.849, val/loss=0.347, train/accuracy=0.841, train/loss=0.355]
Epoch 4:  71%|███████   | 201/283 [00:04<00:01, 43.57it/s, loss=0.333, val/accuracy=0.849, val/loss=0.347, train/accuracy=0.841, train/loss=0.355]
Epoch 4:  71%|███████   | 201/283 [00:04<00:01, 43.57it/s, loss=0.338, val/accuracy=0.849, val/loss=0.347, train/accuracy=0.841, train/loss=0.355]
Epoch 4:  71%|███████▏  | 202/283 [00:04<00:01, 43.58it/s, loss=0.338, val/accuracy=0.849, val/loss=0.347, train/accuracy=0.841, train/loss=0.355]
Epoch 4:  71%|███████▏  | 202/283 [00:04<00:01, 43.57it/s, loss=0.341, val/accuracy=0.849, val/loss=0.347, train/accuracy=0.841, train/loss=0.355]
Epoch 4:  72%|███████▏  | 203/283 [00:04<00:01, 43.58it/s, loss=0.341, val/accuracy=0.849, val/loss=0.347, train/accuracy=0.841, train/loss=0.355]
Epoch 4:  72%|███████▏  | 203/283 [00:04<00:01, 43.58it/s, loss=0.337, val/accuracy=0.849, val/loss=0.347, train/accuracy=0.841, train/loss=0.355]
Epoch 4:  72%|███████▏  | 204/283 [00:04<00:01, 43.58it/s, loss=0.337, val/accuracy=0.849, val/loss=0.347, train/accuracy=0.841, train/loss=0.355]
Epoch 4:  72%|███████▏  | 204/283 [00:04<00:01, 43.58it/s, loss=0.337, val/accuracy=0.849, val/loss=0.347, train/accuracy=0.841, train/loss=0.355]
Epoch 4:  72%|███████▏  | 205/283 [00:04<00:01, 43.59it/s, loss=0.337, val/accuracy=0.849, val/loss=0.347, train/accuracy=0.841, train/loss=0.355]
Epoch 4:  72%|███████▏  | 205/283 [00:04<00:01, 43.59it/s, loss=0.332, val/accuracy=0.849, val/loss=0.347, train/accuracy=0.841, train/loss=0.355]
Epoch 4:  73%|███████▎  | 206/283 [00:04<00:01, 43.59it/s, loss=0.332, val/accuracy=0.849, val/loss=0.347, train/accuracy=0.841, train/loss=0.355]
Epoch 4:  73%|███████▎  | 206/283 [00:04<00:01, 43.59it/s, loss=0.335, val/accuracy=0.849, val/loss=0.347, train/accuracy=0.841, train/loss=0.355]
Epoch 4:  73%|███████▎  | 207/283 [00:04<00:01, 43.60it/s, loss=0.335, val/accuracy=0.849, val/loss=0.347, train/accuracy=0.841, train/loss=0.355]
Epoch 4:  73%|███████▎  | 207/283 [00:04<00:01, 43.60it/s, loss=0.333, val/accuracy=0.849, val/loss=0.347, train/accuracy=0.841, train/loss=0.355]
Epoch 4:  73%|███████▎  | 208/283 [00:04<00:01, 43.60it/s, loss=0.333, val/accuracy=0.849, val/loss=0.347, train/accuracy=0.841, train/loss=0.355]
Epoch 4:  73%|███████▎  | 208/283 [00:04<00:01, 43.60it/s, loss=0.334, val/accuracy=0.849, val/loss=0.347, train/accuracy=0.841, train/loss=0.355]
Epoch 4:  74%|███████▍  | 209/283 [00:04<00:01, 43.61it/s, loss=0.334, val/accuracy=0.849, val/loss=0.347, train/accuracy=0.841, train/loss=0.355]
Epoch 4:  74%|███████▍  | 209/283 [00:04<00:01, 43.60it/s, loss=0.331, val/accuracy=0.849, val/loss=0.347, train/accuracy=0.841, train/loss=0.355]
Epoch 4:  74%|███████▍  | 210/283 [00:04<00:01, 43.60it/s, loss=0.331, val/accuracy=0.849, val/loss=0.347, train/accuracy=0.841, train/loss=0.355]
Epoch 4:  74%|███████▍  | 210/283 [00:04<00:01, 43.60it/s, loss=0.323, val/accuracy=0.849, val/loss=0.347, train/accuracy=0.841, train/loss=0.355]
Epoch 4:  75%|███████▍  | 211/283 [00:04<00:01, 43.60it/s, loss=0.323, val/accuracy=0.849, val/loss=0.347, train/accuracy=0.841, train/loss=0.355]
Epoch 4:  75%|███████▍  | 211/283 [00:04<00:01, 43.60it/s, loss=0.324, val/accuracy=0.849, val/loss=0.347, train/accuracy=0.841, train/loss=0.355]
Epoch 4:  75%|███████▍  | 212/283 [00:04<00:01, 43.64it/s, loss=0.324, val/accuracy=0.849, val/loss=0.347, train/accuracy=0.841, train/loss=0.355]
Epoch 4:  75%|███████▍  | 212/283 [00:04<00:01, 43.64it/s, loss=0.32, val/accuracy=0.849, val/loss=0.347, train/accuracy=0.841, train/loss=0.355] 

Validation: 0it [00:00, ?it/s][A

Validation:   0%|          | 0/71 [00:00<?, ?it/s][A

Validation DataLoader 0:   0%|          | 0/71 [00:00<?, ?it/s][A

Validation DataLoader 0:   1%|▏         | 1/71 [00:00<00:00, 118.89it/s][A
Epoch 4:  75%|███████▌  | 213/283 [00:04<00:01, 42.84it/s, loss=0.32, val/accuracy=0.849, val/loss=0.347, train/accuracy=0.841, train/loss=0.355]

Validation DataLoader 0:   3%|▎         | 2/71 [00:00<00:00, 88.47it/s] [A
Epoch 4:  76%|███████▌  | 214/283 [00:04<00:01, 42.92it/s, loss=0.32, val/accuracy=0.849, val/loss=0.347, train/accuracy=0.841, train/loss=0.355]

Validation DataLoader 0:   4%|▍         | 3/71 [00:00<00:00, 87.89it/s][A
Epoch 4:  76%|███████▌  | 215/283 [00:04<00:01, 43.02it/s, loss=0.32, val/accuracy=0.849, val/loss=0.347, train/accuracy=0.841, train/loss=0.355]

Validation DataLoader 0:   6%|▌         | 4/71 [00:00<00:01, 63.84it/s][A
Epoch 4:  76%|███████▋  | 216/283 [00:05<00:01, 42.97it/s, loss=0.32, val/accuracy=0.849, val/loss=0.347, train/accuracy=0.841, train/loss=0.355]

Validation DataLoader 0:   7%|▋         | 5/71 [00:00<00:01, 60.68it/s][A
Epoch 4:  77%|███████▋  | 217/283 [00:05<00:01, 43.00it/s, loss=0.32, val/accuracy=0.849, val/loss=0.347, train/accuracy=0.841, train/loss=0.355]

Validation DataLoader 0:   8%|▊         | 6/71 [00:00<00:01, 58.77it/s][A
Epoch 4:  77%|███████▋  | 218/283 [00:05<00:01, 43.03it/s, loss=0.32, val/accuracy=0.849, val/loss=0.347, train/accuracy=0.841, train/loss=0.355]

Validation DataLoader 0:  10%|▉         | 7/71 [00:00<00:01, 57.69it/s][A
Epoch 4:  77%|███████▋  | 219/283 [00:05<00:01, 43.07it/s, loss=0.32, val/accuracy=0.849, val/loss=0.347, train/accuracy=0.841, train/loss=0.355]

Validation DataLoader 0:  11%|█▏        | 8/71 [00:00<00:01, 56.76it/s][A
Epoch 4:  78%|███████▊  | 220/283 [00:05<00:01, 43.10it/s, loss=0.32, val/accuracy=0.849, val/loss=0.347, train/accuracy=0.841, train/loss=0.355]

Validation DataLoader 0:  13%|█▎        | 9/71 [00:00<00:01, 56.20it/s][A
Epoch 4:  78%|███████▊  | 221/283 [00:05<00:01, 43.13it/s, loss=0.32, val/accuracy=0.849, val/loss=0.347, train/accuracy=0.841, train/loss=0.355]

Validation DataLoader 0:  14%|█▍        | 10/71 [00:00<00:01, 55.62it/s][A
Epoch 4:  78%|███████▊  | 222/283 [00:05<00:01, 43.16it/s, loss=0.32, val/accuracy=0.849, val/loss=0.347, train/accuracy=0.841, train/loss=0.355]

Validation DataLoader 0:  15%|█▌        | 11/71 [00:00<00:01, 55.30it/s][A
Epoch 4:  79%|███████▉  | 223/283 [00:05<00:01, 43.19it/s, loss=0.32, val/accuracy=0.849, val/loss=0.347, train/accuracy=0.841, train/loss=0.355]

Validation DataLoader 0:  17%|█▋        | 12/71 [00:00<00:01, 54.90it/s][A
Epoch 4:  79%|███████▉  | 224/283 [00:05<00:01, 43.22it/s, loss=0.32, val/accuracy=0.849, val/loss=0.347, train/accuracy=0.841, train/loss=0.355]

Validation DataLoader 0:  18%|█▊        | 13/71 [00:00<00:01, 54.66it/s][A
Epoch 4:  80%|███████▉  | 225/283 [00:05<00:01, 43.26it/s, loss=0.32, val/accuracy=0.849, val/loss=0.347, train/accuracy=0.841, train/loss=0.355]

Validation DataLoader 0:  20%|█▉        | 14/71 [00:00<00:01, 54.36it/s][A
Epoch 4:  80%|███████▉  | 226/283 [00:05<00:01, 43.28it/s, loss=0.32, val/accuracy=0.849, val/loss=0.347, train/accuracy=0.841, train/loss=0.355]

Validation DataLoader 0:  21%|██        | 15/71 [00:00<00:01, 54.22it/s][A
Epoch 4:  80%|████████  | 227/283 [00:05<00:01, 43.32it/s, loss=0.32, val/accuracy=0.849, val/loss=0.347, train/accuracy=0.841, train/loss=0.355]

Validation DataLoader 0:  23%|██▎       | 16/71 [00:00<00:01, 53.99it/s][A
Epoch 4:  81%|████████  | 228/283 [00:05<00:01, 43.35it/s, loss=0.32, val/accuracy=0.849, val/loss=0.347, train/accuracy=0.841, train/loss=0.355]

Validation DataLoader 0:  24%|██▍       | 17/71 [00:00<00:01, 53.89it/s][A
Epoch 4:  81%|████████  | 229/283 [00:05<00:01, 43.38it/s, loss=0.32, val/accuracy=0.849, val/loss=0.347, train/accuracy=0.841, train/loss=0.355]

Validation DataLoader 0:  25%|██▌       | 18/71 [00:00<00:00, 53.70it/s][A
Epoch 4:  81%|████████▏ | 230/283 [00:05<00:01, 43.41it/s, loss=0.32, val/accuracy=0.849, val/loss=0.347, train/accuracy=0.841, train/loss=0.355]

Validation DataLoader 0:  27%|██▋       | 19/71 [00:00<00:00, 53.61it/s][A
Epoch 4:  82%|████████▏ | 231/283 [00:05<00:01, 43.44it/s, loss=0.32, val/accuracy=0.849, val/loss=0.347, train/accuracy=0.841, train/loss=0.355]

Validation DataLoader 0:  28%|██▊       | 20/71 [00:00<00:00, 53.47it/s][A
Epoch 4:  82%|████████▏ | 232/283 [00:05<00:01, 43.46it/s, loss=0.32, val/accuracy=0.849, val/loss=0.347, train/accuracy=0.841, train/loss=0.355]

Validation DataLoader 0:  30%|██▉       | 21/71 [00:00<00:00, 53.41it/s][A
Epoch 4:  82%|████████▏ | 233/283 [00:05<00:01, 43.50it/s, loss=0.32, val/accuracy=0.849, val/loss=0.347, train/accuracy=0.841, train/loss=0.355]

Validation DataLoader 0:  31%|███       | 22/71 [00:00<00:00, 53.30it/s][A
Epoch 4:  83%|████████▎ | 234/283 [00:05<00:01, 43.52it/s, loss=0.32, val/accuracy=0.849, val/loss=0.347, train/accuracy=0.841, train/loss=0.355]

Validation DataLoader 0:  32%|███▏      | 23/71 [00:00<00:00, 53.25it/s][A
Epoch 4:  83%|████████▎ | 235/283 [00:05<00:01, 43.55it/s, loss=0.32, val/accuracy=0.849, val/loss=0.347, train/accuracy=0.841, train/loss=0.355]

Validation DataLoader 0:  34%|███▍      | 24/71 [00:00<00:00, 53.15it/s][A
Epoch 4:  83%|████████▎ | 236/283 [00:05<00:01, 43.58it/s, loss=0.32, val/accuracy=0.849, val/loss=0.347, train/accuracy=0.841, train/loss=0.355]

Validation DataLoader 0:  35%|███▌      | 25/71 [00:00<00:00, 53.13it/s][A
Epoch 4:  84%|████████▎ | 237/283 [00:05<00:01, 43.61it/s, loss=0.32, val/accuracy=0.849, val/loss=0.347, train/accuracy=0.841, train/loss=0.355]

Validation DataLoader 0:  37%|███▋      | 26/71 [00:00<00:00, 53.04it/s][A
Epoch 4:  84%|████████▍ | 238/283 [00:05<00:01, 43.64it/s, loss=0.32, val/accuracy=0.849, val/loss=0.347, train/accuracy=0.841, train/loss=0.355]

Validation DataLoader 0:  38%|███▊      | 27/71 [00:00<00:00, 53.01it/s][A
Epoch 4:  84%|████████▍ | 239/283 [00:05<00:01, 43.67it/s, loss=0.32, val/accuracy=0.849, val/loss=0.347, train/accuracy=0.841, train/loss=0.355]

Validation DataLoader 0:  39%|███▉      | 28/71 [00:00<00:00, 52.94it/s][A
Epoch 4:  85%|████████▍ | 240/283 [00:05<00:00, 43.69it/s, loss=0.32, val/accuracy=0.849, val/loss=0.347, train/accuracy=0.841, train/loss=0.355]

Validation DataLoader 0:  41%|████      | 29/71 [00:00<00:00, 52.92it/s][A
Epoch 4:  85%|████████▌ | 241/283 [00:05<00:00, 43.72it/s, loss=0.32, val/accuracy=0.849, val/loss=0.347, train/accuracy=0.841, train/loss=0.355]

Validation DataLoader 0:  42%|████▏     | 30/71 [00:00<00:00, 52.85it/s][A
Epoch 4:  86%|████████▌ | 242/283 [00:05<00:00, 43.75it/s, loss=0.32, val/accuracy=0.849, val/loss=0.347, train/accuracy=0.841, train/loss=0.355]

Validation DataLoader 0:  44%|████▎     | 31/71 [00:00<00:00, 52.82it/s][A
Epoch 4:  86%|████████▌ | 243/283 [00:05<00:00, 43.78it/s, loss=0.32, val/accuracy=0.849, val/loss=0.347, train/accuracy=0.841, train/loss=0.355]

Validation DataLoader 0:  45%|████▌     | 32/71 [00:00<00:00, 52.76it/s][A
Epoch 4:  86%|████████▌ | 244/283 [00:05<00:00, 43.80it/s, loss=0.32, val/accuracy=0.849, val/loss=0.347, train/accuracy=0.841, train/loss=0.355]

Validation DataLoader 0:  46%|████▋     | 33/71 [00:00<00:00, 52.75it/s][A
Epoch 4:  87%|████████▋ | 245/283 [00:05<00:00, 43.83it/s, loss=0.32, val/accuracy=0.849, val/loss=0.347, train/accuracy=0.841, train/loss=0.355]

Validation DataLoader 0:  48%|████▊     | 34/71 [00:00<00:00, 52.69it/s][A
Epoch 4:  87%|████████▋ | 246/283 [00:05<00:00, 43.86it/s, loss=0.32, val/accuracy=0.849, val/loss=0.347, train/accuracy=0.841, train/loss=0.355]

Validation DataLoader 0:  49%|████▉     | 35/71 [00:00<00:00, 52.69it/s][A
Epoch 4:  87%|████████▋ | 247/283 [00:05<00:00, 43.89it/s, loss=0.32, val/accuracy=0.849, val/loss=0.347, train/accuracy=0.841, train/loss=0.355]

Validation DataLoader 0:  51%|█████     | 36/71 [00:00<00:00, 52.64it/s][A
Epoch 4:  88%|████████▊ | 248/283 [00:05<00:00, 43.91it/s, loss=0.32, val/accuracy=0.849, val/loss=0.347, train/accuracy=0.841, train/loss=0.355]

Validation DataLoader 0:  52%|█████▏    | 37/71 [00:00<00:00, 52.64it/s][A
Epoch 4:  88%|████████▊ | 249/283 [00:05<00:00, 43.94it/s, loss=0.32, val/accuracy=0.849, val/loss=0.347, train/accuracy=0.841, train/loss=0.355]

Validation DataLoader 0:  54%|█████▎    | 38/71 [00:00<00:00, 52.60it/s][A
Epoch 4:  88%|████████▊ | 250/283 [00:05<00:00, 43.97it/s, loss=0.32, val/accuracy=0.849, val/loss=0.347, train/accuracy=0.841, train/loss=0.355]

Validation DataLoader 0:  55%|█████▍    | 39/71 [00:00<00:00, 52.59it/s][A
Epoch 4:  89%|████████▊ | 251/283 [00:05<00:00, 43.99it/s, loss=0.32, val/accuracy=0.849, val/loss=0.347, train/accuracy=0.841, train/loss=0.355]

Validation DataLoader 0:  56%|█████▋    | 40/71 [00:00<00:00, 52.55it/s][A
Epoch 4:  89%|████████▉ | 252/283 [00:05<00:00, 44.02it/s, loss=0.32, val/accuracy=0.849, val/loss=0.347, train/accuracy=0.841, train/loss=0.355]

Validation DataLoader 0:  58%|█████▊    | 41/71 [00:00<00:00, 52.54it/s][A
Epoch 4:  89%|████████▉ | 253/283 [00:05<00:00, 44.05it/s, loss=0.32, val/accuracy=0.849, val/loss=0.347, train/accuracy=0.841, train/loss=0.355]

Validation DataLoader 0:  59%|█████▉    | 42/71 [00:00<00:00, 52.51it/s][A
Epoch 4:  90%|████████▉ | 254/283 [00:05<00:00, 44.07it/s, loss=0.32, val/accuracy=0.849, val/loss=0.347, train/accuracy=0.841, train/loss=0.355]

Validation DataLoader 0:  61%|██████    | 43/71 [00:00<00:00, 52.30it/s][A
Epoch 4:  90%|█████████ | 255/283 [00:05<00:00, 44.07it/s, loss=0.32, val/accuracy=0.849, val/loss=0.347, train/accuracy=0.841, train/loss=0.355]

Validation DataLoader 0:  62%|██████▏   | 44/71 [00:00<00:00, 52.44it/s][A
Epoch 4:  90%|█████████ | 256/283 [00:05<00:00, 44.12it/s, loss=0.32, val/accuracy=0.849, val/loss=0.347, train/accuracy=0.841, train/loss=0.355]

Validation DataLoader 0:  63%|██████▎   | 45/71 [00:00<00:00, 52.44it/s][A
Epoch 4:  91%|█████████ | 257/283 [00:05<00:00, 44.14it/s, loss=0.32, val/accuracy=0.849, val/loss=0.347, train/accuracy=0.841, train/loss=0.355]

Validation DataLoader 0:  65%|██████▍   | 46/71 [00:00<00:00, 52.41it/s][A
Epoch 4:  91%|█████████ | 258/283 [00:05<00:00, 44.17it/s, loss=0.32, val/accuracy=0.849, val/loss=0.347, train/accuracy=0.841, train/loss=0.355]

Validation DataLoader 0:  66%|██████▌   | 47/71 [00:00<00:00, 52.40it/s][A
Epoch 4:  92%|█████████▏| 259/283 [00:05<00:00, 44.19it/s, loss=0.32, val/accuracy=0.849, val/loss=0.347, train/accuracy=0.841, train/loss=0.355]

Validation DataLoader 0:  68%|██████▊   | 48/71 [00:00<00:00, 52.38it/s][A
Epoch 4:  92%|█████████▏| 260/283 [00:05<00:00, 44.22it/s, loss=0.32, val/accuracy=0.849, val/loss=0.347, train/accuracy=0.841, train/loss=0.355]

Validation DataLoader 0:  69%|██████▉   | 49/71 [00:00<00:00, 52.38it/s][A
Epoch 4:  92%|█████████▏| 261/283 [00:05<00:00, 44.24it/s, loss=0.32, val/accuracy=0.849, val/loss=0.347, train/accuracy=0.841, train/loss=0.355]

Validation DataLoader 0:  70%|███████   | 50/71 [00:00<00:00, 52.35it/s][A
Epoch 4:  93%|█████████▎| 262/283 [00:05<00:00, 44.27it/s, loss=0.32, val/accuracy=0.849, val/loss=0.347, train/accuracy=0.841, train/loss=0.355]

Validation DataLoader 0:  72%|███████▏  | 51/71 [00:00<00:00, 52.36it/s][A
Epoch 4:  93%|█████████▎| 263/283 [00:05<00:00, 44.29it/s, loss=0.32, val/accuracy=0.849, val/loss=0.347, train/accuracy=0.841, train/loss=0.355]

Validation DataLoader 0:  73%|███████▎  | 52/71 [00:00<00:00, 52.34it/s][A
Epoch 4:  93%|█████████▎| 264/283 [00:05<00:00, 44.32it/s, loss=0.32, val/accuracy=0.849, val/loss=0.347, train/accuracy=0.841, train/loss=0.355]

Validation DataLoader 0:  75%|███████▍  | 53/71 [00:01<00:00, 52.35it/s][A
Epoch 4:  94%|█████████▎| 265/283 [00:05<00:00, 44.34it/s, loss=0.32, val/accuracy=0.849, val/loss=0.347, train/accuracy=0.841, train/loss=0.355]

Validation DataLoader 0:  76%|███████▌  | 54/71 [00:01<00:00, 52.32it/s][A
Epoch 4:  94%|█████████▍| 266/283 [00:05<00:00, 44.36it/s, loss=0.32, val/accuracy=0.849, val/loss=0.347, train/accuracy=0.841, train/loss=0.355]

Validation DataLoader 0:  77%|███████▋  | 55/71 [00:01<00:00, 52.33it/s][A
Epoch 4:  94%|█████████▍| 267/283 [00:06<00:00, 44.39it/s, loss=0.32, val/accuracy=0.849, val/loss=0.347, train/accuracy=0.841, train/loss=0.355]

Validation DataLoader 0:  79%|███████▉  | 56/71 [00:01<00:00, 52.31it/s][A
Epoch 4:  95%|█████████▍| 268/283 [00:06<00:00, 44.41it/s, loss=0.32, val/accuracy=0.849, val/loss=0.347, train/accuracy=0.841, train/loss=0.355]

Validation DataLoader 0:  80%|████████  | 57/71 [00:01<00:00, 52.32it/s][A
Epoch 4:  95%|█████████▌| 269/283 [00:06<00:00, 44.44it/s, loss=0.32, val/accuracy=0.849, val/loss=0.347, train/accuracy=0.841, train/loss=0.355]

Validation DataLoader 0:  82%|████████▏ | 58/71 [00:01<00:00, 52.30it/s][A
Epoch 4:  95%|█████████▌| 270/283 [00:06<00:00, 44.46it/s, loss=0.32, val/accuracy=0.849, val/loss=0.347, train/accuracy=0.841, train/loss=0.355]

Validation DataLoader 0:  83%|████████▎ | 59/71 [00:01<00:00, 52.30it/s][A
Epoch 4:  96%|█████████▌| 271/283 [00:06<00:00, 44.49it/s, loss=0.32, val/accuracy=0.849, val/loss=0.347, train/accuracy=0.841, train/loss=0.355]

Validation DataLoader 0:  85%|████████▍ | 60/71 [00:01<00:00, 52.28it/s][A
Epoch 4:  96%|█████████▌| 272/283 [00:06<00:00, 44.51it/s, loss=0.32, val/accuracy=0.849, val/loss=0.347, train/accuracy=0.841, train/loss=0.355]

Validation DataLoader 0:  86%|████████▌ | 61/71 [00:01<00:00, 52.29it/s][A
Epoch 4:  96%|█████████▋| 273/283 [00:06<00:00, 44.53it/s, loss=0.32, val/accuracy=0.849, val/loss=0.347, train/accuracy=0.841, train/loss=0.355]

Validation DataLoader 0:  87%|████████▋ | 62/71 [00:01<00:00, 52.26it/s][A
Epoch 4:  97%|█████████▋| 274/283 [00:06<00:00, 44.55it/s, loss=0.32, val/accuracy=0.849, val/loss=0.347, train/accuracy=0.841, train/loss=0.355]

Validation DataLoader 0:  89%|████████▊ | 63/71 [00:01<00:00, 52.18it/s][A
Epoch 4:  97%|█████████▋| 275/283 [00:06<00:00, 44.56it/s, loss=0.32, val/accuracy=0.849, val/loss=0.347, train/accuracy=0.841, train/loss=0.355]

Validation DataLoader 0:  90%|█████████ | 64/71 [00:01<00:00, 52.15it/s][A
Epoch 4:  98%|█████████▊| 276/283 [00:06<00:00, 44.58it/s, loss=0.32, val/accuracy=0.849, val/loss=0.347, train/accuracy=0.841, train/loss=0.355]

Validation DataLoader 0:  92%|█████████▏| 65/71 [00:01<00:00, 52.16it/s][A
Epoch 4:  98%|█████████▊| 277/283 [00:06<00:00, 44.61it/s, loss=0.32, val/accuracy=0.849, val/loss=0.347, train/accuracy=0.841, train/loss=0.355]

Validation DataLoader 0:  93%|█████████▎| 66/71 [00:01<00:00, 52.14it/s][A
Epoch 4:  98%|█████████▊| 278/283 [00:06<00:00, 44.63it/s, loss=0.32, val/accuracy=0.849, val/loss=0.347, train/accuracy=0.841, train/loss=0.355]

Validation DataLoader 0:  94%|█████████▍| 67/71 [00:01<00:00, 52.14it/s][A
Epoch 4:  99%|█████████▊| 279/283 [00:06<00:00, 44.65it/s, loss=0.32, val/accuracy=0.849, val/loss=0.347, train/accuracy=0.841, train/loss=0.355]

Validation DataLoader 0:  96%|█████████▌| 68/71 [00:01<00:00, 52.12it/s][A
Epoch 4:  99%|█████████▉| 280/283 [00:06<00:00, 44.67it/s, loss=0.32, val/accuracy=0.849, val/loss=0.347, train/accuracy=0.841, train/loss=0.355]

Validation DataLoader 0:  97%|█████████▋| 69/71 [00:01<00:00, 52.14it/s][A
Epoch 4:  99%|█████████▉| 281/283 [00:06<00:00, 44.69it/s, loss=0.32, val/accuracy=0.849, val/loss=0.347, train/accuracy=0.841, train/loss=0.355]

Validation DataLoader 0:  99%|█████████▊| 70/71 [00:01<00:00, 52.43it/s][A
Epoch 4: 100%|█████████▉| 282/283 [00:06<00:00, 44.77it/s, loss=0.32, val/accuracy=0.849, val/loss=0.347, train/accuracy=0.841, train/loss=0.355]

Validation DataLoader 0: 100%|██████████| 71/71 [00:01<00:00, 52.99it/s][A
Epoch 4: 100%|██████████| 283/283 [00:06<00:00, 44.89it/s, loss=0.32, val/accuracy=0.849, val/loss=0.347, train/accuracy=0.841, train/loss=0.355]
Epoch 4: 100%|██████████| 283/283 [00:06<00:00, 44.88it/s, loss=0.32, val/accuracy=0.854, val/loss=0.343, train/accuracy=0.841, train/loss=0.355]

                                                                        [A
Epoch 4: 100%|██████████| 283/283 [00:06<00:00, 44.86it/s, loss=0.32, val/accuracy=0.854, val/loss=0.343, train/accuracy=0.851, train/loss=0.335]Epoch 4, global step 1060: 'val/accuracy' reached 0.85355 (best 0.85355), saving model to '/home/cxo147/hyena-dna/results/genomic_benchmark_human_nontata_promoters_20251020_210915/checkpoints/val/accuracy.ckpt' as top 1
`Trainer.fit` stopped: `max_epochs=5` reached.

Epoch 4: 100%|██████████| 283/283 [00:06<00:00, 44.56it/s, loss=0.32, val/accuracy=0.854, val/loss=0.343, train/accuracy=0.851, train/loss=0.335]
